"p_val","avg_log2FC","pct.1","pct.2","p_val_adj","cluster","gene"
0,5.01381100232099,0.507,0.043,0,"6","fimI-4"
0,5.65191493444856,0.332,0.022,0,"6","fimA-4"
0,6.1284671733693,0.252,0.014,0,"6","fimC-5"
0,6.2751007345553,0.1,0.005,0,"6","fimD-2"
4.84236925185754e-13,-0.323264278902034,0.148,0.195,1.05084255134561e-08,"6","pyrG-5"
6.56266023900926e-13,1.47289259537127,0.028,0.015,1.4241628984674e-08,"6","dsbA-2"
4.96803492132165e-12,-0.379598618313384,0.08,0.114,1.07811325827601e-07,"6","ygiS-3"
9.31074312719413e-12,-0.453413584972992,0.055,0.083,2.0205243660324e-07,"6","pspA-1"
7.07671088446718e-11,-0.277363910258722,0.107,0.144,1.53571702903822e-06,"6","yhhQ-4"
1.14084902673995e-10,-0.908754405887422,0.015,0.031,2.47575647292837e-06,"6","phoR-3"
2.25170735360723e-10,-0.316313511188907,0.06,0.088,4.88643012806305e-06,"6","mntH-3"
1.40312266179562e-09,-0.669819996777061,0.021,0.038,3.04491648836267e-05,"6","yebW-2"
2.43333108072789e-09,-0.563359566436576,0.023,0.041,5.28057177828759e-05,"6","guaA-5"
7.14716722321855e-09,-0.293400786797322,0.046,0.068,0.000155100675911066,"6","ompC-3"
1.42528932404945e-08,-0.400176462818497,0.037,0.056,0.000309302036211971,"6","gyrB-3"
1.53484581770544e-08,-0.259614471895178,0.132,0.166,0.000333076890900258,"6","nusG-4"
1.81759522788199e-08,-0.749071723982523,0.023,0.039,0.000394436340402671,"6","phoH-1"
2.69625903278441e-08,-0.287235155210751,0.168,0.203,0.000585115172704544,"6","cspG-3"
6.58094636188495e-08,-0.253553246398465,0.046,0.067,0.00142813116999265,"6","sodB-5"
6.62725497456246e-08,-0.382071758478279,0.018,0.032,0.0014381806020298,"6","yeeY-5"
1.20539711592404e-07,-1.25515202051966,0.006,0.016,0.00261583228126676,"6","hisJ-2"
2.00421411400458e-07,-0.333656404729078,0.036,0.054,0.00434934504880133,"6","tolQ-2"
2.30521546643369e-07,-0.511497017455693,0.023,0.038,0.00500254808370775,"6","pgm-3"
2.32217211777441e-07,-0.234072714324626,0.056,0.078,0.00503934571278225,"6","gcd-2"
2.49643853709161e-07,-0.357606913913895,0.04,0.059,0.0054175212693425,"6","nrdR-2"
2.6800882421224e-07,-0.662463302464523,0.017,0.03,0.00581605949422982,"6","parC-1"
2.73955839634602e-07,-0.329334448168779,0.039,0.057,0.00594511567591051,"6","znuA-2"
3.13560057033475e-07,-0.757063029385689,0.013,0.025,0.00680456679768344,"6","amiB-3"
3.15341936480477e-07,-0.645093803713721,0.014,0.026,0.00684323536356282,"6","phnA-5"
4.62895451473211e-07,-0.529086166849158,0.025,0.039,0.0100452941924201,"6","yhaM-1"
4.8669079562837e-07,-0.455069059919026,0.012,0.023,0.0105616769559312,"6","ptsP-4"
7.23542525788281e-07,-0.321535687594352,0.028,0.043,0.0157015963521315,"6","hemH-3"
7.85447721704052e-07,-0.262070174638534,0.034,0.05,0.0170450010086996,"6","yeeZ-4"
8.09245851927318e-07,-0.165369301433612,0.036,0.053,0.0175614442326747,"6","aroF-1"
8.0965950999253e-07,-0.398289614582878,0.025,0.039,0.0175704210263479,"6","ybfE-3"
8.69173899921303e-07,-0.763133273167087,0.018,0.031,0.0188619428021922,"6","mqsR-4"
9.29657094553677e-07,-0.74573313631158,0.008,0.018,0.0201744886089093,"6","tktB-2"
9.81612109620977e-07,-0.455744753166215,0.02,0.033,0.0213019643908848,"6","ldhA-5"
9.96532181970134e-07,-0.301154016897258,0.024,0.038,0.0216257448809339,"6","fur-1"
9.96618501816362e-07,-0.39706472924804,0.046,0.064,0.0216276181079169,"6","ydcR-2"
1.01404125692718e-06,-0.295521476870441,0.043,0.061,0.0220057093165766,"6","zntA-6"
1.02523839329566e-06,-0.905906606038126,0.008,0.017,0.0222486983729092,"6","gntK-1"
1.32964364405583e-06,-0.165563503174223,0.066,0.088,0.0288545967196556,"6","kdsA-1"
1.51318878738909e-06,-0.464538235234394,0.016,0.028,0.0328377098751307,"6","sodA-1"
1.68825855361806e-06,-0.15626612177268,0.153,0.185,0.0366368988720655,"6","prfA-1"
1.8627359033032e-06,-0.675781003975205,0.011,0.021,0.0404232318375828,"6","dinG-5"
1.91549671706327e-06,-0.513587971331563,0.011,0.022,0.0415681942569901,"6","yecJ-2"
2.10063345410566e-06,-0.143074792394525,0.058,0.078,0.045585846587547,"6","hns-2"
2.22649887107986e-06,-0.324250533753126,0.022,0.034,0.0483172520013041,"6","betT-1"
2.28209386673203e-06,-0.217254986874503,0.031,0.046,0.0495237190019519,"6","copA-2"
2.45381338665236e-06,-0.222929774481011,0.025,0.039,0.0532502043037429,"6","yfiQ-1"
2.68293464865822e-06,-0.713973982356537,0.008,0.017,0.058222364810532,"6","mazG-1"
3.06857570885117e-06,-0.868689847985857,0.004,0.011,0.0665911614577793,"6","rnt-3"
3.10353602585092e-06,-0.920252711428597,0.005,0.012,0.0673498352969909,"6","yeaY-4"
3.1841001256752e-06,-0.575250902998427,0.015,0.026,0.0690981568272775,"6","slyD-4"
3.48168128441278e-06,-0.289407843983227,0.029,0.044,0.0755559655530417,"6","gpmA-2"
3.61888620375538e-06,-0.373441251956652,0.016,0.028,0.0785334495076955,"6","gsk-2"
3.76538721388401e-06,-0.700115627760655,0.009,0.019,0.081712667928497,"6","cueO-5"
4.27429560967558e-06,-0.444013473513463,0.016,0.027,0.0927564890255697,"6","feoB-2"
4.3008841249519e-06,-0.207455804350914,0.09,0.114,0.0933334863955813,"6","ycbK-2"
5.61145179353832e-06,-0.232645089147037,0.058,0.077,0.121774115371575,"6","uvrA-4"
5.74162339440116e-06,-0.305131944285054,0.037,0.052,0.1245989692819,"6","mioC-3"
6.04157293517444e-06,-0.254478670819837,0.108,0.132,0.131108174266221,"6","fis-1"
7.44888640906293e-06,-0.199214912600705,0.047,0.063,0.161648283963075,"6","lpxP-2"
7.45479476458694e-06,-0.254538330069699,0.029,0.043,0.161776501186301,"6","fadE-1"
7.51996990414913e-06,-0.202581667235495,0.039,0.054,0.16319086688994,"6","aceA-5"
7.54737110466503e-06,-0.390834265085668,0.016,0.027,0.163785500342336,"6","yrbL-1"
8.17323210213111e-06,-0.303251556811907,0.016,0.027,0.177367309848347,"6","phoQ-3"
8.38172997509912e-06,-0.412745272713434,0.054,0.071,0.181891922189626,"6","truB-2"
8.672496840858e-06,-0.635246621264906,0.02,0.031,0.18820185394346,"6","glnH-5"
9.23431828992967e-06,-0.340771127127057,0.022,0.033,0.200393941209764,"6","aroB-2"
1.05810526166163e-05,-0.273822380145784,0.023,0.035,0.229619422833191,"6","bfr-3"
1.06970461914984e-05,-0.38443034663689,0.024,0.036,0.232136599401707,"6","gidB-4"
1.16175944922714e-05,-0.554207887688558,0.013,0.022,0.252113418076781,"6","ycbL-3"
1.32882494808483e-05,-0.260573829214697,0.026,0.039,0.288368301983888,"6","aroM-4"
1.34626966517178e-05,-0.315758541591975,0.019,0.03,0.292153980038927,"6","gnd-1"
1.52546682178571e-05,-0.20529414265173,0.021,0.033,0.331041554995716,"6","puuC-5"
1.67371012039402e-05,-0.30948414864137,0.058,0.075,0.363211833226707,"6","bax-4"
1.75555305721049e-05,-0.142689934998939,0.064,0.083,0.380972568945248,"6","lpd-1"
1.78403727038844e-05,-0.265940739149454,0.084,0.105,0.387153928046996,"6","dnaG-2"
1.8528149548531e-05,-0.1766364073394,0.055,0.073,0.40207937335267,"6","dnaX-2"
1.88294159841641e-05,-0.272786463589076,0.047,0.062,0.408617156272346,"6","secG-2"
2.10830679489877e-05,-0.358971959655927,0.023,0.035,0.457523657560982,"6","osmY-4"
2.29398869144402e-05,-0.532735192509468,0.008,0.016,0.497818485930266,"6","yidE-3"
2.2983112776995e-05,-0.164796162204483,0.043,0.059,0.498756530373569,"6","uspE-1"
2.82475029409927e-05,-0.154556606335722,0.075,0.095,0.612999061322483,"6","lepA-2"
3.02370986183272e-05,-0.276229149947702,0.018,0.028,0.656175277116318,"6","recQ-4"
3.05463075539999e-05,-0.635176828127229,0.009,0.016,0.662885420229352,"6","aaeB-1"
3.27689813338407e-05,-0.799293818583505,0.004,0.011,0.711119663925677,"6","yebU-2"
3.3419357714616e-05,-0.18991699575925,0.009,0.016,0.725233481764882,"6","yqjF-4"
3.7331568458038e-05,-0.963435562777632,0.004,0.01,0.810132367107883,"6","yceF-5"
3.79804604180922e-05,-0.315741386165349,0.024,0.036,0.824213971533018,"6","rseP-4"
3.95507975669223e-05,-0.395541159278853,0.008,0.015,0.85829185799978,"6","uidR-4"
4.08861960438275e-05,-0.759908199141345,0.007,0.014,0.887271340347102,"6","ygjG-1"
4.72515293869234e-05,-0.282973761403587,0.021,0.032,1,"6","pheT-2"
5.09469676701286e-05,-0.402979907958618,0.007,0.014,1,"6","ybgA-3"
5.11815647328206e-05,-0.245516925153604,0.021,0.032,1,"6","gltB-3"
5.52471512756846e-05,-0.105016345345288,0.199,0.231,1,"6","guaB-2"
5.60784550587573e-05,-0.553224234666789,0.009,0.017,1,"6","talA-5"
5.90064098399063e-05,-0.217040285647664,0.028,0.04,1,"6","insE-4-3"
6.33203415497118e-05,-0.177409152281428,0.064,0.081,1,"6","pnp-1"
6.35261002987003e-05,-0.176455075950055,0.104,0.126,1,"6","obgE-4"
6.38038363270294e-05,-0.525923459169857,0.007,0.014,1,"6","yeaG-2"
6.74043894835724e-05,-0.637971976499587,0.009,0.016,1,"6","lpxM-4"
6.88567562265956e-05,-0.326550015294676,0.014,0.023,1,"6","ybiT-2"
7.26909909903319e-05,-0.208243107213916,0.074,0.092,1,"6","nudB-2"
7.33216732145519e-05,-0.181283293159542,0.048,0.063,1,"6","alaS-2"
7.46796997985859e-05,-0.698922847244275,0.009,0.016,1,"6","trkA-1"
7.86430517017852e-05,-0.557907651167556,0.007,0.014,1,"6","ybiV-3"
8.02913784667202e-05,-0.389284547810381,0.012,0.021,1,"6","speG-3"
8.21284953918558e-05,-0.183369924563959,0.054,0.069,1,"6","talB-5"
8.40495116248799e-05,-0.524696336777368,0.008,0.015,1,"6","yncE-1"
8.48225917441903e-05,-0.476470979490504,0.014,0.022,1,"6","seqA-5"
8.70894291083767e-05,-0.293397619297928,0.045,0.059,1,"6","rplO-1"
8.87947486057486e-05,-0.334240997990225,0.015,0.024,1,"6","mutH-2"
9.33890569064862e-05,-0.394285424795575,0.021,0.031,1,"6","nhaB-4"
9.41243737337253e-05,-0.115297705397186,0.041,0.054,1,"6","cysB-5"
9.51314489457513e-05,-0.197769722108021,0.048,0.062,1,"6","yjgI-4"
0.000100831602497837,-0.132786007736059,0.055,0.07,1,"6","rhlB-2"
0.000101583538518057,-0.19345064533976,0.08,0.099,1,"6","gidA-3"
0.000110703602106886,-0.119237030972743,0.023,0.033,1,"6","aspC-1"
0.000118314943716644,-0.180005645213269,0.027,0.038,1,"6","thiI-2"
0.000127818869079607,-0.25665983903265,0.031,0.043,1,"6","yjgP-4"
0.000132231191167931,-0.245142839255906,0.034,0.046,1,"6","damX-5"
0.000133444147284529,-0.192844977829183,0.081,0.099,1,"6","lpxC-2"
0.000138567736652608,-1.01873413604554,0.005,0.01,1,"6","gpsA-1"
0.000141663376329685,-0.228356660305208,0.025,0.036,1,"6","yeaC-1"
0.000147604714598961,-0.355578170576011,0.028,0.039,1,"6","cdsA-1"
0.000156003395586796,-0.222227883572395,0.02,0.03,1,"6","rluD-3"
0.000175651875885517,-0.63691508618193,0.006,0.013,1,"6","yggL-5"
0.000191133284053735,-0.171196310178277,0.035,0.047,1,"6","ybgC-5"
0.000203081661514203,-0.114251594440969,0.116,0.138,1,"6","kgtP-4"
0.000209175461584515,-0.390902961851812,0.019,0.028,1,"6","sohA-3"
0.000216571467979308,-0.447823083374717,0.017,0.025,1,"6","prmC-3"
0.000220451453166812,-0.134781683804671,0.071,0.088,1,"6","puuD-1"
0.000225606220357779,-0.283409343019658,0.033,0.045,1,"6","hscB-5"
0.0002320847573532,-0.453502443994799,0.01,0.017,1,"6","ygeR-2"
0.000234374269803463,-0.446126185078065,0.024,0.034,1,"6","rplV-5"
0.000238019253622168,-0.353152844102806,0.011,0.018,1,"6","ycjG-1"
0.0002546078150178,-0.128332613484044,0.192,0.218,1,"6","rplA-1"
0.000262669167973635,-0.103476822836605,0.068,0.085,1,"6","ahpF-1"
0.000264269518733583,-0.225910942043146,0.068,0.084,1,"6","fusA-2"
0.000271407595852072,-0.327882686151459,0.013,0.021,1,"6","fbaB-1"
0.000283718338395777,-0.493348695430072,0.014,0.022,1,"6","dusA-4"
0.000286264898493435,-0.124897607566709,0.073,0.09,1,"6","rseB-2"
0.000292511943763065,-0.665833169447565,0.006,0.011,1,"6","rfbB-2"
0.000293305824481728,-0.425317124387463,0.01,0.017,1,"6","katE-2"
0.00029981819548828,-0.338208795472598,0.01,0.017,1,"6","ycfQ-5"
0.000321767988217999,-0.31276639716805,0.013,0.021,1,"6","yieG-4"
0.000325318227001156,-0.882969500642478,0.006,0.011,1,"6","helD-1"
0.000347657835982186,-0.368964505119439,0.021,0.031,1,"6","yqfA-6"
0.000348826475997088,-0.791137225532472,0.005,0.011,1,"6","narX-5"
0.000370329632981623,-0.20867154398171,0.04,0.052,1,"6","rseA-3"
0.000395120694648791,-0.907467772838452,0.005,0.01,1,"6","rimI-5"
0.000397639242740334,-0.375464306218096,0.012,0.019,1,"6","frmA-3"
0.000398260822958645,-0.131062277935038,0.021,0.031,1,"6","fabA-4"
0.000416001662417527,-0.40457296213094,0.014,0.021,1,"6","yhbC-5"
0.000419271830354975,-0.520381858259277,0.009,0.015,1,"6","galU-5"
0.0004335496154795,-0.288848225080633,0.033,0.044,1,"6","ygiT-1"
0.000435930241209971,-0.492641486588856,0.01,0.017,1,"6","mglB-1"
0.000437718051193727,-0.840764142072539,0.006,0.012,1,"6","ddlA-4"
0.000456269552191795,-0.13953446329344,0.081,0.097,1,"6","marR-3"
0.000476038394127482,-0.337171601975459,0.014,0.022,1,"6","ruvB-4"
0.000483623996177613,-0.626782988030944,0.007,0.013,1,"6","frsA-1"
0.000505968496510296,-0.213651593069321,0.109,0.128,1,"6","rplF-3"
0.00054025780575084,-0.350328303134367,0.017,0.025,1,"6","rpsF-5"
0.000547986990682582,-0.264229194909481,0.008,0.014,1,"6","dmsD-1"
0.000554235795976762,-0.287232487503587,0.011,0.018,1,"6","smtA-4"
0.000568358461033177,-0.431440042329776,0.013,0.02,1,"6","ydhR-5"
0.000574293134160136,-0.121970754658135,0.134,0.155,1,"6","rpsI-1"
0.000591374426912161,-0.107189733522434,0.031,0.042,1,"6","ppiD-4"
0.000673632336048652,-0.22422606664556,0.073,0.088,1,"6","rpsN-3"
0.000729330542954949,0.846434070861119,0.019,0.013,1,"6","yjeP-4"
0.000745515820505767,-0.126374776331498,0.045,0.057,1,"6","cfa-5"
0.000810316973573631,-0.421660951836843,0.008,0.014,1,"6","ppx-3"
0.000816847669964474,-0.45670214669473,0.007,0.013,1,"6","yohC-6"
0.000960541733545177,-0.478941917540488,0.011,0.017,1,"6","relE-5"
0.000970745323696395,-0.26950561152585,0.02,0.029,1,"6","pepN-1"
0.0010077518885362,-0.435887356277164,0.007,0.012,1,"6","glcC-5"
0.0010468818740776,-0.358876310360094,0.026,0.035,1,"6","secD-3"
0.00105422610744375,-0.246152712902688,0.024,0.033,1,"6","dfp-4"
0.00108138684488455,-0.390169334588784,0.009,0.015,1,"6","yedQ-3"
0.0011198478998122,-0.169965565465244,0.054,0.067,1,"6","rpmG-2"
0.00112070394083811,-0.526844140329176,0.012,0.018,1,"6","yrfF-4"
0.00115944076155667,-0.209564887936525,0.021,0.029,1,"6","crl-3"
0.00119101716584339,-0.41704252568023,0.013,0.02,1,"6","evgA-4"
0.00124699064215354,-0.376634129414301,0.008,0.014,1,"6","folK-3"
0.00126684507594818,-0.328527381516148,0.011,0.018,1,"6","yciX-3"
0.00129462524581336,-0.354036709910106,0.009,0.015,1,"6","ftsI-2"
0.0013538329060683,-0.371287060148678,0.013,0.02,1,"6","puuR-5"
0.00138598019428705,0.902819788217662,0.013,0.009,1,"6","ybeF-4"
0.00146833708201512,-0.125054231887979,0.048,0.06,1,"6","yhaO-1"
0.00150177954252434,-0.158688496950325,0.098,0.115,1,"6","rplX-1"
0.0015664529082563,-0.112525318531544,0.058,0.07,1,"6","ychA-4"
0.00167558422288478,-0.322807233061766,0.011,0.018,1,"6","yejK-5"
0.00175799512470538,-0.171099559554579,0.03,0.04,1,"6","exuR-5"
0.0018175507898646,-0.287736385588901,0.013,0.02,1,"6","hspQ-4"
0.00183304634363648,-0.156848152514685,0.018,0.026,1,"6","parE-4"
0.00197359342193178,-0.359040166127431,0.006,0.011,1,"6","yebF-3"
0.00197668983472936,-0.110598341185311,0.03,0.04,1,"6","yciM-2"
0.00207930050696423,-0.578468476055102,0.015,0.021,1,"6","mltD-1"
0.00208381784994955,-0.336056220615615,0.015,0.022,1,"6","puuB-5"
0.00208975284794802,-0.151874719866636,0.053,0.065,1,"6","asnS-4"
0.00213711947576913,-0.184453000299517,0.013,0.019,1,"6","kbl-2"
0.00216504592570925,-0.575952150014907,0.01,0.016,1,"6","mltC-3"
0.00240509073843453,-0.129385091747159,0.037,0.047,1,"6","icd-4"
0.00246619600533485,-0.505842937362979,0.006,0.011,1,"6","yjgF-1"
0.00251956762259416,-0.273075781634758,0.021,0.029,1,"6","rcsD-1"
0.00256544645885674,-0.411418974314314,0.007,0.012,1,"6","recO-3"
0.00268831830317137,-0.641955986317391,0.005,0.01,1,"6","yfcY-1"
0.00299003806070508,-0.670527053162562,0.006,0.01,1,"6","ygfZ-3"
0.00301392629827478,-0.409615930106294,0.006,0.011,1,"6","yfiE-1"
0.00304302698306592,-0.140503833789796,0.057,0.069,1,"6","ffh-5"
0.00307033621483595,-0.396821109452383,0.023,0.031,1,"6","rluB-4"
0.00308073847949392,-0.174864093031834,0.029,0.038,1,"6","sufD-2"
0.00308127664426145,-0.315228280091183,0.024,0.031,1,"6","yfjN-5"
0.00318648629447206,-0.301442427085129,0.011,0.017,1,"6","yojI-6"
0.00324318531214828,-0.324569610802184,0.016,0.022,1,"6","mipA-1"
0.00325694196307997,-0.248145935304202,0.018,0.025,1,"6","yjeS-3"
0.0034293448229017,-0.445964031769392,0.008,0.013,1,"6","rhtC-5"
0.00347426036278031,-0.286443902606813,0.01,0.015,1,"6","rbsK-3"
0.00350755632187927,-0.111529206002603,0.141,0.16,1,"6","infB-3"
0.00355177731604774,-0.107290158395112,0.025,0.033,1,"6","fldA-4"
0.00363593392667621,-0.176436663959883,0.011,0.016,1,"6","yhaK-1"
0.00370549352037561,-0.184464420484472,0.026,0.034,1,"6","ybaJ-2"
0.00374519150743274,-0.361830257321735,0.005,0.01,1,"6","mnmA-5"
0.0038484405632858,-0.169399116859537,0.017,0.024,1,"6","dinJ-5"
0.00408894246817292,-0.397132788838483,0.009,0.014,1,"6","pphA-5"
0.00416482005269437,-0.339616285192691,0.009,0.014,1,"6","ynhG-2"
0.00420209348489455,-0.5762634135729,0.006,0.011,1,"6","rplU-2"
0.00442261653839592,-0.145812127381704,0.012,0.018,1,"6","yeeX-4"
0.00445296829769779,-0.225735062025729,0.021,0.028,1,"6","greA-4"
0.00453052768113645,-0.195899667669491,0.019,0.026,1,"6","galS-2"
0.00465150051084308,-0.138295105373998,0.023,0.03,1,"6","gshA-4"
0.00465575513997023,-0.328937999271121,0.009,0.014,1,"6","fruA-4"
0.00473177420190161,-0.150799308794603,0.023,0.03,1,"6","rcsB-4"
0.00479677473051961,-0.382595360341279,0.01,0.015,1,"6","ruvA-1"
0.00482496877767539,-0.34056521109895,0.017,0.023,1,"6","oppD-3"
0.00495508519767247,-0.101281968612194,0.096,0.111,1,"6","rplQ-4"
0.00497024464239222,-0.323140510228078,0.01,0.015,1,"6","slyB-2"
0.00498122657140356,-0.2283229426816,0.008,0.013,1,"6","dacC-2"
0.00500292239274748,-0.285374832019971,0.008,0.012,1,"6","yjjU-5"
0.00501347899706414,-0.373682426302047,0.011,0.016,1,"6","prfC-2"
0.00513207450255097,-0.113018990972212,0.024,0.031,1,"6","tgt-5"
0.00520193698980263,-0.242925353850556,0.009,0.014,1,"6","nuoF-1"
0.00535330671318834,-0.396100181241529,0.009,0.014,1,"6","sulA-5"
0.00537382033164267,-0.536664108397229,0.008,0.013,1,"6","trmI-4"
0.00540004408783497,-0.282101726599901,0.013,0.018,1,"6","tpiA-3"
0.00543540735482912,-0.13000985910338,0.008,0.013,1,"6","arsC-4"
0.00546724399759194,-0.171795347584073,0.012,0.018,1,"6","gpp-1"
0.00551706600989394,-0.253064874948061,0.011,0.016,1,"6","gntU-4"
0.00564688068188303,-0.140542132385631,0.012,0.018,1,"6","bcsE-5"
0.0056520771805696,-0.355302115343033,0.011,0.016,1,"6","accB-2"
0.0060290219295329,-0.120410052678881,0.018,0.025,1,"6","rpsT-2"
0.00614738942580565,-0.23032840176416,0.013,0.019,1,"6","ycdO-4"
0.00616678841113964,-0.15301643673914,0.027,0.034,1,"6","ttk-3"
0.0063288261628247,-0.582709210516515,0.007,0.012,1,"6","yccF-3"
0.00640537970650805,-0.347046613823035,0.011,0.016,1,"6","atpE-4"
0.00651916084176301,-0.349735620706526,0.007,0.011,1,"6","pstS-5"
0.00675926548999491,-0.342295891730683,0.007,0.012,1,"6","asd-1"
0.00679291234436512,-0.218921722640011,0.021,0.027,1,"6","fdx-2"
0.00693217607725769,-0.161855401821929,0.018,0.024,1,"6","asmA-3"
0.00701079775956336,-0.135252092322634,0.022,0.029,1,"6","folE-2"
0.00710306943993716,-0.36364715503167,0.01,0.015,1,"6","ycgZ-3"
0.00710848978665463,-0.233513489046426,0.008,0.012,1,"6","yfiB-1"
0.00713104694293304,0.788948695923494,0.016,0.012,1,"6","otsA-4"
0.00713491602590574,-0.407206447432058,0.007,0.011,1,"6","yfiC-4"
0.00722729748357605,-0.336558142078988,0.008,0.013,1,"6","nudE-4"
0.00726087731912462,-0.198722701581649,0.029,0.036,1,"6","lpxA-1"
0.00742909920652418,-0.455961485903263,0.007,0.011,1,"6","minC-2"
0.00758679419587497,-0.193529550265693,0.018,0.025,1,"6","dcrB-5"
0.00767260280211475,-0.157956200249494,0.015,0.021,1,"6","recA-5"
0.00785521693479567,-0.126687152525365,0.029,0.037,1,"6","gapC-4"
0.00787272909929348,-0.188761117171338,0.068,0.08,1,"6","rplD-2"
0.00804234307461431,-0.249155418787846,0.016,0.022,1,"6","ydfH-5"
0.00812870575804921,-0.266957799989381,0.007,0.011,1,"6","panE-3"
0.00817763983528405,-0.164449243179259,0.037,0.046,1,"6","amiA-4"
0.00830651807861189,-0.11872918239898,0.006,0.01,1,"6","yzcX-1"
0.00837794810534131,-0.19438540412599,0.009,0.014,1,"6","ubiE-1"
0.00853693465250263,-0.347998738865952,0.008,0.013,1,"6","yfhL-1"
0.00857347471435431,-0.109599994037378,0.015,0.02,1,"6","miaA-1"
0.00880418674643129,-0.533551449580633,0.007,0.011,1,"6","yfdH-4"
0.00880886106809362,-0.200786959653903,0.006,0.01,1,"6","yfbB-1"
0.00895738714599572,-0.317874767153293,0.022,0.028,1,"6","rplJ-2"
0.0091641962251921,-0.420969148179368,0.007,0.011,1,"6","insI-1-1"
0.00920914753959777,-0.102006743630992,0.008,0.012,1,"6","ydhA-4"
0.00928048360171352,-0.205028970783602,0.011,0.016,1,"6","rfaF-1"
1.58840062158066e-245,-6.81385939330976,0.001,0.111,3.44698818889219e-241,"1","fimI-4"
4.30448645922878e-195,-0.547631106959224,0.06,0.2,9.34116606517238e-191,"1","groL-5"
1.07185252274924e-191,-0.469137403255654,0.064,0.207,2.32602715961813e-187,"1","bipA-2"
5.96286119799964e-189,-0.288494828988008,0.095,0.259,1.2940005085779e-184,"1","guaB-2"
3.88260183463755e-164,-0.243239363915428,0.078,0.216,8.42563424134696e-160,"1","pyrG-5"
3.92752587608261e-162,-0.157953979282275,0.1,0.252,8.52312390368688e-158,"1","purA-5"
3.8777327043472e-161,-0.27289911124816,0.073,0.207,8.41506774170386e-157,"1","prfA-1"
4.59751964786184e-150,-0.161924998090507,0.097,0.24,9.97707738782498e-146,"1","spoT-1"
3.5104972501164e-144,-0.429097150526194,0.048,0.155,7.6181300824776e-140,"1","katG-5"
6.36277596771794e-144,-0.758203020086465,0.033,0.129,1.38078601275447e-139,"1","ygiS-3"
1.22249276199955e-143,-17.1728707974688,0,0.066,2.65293154281523e-139,"1","fimA-4"
8.48395864615803e-141,-0.229098961640151,0.077,0.202,1.84110386580275e-136,"1","rho-3"
2.01169486559037e-133,-0.535577394809004,0.04,0.136,4.36557902781767e-129,"1","acpP-1"
4.42010228920228e-125,-0.483032962054506,0.036,0.125,9.59206397779787e-121,"1","pgk-1"
1.85575183042871e-123,-0.228082068965039,0.057,0.16,4.02716704721335e-119,"1","yhhQ-4"
5.81937317270321e-119,-2.72623532303644,0.003,0.062,1.26286217220832e-114,"1","aroF-1"
5.8530719792969e-118,-0.525673406688362,0.03,0.111,1.27017515022722e-113,"1","ihfA-5"
8.62936478119469e-113,-0.260759426787399,0.049,0.141,1.87265845116706e-108,"1","gapA-3"
2.18570772841244e-101,-0.522360778826033,0.028,0.099,4.74320434142783e-97,"1","kdsA-1"
8.0176672983933e-101,-16.6755160284247,0,0.047,1.73991398042433e-96,"1","fimC-5"
1.88585685090529e-100,-0.379161012362238,0.044,0.125,4.09249795214957e-96,"1","ibpA-2"
8.05754788454036e-97,-0.590914708739254,0.022,0.087,1.7485684664241e-92,"1","uvrA-4"
1.585495928129e-96,-0.532842431096631,0.023,0.088,3.44068471363274e-92,"1","gcd-2"
5.44958938035725e-96,-1.18054812481124,0.011,0.067,1.18261539143133e-91,"1","rrmJ-4"
1.65202366209696e-95,-0.53582603426882,0.025,0.092,3.58505654911661e-91,"1","yhhW-1"
3.67686081372681e-95,-0.425546073487938,0.03,0.1,7.97915565186854e-91,"1","pykF-2"
3.26666416044748e-91,0.121602581472899,0.219,0.401,7.08898789458708e-87,"1","deaD-2"
8.00094228600987e-91,-0.4585839102469,0.024,0.088,1.736284485487e-86,"1","pcnB-3"
6.90529863337944e-90,-0.38939446010503,0.031,0.098,1.49851885642967e-85,"1","mntH-3"
1.44890625824654e-88,-0.568971344119428,0.021,0.081,3.14427147102081e-84,"1","exbD-2"
2.27844982834886e-86,-0.608296085649915,0.021,0.08,4.94446397249985e-82,"1","glpR-5"
3.24100249460769e-86,-0.518023071965744,0.021,0.08,7.03329951354816e-82,"1","rhlB-2"
3.74586351627624e-85,-0.434984961187884,0.021,0.08,8.12889841667107e-81,"1","clpA-3"
8.86621988621114e-85,-0.480994760101343,0.029,0.092,1.92405837750668e-80,"1","pspA-1"
2.47355621392068e-84,-0.743483005923656,0.019,0.075,5.36786433982926e-80,"1","yfiD-3"
4.18010633955744e-84,-1.94101285169699,0.005,0.05,9.0712487674736e-80,"1","fxsA-1"
3.55529933669134e-82,-0.376496947970906,0.027,0.087,7.71535509055388e-78,"1","hns-2"
5.38498559891289e-82,-0.25163504069596,0.03,0.093,1.16859572482009e-77,"1","lpd-1"
8.85701021378656e-82,-0.315090348142489,0.036,0.102,1.92205978649382e-77,"1","clpB-5"
1.10255140572206e-80,-0.718757897524024,0.018,0.071,2.39264680555743e-76,"1","yjgI-4"
2.7168481433887e-80,-0.618941588203984,0.018,0.072,5.89583215596782e-76,"1","arcA-2"
2.90830861744326e-79,-0.832117148246392,0.013,0.062,6.31132053071362e-75,"1","icdC-3"
5.70655573705739e-79,-0.345163539268181,0.023,0.08,1.23837966049882e-74,"1","valS-4"
3.27961910299502e-78,-0.940015956619083,0.011,0.058,7.1171014154095e-74,"1","gltA-4"
5.70997661123444e-77,-1.09997285548719,0.008,0.053,1.23912202440399e-72,"1","copA-2"
6.21074994353018e-77,-0.458454925015606,0.022,0.077,1.34779484524548e-72,"1","ompC-3"
6.23610035941135e-77,-0.594773685422005,0.019,0.072,1.35329613899586e-72,"1","lpxP-2"
1.70105337034181e-76,-0.25226218914448,0.03,0.089,3.69145591897876e-72,"1","zapA-1"
1.45374568716425e-75,-1.23602811196783,0.008,0.052,3.15477351571514e-71,"1","htpG-2"
1.66108976947428e-75,-0.558740645956955,0.017,0.067,3.60473090873613e-71,"1","leuS-3"
8.67004924119578e-74,-0.232805419482957,0.03,0.088,1.8814873858319e-69,"1","fabF-3"
1.11362743539021e-73,-0.188638977473879,0.034,0.094,2.4166828975403e-69,"1","ahpF-1"
1.35827389210278e-73,-0.615358369334484,0.017,0.067,2.94759017325225e-69,"1","uspE-1"
2.33842704366115e-73,-0.510254659753082,0.02,0.071,5.07462052744907e-69,"1","alaS-2"
6.46605040870352e-72,-0.338782744816684,0.023,0.075,1.40319759919275e-67,"1","sodB-5"
4.34996634170665e-70,-0.566208708441815,0.017,0.064,9.4398619581376e-66,"1","znuA-2"
8.41000454957165e-70,-0.140143442088652,0.033,0.091,1.82505508730254e-65,"1","sthA-3"
3.53326460241861e-69,0.123065547342879,0.057,0.128,7.66753751370863e-65,"1","insL-3-4"
5.67025040688774e-69,-0.768867420063975,0.013,0.057,1.23050104079871e-64,"1","nagA-1"
1.42979922223722e-68,-0.229893433714473,0.025,0.078,3.10280729217699e-64,"1","talB-5"
2.42979859705477e-68,-0.492112899162645,0.016,0.062,5.27290593546856e-64,"1","aceA-5"
7.28769209259764e-68,0.260890862736956,0.141,0.257,1.58150206101461e-63,"1","ftsH-2"
1.16212451507652e-67,-0.850776147464188,0.012,0.055,2.52192641016755e-63,"1","hscA-1"
1.97603871505669e-67,-0.518459343463962,0.015,0.06,4.28820161554452e-63,"1","tolQ-2"
2.12126916947941e-67,-2.0548192356359,0.003,0.039,4.60336622468727e-63,"1","ycjX-2"
7.27702935893958e-67,-0.430995726274515,0.019,0.067,1.57918814118348e-62,"1","trxC-5"
2.25113188504097e-66,0.154304341349631,0.061,0.132,4.88518130372742e-62,"1","eno-2"
4.02024958970469e-66,0.139102770624564,0.073,0.151,8.72434363461815e-62,"1","kgtP-4"
6.26581332746637e-66,-0.673491636863107,0.013,0.057,1.35974415019348e-61,"1","yeeZ-4"
1.27062493072444e-65,0.169662220033774,0.055,0.123,2.75738316216511e-61,"1","rplQ-4"
1.59172582854936e-65,-0.53691334580274,0.015,0.06,3.45420422053498e-61,"1","accC-5"
1.68454282329948e-65,0.177424837706365,0.063,0.134,3.65562638084219e-61,"1","ybjL-1"
8.51944682136469e-65,-0.9370743226774,0.01,0.049,1.84880515470435e-60,"1","fadE-1"
3.27939265253256e-64,-0.445555348463592,0.017,0.061,7.11660999526091e-60,"1","azoR-3"
1.86070352931775e-63,-0.358208444036671,0.017,0.061,4.03791272897246e-59,"1","cysB-5"
4.79417702504299e-63,-0.516389130921758,0.015,0.058,1.04038435620458e-58,"1","pdxH-2"
5.43369468064181e-63,-0.577190125248804,0.016,0.059,1.17916608264608e-58,"1","aspS-5"
7.73899190935532e-63,-1.06889482585183,0.008,0.045,1.6794386342492e-58,"1","aroM-4"
1.08051592339282e-62,0.279198034793362,0.165,0.29,2.34482760535477e-58,"1","rpsE-2"
4.6878360236835e-62,-0.445726928506818,0.021,0.068,1.01730729549956e-57,"1","yhaO-1"
2.56747695531811e-61,-0.593184362100975,0.012,0.052,5.57168174073583e-57,"1","pflB-3"
2.93961748366182e-61,-1.13979977997485,0.007,0.043,6.37926390129451e-57,"1","tyrS-1"
1.67649968955005e-59,-0.842276752555958,0.009,0.045,3.63817197629256e-55,"1","ybfE-3"
2.63385799581987e-58,-0.611104004666919,0.012,0.05,5.7157352367287e-54,"1","nagB-3"
3.60796430090917e-58,-1.42497404682908,0.005,0.037,7.82964332940299e-54,"1","yeeY-5"
4.2555510044327e-58,-0.823482652854629,0.009,0.044,9.23497123471939e-54,"1","yfiQ-1"
8.73157233049878e-58,-1.07219351160248,0.007,0.041,1.89483851144154e-53,"1","rseP-4"
8.96860293504077e-58,0.318872719150569,0.096,0.179,1.9462765229332e-53,"1","nusG-4"
1.05379684842763e-57,-0.21166488272079,0.023,0.069,2.2868445407728e-53,"1","pta-5"
2.32069895901987e-57,0.2736573371666,0.07,0.139,5.03614881096903e-53,"1","yidC-1"
3.32901550036833e-57,-0.321667178608953,0.02,0.063,7.22429653734932e-53,"1","gyrB-3"
4.03313016584554e-57,0.122242167550864,0.047,0.105,8.7522957729014e-53,"1","cyoB-5"
1.4788889171356e-56,0.265979560258462,0.063,0.129,3.20933683907596e-52,"1","rpoA-2"
2.12340935888665e-56,0.204621639815964,0.063,0.128,4.60801064971991e-52,"1","clpX-4"
6.15352165655677e-56,-0.556603035341027,0.012,0.049,1.33537573468939e-51,"1","sdhC-5"
6.3618501413954e-56,-0.963992212159028,0.008,0.043,1.38058509918421e-51,"1","gapC-4"
1.32432637129757e-55,0.212064290325599,0.07,0.138,2.87392065835286e-51,"1","proP-1"
1.60100722771394e-55,-0.893318325678907,0.008,0.042,3.47434578486203e-51,"1","msrB-2"
3.28446401743088e-55,0.163305777860701,0.049,0.106,7.12761536422675e-51,"1","dnaJ-2"
3.35432409934392e-55,0.327765234384263,0.108,0.196,7.27921872798624e-51,"1","rpoB-1"
8.76895679678469e-55,-0.60963305478982,0.015,0.053,1.90295131447025e-50,"1","pinQ-2"
1.21207220675137e-54,-0.891686540653405,0.009,0.043,2.63031789587115e-50,"1","sufD-2"
1.44296865463083e-54,-1.49483217120409,0.007,0.039,3.13138627741436e-50,"1","rplV-5"
2.30645749782794e-54,-0.663216878482283,0.01,0.044,5.0052434160364e-50,"1","ygaP-2"
4.35084748896067e-54,-0.255685348118761,0.016,0.054,9.44177413579355e-50,"1","speA-4"
7.05219004234604e-54,-0.454867197486967,0.015,0.054,1.53039576108951e-49,"1","mdoG-4"
1.5606441391346e-53,-0.386929348168634,0.017,0.056,3.38675384633599e-49,"1","lon-5"
2.2959150063903e-53,-0.869033370392386,0.008,0.041,4.98236515536758e-49,"1","glnL-3"
3.64211825414564e-53,-0.22501317327952,0.02,0.06,7.90376082332146e-49,"1","yrbK-1"
5.78477435371057e-53,-0.890609706694327,0.008,0.041,1.25535388249873e-48,"1","yhdN-3"
2.33699456883952e-52,0.102317628341987,0.038,0.089,5.07151191383865e-48,"1","ptsI-1"
3.20481448921231e-52,-0.9857848893077,0.007,0.038,6.95476792303964e-48,"1","puuC-5"
5.96690687931262e-52,0.200782585881086,0.046,0.101,1.29487846187963e-47,"1","ybiS-5"
1.03018775528388e-51,-0.211540992318516,0.025,0.067,2.23561044774155e-47,"1","zntA-6"
1.23798303901349e-51,-0.346174870608742,0.015,0.052,2.68654699296317e-47,"1","sufB-3"
1.52934542164205e-51,-1.71051355875115,0.003,0.031,3.31883249950541e-47,"1","yeaR-5"
1.7461294252617e-51,0.166753535412433,0.039,0.089,3.78927546576041e-47,"1","crr-1"
1.77520125209164e-51,-0.456063962594057,0.013,0.049,3.85236423716408e-47,"1","gpmA-2"
3.90070873868676e-51,0.251048406097411,0.269,0.446,8.46492803382413e-47,"1","rplL-3"
4.12107740902325e-51,-0.765648911169944,0.011,0.044,8.94315008532135e-47,"1","ompX-5"
6.50329505174728e-51,-0.138663038276604,0.019,0.058,1.41128005917968e-46,"1","ycbZ-5"
1.33305834717495e-50,-0.50927189564349,0.012,0.045,2.89286991920437e-46,"1","guaA-5"
1.47034506000747e-50,-0.422985309764151,0.015,0.051,3.19079581472222e-46,"1","ychQ-5"
1.97460349772342e-50,-1.62739018902215,0.004,0.032,4.28508705040959e-46,"1","grpE-4"
2.06863386240815e-50,-0.582507555662426,0.011,0.045,4.48914234481192e-46,"1","insE-4-3"
2.26338420824383e-50,0.378207295815444,0.144,0.246,4.91177007030993e-46,"1","dnaA-3"
4.73069085877251e-50,-0.391423594717272,0.013,0.048,1.02660722326222e-45,"1","uvrB-5"
5.4932151725419e-50,-0.988761337933208,0.006,0.036,1.19208262459332e-45,"1","gor-5"
5.64366886560305e-50,-0.596128094649586,0.01,0.042,1.22473258052452e-45,"1","fur-1"
1.34449440961632e-49,-0.731891191012472,0.011,0.044,2.91768731830838e-45,"1","phoH-1"
1.65761774514209e-49,-0.346449011507544,0.015,0.051,3.59719626873284e-45,"1","moaA-4"
1.8203388085468e-49,-3.2409079401541,0.001,0.025,3.95031724842741e-45,"1","tyrA-4"
2.49024320771891e-49,-1.42036398986553,0.004,0.031,5.40407678507081e-45,"1","bssR-3"
3.37576819097484e-49,0.282507057225997,0.057,0.114,7.3257545512345e-45,"1","dnaG-2"
4.18914586880709e-49,-0.919598221220357,0.007,0.037,9.09086544989827e-45,"1","surA-5"
4.58526535103903e-49,-0.119066373435799,0.023,0.064,9.95048433828981e-45,"1","hflX-2"
9.92463244028437e-49,-0.843572644886257,0.007,0.036,2.15374448586611e-44,"1","gltB-3"
9.92969321333739e-49,-0.469167992167011,0.011,0.044,2.15484272422635e-44,"1","yjgX-16"
1.15642401953043e-48,0.268953097584584,0.052,0.107,2.50955576478298e-44,"1","gidA-3"
1.36508655834251e-48,-0.192355548809009,0.019,0.057,2.96237434025909e-44,"1","hslR-2"
1.52141128684796e-48,-0.64132721544814,0.009,0.04,3.30161463358876e-44,"1","cyaA-4"
1.53849337965548e-48,-1.56739074664611,0.003,0.029,3.33868448319035e-44,"1","ndh-5"
1.5647899546841e-48,-0.631264892824819,0.01,0.041,3.39575068065997e-44,"1","gidB-4"
1.65887989720335e-48,-1.17562594623887,0.005,0.033,3.59993526492099e-44,"1","yeaQ-5"
1.73260662376758e-48,-1.1364857321922,0.006,0.035,3.75992963423802e-44,"1","pepD-1"
2.75548356954603e-48,0.167013733276389,0.042,0.092,5.97967489427183e-44,"1","thrS-1"
3.5757204381758e-48,-0.619465027493802,0.01,0.042,7.75967092288531e-44,"1","yebW-2"
7.65762866030889e-48,-0.74607688323765,0.009,0.039,1.66178199557363e-43,"1","betT-1"
7.84901980360884e-48,0.345040920982998,0.063,0.123,1.70331578758115e-43,"1","ycbK-2"
1.57065339239039e-47,-0.950835255234157,0.007,0.035,3.40847492682638e-43,"1","phoR-3"
1.61226404331499e-47,-0.68777272183456,0.008,0.038,3.49877420039787e-43,"1","hepA-1"
1.94074685235707e-47,0.280207996522784,0.047,0.098,4.21161474430008e-43,"1","rseB-2"
2.25633243401867e-47,-0.372135089607047,0.014,0.048,4.89646701506392e-43,"1","hemH-3"
5.21672193650523e-47,-0.226170086663368,0.017,0.053,1.132080827441e-42,"1","icd-4"
7.71156947967532e-47,-0.614668209984798,0.012,0.044,1.67348769278434e-42,"1","yhaM-1"
1.25599330093921e-46,-0.806334611226172,0.008,0.037,2.72563106236817e-42,"1","prlC-1"
1.3142486137373e-46,-0.666250883162039,0.01,0.041,2.85205091667131e-42,"1","glnS-5"
1.81783141351072e-46,0.152610125847064,0.038,0.084,3.94487595045962e-42,"1","prfB-1"
1.93410272936536e-46,-0.185271503249645,0.017,0.053,4.19719633299576e-42,"1","ybgC-5"
2.1062045360667e-46,0.273964068636296,0.064,0.122,4.57067446371834e-42,"1","ybeD-3"
2.97800673897757e-46,0.258097303311131,0.046,0.096,6.46257242425523e-42,"1","puuD-1"
4.08093840667397e-46,-0.876824519188709,0.006,0.034,8.85604443632319e-42,"1","adhE-2"
7.92900895620039e-46,-0.701358051088593,0.008,0.037,1.72067423358505e-41,"1","ftsK-5"
1.14802411487175e-45,0.294375898118569,0.053,0.106,2.49132713168318e-41,"1","marR-3"
1.47859612079903e-45,-1.02205743364397,0.006,0.033,3.20870144174597e-41,"1","bssS-1"
9.61088636942746e-45,-0.183729905347738,0.017,0.051,2.08565845102945e-40,"1","aceB-1"
1.39148482040628e-44,-0.709501358318856,0.008,0.036,3.01966120876367e-40,"1","murI-2"
1.66166373997357e-44,-0.406410523703124,0.01,0.04,3.60597648211665e-40,"1","bfr-3"
2.44295916007166e-44,-0.553264976775204,0.009,0.037,5.30146567327151e-40,"1","ldhA-5"
2.96478980568917e-44,-0.329448829685823,0.013,0.044,6.43389035732606e-40,"1","nagC-2"
4.27808820295922e-44,-1.12258307797471,0.005,0.03,9.28387920924181e-40,"1","fabB-5"
6.80007306929178e-44,-0.749537295233005,0.007,0.034,1.47568385676701e-39,"1","ubiD-2"
8.08241546709869e-44,-1.0526976266341,0.006,0.031,1.75396498051509e-39,"1","gsk-2"
8.22506206877429e-44,-0.323413650652486,0.012,0.043,1.78492071954471e-39,"1","cydB-2"
1.23288208367238e-43,0.397878897714993,0.064,0.121,2.67547740977743e-39,"1","tig-1"
1.40148056580162e-43,-0.61868001749591,0.009,0.037,3.04135297584609e-39,"1","aspC-1"
1.51963916372646e-43,-0.148542451560798,0.019,0.054,3.2977689492028e-39,"1","mreC-2"
1.95338219752584e-43,-0.332400059461805,0.013,0.045,4.23903470685083e-39,"1","nuoC-2"
6.3407928571914e-43,-0.288783237847159,0.014,0.045,1.37601545793911e-38,"1","hemB-5"
1.21383163181437e-42,-1.04496680544584,0.005,0.03,2.63413602420035e-38,"1","galS-2"
1.80353032474051e-42,-1.18033209742856,0.005,0.03,3.91384115771939e-38,"1","hybO-4"
2.11346224950875e-42,-0.426655651526275,0.011,0.04,4.58642442765895e-38,"1","yeaC-1"
2.11682168938227e-42,-0.762814811863881,0.007,0.032,4.59371474812846e-38,"1","accA-4"
2.7182679594551e-42,-0.716120770124531,0.007,0.033,5.89891329881351e-38,"1","pepN-1"
3.11501138412028e-42,0.209773398013562,0.036,0.078,6.75988620467941e-38,"1","insH-1-1"
3.46538590062883e-42,-0.875831483645186,0.006,0.032,7.52023394295463e-38,"1","hslJ-2"
5.02702674196888e-42,-0.251145300129338,0.014,0.044,1.09091507327467e-37,"1","rne-5"
9.56400476664542e-42,0.313445970816757,0.06,0.113,2.07548467440972e-37,"1","cyoA-5"
1.20334113900354e-41,-0.588030006741153,0.007,0.033,2.61137060575159e-37,"1","yfiP-4"
1.7305019794758e-41,-0.524916357852354,0.009,0.037,3.75536234566043e-37,"1","truA-4"
3.04524685356022e-41,-0.100318659933167,0.017,0.05,6.60849019691103e-37,"1","yqjC-6"
3.87241801443267e-41,-0.738602960224686,0.008,0.034,8.40353433312035e-37,"1","gshA-4"
7.77068579316215e-41,-0.555555114833221,0.01,0.037,1.68631652397412e-36,"1","aroB-2"
1.13021051857776e-40,-0.618412251287661,0.009,0.036,2.4526698463656e-36,"1","ackA-4"
1.29038382413865e-40,-0.641547054956965,0.007,0.032,2.80026193676328e-36,"1","sodA-1"
1.36286168366989e-40,-0.160169696304463,0.013,0.043,2.95754613973203e-36,"1","acnA-3"
1.54253912376865e-40,0.13400896505589,0.027,0.064,3.34746415249034e-36,"1","nrdR-2"
1.72166773506312e-40,-0.453222389327578,0.01,0.037,3.73619115186047e-36,"1","gcvA-4"
2.99519765993747e-40,0.412813332888301,0.097,0.166,6.49987844183031e-36,"1","rpsI-1"
5.24344900746282e-40,0.114494030421538,0.032,0.072,1.13788086910951e-35,"1","cyoC-1"
8.00783014284963e-40,-0.557775391287084,0.008,0.034,1.7377792192998e-35,"1","thyA-3"
9.05709924524822e-40,-15.1675830618537,0,0.018,1.96548110721132e-35,"1","fimD-2"
1.00053793007025e-39,-1.04706959266027,0.005,0.028,2.17126736204545e-35,"1","dcrB-5"
1.39902673312871e-39,-0.733336145315784,0.008,0.033,3.03602791356261e-35,"1","parC-1"
1.47687615865605e-39,0.315400825295007,0.056,0.105,3.2049689518995e-35,"1","aceE-1"
1.7941363625146e-39,-0.109737098131753,0.016,0.047,3.89345532029293e-35,"1","cld-5"
1.84401898347852e-39,-0.71160938838613,0.007,0.032,4.00170559604673e-35,"1","sfcA-5"
2.30829428940047e-39,-0.679870773498277,0.006,0.03,5.00922943742796e-35,"1","dedA-1"
2.55859777905914e-39,-1.24090529893892,0.003,0.025,5.55241304033624e-35,"1","deoD-1"
4.93073226543911e-39,0.407224170373214,0.165,0.266,1.07001820892294e-34,"1","rplR-2"
6.12628758535257e-39,-1.08051181441741,0.004,0.027,1.32946566889736e-34,"1","yoaG-2"
1.10880932425195e-38,-0.41530002488162,0.01,0.036,2.40622711455915e-34,"1","pheT-2"
2.11486192737056e-38,-0.609900749914518,0.007,0.032,4.58946186858685e-34,"1","glk-3"
2.81568642476599e-38,-0.512139179851756,0.008,0.034,6.11032111038468e-34,"1","yeaP-4"
5.0347189395802e-38,-0.827941604436977,0.005,0.027,1.0925843570783e-33,"1","sdhA-2"
5.32690033732214e-38,-0.172833126777049,0.015,0.044,1.15599064220228e-33,"1","potA-3"
5.47981575353998e-38,-1.42261830198265,0.003,0.024,1.18917481667571e-33,"1","miaA-1"
8.20347385540482e-38,-1.07076759337953,0.004,0.026,1.7802358613614e-33,"1","ybiT-2"
8.61842239150015e-38,-1.06251100307366,0.004,0.026,1.87028384317945e-33,"1","gntR-5"
9.03280002488306e-38,-2.01301173134445,0.002,0.022,1.96020793339987e-33,"1","ycdO-4"
1.22843062932201e-37,-1.34947348224396,0.004,0.025,2.6658173086917e-33,"1","rraA-5"
1.66979072031666e-37,-0.4275362686806,0.011,0.038,3.62361284215919e-33,"1","tolC-1"
1.69699014956442e-37,-0.753090862556806,0.007,0.03,3.68263832356975e-33,"1","yrbL-1"
1.9497165632792e-37,0.129335931142521,0.024,0.058,4.23107991397218e-33,"1","secA-5"
3.0062096097507e-37,0.285984224361425,0.037,0.077,6.52377547411999e-33,"1","ychA-4"
3.0882315408918e-37,-0.190740811611635,0.015,0.044,6.70177126688931e-33,"1","yciM-2"
3.12943263405319e-37,-0.748691043955434,0.006,0.029,6.79118175915883e-33,"1","prmC-3"
4.07456683514138e-37,-2.52218493133604,0.001,0.02,8.8422174889403e-33,"1","chpR-5"
5.85156948993941e-37,-0.577691296589104,0.007,0.03,1.26984909501175e-32,"1","yafD-3"
6.43083239666071e-37,-0.823346248034825,0.006,0.028,1.39555493839934e-32,"1","yggE-4"
6.9565163458467e-37,-0.395143030577646,0.011,0.037,1.50963361221219e-32,"1","dfp-4"
7.58511843951963e-37,-0.17428154259304,0.013,0.04,1.64604655256015e-32,"1","trxB-1"
7.87658921703889e-37,-1.65949278612472,0.003,0.023,1.70929862598961e-32,"1","yggW-5"
9.06486943355083e-37,-1.12032731720082,0.004,0.025,1.96716731577486e-32,"1","acrB-5"
1.00693538505218e-36,-0.30210884155292,0.013,0.041,2.18515047910174e-32,"1","rsgA-5"
1.10158068814077e-36,-0.390478017183766,0.012,0.038,2.39054025133428e-32,"1","ybaJ-2"
1.18247580647206e-36,-0.485973981038352,0.008,0.032,2.56609074762502e-32,"1","gltX-3"
1.21136810968911e-36,-0.468850763525888,0.009,0.034,2.62878993483633e-32,"1","gnd-1"
1.30827795337441e-36,-0.80652808375832,0.006,0.029,2.83909398661781e-32,"1","phnA-5"
1.83353421440793e-36,-0.773032352548849,0.006,0.028,3.97895259868666e-32,"1","ycdZ-4"
2.32084973292186e-36,-0.260497431574587,0.012,0.039,5.03647600541373e-32,"1","argS-1"
2.99307985288415e-36,0.27736793593203,0.034,0.072,6.4952825887439e-32,"1","frr-4"
5.71977662026886e-36,-0.175382055465978,0.014,0.042,1.24124872436455e-31,"1","thiI-2"
1.1120161684426e-35,-0.67809376686772,0.006,0.028,2.41318628713728e-31,"1","pepQ-5"
1.63954322788316e-35,0.327066671395516,0.036,0.075,3.55797275882924e-31,"1","ffh-5"
1.97324716548336e-35,0.324976791197197,0.039,0.079,4.28214367381544e-31,"1","dnaX-2"
3.24904622095512e-35,-0.522207168254239,0.008,0.032,7.0507552040947e-31,"1","recQ-4"
3.83091356397941e-35,-0.400442954464048,0.01,0.035,8.31346552519172e-31,"1","dnaB-5"
5.76599137874609e-35,-0.293370671359638,0.011,0.036,1.25127778910169e-30,"1","purR-4"
8.99847807863791e-35,-0.492319258988121,0.008,0.03,1.95275972784521e-30,"1","phoQ-3"
1.43578558508959e-34,-1.03997115065864,0.004,0.025,3.11579829820291e-30,"1","lolB-5"
2.23971088630825e-34,-0.16394103900924,0.013,0.039,4.86039659437753e-30,"1","osmY-4"
2.76838863027147e-34,-1.00727985663631,0.004,0.024,6.00768016655212e-30,"1","fbaB-1"
4.09882415124409e-34,-0.57063159343685,0.007,0.029,8.8948582906148e-30,"1","slyD-4"
4.98201386096493e-34,-0.503921819482158,0.008,0.03,1.081146827968e-29,"1","kdsD-1"
5.61195681770038e-34,-0.374321754995424,0.01,0.034,1.21785074900916e-29,"1","yqfA-6"
6.19148513867514e-34,0.193217628924433,0.025,0.057,1.34361418994389e-29,"1","ribB-5"
8.18626841439911e-34,-0.708125780451565,0.005,0.026,1.77650210860875e-29,"1","mrp-3"
1.19192772221873e-33,-0.574828095949697,0.008,0.031,2.58660234998687e-29,"1","dsbC-5"
1.37131605694497e-33,-1.01042263520797,0.005,0.025,2.97589297517629e-29,"1","seqA-5"
1.42474968114996e-33,0.243327937535883,0.029,0.062,3.09184928306353e-29,"1","rpoD-1"
1.59256269873518e-33,-0.302348836897407,0.01,0.034,3.45602031252522e-29,"1","yccA-2"
2.05651240138171e-33,-0.459851150175938,0.008,0.03,4.46283756223844e-29,"1","rpoN-3"
2.27796092390646e-33,0.287570747628076,0.038,0.076,4.94340300096941e-29,"1","yfgL-2"
2.62513605691155e-33,0.236270888175976,0.03,0.064,5.69680775710376e-29,"1","exbB-5"
2.65296479052968e-33,-0.543552618473792,0.006,0.027,5.75719889192847e-29,"1","gss-1"
3.49669040995689e-33,-0.396157234199869,0.009,0.031,7.58816785864744e-29,"1","rnb-1"
3.71828798403651e-33,0.172173170422945,0.025,0.057,8.06905675415764e-29,"1","gmk-3"
4.33580163717144e-33,0.106923932234993,0.021,0.05,9.40912313282575e-29,"1","ybeZ-2"
7.13836326653629e-33,-0.292663249519368,0.011,0.035,1.54909621247104e-28,"1","rplN-4"
7.71712264988915e-33,-0.195626902749722,0.013,0.038,1.67469278625244e-28,"1","ttk-3"
1.14042101188786e-32,-2.00875521125229,0.002,0.019,2.47482763789784e-28,"1","mazG-1"
1.36398216581353e-32,0.492482368437333,0.109,0.175,2.95997769803195e-28,"1","iscR-2"
1.55506080781517e-32,0.300633792551097,0.039,0.077,3.3746374590397e-28,"1","iscU-4"
2.08791763904659e-32,-0.582351820945249,0.006,0.026,4.530990068495e-28,"1","ptsP-4"
2.26859450054666e-32,-0.289624031393147,0.009,0.031,4.9230769256363e-28,"1","sohA-3"
4.3612526953459e-32,-1.07449038973383,0.004,0.023,9.46435447417013e-28,"1","ydhJ-3"
5.60584152307729e-32,0.1221877853361,0.021,0.05,1.216523668923e-27,"1","ybiP-1"
6.71581798776842e-32,0.269551493387282,0.028,0.06,1.45739966152562e-27,"1","suhB-5"
9.04187652099397e-32,-0.781888581073348,0.006,0.025,1.9621776238209e-27,"1","plsB-5"
9.23404957332629e-32,-1.34878253662633,0.003,0.021,2.00388109790754e-27,"1","potD-5"
1.1697141485437e-31,-1.90300975721994,0.002,0.019,2.53839667375467e-27,"1","yidE-3"
1.22809589835167e-31,0.40412796264151,0.035,0.07,2.66509090901297e-27,"1","topA-5"
1.39837940116783e-31,-0.256660376582729,0.009,0.032,3.03462313847431e-27,"1","yggJ-1"
1.71163052944288e-31,-1.19899543766889,0.004,0.022,3.714409411944e-27,"1","cmk-1"
1.7601071722803e-31,-0.323481060840335,0.01,0.032,3.81960857456548e-27,"1","folE-2"
2.30920509247664e-31,-0.809329696072921,0.004,0.023,5.01120597118357e-27,"1","dinG-5"
2.59185434006275e-31,-0.395202360542364,0.007,0.028,5.62458310337016e-27,"1","rpsT-2"
3.4389142659561e-31,0.388349947765906,0.036,0.07,7.46278784855134e-27,"1","asnS-4"
4.60453566959752e-31,0.149616761770736,0.022,0.05,9.99230285659359e-27,"1","amiA-4"
5.23258076537315e-31,0.295301909355063,0.035,0.069,1.13552235189363e-26,"1","hfq-4"
6.19000748927773e-31,-0.483857814769701,0.006,0.026,1.34329352524816e-26,"1","aaeA-1"
6.43311127118744e-31,-0.302032277422176,0.008,0.03,1.39604947696039e-26,"1","lolD-3"
9.71129291683443e-31,0.402632098159514,0.044,0.083,2.10744767588224e-26,"1","ydcQ-3"
1.4223397776867e-30,-0.54918690464782,0.007,0.027,3.0866195515579e-26,"1","pyrC-5"
2.17420025475521e-30,-0.411977579554574,0.006,0.026,4.71823197284428e-26,"1","yebV-5"
2.3509842065955e-30,-0.772988210809391,0.006,0.025,5.1018708267329e-26,"1","mfd-4"
3.14939573478539e-30,-1.13735478195509,0.004,0.021,6.83450368405776e-26,"1","yabI-4"
3.39293193676316e-30,-0.298288569916309,0.009,0.03,7.36300159596974e-26,"1","feoB-2"
3.58610689910323e-30,-0.872323429009146,0.004,0.022,7.78221058174392e-26,"1","cpxA-5"
4.62893913753711e-30,-0.13147746437888,0.011,0.034,1.00452608223693e-25,"1","fabA-4"
4.65422931794404e-30,-1.25755023006324,0.003,0.019,1.01001430428704e-25,"1","sdaA-5"
4.65778200493629e-30,-0.710541907547394,0.004,0.023,1.01078527289122e-25,"1","ygdH-4"
5.2821790048706e-30,-0.536611367176211,0.007,0.028,1.14628566584697e-25,"1","gltI-1"
5.56011702119433e-30,-0.775518499921316,0.005,0.024,1.20660099476938e-25,"1","nudH-4"
6.16869590503488e-30,-0.681574325256586,0.004,0.022,1.33866869835162e-25,"1","hspQ-4"
6.64245794896832e-30,0.535535321026842,0.065,0.111,1.44147979950561e-25,"1","rpmD-2"
8.96940212164325e-30,-0.762758755766494,0.005,0.023,1.9464499544178e-25,"1","envC-3"
1.20141262247522e-29,-0.299854877039802,0.008,0.028,2.60718553203347e-25,"1","prc-1"
1.32187014869164e-29,-0.237181421374508,0.01,0.031,2.86859040967574e-25,"1","purB-2"
1.49319811061013e-29,0.310376191012244,0.032,0.065,3.24038921983505e-25,"1","rplS-1"
1.72340570825069e-29,-0.231967300314219,0.011,0.033,3.73996272747481e-25,"1","rluD-3"
1.72723057281389e-29,0.487107717740325,0.058,0.101,3.74826306606343e-25,"1","lepA-2"
1.94252917441481e-29,0.244585339758315,0.026,0.055,4.21548256139758e-25,"1","aroK-1"
2.4468619606388e-29,0.311145772665586,0.026,0.056,5.30993514078226e-25,"1","fdoG-5"
2.44805894079374e-29,-1.2713383452437,0.003,0.019,5.31253270741649e-25,"1","yhaK-1"
2.63210399501206e-29,-1.34300784206335,0.003,0.019,5.71192887957568e-25,"1","fepA-1"
2.93098685360788e-29,0.165202143530748,0.02,0.047,6.36053457101447e-25,"1","yefM-3"
3.78048665304087e-29,0.124040532507538,0.016,0.04,8.20403408576399e-25,"1","yfgA-3"
3.98302344632567e-29,0.467901627962158,0.063,0.108,8.64355918087133e-25,"1","nlpD-4"
4.39068061136289e-29,-1.34769892639115,0.003,0.019,9.52821599471861e-25,"1","yqjF-4"
4.67730046618285e-29,0.480420387030278,0.07,0.117,1.01502097416634e-24,"1","yafQ-3"
5.37967496803442e-29,-0.647359982635692,0.006,0.024,1.16744326481315e-24,"1","rraB-5"
6.55850807724176e-29,0.307911316980685,0.02,0.047,1.42326183784223e-24,"1","yjgP-4"
6.72517359389964e-29,-1.11803282945141,0.003,0.019,1.45942992161216e-24,"1","dsbA-2"
8.12205992350921e-29,-0.862989587977298,0.004,0.021,1.76256822400073e-24,"1","yeeX-4"
8.99260622190001e-29,-0.696601073476315,0.005,0.022,1.95148547621452e-24,"1","yfiO-4"
1.54491875528308e-28,0.245013477323534,0.022,0.048,3.35262819083982e-24,"1","fhuF-3"
1.67404685959752e-28,0.346833517079189,0.033,0.064,3.63284909001258e-24,"1","yhaV-1"
1.68447874031621e-28,-0.832384430949668,0.004,0.02,3.65548731436021e-24,"1","tktB-2"
1.78209234179397e-28,-1.3822777970655,0.003,0.018,3.86731859092709e-24,"1","sohB-3"
2.23222669924013e-28,-1.32312675605233,0.003,0.019,4.844155160021e-24,"1","tolA-1"
2.28869777981305e-28,-0.766459722754818,0.004,0.022,4.9667030519723e-24,"1","prmB-5"
2.3067442895354e-28,0.379255676357634,0.034,0.067,5.00586578272078e-24,"1","secG-2"
2.38798170324579e-28,-0.183997894877883,0.01,0.03,5.18215909421368e-24,"1","yqhA-6"
2.40263258529404e-28,-0.154711117155234,0.011,0.033,5.2139529733466e-24,"1","yjgJ-3"
2.54692148218483e-28,-1.28619876295773,0.003,0.019,5.52707430848929e-24,"1","yhbN-4"
3.04881685030433e-28,-0.661866981405569,0.006,0.024,6.61623744684542e-24,"1","secB-4"
3.43812349769861e-28,-0.386065951012371,0.007,0.026,7.46107180235575e-24,"1","yfiN-2"
4.94915440923841e-28,-0.485373101455736,0.006,0.024,1.07401599834883e-23,"1","ycfD-3"
5.11747240705036e-28,-1.32403275192558,0.003,0.018,1.110542687054e-23,"1","pdxA-5"
5.38448281982754e-28,-0.244344107738845,0.01,0.03,1.16848661673077e-23,"1","ygiC-3"
5.87528929520273e-28,-1.11725658204159,0.002,0.017,1.27499652995194e-23,"1","yohL-6"
6.20487051624761e-28,-1.11552707503672,0.003,0.019,1.34651895073089e-23,"1","ydaN-1"
6.86879497380376e-28,-1.66292652116269,0.002,0.017,1.49059719726515e-23,"1","sulA-5"
7.59579803033213e-28,-0.118591833198194,0.011,0.032,1.64836413056238e-23,"1","serA-5"
1.16396803600714e-27,0.277104937484221,0.026,0.054,2.52592703493909e-23,"1","imp-4"
1.54633098223159e-27,-0.831757566772482,0.004,0.021,3.35569286454078e-23,"1","acrA-5"
1.96197908638922e-27,-0.656620410397245,0.005,0.022,4.25769081537325e-23,"1","nagE-4"
2.08856644268384e-27,-0.753725213182008,0.004,0.02,4.5323980372682e-23,"1","ycfQ-5"
2.12355881316686e-27,0.20615460075157,0.018,0.043,4.60833498045341e-23,"1","fhuA-4"
2.19128327330712e-27,-0.278632891496061,0.008,0.026,4.75530383140379e-23,"1","holB-5"
2.29912203430683e-27,-0.954482892628566,0.003,0.019,4.98932472664926e-23,"1","yqjG-5"
2.56304435148959e-27,-0.45295997955729,0.006,0.024,5.56206254716756e-23,"1","grxB-5"
2.57535920504452e-27,-0.501600072950563,0.006,0.024,5.58878701086711e-23,"1","yecJ-2"
2.68465283263096e-27,-0.603035352293926,0.006,0.024,5.82596511209244e-23,"1","yfhA-2"
2.9491364751841e-27,-0.35526701079992,0.007,0.026,6.39992106479702e-23,"1","rffE-1"
3.03095795357215e-27,-0.316430404759655,0.008,0.026,6.57748185504693e-23,"1","yihE-1"
3.07981157919407e-27,0.5025884560014,0.064,0.107,6.68349910800905e-23,"1","yafK-3"
3.72392354813524e-27,-0.717151632404401,0.004,0.021,8.08128649180829e-23,"1","cueO-5"
4.69636485815915e-27,0.452494726672416,0.036,0.068,1.01915813786912e-22,"1","ydcR-2"
4.97360217411539e-27,0.17411771663495,0.017,0.041,1.07932140780478e-22,"1","pgm-3"
5.16862832610935e-27,-0.865199695278657,0.004,0.02,1.12164403304899e-22,"1","bcsE-5"
5.43610446773178e-27,0.281563234225172,0.024,0.05,1.17968903054247e-22,"1","def-2"
5.8923025964616e-27,0.200872435431877,0.019,0.044,1.27868858645813e-22,"1","yejG-5"
6.72199166144699e-27,-0.409912860612943,0.008,0.027,1.45873941045061e-22,"1","insJ-2"
7.70340695075274e-27,-0.675416704130639,0.004,0.021,1.67171634238285e-22,"1","sdhB-3"
9.21769967315071e-27,-0.776263016167674,0.004,0.02,2.00033300607044e-22,"1","cycA-4"
9.35065306097603e-27,0.199004388992489,0.019,0.044,2.02918522076241e-22,"1","yjcB-3"
1.11175232054935e-26,-1.15015147822626,0.003,0.018,2.41261371082415e-22,"1","pitA-3"
1.24272925805216e-26,-0.121710428421857,0.01,0.029,2.69684676289899e-22,"1","ycfH-2"
1.45983152343049e-26,0.406382169891659,0.034,0.065,3.16798038899652e-22,"1","msbA-4"
1.53928414912143e-26,-0.801348207729507,0.004,0.02,3.34040053200842e-22,"1","yojI-6"
1.6666887387906e-26,0.50501736751943,0.049,0.086,3.61688123204947e-22,"1","pnp-1"
2.17120490116632e-26,-0.757235919015803,0.004,0.02,4.71173175602102e-22,"1","apaG-5"
2.31863911377121e-26,-0.414522046025676,0.006,0.024,5.03167874079491e-22,"1","yieG-4"
2.7667738936353e-26,0.504976759524298,0.058,0.098,6.00417602657797e-22,"1","nudB-2"
2.85303538273196e-26,-0.51381811572518,0.007,0.025,6.19137208406663e-22,"1","yebG-4"
2.88491746495565e-26,-0.78158078144731,0.004,0.019,6.26055939070025e-22,"1","mglB-1"
3.292201831425e-26,-0.170492118186517,0.009,0.028,7.14440719437539e-22,"1","nuoA-3"
4.46200757264019e-26,-1.69513185177555,0.001,0.015,9.68300263338648e-22,"1","fecI-5"
4.91447715403556e-26,0.437944757836481,0.041,0.075,1.06649068719726e-21,"1","iscA-1"
5.56275157292447e-26,-0.940437920194567,0.004,0.019,1.20717271884034e-21,"1","glnP-4"
5.61386845998045e-26,0.339823368569982,0.025,0.052,1.21826559450036e-21,"1","nlpB-4"
6.31826729546306e-26,-0.625872433340513,0.004,0.02,1.37112718578844e-21,"1","gpp-1"
6.39876355043686e-26,-0.304776753130431,0.007,0.024,1.3885956780803e-21,"1","cysK-4"
6.79582585903258e-26,-0.997578561078596,0.003,0.018,1.47476216966866e-21,"1","ybiR-2"
6.93759082400957e-26,-0.799242812206123,0.003,0.018,1.50552658471832e-21,"1","betA-5"
7.27976966330041e-26,0.113282181201396,0.016,0.039,1.57978281463282e-21,"1","grxA-4"
8.04936920167387e-26,-0.335976467312441,0.006,0.023,1.74679361045525e-21,"1","ydjA-1"
1.02707485941237e-25,-0.145079846403695,0.011,0.031,2.22885515241079e-21,"1","adhP-1"
1.0523133282042e-25,-0.109932748789813,0.009,0.027,2.28362515353593e-21,"1","yjeS-3"
1.08858033172382e-25,-0.182979347106192,0.009,0.028,2.36232817787385e-21,"1","fliY-3"
1.13202605808895e-25,-0.221708193355683,0.008,0.026,2.45660974865882e-21,"1","panC-4"
1.26960419748703e-25,-0.84925076037324,0.004,0.019,2.75516806896661e-21,"1","talA-5"
1.27244767226564e-25,0.211346550613083,0.017,0.04,2.76133869358367e-21,"1","rpoE-4"
1.64179079864899e-25,0.281285717769964,0.019,0.042,3.56285021214818e-21,"1","era-3"
1.81973326312335e-25,-0.347222422255164,0.007,0.025,3.94900315430398e-21,"1","ydfH-5"
2.43954579544578e-25,0.256982656234287,0.016,0.038,5.29405833069688e-21,"1","rnc-3"
2.71994236197876e-25,-0.501691017365042,0.007,0.024,5.90254691973011e-21,"1","dusA-4"
2.80896536361075e-25,-0.838649454229592,0.004,0.02,6.09573573557169e-21,"1","ylaC-5"
3.04580219789902e-25,-1.47027397439213,0.002,0.016,6.60969534966065e-21,"1","rfaC-2"
3.0559665650361e-25,-0.569659947054663,0.005,0.021,6.63175304278484e-21,"1","ribF-3"
3.20902839986575e-25,-0.360888445659218,0.006,0.023,6.96391253054866e-21,"1","ftsX-2"
5.56501886371399e-25,-0.210665660982746,0.008,0.026,1.20766474361457e-20,"1","dnaC-4"
5.63094611404416e-25,0.319052339869046,0.032,0.06,1.22197161620872e-20,"1","hupB-4"
6.7621400962839e-25,0.282238598487826,0.023,0.049,1.46745202229457e-20,"1","hscB-5"
6.83544824395274e-25,0.494651191123016,0.053,0.089,1.48336062342018e-20,"1","fusA-2"
7.12344600303795e-25,-1.10159921308987,0.003,0.017,1.54585901711927e-20,"1","galU-5"
9.76486011040511e-25,-0.420757138871604,0.006,0.023,2.11907229255901e-20,"1","speG-3"
1.05874855850277e-24,-0.46381602407357,0.006,0.023,2.29759024680686e-20,"1","yciS-1"
1.12584981236359e-24,-0.432520691070331,0.005,0.021,2.44320667781022e-20,"1","hemC-4"
1.15062080338694e-24,-0.839747009611595,0.003,0.017,2.49696220543e-20,"1","gntT-4"
1.39789934645929e-24,-0.605070075347333,0.004,0.019,3.0335813717513e-20,"1","pgi-2"
1.44368484428683e-24,0.578586951996522,0.11,0.169,3.13294048058686e-20,"1","infB-3"
1.77603206424864e-24,-0.87542347945662,0.003,0.017,3.85416718262597e-20,"1","yccJ-2"
1.82760933302583e-24,-0.342033803125365,0.009,0.027,3.96609501359935e-20,"1","amiB-3"
2.67555202671721e-24,-0.642063173243314,0.004,0.019,5.80621545317902e-20,"1","katE-2"
3.46105730423121e-24,-0.665725369865671,0.004,0.019,7.51084045591215e-20,"1","nagK-2"
3.5938775177127e-24,-0.484301773646691,0.005,0.021,7.79907360118834e-20,"1","smtA-4"
3.61295234531443e-24,-0.954631397362741,0.003,0.017,7.84046788456685e-20,"1","yedQ-3"
5.80948016354029e-24,0.250948231310647,0.017,0.039,1.26071529028988e-19,"1","yjgQ-2"
6.21801475609258e-24,-0.903075320820703,0.004,0.018,1.34937138221965e-19,"1","mltA-5"
6.8148057195972e-24,-0.346798928016231,0.006,0.022,1.47888098920979e-19,"1","gshB-5"
7.25998102669681e-24,-1.47789805945456,0.002,0.015,1.57548848260347e-19,"1","yojL-3"
1.02568733079737e-23,-0.623872992692728,0.004,0.019,2.22584407656336e-19,"1","gntU-4"
1.14054497536876e-23,-0.330377047869037,0.008,0.025,2.47509665104776e-19,"1","ycbL-3"
1.24682533482154e-23,-0.271254538931895,0.007,0.023,2.70573565909623e-19,"1","ydcM-1"
1.4470784934176e-23,0.315405841158328,0.023,0.048,3.14030503856553e-19,"1","ytfL-3"
1.58418743328452e-23,-0.649242835857565,0.005,0.02,3.43784514897074e-19,"1","accD-3"
1.78374492477326e-23,-0.343100625244006,0.007,0.024,3.87090486125045e-19,"1","recA-5"
1.80869513819174e-23,-1.18921242556716,0.003,0.016,3.9250493193899e-19,"1","yeaG-2"
2.27978168787699e-23,0.221668667720589,0.019,0.041,4.94735424086186e-19,"1","ecfK-5"
2.33989537677848e-23,0.173266850014139,0.015,0.036,5.07780695714699e-19,"1","fabG-1"
2.50365381888142e-23,-0.851151723245694,0.004,0.018,5.43317915235457e-19,"1","lpxM-4"
3.12120745131545e-23,-1.05586028225788,0.003,0.016,6.77333229009967e-19,"1","yhjK-1"
3.27047564637965e-23,-0.697326870773623,0.005,0.019,7.09725920020847e-19,"1","yheM-1"
3.38868056631878e-23,-0.506845295957569,0.006,0.021,7.35377569696839e-19,"1","tpiA-3"
3.43314716960977e-23,-1.0142607370714,0.003,0.016,7.45027267277017e-19,"1","rnhB-5"
3.46300042937737e-23,0.292023348122266,0.019,0.042,7.51505723179182e-19,"1","yrdC-4"
4.79217965085365e-23,-1.41984920647165,0.002,0.015,1.03995090603175e-18,"1","upp-2"
5.73074735165171e-23,-0.348543143300557,0.006,0.022,1.24362948278194e-18,"1","lrp-2"
7.73310719096976e-23,-1.32193119590449,0.002,0.014,1.67816159151235e-18,"1","yeiH-3"
7.96810242529672e-23,-0.900761859613696,0.003,0.016,1.72915790731364e-18,"1","ubiE-1"
1.06662968254908e-22,0.46644398602675,0.03,0.056,2.31469307409975e-18,"1","mioC-3"
1.088540839932e-22,-0.950213590997814,0.003,0.016,2.36224247673644e-18,"1","folK-3"
1.36658800985203e-22,0.361781367460635,0.032,0.058,2.96563264017988e-18,"1","fabZ-2"
1.49492782313928e-22,0.234273390928656,0.018,0.04,3.24414286899455e-18,"1","lpxA-1"
1.6160993961398e-22,-0.645091015134466,0.004,0.017,3.50709729956297e-18,"1","asnB-5"
1.68224983900209e-22,-0.558454493641053,0.006,0.021,3.65065037561843e-18,"1","kefA-3"
1.8613705488506e-22,0.316479027750976,0.022,0.045,4.0393602280607e-18,"1","yfgB-2"
1.89342374937433e-22,-0.906944816008875,0.004,0.017,4.10891887851723e-18,"1","yncE-1"
2.37224119117549e-22,-0.24376103692209,0.007,0.023,5.14800060896993e-18,"1","frmB-1"
2.80884594067828e-22,-0.217830837432311,0.007,0.022,6.09547657586593e-18,"1","proA-3"
2.84040046701351e-22,-1.22613883366267,0.002,0.014,6.16395305346602e-18,"1","otsA-4"
3.29096465106562e-22,0.103727322512859,0.012,0.03,7.14172238927751e-18,"1","yheO-4"
3.35027689743263e-22,-0.625880044214563,0.004,0.018,7.27043589511855e-18,"1","phr-3"
3.540703854579e-22,-1.74380981891341,0.002,0.014,7.68368143482189e-18,"1","pstC-5"
3.95271946123889e-22,-1.03413473887391,0.003,0.016,8.57779650283453e-18,"1","hemY-4"
6.01552685598801e-22,-0.151686828708965,0.007,0.022,1.30542948301796e-17,"1","yrbD-6"
6.42366630423832e-22,-0.785224110950208,0.004,0.018,1.39399982468276e-17,"1","proQ-3"
6.52475448548893e-22,-0.285462481383713,0.006,0.02,1.41593697089595e-17,"1","nlpE-5"
6.93926338146557e-22,0.539489476630978,0.093,0.141,1.50588954641184e-17,"1","rplI-2"
9.62005483896168e-22,-0.829133228463395,0.003,0.016,2.08764810060307e-17,"1","yaiA-4"
9.80529489796918e-22,-0.288216971239351,0.006,0.021,2.12784704580829e-17,"1","yrdB-1"
1.017836417053e-21,-0.946266111177179,0.002,0.014,2.20880680864671e-17,"1","yohC-6"
1.03203406297562e-21,0.445132194172452,0.03,0.055,2.2396171200634e-17,"1","rseA-3"
1.17755883713305e-21,0.422997635921143,0.033,0.06,2.55542043246244e-17,"1","plsX-2"
1.24823125282196e-21,-0.879604707366521,0.003,0.016,2.70878664174893e-17,"1","otsB-1"
1.38815723663227e-21,-0.860506491523212,0.003,0.015,3.01244001921568e-17,"1","cho-3"
1.7322857835343e-21,-0.164409633529305,0.007,0.023,3.75923337884779e-17,"1","glyA-5"
1.78577673081957e-21,0.125035769402604,0.013,0.032,3.87531408355155e-17,"1","serC-2"
3.02064067101782e-21,-0.775357503380277,0.003,0.016,6.55509232017578e-17,"1","nfnB-4"
3.89648982062137e-21,0.153467550112597,0.015,0.034,8.45577255973045e-17,"1","yegQ-1"
4.655942247313e-21,-0.300007229154451,0.006,0.02,1.01038602708939e-16,"1","yejK-5"
5.00301964438689e-21,-0.283514249188519,0.006,0.02,1.0857052930284e-16,"1","ygfB-4"
6.11090906452907e-21,-0.856379828393702,0.003,0.016,1.32612837609345e-16,"1","yfhJ-4"
6.5013725727354e-21,-0.720083128024274,0.004,0.017,1.41086286200931e-16,"1","ptsG-5"
6.68168684210163e-21,-0.553638908832209,0.005,0.018,1.44999286160448e-16,"1","atpE-4"
7.20628043351318e-21,-0.29045263801836,0.005,0.019,1.5638349168767e-16,"1","trkH-4"
9.15984084842758e-21,-0.596178773911348,0.004,0.016,1.98777706251727e-16,"1","ygjG-1"
9.4441776318784e-21,-0.593112887378916,0.003,0.016,2.04948098789393e-16,"1","ybgA-3"
1.12155412765158e-20,-0.718702946406183,0.003,0.015,2.43388461241669e-16,"1","aroA-3"
1.24691844217443e-20,-0.715443981709019,0.003,0.015,2.70593771136274e-16,"1","ychJ-5"
1.29860350657806e-20,0.55947960571602,0.058,0.093,2.81809946962504e-16,"1","rpsN-3"
1.31579737933801e-20,-0.176502004091927,0.007,0.021,2.85541189290141e-16,"1","yiaF-3"
1.42682022195228e-20,0.180054129222338,0.012,0.03,3.09634256365864e-16,"1","fdx-2"
1.75653937545354e-20,-1.32475858580374,0.002,0.013,3.81186609867173e-16,"1","ydcN-1"
1.76895857273714e-20,-0.682046220347082,0.003,0.015,3.83881699869687e-16,"1","yeaH-4"
1.87363227092383e-20,-0.566163080830701,0.004,0.017,4.0659693911318e-16,"1","slyB-2"
1.88835242466025e-20,0.381945386805204,0.021,0.043,4.09791359675522e-16,"1","infA-1"
2.1555082847147e-20,0.179218517918939,0.011,0.028,4.67766852865938e-16,"1","guaC-1"
2.21604506083067e-20,-1.33232174021722,0.002,0.013,4.80903938650863e-16,"1","ybhF-5"
2.46283121247147e-20,-0.961005276199641,0.003,0.015,5.34459001418433e-16,"1","yohN-3"
2.67316590957618e-20,0.213535326988315,0.016,0.036,5.80103734037126e-16,"1","racR-4"
2.93330678161326e-20,-0.826765008097923,0.003,0.015,6.36556904677894e-16,"1","arsC-4"
3.09911615820555e-20,0.279401958789617,0.017,0.036,6.72539197492187e-16,"1","smg-2"
3.64941053962487e-20,-1.05863759204337,0.002,0.014,7.91958581203993e-16,"1","ftn-5"
4.80690893699266e-20,0.564579558448862,0.156,0.229,1.04314730841678e-15,"1","rplA-1"
5.22409484709904e-20,-0.778050360127166,0.003,0.015,1.13368082276896e-15,"1","mdtK-4"
6.22376368438212e-20,-0.391879342823676,0.005,0.019,1.35061895714776e-15,"1","pinR-2"
7.03391355922782e-20,-0.271163958556524,0.005,0.018,1.52642958148803e-15,"1","yceB-5"
7.72369615804385e-20,0.187955884725159,0.018,0.038,1.6761193032571e-15,"1","lipB-4"
8.17493098325931e-20,0.190351759585109,0.013,0.031,1.7740417726771e-15,"1","lysU-5"
1.03097925774725e-19,-0.825846515668792,0.003,0.014,2.2373280872373e-15,"1","ydgA-3"
1.20046384060457e-19,-0.230316553148283,0.006,0.02,2.60512658049597e-15,"1","ycjG-1"
1.23736707109566e-19,-0.13568886156185,0.007,0.021,2.68521028098468e-15,"1","yjeK-3"
1.72403872120463e-19,-0.790606648166971,0.003,0.014,3.74133642888616e-15,"1","yggL-5"
1.8142712781578e-19,-0.439978959400072,0.006,0.019,3.93715010073023e-15,"1","ydeA-5"
2.07297095362311e-19,-1.2273019714189,0.002,0.012,4.49855426645751e-15,"1","amn-3"
2.47014620066781e-19,-1.15871033831248,0.002,0.013,5.36046427006921e-15,"1","pbpG-4"
2.56099918129289e-19,0.176023182028053,0.014,0.031,5.5576243233237e-15,"1","fkpA-1"
2.59637607210695e-19,-0.668218031740672,0.004,0.016,5.63439571407929e-15,"1","sdiA-4"
2.79726391931585e-19,-0.163110625732409,0.006,0.019,6.07034243130733e-15,"1","glpF-5"
2.83372008555624e-19,-0.472621110096357,0.004,0.017,6.14945595766561e-15,"1","glpK-3"
2.8772067619525e-19,-0.349094536531079,0.005,0.018,6.24382639411311e-15,"1","mscS-4"
3.35975592791915e-19,-0.521043683613989,0.004,0.016,7.29100633917735e-15,"1","ygaZ-1"
3.40996581848834e-19,-0.661277163946658,0.004,0.015,7.39996682270154e-15,"1","dmsD-1"
3.473919659011e-19,0.236882853818288,0.014,0.031,7.53875305201977e-15,"1","phoP-2"
3.49092386918832e-19,-0.381339940126711,0.005,0.018,7.57565388852557e-15,"1","ygeQ-3"
3.54480523761329e-19,-0.113906870015228,0.009,0.024,7.69258184614461e-15,"1","yhbE-5"
3.98202780902144e-19,-0.282287881178763,0.005,0.018,8.64139854835743e-15,"1","yajQ-2"
4.04475348738187e-19,-0.597305772846474,0.003,0.015,8.7775195429674e-15,"1","mrcB-3"
4.55231873168772e-19,-0.505461971137907,0.004,0.016,9.87898687963552e-15,"1","ppx-3"
5.6457822533477e-19,-1.39640477134587,0.001,0.011,1.22519120679898e-14,"1","yeaJ-5"
5.72168218800267e-19,-0.888066052316271,0.003,0.014,1.24166225161846e-14,"1","dsbB-1"
6.35417201616739e-19,-0.915974956592185,0.002,0.013,1.37891886922849e-14,"1","dctA-4"
7.11971136816113e-19,0.300540613039052,0.017,0.036,1.54504856400465e-14,"1","yjjG-5"
7.91728675791692e-19,-1.04771633895038,0.002,0.013,1.71813039933555e-14,"1","pstS-5"
8.23899030017009e-19,0.444582823070455,0.028,0.05,1.78794328503991e-14,"1","ispU-3"
9.13681356148154e-19,-0.190101345864897,0.006,0.02,1.98277991097711e-14,"1","uvrY-5"
9.32828027253401e-19,-0.982566636311811,0.002,0.013,2.0243301019426e-14,"1","ptrB-3"
9.57159443452174e-19,-0.287528203004533,0.005,0.017,2.07713170823556e-14,"1","uidR-4"
1.03445433713871e-18,0.656428537276549,0.088,0.132,2.24486935702472e-14,"1","obgE-4"
1.42354688449208e-18,-0.865073834801937,0.003,0.014,3.08923909403627e-14,"1","yjjU-5"
1.48812458880647e-18,-0.868401549916588,0.002,0.013,3.22937917016892e-14,"1","yjaG-5"
1.58465019005963e-18,-0.311827996432061,0.004,0.016,3.4388493774484e-14,"1","nuoF-1"
1.7666689210749e-18,-0.518250678181379,0.004,0.016,3.83384822562463e-14,"1","rssB-2"
1.83202692529716e-18,0.613800734674003,0.068,0.104,3.97568163058737e-14,"1","lpxC-2"
2.00807562785403e-18,-0.4959678022761,0.004,0.016,4.35772492000603e-14,"1","ansA-1"
2.17643220539672e-18,0.382611890612991,0.019,0.038,4.72307552893141e-14,"1","rpoC-5"
2.19080002048057e-18,-0.151007794026248,0.006,0.019,4.75425512444488e-14,"1","proS-4"
2.77594634052163e-18,-1.06015669425444,0.002,0.012,6.02408115356599e-14,"1","yohM-6"
2.85115365805843e-18,-0.829164959931658,0.003,0.013,6.18728855335259e-14,"1","yeaY-4"
3.02405781206848e-18,-0.927504106447651,0.002,0.012,6.56250785796981e-14,"1","ruvC-3"
3.03711718045729e-18,-0.398228729968012,0.005,0.017,6.59084799331037e-14,"1","ydcL-4"
3.10018714979239e-18,-0.455575996090028,0.004,0.016,6.72771613376446e-14,"1","ynhG-2"
3.47147696873339e-18,-0.424255618023352,0.004,0.016,7.53345216984832e-14,"1","dam-4"
4.86516910530163e-18,-0.106458931973394,0.007,0.021,1.05579034754151e-13,"1","yghB-2"
5.54415431516045e-18,-0.753444651194939,0.002,0.012,1.20313692793297e-13,"1","ydfG-5"
5.67780782608615e-18,-0.118611651530637,0.007,0.02,1.23214107633896e-13,"1","ydcI-5"
5.81068775685203e-18,-0.399832780417569,0.005,0.017,1.26097735011446e-13,"1","ycgZ-3"
6.15593974880643e-18,-0.508268372095544,0.004,0.015,1.33590048488848e-13,"1","queA-2"
6.45438847417078e-18,-0.4504114187334,0.004,0.015,1.4006668427798e-13,"1","insF-4-4"
6.62905027381452e-18,-0.416454467961488,0.005,0.016,1.43857019992049e-13,"1","ydhC-3"
7.95575281765705e-18,0.647998683740611,0.05,0.079,1.72647791895976e-13,"1","bax-4"
8.04385227673787e-18,-0.112067087444695,0.006,0.019,1.74559638257488e-13,"1","ygeR-2"
8.36012883115855e-18,-0.96437863971892,0.002,0.012,1.81423155764972e-13,"1","ydiJ-4"
8.7400692794636e-18,0.22501842100283,0.016,0.033,1.8966824343364e-13,"1","nhaB-4"
1.08773854649604e-17,-0.222980942751199,0.006,0.018,2.36050141975106e-13,"1","aaeB-1"
1.12624451854356e-17,-1.1567939572105,0.002,0.011,2.44406322969139e-13,"1","csiE-3"
1.33844438595065e-17,-0.479109504668862,0.004,0.014,2.90455816195151e-13,"1","pldB-5"
1.42582084143868e-17,0.30025120284489,0.014,0.031,3.09417380800607e-13,"1","rfaD-2"
1.64934438879663e-17,-0.438588512138379,0.003,0.014,3.57924225812756e-13,"1","sra-5"
1.72375868259449e-17,0.165913543395957,0.011,0.027,3.7407287170983e-13,"1","asmA-3"
2.06552855696293e-17,-0.147974362901662,0.007,0.021,4.48240352146524e-13,"1","ydhQ-4"
2.11096493434507e-17,-0.595789894882697,0.004,0.015,4.58100500402223e-13,"1","rhtC-5"
2.44748704919183e-17,-0.266884275648622,0.005,0.016,5.3112916454512e-13,"1","yaaA-3"
3.1824350661169e-17,0.13656041969187,0.009,0.023,6.90620233698029e-13,"1","fadR-2"
4.50802376312001e-17,-1.05489974205751,0.002,0.011,9.78286236834674e-13,"1","pgpA-2"
4.56906664633443e-17,-0.138673671596298,0.006,0.018,9.91533152921035e-13,"1","pdxB-5"
4.57036938278164e-17,0.346057145575641,0.017,0.034,9.91815859757443e-13,"1","ptsN-2"
4.59313920602339e-17,-1.18713966893508,0.002,0.011,9.96757139099136e-13,"1","tyrB-5"
4.76204368573013e-17,-0.528161866680682,0.003,0.014,1.0334111002403e-12,"1","bglA-3"
4.96302551683076e-17,-0.644149152225466,0.003,0.013,1.07702616740744e-12,"1","yebF-3"
5.10875593120986e-17,0.198817880051657,0.012,0.027,1.10865112463185e-12,"1","emrA-1"
5.17965817654859e-17,0.231627612116922,0.011,0.025,1.12403762089281e-12,"1","mutH-2"
5.56619416569641e-17,-0.792625260210364,0.002,0.012,1.20791979589778e-12,"1","ydaF-2"
6.04541133835144e-17,-0.871788977592038,0.002,0.011,1.31191471453565e-12,"1","dld-1"
6.36029274466982e-17,-0.178170232869238,0.006,0.018,1.3802471285208e-12,"1","yrbG-4"
6.56168040287638e-17,-0.364676018614367,0.004,0.016,1.4239502642282e-12,"1","ybiV-3"
7.14362560607491e-17,-0.51500681915829,0.004,0.014,1.55023819277432e-12,"1","ydhS-1"
8.44110723014239e-17,0.163561230977494,0.011,0.026,1.8318046800132e-12,"1","srmB-4"
8.70585603267947e-17,-0.606034765200951,0.003,0.013,1.88925781765177e-12,"1","vsr-2"
8.83345789349566e-17,-0.140717894678246,0.006,0.018,1.91694869746749e-12,"1","trkA-1"
9.01934958121638e-17,-1.11406427508055,0.002,0.011,1.95728905261977e-12,"1","ygiD-1"
9.27776375978422e-17,0.170145117409241,0.009,0.023,2.01336751351077e-12,"1","mdtG-5"
9.56694158158833e-17,0.173442715229446,0.012,0.027,2.07612199262048e-12,"1","tyrR-3"
1.01693263124854e-16,0.226783181306188,0.01,0.024,2.20684550307247e-12,"1","efp-5"
1.06606971978992e-16,-0.128685558376031,0.006,0.018,2.3134778989161e-12,"1","nhaA-1"
1.07242192766253e-16,-0.108355309642357,0.006,0.018,2.32726282522045e-12,"1","speD-1"
1.15036627440603e-16,0.376337808924922,0.015,0.031,2.49640985208852e-12,"1","rcsD-1"
1.15339654203866e-16,0.347278909337268,0.017,0.034,2.5029858358781e-12,"1","yfjN-5"
1.1540193112647e-16,-0.179667250218441,0.005,0.017,2.50433730737552e-12,"1","ybjN-5"
1.21804274400213e-16,-0.455957047505738,0.003,0.014,2.64327455875901e-12,"1","yfiB-1"
1.37912371948136e-16,0.370511763559335,0.018,0.035,2.9928363836465e-12,"1","fldA-4"
1.38679772312049e-16,-0.475091040565239,0.004,0.014,3.00948973894378e-12,"1","osmC-3"
1.43720104585864e-16,-1.20413667427355,0.002,0.011,3.11886998961784e-12,"1","mnmA-5"
1.53532235506103e-16,-0.596168160919623,0.003,0.013,3.33180304271794e-12,"1","ydgK-1"
1.67081750596161e-16,0.168464784376915,0.013,0.028,3.62584106968729e-12,"1","hslO-4"
1.72891754111037e-16,0.476391769229137,0.019,0.037,3.75192395596361e-12,"1","secD-3"
1.84259886440043e-16,-0.266079473173186,0.005,0.017,3.99862379563538e-12,"1","murB-2"
1.90111850218812e-16,-0.278947488423424,0.004,0.015,4.12561726159843e-12,"1","yebY-2"
1.90746220033103e-16,-0.141408057824092,0.006,0.018,4.13938372093838e-12,"1","tyrP-1"
1.93153122831386e-16,-0.418726537469856,0.003,0.013,4.19161591856391e-12,"1","mrdA-4"
1.98418908238213e-16,0.637710340748608,0.055,0.085,4.30588872767747e-12,"1","rplC-3"
2.08993510325919e-16,-0.603321464273909,0.003,0.013,4.53536816758276e-12,"1","dcyD-5"
2.28386351418111e-16,-0.992147089606672,0.002,0.011,4.95621221212442e-12,"1","yobA-1"
2.30126436791905e-16,-0.289374219120582,0.005,0.016,4.99397380482112e-12,"1","truD-2"
2.31230683603239e-16,-0.710932586206273,0.003,0.012,5.01793706487389e-12,"1","cysS-4"
2.41233337579505e-16,0.200008106450869,0.011,0.025,5.23500465881285e-12,"1","gpmI-2"
2.43360249172956e-16,-0.240460018294733,0.005,0.017,5.28116076730233e-12,"1","znuC-4"
2.53076719633063e-16,-0.468689477231079,0.003,0.013,5.49201789275709e-12,"1","ycfP-1"
2.69921112728794e-16,-0.397720168795714,0.004,0.015,5.85755806732756e-12,"1","yigI-5"
3.15946270918753e-16,0.309077718930391,0.018,0.035,6.85635002520786e-12,"1","rpsU-3"
3.27571915010458e-16,0.122612512043507,0.01,0.023,7.10863812764196e-12,"1","ruvB-4"
3.44611614310057e-16,-1.31557570046432,0.001,0.01,7.47841664214255e-12,"1","artQ-5"
3.48694875759806e-16,0.11901641159852,0.009,0.023,7.56702749886355e-12,"1","fieF-3"
3.77582766936853e-16,-0.167336323650321,0.006,0.018,8.19392362529664e-12,"1","allR-1"
3.82234213898081e-16,-0.6664430901431,0.003,0.013,8.29486467580225e-12,"1","cydC-4"
3.83026967679148e-16,-0.766745822050991,0.002,0.011,8.31206822560519e-12,"1","artM-5"
3.87946392118302e-16,-0.903818779371904,0.002,0.011,8.41882465535927e-12,"1","mutS-5"
3.96821709507916e-16,-0.350124750366497,0.004,0.015,8.61142791803128e-12,"1","ygiQ-4"
4.47019284068562e-16,0.290469647957787,0.013,0.028,9.70076548357186e-12,"1","ybeB-4"
4.59371272798602e-16,-0.54051015038962,0.003,0.013,9.96881599100246e-12,"1","yccK-3"
4.71682786527061e-16,-0.533289616125375,0.003,0.013,1.02359881504237e-11,"1","bcp-2"
5.18603006481451e-16,0.148061859212075,0.01,0.023,1.1254203843654e-11,"1","atpA-3"
5.22430174889731e-16,-0.36823836318944,0.004,0.014,1.1337257225282e-11,"1","trmA-2"
5.43677031949936e-16,-0.178314304101217,0.005,0.017,1.17983352703456e-11,"1","yecA-3"
5.48358639515366e-16,-0.309492512541704,0.005,0.016,1.1899930836123e-11,"1","ybdR-2"
5.63958449350679e-16,-0.943429911355785,0.003,0.012,1.22384623093591e-11,"1","rfaQ-1"
5.70112556236094e-16,0.101241573524356,0.008,0.02,1.23720125828795e-11,"1","yecP-1"
5.71104869690852e-16,-0.484636792685462,0.003,0.013,1.23935467771612e-11,"1","ddlA-4"
5.76720436840635e-16,-0.787349679375822,0.002,0.011,1.25154101998786e-11,"1","yejH-3"
6.86917104856122e-16,-0.611755413848678,0.002,0.012,1.49067880924827e-11,"1","sgrR-1"
6.90230041172577e-16,-0.553660588704526,0.003,0.012,1.49786821234861e-11,"1","pntB-2"
7.3162019869553e-16,-0.721176845326196,0.002,0.012,1.58768899318917e-11,"1","yzcX-1"
7.96884861218422e-16,-0.335586809014979,0.004,0.015,1.7293198373301e-11,"1","yebT-1"
8.04216263123183e-16,-0.357872883379255,0.004,0.014,1.74522971260362e-11,"1","fdhD-4"
8.23643811846328e-16,-0.600463774895768,0.002,0.011,1.78738943608772e-11,"1","ybhG-1"
8.68196095941656e-16,-0.288616161992396,0.004,0.015,1.88407234780299e-11,"1","dacC-2"
9.17083348117378e-16,-0.742029282749652,0.002,0.011,1.99016257374952e-11,"1","hemG-3"
9.25051651597689e-16,-0.81764231885937,0.003,0.012,2.00745458913214e-11,"1","yfhK-1"
1.00049279559656e-15,-0.216646272232123,0.006,0.017,2.1711694157241e-11,"1","lpxD-4"
1.04485111726123e-15,-0.314072740220611,0.004,0.015,2.2674314095686e-11,"1","arcB-2"
1.11392323396108e-15,-0.647344319171329,0.003,0.012,2.41732481001894e-11,"1","yfiE-1"
1.20388903568218e-15,-0.163261880776295,0.006,0.018,2.61255959633391e-11,"1","prfC-2"
1.23260736091493e-15,-0.434855477751652,0.003,0.013,2.67488123392148e-11,"1","glcC-5"
1.2544775756354e-15,0.18099453941292,0.009,0.022,2.72234178688637e-11,"1","puuR-5"
1.35766055626451e-15,-0.600612311660268,0.004,0.014,2.94625917314961e-11,"1","rtcB-1"
1.3768841603263e-15,-0.419887426025893,0.004,0.013,2.98797631632411e-11,"1","cydA-1"
1.41387932927648e-15,0.561730130354815,0.041,0.065,3.0682595324629e-11,"1","yfjO-5"
1.46741959962037e-15,-1.00399663783055,0.002,0.01,3.18444727313617e-11,"1","ymdC-3"
1.58944085262597e-15,-0.181539936628246,0.005,0.016,3.44924559428362e-11,"1","ymcC-4"
1.81821297907555e-15,-0.321779359840361,0.006,0.017,3.94570398589186e-11,"1","pth-4"
1.8851784126907e-15,-0.469905832833611,0.003,0.013,4.0910256733801e-11,"1","ymgA-2"
1.9625983275974e-15,0.216070274187119,0.01,0.024,4.25903463071912e-11,"1","der-3"
1.97290636351244e-15,-0.695182012200748,0.003,0.012,4.28140409945835e-11,"1","gpsA-1"
2.03558434510644e-15,-0.156238868589441,0.005,0.016,4.41742158731549e-11,"1","ftsA-5"
2.11672800778381e-15,0.213105507324876,0.011,0.025,4.59351144969165e-11,"1","oppD-3"
2.16148241090837e-15,-0.873011353454956,0.002,0.011,4.69063297991224e-11,"1","gcvR-1"
2.33655645220163e-15,-1.03283706514204,0.002,0.01,5.07056115692275e-11,"1","fepB-1"
2.4040744059658e-15,-0.24839123152525,0.004,0.014,5.21708186838637e-11,"1","yfhH-5"
2.41086428441192e-15,-0.976817469051925,0.002,0.011,5.23181658360231e-11,"1","ybeF-4"
2.92090765927672e-15,0.351549546893259,0.015,0.03,6.33866171139641e-11,"1","tolB-4"
3.31959403892322e-15,-0.815392266335715,0.002,0.01,7.20385102386728e-11,"1","nudC-3"
3.33568998290021e-15,-0.313175198374745,0.004,0.014,7.23878083189176e-11,"1","diaA-4"
3.66208987753462e-15,0.325224790652702,0.011,0.025,7.94710124323787e-11,"1","mraZ-2"
3.96678565233055e-15,-0.343877988562233,0.004,0.014,8.60832154412252e-11,"1","yeaK-5"
4.02142945079308e-15,-0.50860484678628,0.003,0.013,8.72690405116607e-11,"1","hemF-4"
5.0114791341284e-15,-0.278661706918328,0.004,0.014,1.0875410868972e-10,"1","yqaA-5"
5.07012499694372e-15,-0.588676543714482,0.004,0.013,1.10026782558676e-10,"1","rsxA-4"
5.37583454410486e-15,-0.829138293551951,0.002,0.011,1.16660985441619e-10,"1","ylaB-4"
5.62192693540543e-15,-0.577020012628021,0.003,0.013,1.22001436425233e-10,"1","insI-1-1"
6.99647322556783e-15,-0.470243353679628,0.003,0.012,1.51830465468047e-10,"1","yieF-3"
8.1800093657019e-15,0.156906762954713,0.007,0.019,1.77514383245097e-10,"1","oxyR-1"
8.52394132790548e-15,-0.2555229532764,0.004,0.014,1.84978050756877e-10,"1","yhcB-1"
1.23668864994996e-14,-0.304423710002687,0.004,0.013,2.6837380392564e-10,"1","asd-1"
1.25233552695485e-14,0.204302026794064,0.009,0.021,2.71769332704472e-10,"1","ihfB-4"
1.30750064626707e-14,-0.61784063076398,0.002,0.011,2.83740715246418e-10,"1","kefG-5"
1.34595630473032e-14,-0.427904274665966,0.003,0.012,2.92085977689528e-10,"1","rnt-3"
1.35613456029734e-14,-0.594006004879579,0.002,0.01,2.94294760930125e-10,"1","yfgD-4"
1.39431112013655e-14,0.146764480912127,0.009,0.021,3.02579456180832e-10,"1","minD-4"
1.9490448107432e-14,-1.03516493612007,0.002,0.01,4.22962214379382e-10,"1","yjcD-5"
2.13702798418652e-14,0.239232923057106,0.01,0.022,4.63756442848316e-10,"1","yjjK-1"
2.19068829789294e-14,0.419008224036937,0.014,0.028,4.75401267525747e-10,"1","parE-4"
2.19777563743218e-14,-0.402450665642446,0.003,0.011,4.76939291079158e-10,"1","yafE-1"
2.23393152891651e-14,-0.26808637023758,0.004,0.014,4.84785481090171e-10,"1","moeA-3"
2.73526232234672e-14,0.478965661900632,0.016,0.03,5.93579276572461e-10,"1","tktA-4"
2.84184794670766e-14,-0.566248317457086,0.006,0.017,6.16709422915029e-10,"1","tufA-5"
2.97465411883494e-14,-0.675422461534974,0.002,0.01,6.4552969032837e-10,"1","znuB-6"
3.01365966035248e-14,-0.550193942721952,0.002,0.01,6.53994282893092e-10,"1","carB-4"
3.04821254608281e-14,-0.355274703394059,0.004,0.014,6.6149260462543e-10,"1","hpt-3"
3.2710975865745e-14,0.149338812902463,0.008,0.02,7.09860887262532e-10,"1","luxS-1"
3.34891162847073e-14,-0.234395271643348,0.005,0.014,7.26747312494434e-10,"1","ftsB-4"
3.52113600995019e-14,0.57446098093603,0.025,0.044,7.64121725519291e-10,"1","secY-2"
3.63208539577275e-14,-0.321252901702853,0.005,0.014,7.88198851736644e-10,"1","frsA-1"
3.71100269498937e-14,-0.292128835347337,0.004,0.014,8.05324694839642e-10,"1","rsmC-4"
4.06222477788875e-14,-0.488359194896495,0.003,0.012,8.81543399049639e-10,"1","iap-1"
4.14369577367639e-14,-0.514875839853123,0.003,0.011,8.99223419845514e-10,"1","yhjY-4"
4.21385066317538e-14,0.126664581733476,0.006,0.016,9.1444773241569e-10,"1","yjhU-1"
4.41118840690005e-14,-0.523157252851125,0.003,0.012,9.57271996181379e-10,"1","yeiP-5"
4.68219677442448e-14,0.241082326494936,0.009,0.02,1.01608352201786e-09,"1","ycaO-3"
5.52555091155616e-14,0.431129294075871,0.016,0.031,1.1990998033168e-09,"1","relB-2"
5.93108558525033e-14,0.13724946821807,0.009,0.021,1.28710488285517e-09,"1","evgA-4"
6.07453878529523e-14,-0.191962569487464,0.005,0.015,1.31823566179692e-09,"1","ydbA-12"
6.32390918670165e-14,-0.405530080042188,0.002,0.011,1.37235153260612e-09,"1","sfsA-4"
7.17563862739676e-14,0.286530408814421,0.012,0.025,1.55718533853137e-09,"1","pncB-4"
7.45710440159913e-14,-0.950010724969441,0.002,0.01,1.61826622619103e-09,"1","sstT-1"
7.78200782733708e-14,-0.516957739597944,0.003,0.012,1.68877351861042e-09,"1","yafO-4"
7.82115014709798e-14,-0.376038015086984,0.003,0.012,1.69726779342173e-09,"1","cdd-4"
7.98247272131365e-14,-0.711397508076168,0.002,0.01,1.73227640525228e-09,"1","yhhF-1"
8.68286402972145e-14,-0.276715358218427,0.004,0.012,1.88426832308985e-09,"1","insK-5"
9.29897806063503e-14,-0.194440947145339,0.004,0.013,2.01797122893841e-09,"1","cirA-1"
9.44808235887849e-14,-0.47567005628688,0.003,0.011,2.05032835270022e-09,"1","evgS-4"
9.79103893354694e-14,-0.33714897910709,0.003,0.012,2.12475335896902e-09,"1","narX-5"
1.03209653730393e-13,-0.265433551300952,0.005,0.015,2.23975269560326e-09,"1","rpsQ-3"
1.3266108524694e-13,-0.460846301590814,0.004,0.012,2.87887821094384e-09,"1","yjgF-1"
1.473144084853e-13,0.309131902639414,0.011,0.023,3.19686997853949e-09,"1","puuB-5"
1.51231510439298e-13,0.649552765352885,0.057,0.084,3.28187500804321e-09,"1","rplD-2"
1.58623766813296e-13,0.714195398580076,0.094,0.133,3.44229436361534e-09,"1","rplF-3"
1.64712517288296e-13,-0.319970511882254,0.004,0.012,3.57442633767332e-09,"1","ygdQ-1"
1.71859061006235e-13,0.350235669621558,0.012,0.025,3.72951348289631e-09,"1","ybgF-2"
1.87182525302809e-13,-0.400448838214082,0.003,0.012,4.06204798159625e-09,"1","panE-3"
1.8796522562864e-13,-0.340421570674264,0.003,0.012,4.07903336136712e-09,"1","pabC-4"
1.91723149791711e-13,-0.221851828916042,0.004,0.013,4.16058407362993e-09,"1","elbB-4"
2.03521378686298e-13,-0.25057746547251,0.004,0.014,4.41661743887135e-09,"1","lolC-3"
2.08195581806105e-13,0.116175638561263,0.007,0.017,4.51805232077428e-09,"1","rfaF-1"
2.10362802789417e-13,0.224035261694518,0.008,0.019,4.56508318333315e-09,"1","yccW-5"
2.12527708590405e-13,0.302500445747351,0.008,0.019,4.61206380412037e-09,"1","ispB-5"
2.20295654399556e-13,0.31905627947363,0.009,0.021,4.78063599612477e-09,"1","mrdB-1"
2.58802702422988e-13,-0.410411956193256,0.003,0.011,5.61627744528127e-09,"1","syd-5"
2.58854314269108e-13,0.2004019879042,0.009,0.021,5.61739747395391e-09,"1","kdsC-4"
2.75036581256585e-13,-0.779249533105322,0.002,0.01,5.96856884984915e-09,"1","yfjG-2"
2.89822784800611e-13,-0.402229916101825,0.003,0.012,6.28944425295807e-09,"1","yebU-2"
3.06676586794346e-13,0.295138164747116,0.012,0.025,6.6551886100241e-09,"1","yejM-5"
3.14808192938233e-13,-0.202295750400949,0.005,0.014,6.8316525949526e-09,"1","ubiB-1"
3.19444962219428e-13,-0.37275861151035,0.003,0.012,6.9322751251238e-09,"1","plsC-5"
3.20362282917e-13,0.631815499332044,0.13,0.181,6.95218190158182e-09,"1","rplE-3"
3.36647386364389e-13,-0.146809539454078,0.005,0.014,7.3055849314936e-09,"1","ydhK-4"
3.545898041195e-13,0.12506924973007,0.011,0.024,7.69495333919726e-09,"1","mdtJ-2"
3.85377543386375e-13,-0.221253915239787,0.004,0.012,8.36307806902773e-09,"1","helD-1"
4.02570643217071e-13,-0.461543895447564,0.003,0.011,8.73618552845365e-09,"1","rumA-4"
5.44925416104982e-13,0.261222453431205,0.01,0.021,1.18254264548942e-08,"1","zwf-1"
5.51359653046725e-13,0.325471528840646,0.008,0.019,1.1965055830767e-08,"1","lepB-2"
5.96094313242322e-13,0.23718198259812,0.01,0.022,1.29358426916716e-08,"1","purU-5"
6.0585061062489e-13,0.176331854505109,0.008,0.019,1.31475641011707e-08,"1","speE-4"
6.25828075044971e-13,-0.205382781668247,0.004,0.012,1.35810950565509e-08,"1","pgsA-1"
6.27284864545024e-13,-0.283446234195044,0.003,0.011,1.36127088454916e-08,"1","potF-1"
6.86754542433735e-13,0.135378210315326,0.009,0.02,1.49032603253545e-08,"1","nhaR-1"
8.10196781606848e-13,-0.142305067872797,0.004,0.012,1.75820803576502e-08,"1","glnE-2"
8.78724659705999e-13,-0.557664172795356,0.002,0.01,1.90692038402799e-08,"1","yeiB-3"
9.03795837326579e-13,-0.607817468609162,0.002,0.01,1.96132734658241e-08,"1","yhcM-3"
9.59284686371068e-13,-0.418293567148236,0.003,0.011,2.08174369789385e-08,"1","thiC-1"
9.64482480057399e-13,0.200471495373724,0.009,0.02,2.09302342997256e-08,"1","rep-3"
9.82570961575944e-13,-0.660756345576348,0.002,0.01,2.13227724371596e-08,"1","dcp-5"
1.15621592622613e-12,0.55395136335355,0.018,0.033,2.50910418150333e-08,"1","rluB-4"
1.18862529772406e-12,-0.386772919777887,0.003,0.01,2.57943575859097e-08,"1","fadD-3"
1.19724565770592e-12,-0.367539922882499,0.003,0.011,2.59814280178761e-08,"1","dacD-3"
1.29868947237733e-12,0.236870636644834,0.01,0.021,2.81828602400604e-08,"1","ribD-4"
1.33525451747035e-12,-0.450004505850464,0.003,0.011,2.8976358283624e-08,"1","yfbB-1"
1.49952495571943e-12,-0.326126802739165,0.003,0.011,3.25411910640673e-08,"1","ycfL-1"
1.62149804863938e-12,0.225062851255264,0.008,0.019,3.51881291535233e-08,"1","dacB-2"
1.86102676346276e-12,-0.114283949475508,0.004,0.013,4.03861417939053e-08,"1","raiA-1"
2.16542854736355e-12,-0.237697269952688,0.004,0.012,4.69919649063365e-08,"1","glgB-5"
2.26693409033181e-12,-0.695409897577609,0.003,0.01,4.91947366942906e-08,"1","recB-1"
2.46668156491941e-12,-0.123375311276732,0.004,0.012,5.35294566403161e-08,"1","xerC-5"
2.81821812631823e-12,0.604133774368541,0.047,0.07,6.11581515592318e-08,"1","rpmG-2"
2.84998313895712e-12,-0.101706047446782,0.005,0.013,6.18474840985085e-08,"1","mdlB-2"
3.05081800287387e-12,0.165339233243124,0.007,0.016,6.62058014803658e-08,"1","yfbU-3"
3.11467296105859e-12,-0.744570147650183,0.002,0.01,6.75915179279324e-08,"1","secF-1"
3.15400673954026e-12,-0.206770204472259,0.004,0.012,6.84451002547632e-08,"1","smpB-1"
3.2419940217561e-12,0.504738196061931,0.015,0.028,7.0354512266129e-08,"1","serS-1"
3.27400195197722e-12,0.305610983547579,0.012,0.024,7.10491163598575e-08,"1","ymjA-2"
3.48144148348191e-12,0.178312247482881,0.007,0.017,7.55507616330409e-08,"1","ruvA-1"
3.52523507251739e-12,-0.284543422945044,0.004,0.013,7.65011263087e-08,"1","trg-1"
4.29155582225283e-12,-0.29716743861666,0.004,0.012,9.31310528987086e-08,"1","ppk-3"
4.30567344778854e-12,0.572028948564896,0.025,0.041,9.34374194904591e-08,"1","cdsA-1"
4.62819780183581e-12,0.282676825863013,0.009,0.02,1.00436520497639e-07,"1","yrdD-1"
4.91011860121483e-12,-0.22812321979087,0.004,0.012,1.06554483764963e-07,"1","argT-5"
4.96716849054826e-12,-0.301904752638972,0.003,0.01,1.07792523413388e-07,"1","uspB-5"
4.96825866497255e-12,-0.35274727086251,0.003,0.01,1.07816181288569e-07,"1","nadR-2"
5.52994184350935e-12,-0.434921718527979,0.003,0.01,1.20005267945996e-07,"1","yceA-5"
5.5662455696718e-12,0.16310640703689,0.008,0.018,1.20793095107448e-07,"1","atpH-5"
5.79121586684672e-12,0.129581811279647,0.008,0.019,1.25675175526441e-07,"1","relE-5"
6.00599501139489e-12,0.447374064904723,0.012,0.024,1.3033609774228e-07,"1","rlmL-3"
6.04803610423187e-12,-0.350527155349141,0.003,0.011,1.31248431497936e-07,"1","lysP-1"
6.97746635914973e-12,0.173485814042343,0.006,0.015,1.51417997459908e-07,"1","tatC-3"
6.99211248809697e-12,0.109816577402742,0.006,0.015,1.51735833104192e-07,"1","cydD-2"
7.64240827216082e-12,0.126660891153302,0.006,0.015,1.65847901914162e-07,"1","nadC-1"
7.9209750425767e-12,0.595288326890217,0.029,0.046,1.71893079398957e-07,"1","ygiT-1"
9.0084557414383e-12,0.186599382903328,0.006,0.015,1.95492498044953e-07,"1","ubiG-1"
1.00879768096733e-11,0.187831893733353,0.006,0.015,2.18919184746719e-07,"1","fruA-4"
1.02326040037678e-11,-0.191046468713732,0.003,0.011,2.22057739485765e-07,"1","yfcY-1"
1.18224610594099e-11,-0.124561929127119,0.004,0.011,2.56559227450254e-07,"1","btuB-2"
1.56279617451222e-11,0.57023475292076,0.02,0.035,3.39142397830898e-07,"1","rpsH-3"
1.57412931949797e-11,-0.155100565581717,0.004,0.012,3.41601803624254e-07,"1","rfbB-2"
1.61536708587044e-11,-0.281766863099044,0.003,0.01,3.50550811304744e-07,"1","yciC-4"
1.64485780228577e-11,0.217147774178506,0.01,0.02,3.56950591674036e-07,"1","kbl-2"
1.96098730478602e-11,-0.10354096257228,0.005,0.013,4.25553855011615e-07,"1","yedI-2"
2.03702921581611e-11,-0.244586875114783,0.003,0.01,4.42055710124253e-07,"1","exoX-3"
2.03864195897515e-11,0.200312933285932,0.008,0.018,4.42405691517197e-07,"1","intF-5"
2.09299655182952e-11,0.158874670138828,0.004,0.013,4.54201181712523e-07,"1","hrpB-3"
2.33156331015222e-11,0.268093622913453,0.007,0.017,5.05972553936133e-07,"1","puuP-5"
2.67125466242153e-11,0.246881735657005,0.008,0.018,5.79688974292097e-07,"1","yiiU-4"
2.76655918650957e-11,-0.219316290325571,0.005,0.014,6.00371009064443e-07,"1","yceD-2"
2.79742363249118e-11,0.196032525939765,0.006,0.015,6.0706890248691e-07,"1","yjeP-4"
3.13199096970134e-11,-0.159167977479859,0.003,0.01,6.79673360334887e-07,"1","yfjL-1"
3.58681219592437e-11,-0.360516289910474,0.004,0.011,7.78374114637547e-07,"1","ybbN-3"
4.19309741930528e-11,0.112775020483918,0.004,0.011,9.09944070963438e-07,"1","yggS-5"
4.85769811087096e-11,-0.316454187199263,0.003,0.01,1.05416906704011e-06,"1","yejO-5"
5.3382175708674e-11,-0.314936750475289,0.003,0.01,1.15844659505393e-06,"1","fumA-4"
5.60246289283241e-11,-0.248980963981479,0.003,0.01,1.21579047237356e-06,"1","visC-5"
5.90530972532851e-11,0.115002960112182,0.005,0.013,1.28151126349354e-06,"1","ydiY-1"
6.06165138347946e-11,0.425260390077263,0.013,0.025,1.31543896672888e-06,"1","ygjN-4"
6.23029912124569e-11,0.704528621349683,0.073,0.101,1.35203721230153e-06,"1","cspA-3"
7.33950726503568e-11,0.655667462479374,0.043,0.063,1.59274647158539e-06,"1","rpsD-1"
9.93833492422065e-11,0.105658615936118,0.005,0.013,2.15671806190512e-06,"1","yccF-3"
1.01825139492414e-10,-0.288265193827624,0.003,0.01,2.20970735212487e-06,"1","hybC-2"
1.13633988150307e-10,0.282516588872057,0.006,0.015,2.4659711768498e-06,"1","yfjD-4"
1.17834614371765e-10,0.285961820118353,0.006,0.014,2.55712896648168e-06,"1","ycdY-3"
1.46809303113892e-10,0.260462615487275,0.007,0.016,3.18590868687457e-06,"1","ybjX-3"
1.6642272212569e-10,-0.156275239393877,0.003,0.01,3.61153949284959e-06,"1","clcA-5"
1.77060906205405e-10,0.378223125803157,0.008,0.017,3.84239872556349e-06,"1","ytjC-3"
1.91579843071566e-10,-0.150901101290235,0.003,0.01,4.15747417449605e-06,"1","purL-2"
2.16061690793271e-10,-0.10922071772398,0.003,0.01,4.68875475190477e-06,"1","yfhM-4"
2.54796909844205e-10,0.366470515942902,0.007,0.016,5.52934774052909e-06,"1","yceG-2"
2.91456849838607e-10,0.218867130491574,0.007,0.015,6.32490509834762e-06,"1","nuoB-1"
3.22700136336456e-10,-0.198364732966317,0.003,0.01,7.00291565863743e-06,"1","erfK-3"
3.67487008827942e-10,-0.303242565238455,0.004,0.011,7.97483557857517e-06,"1","sufS-2"
4.66371446070359e-10,0.196262328308143,0.005,0.013,1.01207267511729e-05,"1","eptB-2"
5.64716151751206e-10,0.341203133713474,0.007,0.015,1.22549052091529e-05,"1","ydcP-3"
7.44578513223831e-10,0.165034064244694,0.008,0.017,1.61580983154704e-05,"1","accB-2"
8.1632011432644e-10,0.348976751435315,0.01,0.02,1.77149628009981e-05,"1","ygdK-3"
8.60461710899444e-10,-0.166314589498048,0.003,0.01,1.86728795882288e-05,"1","htrL-1"
8.86406818585503e-10,0.428193089278947,0.007,0.016,1.9235914370124e-05,"1","rbsK-3"
9.43979746402754e-10,0.453523182531839,0.012,0.022,2.04853044766862e-05,"1","yhbC-5"
9.77623715898163e-10,0.127632552626241,0.003,0.01,2.1215412258706e-05,"1","glyS-3"
1.25929162479592e-09,-0.155261711920857,0.004,0.01,2.73278875496963e-05,"1","ssb-1"
1.30816197703287e-09,0.243903807685929,0.008,0.016,2.83884230635903e-05,"1","yfeA-5"
1.31711868721122e-09,0.186565218259801,0.006,0.014,2.85827926311706e-05,"1","trmI-4"
1.48601715761522e-09,0.229345162641753,0.006,0.014,3.2248058337408e-05,"1","yhdA-3"
1.57990621471559e-09,0.359532185861332,0.009,0.018,3.4285544765543e-05,"1","spr-5"
1.5927824194512e-09,0.385790648085901,0.009,0.017,3.45649712845105e-05,"1","yhdL-5"
2.17680995531197e-09,0.342107629266732,0.007,0.014,4.72389528402251e-05,"1","tehB-5"
2.23334622572415e-09,0.21256247023808,0.004,0.01,4.84658464444398e-05,"1","mnmC-1"
2.47416970788681e-09,0.485851586190824,0.01,0.019,5.36919568308516e-05,"1","cpxR-4"
2.76542750123503e-09,0.192695123939103,0.006,0.013,6.00125422043014e-05,"1","mdlA-2"
2.83441992085805e-09,0.178085174687137,0.005,0.012,6.15097467025406e-05,"1","mukE-3"
3.09608084384732e-09,0.741446549512332,0.102,0.136,6.71880503923307e-05,"1","fis-1"
3.23937306634798e-09,0.44326275930902,0.008,0.016,7.02976349128176e-05,"1","ftsI-2"
3.62258898885557e-09,0.141236075629238,0.004,0.011,7.86138036471546e-05,"1","kefB-4"
3.68712508322512e-09,0.297095543974021,0.006,0.014,8.00143014310683e-05,"1","argR-1"
4.37091485742954e-09,0.118780071809986,0.004,0.011,9.48532233210785e-05,"1","cobB-1"
4.84433040859932e-09,0.214947855570673,0.004,0.011,0.000105126814197014,"1","yheU-4"
5.52664883845306e-09,0.773076108452447,0.114,0.152,0.00011993380644327,"1","rpsK-2"
5.6047977408135e-09,0.591413751773522,0.017,0.028,0.000121629715773394,"1","oppB-4"
7.39417411504304e-09,0.390823954596083,0.009,0.017,0.000160460972470549,"1","pfkA-2"
7.55366623312047e-09,0.2240280182617,0.004,0.01,0.000163922110924947,"1","yniB-5"
7.58184569416429e-09,0.352603175254427,0.006,0.013,0.000164533633409059,"1","yjeE-2"
7.96825361059966e-09,0.226527801235713,0.008,0.016,0.000172919071603623,"1","rffD-5"
8.349357134275e-09,0.602247085493411,0.017,0.028,0.000181189399170902,"1","yfiR-3"
1.02585812612695e-08,0.392125036318707,0.011,0.021,0.00022262147195081,"1","infC-3"
1.42934212233087e-08,0.361842345794837,0.006,0.013,0.000310181533967021,"1","ydhA-4"
1.65899881837753e-08,0.199855890538574,0.004,0.011,0.000360019333576107,"1","sbmA-3"
1.78534367952678e-08,0.391349234472355,0.005,0.011,0.000387437431894108,"1","glmS-1"
1.88203240610808e-08,0.502595491929866,0.007,0.015,0.000408419852449515,"1","yabP-5"
2.17068201487926e-08,0.111700149922439,0.005,0.012,0.000471059704048948,"1","rplU-2"
2.57940468690732e-08,0.231816011547806,0.005,0.011,0.000559756611105757,"1","hpf-2"
2.86748669766879e-08,0.351165143308181,0.006,0.014,0.000622273288261104,"1","yrfG-3"
2.89964906862977e-08,0.378818136307616,0.009,0.016,0.000629252844383346,"1","lolA-2"
2.98835738646067e-08,0.304135703890949,0.004,0.01,0.00064850343643583,"1","rna-4"
3.90900839941998e-08,0.533762095852836,0.017,0.027,0.000848293912758129,"1","rplW-1"
4.22389945104819e-08,0.485747040487831,0.01,0.018,0.000916628419871967,"1","sufC-5"
5.05350516913749e-08,0.149809839946745,0.004,0.01,0.00109666115675453,"1","ygiB-3"
5.08855665507566e-08,0.381448086735118,0.004,0.01,0.00110426767971797,"1","yibQ-1"
5.18953661926831e-08,0.153968647024248,0.004,0.01,0.00112618134174742,"1","yciT-1"
5.92637905849387e-08,0.369214158101632,0.006,0.013,0.00128608351948375,"1","modA-5"
6.09948266689058e-08,0.334317747170156,0.008,0.015,0.00132364873354193,"1","galF-4"
8.02646801577697e-08,0.207878009209725,0.004,0.01,0.00174182382410376,"1","ispF-2"
1.03402585047189e-07,0.183456090775484,0.005,0.011,0.00224393949810906,"1","rof-3"
1.37429109986821e-07,0.354472532339569,0.005,0.011,0.002982349115824,"1","ygbI-5"
1.73297140415943e-07,0.337170683922284,0.004,0.01,0.00376072124416637,"1","alkB-2"
2.10163689077622e-07,0.293962598221535,0.004,0.01,0.00456076221667347,"1","gmhB-5"
2.24948698247972e-07,0.346614022580889,0.006,0.013,0.00488161170067923,"1","proY-5"
2.73594003421636e-07,0.153061727977574,0.004,0.01,0.00593726346825293,"1","ndk-5"
2.8139489468108e-07,0.248474945834859,0.005,0.01,0.00610655060947411,"1","ybhK-3"
3.17328734488428e-07,0.434290046928766,0.006,0.012,0.00688635086713338,"1","rlpB-2"
3.34898647210972e-07,0.234870785246577,0.004,0.01,0.0072676355431253,"1","ygfI-3"
3.57662626020896e-07,0.448652505858103,0.007,0.014,0.00776163664727947,"1","tonB-2"
3.66570284414007e-07,0.25805216935878,0.004,0.01,0.00795494174206836,"1","ypfG-3"
3.87624489249377e-07,0.784440113519152,0.054,0.072,0.00841183904120074,"1","truB-2"
4.89623376425197e-07,0.35173979768652,0.004,0.01,0.0106253168918032,"1","sseA-1"
5.07805023359248e-07,0.542420304432358,0.011,0.019,0.011019876811919,"1","yrfF-4"
5.85522580784697e-07,0.196552226030141,0.004,0.01,0.0127064255256087,"1","oppC-5"
6.50685587451847e-07,0.717981234578843,0.014,0.023,0.0141205279332925,"1","mipA-1"
9.35816861224092e-07,0.569817047277433,0.007,0.013,0.020308161705424,"1","recO-3"
9.62385104517142e-07,0.474013540809195,0.005,0.011,0.0208847191531265,"1","ygfZ-3"
1.23974092242017e-06,0.72244693319891,0.16,0.209,0.02690361775744,"1","cspG-3"
1.32079672182986e-06,0.521332123406568,0.006,0.012,0.0286626096604297,"1","yfdH-4"
1.44953991528823e-06,0.47815510221541,0.008,0.014,0.0314564657016699,"1","yoeB-6"
1.87140711460214e-06,0.491184313709243,0.005,0.01,0.0406114057939811,"1","argF-3"
1.96072143724113e-06,0.710118453472855,0.02,0.03,0.0425496159095698,"1","greA-4"
2.1181060584816e-06,0.723556974579881,0.022,0.032,0.0459650195751093,"1","glnH-5"
2.35015767402661e-06,0.703717673565307,0.011,0.018,0.0510007716840515,"1","yeeF-3"
2.94779598587151e-06,0.418779668576578,0.006,0.012,0.0639701206893975,"1","fabR-3"
3.90664902499519e-06,0.379172545386129,0.007,0.013,0.0847781904914205,"1","yhhX-1"
4.06729689519258e-06,0.655498666891353,0.007,0.013,0.0882644099225741,"1","arsB-2"
6.52815447574979e-06,0.811731527533255,0.092,0.118,0.141667480278246,"1","rplX-1"
6.6252962204147e-06,0.330996897001888,0.005,0.01,0.143775553279219,"1","ycgF-5"
8.4065213616707e-06,0.708276090358087,0.013,0.02,0.182429920069616,"1","rem-3"
9.90928503136103e-06,0.423582365779129,0.006,0.011,0.215041394465566,"1","pspE-5"
1.02363964170433e-05,0.547977771682915,0.006,0.012,0.222140038646258,"1","murA-1"
1.0544364571221e-05,0.347968119651471,0.006,0.011,0.228823255560067,"1","hupA-1"
1.37816452685594e-05,0.468017717655791,0.006,0.011,0.299075483973007,"1","thiF-1"
1.94852119886835e-05,0.572935238978015,0.007,0.012,0.42284858536642,"1","mukF-1"
1.99159955864947e-05,0.595272106286466,0.006,0.012,0.432197020222522,"1","ycbJ-2"
2.40248622825771e-05,0.643556178125097,0.009,0.015,0.521363536394205,"1","pphA-5"
2.42035964964379e-05,0.640734133563513,0.008,0.013,0.525242247569198,"1","ptrA-5"
2.64077713307736e-05,0.777101071151451,0.052,0.066,0.573075045649118,"1","oppA-3"
3.05895145060269e-05,0.832685555074197,0.014,0.021,0.66382305429529,"1","yqaB-3"
3.84127680332848e-05,0.668697422698318,0.007,0.012,0.833595479090314,"1","bfd-2"
0.000172250879465332,0.665079682550316,0.017,0.023,1,"1","ymcE-3"
0.000186236454978168,0.550730160042563,0.006,0.01,1,"1","yjgA-3"
0.000370633022445386,0.5644627868116,0.008,0.013,1,"1","rpsC-2"
0.000593089723234447,0.839378642782071,0.007,0.011,1,"1","ribA-4"
0.000593851723723188,0.850686477016272,0.008,0.013,1,"1","rpsR-4"
0.00101478775072783,0.589928099555652,0.006,0.01,1,"1","tppB-1"
0.00224170540411177,0.823758624604158,0.026,0.033,1,"1","ompA-4"
0.0044130684379036,0.884584270850804,0.024,0.03,1,"1","rpoS-1"
0.004464954933864,0.679720800568154,0.235,0.305,1,"1","nlpI-3"
0.00572219177856949,0.79760683503911,0.01,0.013,1,"1","rnpA-2"
0.00625601433394012,1.27312051675248,0.031,0.027,1,"1","rplJ-2"
2.19348630464145e-196,-1.50402259458219,0.044,0.195,4.76008462970242e-192,"2","groL-5"
2.01418766638866e-166,2.9205530707099,0.086,0.024,4.37098865483002e-162,"2","rplV-5"
1.03861991068462e-160,-4.11206976232414,0.004,0.104,2.25390906817669e-156,"2","fimI-4"
9.37803251021369e-102,-7.3508985287303,0,0.062,2.03512683504147e-97,"2","fimA-4"
8.52585717381537e-92,-0.782303246197922,0.056,0.151,1.85019626528967e-87,"2","dnaK-4"
2.65833550338645e-90,-0.84836763657286,0.036,0.12,5.76885387589894e-86,"2","pgk-1"
5.48634467521603e-89,-1.20478090410827,0.023,0.097,1.19059165796863e-84,"2","pykF-2"
7.05113127865231e-88,-0.417600787718103,0.086,0.195,1.53016599878034e-83,"2","bipA-2"
1.11117622282383e-87,-3.66540224855996,0.003,0.059,2.41136352114999e-83,"2","aroF-1"
5.51763406866849e-86,-0.92637058565766,0.039,0.121,1.19738176924175e-81,"2","ibpA-2"
1.44492370990733e-84,-1.99848259634624,0.011,0.073,3.13562894286991e-80,"2","yfiD-3"
1.40610589455442e-83,-2.77335078189558,0.005,0.061,3.05139040177255e-79,"2","icdC-3"
4.81879661837003e-77,-0.486139149401478,0.06,0.147,1.04572705415248e-72,"2","katG-5"
6.05212417368077e-75,-0.320162946033113,0.094,0.197,1.31337146693046e-70,"2","prfA-1"
2.43317583046802e-72,-16.1856229289244,0,0.044,5.28023486969865e-68,"2","fimC-5"
3.3282001173133e-72,-3.10170030890335,0.003,0.051,7.2225270745816e-68,"2","copA-2"
4.25097018095101e-72,-2.01290296733413,0.008,0.06,9.22503038968179e-68,"2","azoR-3"
9.42620134413133e-71,-0.266894958594363,0.126,0.239,2.04557995368994e-66,"2","purA-5"
3.02554741726564e-67,-0.471968298843957,0.056,0.135,6.56574045020817e-63,"2","gapA-3"
4.76543016980661e-64,-1.18871357602167,0.016,0.069,1.03414600114973e-59,"2","arcA-2"
8.1636820731456e-64,-1.00181358087666,0.021,0.077,1.77160064669333e-59,"2","clpA-3"
1.62014721503103e-61,-2.4568946674197,0.005,0.048,3.51588147133885e-57,"2","fxsA-1"
7.31333776086212e-61,-0.7326392007977,0.036,0.098,1.58706742748469e-56,"2","clpB-5"
1.53120248431117e-60,-0.48587454849966,0.04,0.105,3.32286251120368e-56,"2","ihfA-5"
2.22868763212978e-59,-1.53469101591568,0.01,0.056,4.83647503048483e-55,"2","gltA-4"
2.72561783215292e-57,-1.91921631077066,0.007,0.05,5.91486325755505e-53,"2","htpG-2"
1.48041799260451e-56,1.58207855097222,0.156,0.103,3.21265508575106e-52,"2","ygiS-3"
6.11701007691488e-56,-0.776381130202393,0.024,0.076,1.3274523567913e-51,"2","rhlB-2"
2.64936623519819e-55,-2.25277134654716,0.005,0.044,5.7493896670036e-51,"2","nagC-2"
1.25532824398827e-54,-0.60336494639661,0.029,0.084,2.72418782227895e-50,"2","gcd-2"
2.79261773215839e-54,-1.26241104237348,0.012,0.055,6.06025974055692e-50,"2","nagA-1"
1.91583877044878e-52,-1.50847622010977,0.01,0.051,4.15756171575089e-48,"2","pflB-3"
1.6700648382187e-51,-0.164028397658783,0.104,0.191,3.6242077054184e-47,"2","rho-3"
4.29946294861138e-51,-0.50311198479936,0.03,0.083,9.33026454478155e-47,"2","uvrA-4"
3.53305361112052e-50,-1.13892927803894,0.014,0.056,7.66707964149263e-46,"2","pdxH-2"
2.46715343242312e-49,-0.218387851919126,0.061,0.127,5.3539696637014e-45,"2","acpP-1"
2.8700335203124e-49,-0.696211513465473,0.024,0.072,6.22825974242993e-45,"2","sodB-5"
3.35695114238334e-48,-0.57842186653758,0.027,0.076,7.28491967408609e-44,"2","valS-4"
1.86930244546313e-47,-1.58681323157715,0.007,0.043,4.05657323689955e-43,"2","ygaP-2"
7.52629135906619e-47,-0.830908662999797,0.017,0.059,1.63328048783095e-42,"2","aceA-5"
1.00394900458361e-46,-1.07840547161798,0.013,0.053,2.17866973484689e-42,"2","speA-4"
6.61931778939924e-46,-0.457466681772615,0.043,0.098,1.43645815347753e-41,"2","hslV-1"
1.89495672014843e-45,-0.374513398567932,0.033,0.083,4.11224557839411e-41,"2","pcnB-3"
1.62590251698323e-44,-0.797461870522841,0.018,0.059,3.52837105210531e-40,"2","cysB-5"
2.96091256189129e-44,-1.06740683546243,0.014,0.052,6.4254763505603e-40,"2","mdoG-4"
5.59460778928979e-44,-2.07762331296416,0.005,0.036,1.21408583635378e-39,"2","ycjX-2"
6.23164941775897e-44,-0.122662243960665,0.152,0.248,1.35233024014787e-39,"2","ftsH-2"
1.3715026549516e-43,-3.09295227176475,0.001,0.029,2.97629791151046e-39,"2","fabB-5"
3.89149565215415e-43,-0.404014804821617,0.048,0.103,8.44493471473972e-39,"2","dnaJ-2"
1.27705507579316e-42,-1.87186469667606,0.005,0.037,2.77133721997874e-38,"2","hepA-1"
1.37930684583718e-42,-1.11740815213996,0.012,0.048,2.99323378615127e-38,"2","nagB-3"
5.06518995618874e-42,-1.27847609038449,0.009,0.042,1.09919687239252e-37,"2","acnA-3"
1.56157335892487e-41,-0.519540243663614,0.029,0.074,3.38877034620285e-37,"2","talB-5"
3.04965193168029e-41,-1.85891814653837,0.006,0.036,6.6180496569394e-37,"2","ldhA-5"
3.12647732172482e-41,-2.83191518352715,0.002,0.03,6.78476843587504e-37,"2","yeaR-5"
3.97533680330961e-40,-0.539445952730655,0.023,0.064,8.62687839686218e-36,"2","trxC-5"
4.55714342272068e-40,-0.969424660855775,0.012,0.047,9.88945694164615e-36,"2","sdhC-5"
8.10559374498028e-40,-0.287627395582736,0.038,0.086,1.75899489859817e-35,"2","yhhW-1"
1.21395359571998e-39,-0.263046824525221,0.052,0.107,2.63440069807193e-35,"2","ybeX-4"
1.3187120792514e-39,-0.242421633125622,0.065,0.124,2.86173708318347e-35,"2","clpX-4"
2.16585536050594e-39,-1.75312461796539,0.006,0.035,4.70012271783394e-35,"2","prlC-1"
1.03697052936167e-38,-6.71414311077937,0,0.024,2.25032974576777e-34,"2","tyrA-4"
4.93289176471636e-38,-1.96745596886701,0.005,0.033,1.0704868418611e-33,"2","gnd-1"
1.40987942830321e-37,-0.221261542823619,0.038,0.084,3.0595793473608e-33,"2","fabF-3"
9.74326439552167e-37,-0.170032218810237,0.066,0.123,2.11438580647216e-32,"2","insL-3-4"
3.92474521274849e-36,-1.39204376318383,0.007,0.035,8.5170895861855e-32,"2","gltB-3"
8.03180943207065e-36,-0.747909929996153,0.013,0.046,1.74298296485365e-31,"2","hemH-3"
1.02808999934857e-35,-0.393032799697393,0.033,0.075,2.23105810758632e-31,"2","clpP-3"
1.65832812010694e-35,-1.17759348260893,0.009,0.039,3.59873785344406e-31,"2","yhdN-3"
2.04364211791038e-35,-1.52892504740965,0.006,0.032,4.43490776007731e-31,"2","adhE-2"
2.37099154373494e-35,-1.15366376447231,0.009,0.038,5.14528874905918e-31,"2","cyaA-4"
1.48720369296838e-34,-1.07563461167739,0.01,0.039,3.22738073411069e-30,"2","glnS-5"
1.54529258925032e-34,-0.358928911964876,0.027,0.066,3.35343944793212e-30,"2","pta-5"
5.08614415415835e-34,-2.10127538137871,0.003,0.026,1.1037441428939e-29,"2","yoaG-2"
1.36366546748912e-33,-1.49832775232915,0.004,0.029,2.95929043099813e-29,"2","bssR-3"
1.71998416754951e-33,-1.72318712547688,0.005,0.029,3.7325376419992e-29,"2","lolD-3"
1.96237417170753e-31,-0.443965323763853,0.022,0.055,4.25854819002251e-27,"2","ycbZ-5"
4.66768829280151e-31,-0.216784112318893,0.043,0.085,1.01293503642086e-26,"2","ptsI-1"
5.5898389927813e-31,-0.690616727476504,0.014,0.043,1.21305095982347e-26,"2","exuR-5"
1.03418206254351e-30,-0.120667947307619,0.042,0.084,2.24427849392568e-26,"2","zapA-1"
1.57357749410171e-30,-0.681330053327334,0.013,0.042,3.41482051995012e-26,"2","yfiQ-1"
5.47087964945954e-30,-1.38739129047297,0.006,0.03,1.18723559272922e-25,"2","grpE-4"
6.57061260244377e-30,-0.211619745297768,0.049,0.092,1.42588864085632e-25,"2","puuD-1"
1.03795997160179e-29,-0.178072267414625,0.044,0.086,2.25247693437305e-25,"2","sthA-3"
1.2104492710988e-29,-0.116333445938155,0.068,0.118,2.62679596321151e-25,"2","ybeD-3"
1.69428210177707e-29,-0.703123731712531,0.013,0.041,3.67676158906641e-25,"2","cydB-2"
1.8239843061326e-29,-0.170583101899786,0.044,0.085,3.95822834273836e-25,"2","crr-1"
2.04550723094584e-29,-0.205811743402923,0.046,0.089,4.43895524187557e-25,"2","thrS-1"
2.07808860680024e-29,-0.113472930539457,0.055,0.101,4.50966008561721e-25,"2","cyoB-5"
2.29546166893049e-29,-0.312995064103006,0.032,0.068,4.98138136774607e-25,"2","hfq-4"
3.24634016278618e-29,-0.429747156077321,0.022,0.054,7.04488278726228e-25,"2","hslR-2"
3.9455711511766e-29,0.118486229024088,0.145,0.224,8.56228395516834e-25,"2","spoT-1"
7.91411361682906e-29,-0.856142584962603,0.009,0.034,1.71744179598807e-24,"2","murI-2"
8.3088964148752e-29,-14.6776899623534,0,0.017,1.80311361099207e-24,"2","fimD-2"
9.10251829772407e-29,-0.133502404444694,0.057,0.102,1.9753374957891e-24,"2","aceE-1"
1.32777798324259e-28,-0.471823662051109,0.018,0.048,2.88141100143474e-24,"2","yqjC-6"
1.37372125342032e-28,-0.11538576217,0.053,0.097,2.98111249204744e-24,"2","ybiS-5"
1.37636143431953e-28,-0.49968657106416,0.015,0.043,2.98684194861682e-24,"2","nuoC-2"
1.91574263410246e-28,-0.56054465033975,0.015,0.043,4.15735309026575e-24,"2","hemB-5"
2.03020712229338e-28,-0.250881910980183,0.027,0.061,4.40575247608886e-24,"2","hflX-2"
2.05553367304334e-28,-0.890537294947267,0.008,0.031,4.46071362387134e-24,"2","yeaQ-5"
2.13918357262941e-28,-0.395286268124075,0.033,0.069,4.64224227096309e-24,"2","topA-5"
3.12493535492943e-28,-0.234191133553094,0.035,0.072,6.78142221373237e-24,"2","gyrA-4"
3.5476850895722e-28,-0.153164285599283,0.027,0.061,7.69883141288064e-24,"2","rrmJ-4"
4.99994415433828e-28,-0.515679789715907,0.02,0.051,1.08503788093295e-23,"2","icd-4"
5.02552196294577e-28,-0.878052532759239,0.008,0.032,1.09058852117886e-23,"2","yeaP-4"
5.7884570161849e-28,-0.568375476562519,0.019,0.049,1.25615305708228e-23,"2","ybeZ-2"
9.24164027919773e-28,-1.00627927344865,0.008,0.031,2.0055283569887e-23,"2","pepN-1"
9.24537566060108e-28,-1.26437154494712,0.006,0.028,2.00633897210704e-23,"2","hybO-4"
4.38861571228131e-27,-0.412642513535106,0.019,0.048,9.52373495722166e-23,"2","aceB-1"
7.78056132616435e-27,-1.43659307165743,0.005,0.025,1.68845961339093e-22,"2","mrp-3"
9.8554242018939e-27,-3.3226207806153,0.001,0.018,2.138725606053e-22,"2","phr-3"
1.14688438743614e-26,-0.38727835307234,0.024,0.055,2.48885380917516e-22,"2","lrhA-1"
1.16584141634954e-26,-1.67083494345458,0.004,0.023,2.52999245762013e-22,"2","yecJ-2"
2.80836369912989e-26,-0.393253900093227,0.023,0.053,6.09443006348178e-22,"2","lon-5"
2.92383522084595e-26,-0.307621547994382,0.015,0.041,6.34501481275779e-22,"2","aroM-4"
4.91626288889172e-26,-1.09678743148753,0.007,0.028,1.06687820951839e-21,"2","avtA-2"
5.67262178683669e-26,-0.630117953075185,0.013,0.039,1.23101565396143e-21,"2","trxB-1"
6.39042009464934e-26,2.48017208848509,0.024,0.01,1.38678506473985e-21,"2","pstC-5"
7.51784774067863e-26,-1.52391374874081,0.004,0.024,1.63144813820467e-21,"2","mfd-4"
8.00455532749981e-26,-0.341765618197871,0.018,0.045,1.73706855162073e-21,"2","uvrB-5"
8.27798727366119e-26,-0.85610531824311,0.008,0.031,1.79640601825721e-21,"2","bssS-1"
8.28360597296075e-26,-0.878378973210733,0.009,0.032,1.79762533219221e-21,"2","thyA-3"
1.08342449737686e-25,-0.445271370307535,0.02,0.048,2.35113950175752e-21,"2","prsA-1"
8.94065546824561e-25,-0.895073408960305,0.008,0.029,1.94021164316398e-20,"2","phoQ-3"
1.00581543758892e-24,-1.78619913583633,0.003,0.021,2.18272008111171e-20,"2","nagE-4"
1.17607654893693e-24,-0.547645488998005,0.014,0.039,2.55220371884802e-20,"2","yjgK-4"
1.35260854573422e-24,-0.583197910735476,0.015,0.04,2.93529580509784e-20,"2","fbaA-4"
1.82971683553405e-24,-0.977592385706583,0.007,0.028,3.97066850479245e-20,"2","nuoA-3"
1.9120719847823e-24,-0.558584941350041,0.012,0.035,4.14938741417607e-20,"2","gcvA-4"
2.64557749923853e-24,-0.368844343309558,0.015,0.039,5.74116773109753e-20,"2","tyrS-1"
4.16672706244514e-24,-2.54412225484647,0.002,0.018,9.0422143982122e-20,"2","yidE-3"
6.52754352596977e-24,-0.300293794380541,0.03,0.061,1.4165422205707e-19,"2","cfa-5"
6.58205274041332e-24,-0.303304098755818,0.016,0.042,1.42837126519709e-19,"2","ybfE-3"
7.45936314536701e-24,-0.842129370775727,0.006,0.026,1.61875639617609e-19,"2","sdhA-2"
8.11283859859726e-24,-0.454517153085434,0.014,0.038,1.76056710428159e-19,"2","yeaC-1"
8.75207237760006e-24,-2.41651945825663,0.001,0.017,1.89928722666299e-19,"2","yccJ-2"
9.26327282253734e-24,-0.462931094652526,0.017,0.043,2.01022283521883e-19,"2","maa-2"
1.21068101576956e-23,-1.03290187804749,0.005,0.024,2.62729887232153e-19,"2","acrB-5"
1.34324396195796e-23,-0.563953424751935,0.01,0.032,2.91497372184497e-19,"2","pepD-1"
2.31985388903593e-23,-0.121194183559358,0.033,0.065,5.03431492459686e-19,"2","ycgE-3"
2.38872580698805e-23,-0.547291429666386,0.01,0.031,5.18377387374478e-19,"2","yfiP-4"
3.2023785577419e-23,-0.80667015707275,0.008,0.029,6.9494817081557e-19,"2","yafD-3"
3.55266673906128e-23,-0.673985497873376,0.01,0.031,7.70964209043687e-19,"2","folE-2"
3.96628516326638e-23,-0.246416234129264,0.021,0.048,8.60723543280436e-19,"2","moaA-4"
7.88355202889725e-23,-0.207272341798099,0.026,0.055,1.71080962579099e-18,"2","ribB-5"
1.09402603172646e-22,-0.111672765812834,0.041,0.075,2.37414589144958e-18,"2","insH-1-1"
1.27569530960288e-22,-0.957477529761998,0.005,0.023,2.76838639136922e-18,"2","fbaB-1"
1.28560662894648e-22,2.34139107588353,0.033,0.016,2.78989494547676e-18,"2","ycdO-4"
1.88431391583677e-22,-0.977905577714602,0.006,0.025,4.08914962875738e-18,"2","aaeA-1"
1.94011220888781e-22,-3.01943624865952,0.001,0.015,4.21023750450743e-18,"2","ybgA-3"
2.33730399515464e-22,-0.118031589971549,0.024,0.052,5.07218339988508e-18,"2","pepP-5"
2.33889083339317e-22,-1.00854243727239,0.006,0.025,5.07562699754653e-18,"2","ptsP-4"
2.64880638647619e-22,1.9659060388554,0.047,0.027,5.74817473929198e-18,"2","phoR-3"
3.04744545125509e-22,-0.374935369190945,0.018,0.043,6.61326137376868e-18,"2","psd-1"
8.40443605071425e-22,-1.53822892194078,0.003,0.02,1.8238466673655e-17,"2","apaG-5"
1.16068642591487e-21,-0.478403741088991,0.013,0.035,2.51880561287785e-17,"2","aspC-1"
1.22218224771816e-21,-0.13235436917365,0.032,0.063,2.65225769577318e-17,"2","yhaV-1"
1.3525805977791e-21,-0.250125679581095,0.018,0.042,2.93523515524043e-17,"2","guaA-5"
2.12190528005913e-21,-0.793254600905724,0.008,0.026,4.60474664825631e-17,"2","pyrC-5"
2.29024005943179e-21,-0.522169922226293,0.014,0.036,4.97004995297293e-17,"2","ybaJ-2"
2.59079577993178e-21,-0.961048643914578,0.006,0.023,5.62228592202995e-17,"2","yieG-4"
3.32088768019807e-21,-0.403671933899597,0.015,0.038,7.20665835479782e-17,"2","ygaW-3"
3.47016990443969e-21,-0.539802497212801,0.011,0.031,7.53061570962456e-17,"2","serA-5"
3.92231989602889e-21,-1.77648748697313,0.003,0.018,8.51182640637228e-17,"2","yqjF-4"
4.22398943064741e-21,-0.583966235074087,0.01,0.031,9.16647946344794e-17,"2","rssA-4"
1.06425666970181e-20,-0.61240566424589,0.012,0.032,2.30954339891989e-16,"2","yjgJ-3"
1.08605883301226e-20,-0.579392552556136,0.014,0.036,2.3568562735199e-16,"2","tolC-1"
1.50719275362175e-20,-0.228821952605395,0.018,0.042,3.27075899463456e-16,"2","rne-5"
1.9531708553619e-20,-0.305510506184366,0.016,0.039,4.23857607322087e-16,"2","rsgA-5"
3.72818193474711e-20,-0.970052320907274,0.006,0.024,8.0905276165947e-16,"2","cysK-4"
3.78087850008267e-20,-1.24516990787245,0.004,0.019,8.20488443302939e-16,"2","katE-2"
4.15257847874686e-20,-0.216804478604578,0.023,0.048,9.01151055672857e-16,"2","ybiP-1"
4.29054876928002e-20,-0.382793427542206,0.013,0.034,9.31091988421458e-16,"2","ackA-4"
4.33471142643679e-20,-1.0607989905139,0.006,0.023,9.40675726651049e-16,"2","ycfD-3"
7.3287829614406e-20,-1.07547819495915,0.004,0.02,1.59041919046222e-15,"2","sdhB-3"
7.57202300019899e-20,-0.8981277481669,0.007,0.024,1.64320471127318e-15,"2","plsB-5"
8.29747743140281e-20,-1.96876944525707,0.002,0.016,1.80063557738872e-15,"2","ygjG-1"
8.89246689823634e-20,-0.191920511268301,0.018,0.041,1.92975424158627e-15,"2","yjgX-16"
1.08255468931604e-19,-0.728739136177993,0.009,0.027,2.34925193128474e-15,"2","ispE-5"
1.37494253302073e-19,-0.383249613740296,0.018,0.041,2.9837627909083e-15,"2","era-3"
1.4645527553474e-19,-0.262057144665804,0.028,0.054,3.17822593437939e-15,"2","fdoG-5"
1.86486256707864e-19,-0.421959531771372,0.013,0.032,4.04693825681736e-15,"2","fabA-4"
2.00738903303039e-19,-0.20065529558527,0.021,0.044,4.35623494057924e-15,"2","cld-5"
2.47066322508155e-19,-0.38692957663019,0.009,0.027,5.36158626474946e-15,"2","ndh-5"
2.90852588357153e-19,-1.10122425911978,0.006,0.022,6.31179201993858e-15,"2","yigL-1"
3.21440091309935e-19,1.99049894761351,0.027,0.013,6.97557142151691e-15,"2","tufA-5"
3.30510913319735e-19,-0.497258684185902,0.014,0.034,7.17241732995156e-15,"2","metG-4"
4.08606163813224e-19,-0.259402901751826,0.015,0.035,8.86716236091078e-15,"2","aroB-2"
5.12728125645569e-19,-1.0934336651031,0.004,0.019,1.11267130546345e-14,"2","tktB-2"
5.3481582255969e-19,-1.2658388015475,0.003,0.016,1.16060381653678e-14,"2","yohL-6"
6.62806719291994e-19,-2.05435597801488,0.002,0.014,1.43835686153556e-14,"2","arsC-4"
9.60353715694706e-19,-1.04191551212072,0.005,0.02,2.08406359842908e-14,"2","yiaF-3"
1.01555560646738e-18,-0.666818544228688,0.011,0.029,2.20385722159487e-14,"2","groS-4"
1.07271470141046e-18,-0.3481616694285,0.013,0.033,2.32789817353083e-14,"2","gor-5"
1.12293735116118e-18,-0.834361886353136,0.006,0.021,2.43688634575488e-14,"2","hspQ-4"
1.15297985374111e-18,-1.54887618237475,0.003,0.016,2.50208158060358e-14,"2","uidR-4"
1.7238897745495e-18,-0.672804985381479,0.007,0.023,3.74101319974988e-14,"2","grxB-5"
1.90092273050404e-18,0.144644031328523,0.228,0.321,4.12519241746682e-14,"2","rpsA-3"
2.74060845560792e-18,-0.399747128838139,0.016,0.037,5.94739440951474e-14,"2","hslU-3"
3.51660443846007e-18,-0.610913452963492,0.008,0.025,7.6313832919022e-14,"2","gss-1"
5.08155333688987e-18,-0.443343417478816,0.008,0.025,1.10274788963847e-13,"2","yebV-5"
5.33054134783816e-18,-1.0944242875557,0.004,0.018,1.15678077789436e-13,"2","yqjG-5"
6.38485033189629e-18,-0.729670580606113,0.008,0.025,1.38557637052481e-13,"2","dnaC-4"
6.69093267412653e-18,-0.389604052311705,0.012,0.03,1.4519992996122e-13,"2","hslJ-2"
1.1265260616751e-17,-1.40307783301512,0.003,0.017,2.44467420644113e-13,"2","ycgZ-3"
1.15756416655845e-17,-0.166014903063807,0.022,0.045,2.51202999784849e-13,"2","miaB-3"
1.23233237375269e-17,-1.6890933605392,0.002,0.015,2.67428448428071e-13,"2","dacC-2"
1.39246983790293e-17,-0.138293334647993,0.014,0.034,3.02179879523314e-13,"2","pheT-2"
1.6776377581642e-17,-1.65581868015049,0.002,0.015,3.64064169899212e-13,"2","ubiE-1"
1.68051108736471e-17,-0.458249186965822,0.011,0.029,3.64687711069016e-13,"2","ygiC-3"
1.72302086813029e-17,-0.227274774453412,0.02,0.042,3.73912758592953e-13,"2","infA-1"
1.8136140583854e-17,0.10134401800092,0.027,0.052,3.93572386810216e-13,"2","yeeZ-4"
2.29539072050181e-17,-0.243098539419217,0.019,0.04,4.98122740256098e-13,"2","pgm-3"
2.60346274617411e-17,-0.697809886773419,0.007,0.022,5.64977450547245e-13,"2","ydjA-1"
2.64420678175401e-17,-0.39727677342935,0.017,0.037,5.73819313708438e-13,"2","lipB-4"
2.69003504071969e-17,-0.357834084383339,0.012,0.031,5.83764504186581e-13,"2","serC-2"
3.15528517277041e-17,-0.842252102702093,0.006,0.02,6.84728435342906e-13,"2","hemC-4"
3.47662888203597e-17,-1.55989554606381,0.003,0.015,7.54463233690626e-13,"2","rfaC-2"
3.77300895850749e-17,-0.649381128124763,0.009,0.025,8.1878067408571e-13,"2","grxD-2"
4.38557748549291e-17,-0.875664392348027,0.006,0.02,9.51714170126816e-13,"2","tpiA-3"
4.42178161378774e-17,0.103422471044215,0.119,0.17,9.59570828008078e-13,"2","iscR-2"
4.49463590201344e-17,-0.879357975559228,0.006,0.02,9.75380937095937e-13,"2","frmA-3"
4.59606361467409e-17,-1.16431653021119,0.004,0.018,9.97391765020424e-13,"2","gntK-1"
6.58292531634199e-17,-0.394928881785942,0.011,0.029,1.42856062289937e-12,"2","feoB-2"
7.1153442131862e-17,-0.629917289855094,0.008,0.024,1.54410084770354e-12,"2","seqA-5"
9.78542652135525e-17,-0.690761971216923,0.009,0.025,2.1235354093993e-12,"2","uvrC-4"
1.01199149033126e-16,-1.34314191342815,0.003,0.016,2.19612273316786e-12,"2","ygaZ-1"
1.0997188975584e-16,-0.706762593417577,0.007,0.023,2.38649997959149e-12,"2","frmB-1"
1.14862243386263e-16,-0.816171689518983,0.006,0.02,2.4926255437253e-12,"2","smtA-4"
1.49418339344629e-16,-0.309264555933849,0.012,0.03,3.2425273821178e-12,"2","lysU-5"
1.54769101275256e-16,0.283585596794842,0.139,0.199,3.35864426677432e-12,"2","pyrG-5"
2.02783365482734e-16,-1.1003550591318,0.005,0.018,4.4006018143408e-12,"2","tyrP-1"
2.27779770290726e-16,-0.700116358925862,0.005,0.018,4.94304879507904e-12,"2","talA-5"
2.52444762313105e-16,0.141078367806625,0.067,0.102,5.47830378695669e-12,"2","gidA-3"
2.58621673271224e-16,-0.829347394478859,0.006,0.02,5.61234893165883e-12,"2","hrpA-5"
2.66828464708509e-16,-0.17929897059544,0.014,0.033,5.79044451263935e-12,"2","yccA-2"
3.27493400606925e-16,-1.94500795759008,0.001,0.012,7.10693428657088e-12,"2","ybhF-5"
3.29474529739739e-16,1.74275027835361,0.053,0.035,7.14992676988207e-12,"2","phoH-1"
3.45705319082347e-16,-0.586920399448761,0.007,0.021,7.502151129406e-12,"2","ygdH-4"
3.74472091450769e-16,0.294041107575997,0.1,0.147,8.12641885657313e-12,"2","yhhQ-4"
3.7711789993187e-16,-0.742503685538576,0.005,0.018,8.1838355464215e-12,"2","sdaA-5"
3.81126337442615e-16,-0.514870358498803,0.008,0.023,8.27082264884218e-12,"2","efp-5"
4.76120663078768e-16,0.128947612533521,0.171,0.236,1.03322945094723e-11,"2","dnaA-3"
5.55770259364213e-16,-0.374185633963595,0.011,0.028,1.20607703984628e-11,"2","ycfH-2"
8.38725558759237e-16,-0.511198449722259,0.009,0.024,1.82011833506342e-11,"2","yfbQ-3"
8.3903289371463e-16,0.1525317934672,0.12,0.17,1.82078528265012e-11,"2","nusG-4"
9.42443023394727e-16,-0.975763755850588,0.004,0.016,2.0451956050689e-11,"2","gntT-4"
1.15366259535489e-15,0.214730689015948,0.056,0.087,2.50356319817965e-11,"2","ahpF-1"
1.3247912781912e-15,-0.914783924669022,0.005,0.018,2.87492955280273e-11,"2","nhaA-1"
1.48901336889937e-15,-0.524239341691981,0.006,0.019,3.23130791184853e-11,"2","gpp-1"
2.06234551082984e-15,-0.799297176978214,0.005,0.018,4.47549599305183e-11,"2","yceB-5"
2.26725073691004e-15,-0.218557451560501,0.015,0.032,4.92016082416847e-11,"2","yqfA-6"
2.3182766601092e-15,-0.678948529519014,0.005,0.017,5.03089218010299e-11,"2","yhaK-1"
3.47084754126509e-15,-1.82190331959089,0.002,0.013,7.53208624929937e-11,"2","ymgA-2"
3.75564168828036e-15,-0.108068426159649,0.02,0.04,8.15011802773721e-11,"2","rfe-4"
4.10859210308192e-15,-1.62303150996522,0.002,0.013,8.91605572289808e-11,"2","yfiB-1"
4.5893993769559e-15,-1.69383586960123,0.002,0.013,9.95945558793199e-11,"2","ftn-5"
5.20177181612863e-15,-0.142114289263113,0.021,0.041,1.12883650181807e-10,"2","fhuA-4"
5.97766119156117e-15,-0.682662054881177,0.007,0.021,1.29721225518069e-10,"2","mdoH-1"
6.86971355343744e-15,0.139921373730617,0.047,0.075,1.49079653823146e-10,"2","dnaX-2"
8.06429016995989e-15,0.102203038887069,0.02,0.039,1.750031609783e-10,"2","gapC-4"
8.26082969903717e-15,0.144573399954591,0.077,0.113,1.79268265298806e-10,"2","yafQ-3"
1.03949597127125e-14,-0.129283363742665,0.022,0.042,2.25581020725573e-10,"2","yjcB-3"
1.0468705448386e-14,-0.996893219276089,0.004,0.015,2.27181376935424e-10,"2","yaiA-4"
1.11661497836328e-14,-0.641463888100868,0.006,0.02,2.42316616454615e-10,"2","cueO-5"
1.23075771279849e-14,-0.142628710627525,0.018,0.036,2.670867312544e-10,"2","osmY-4"
1.5332118090653e-14,-0.15589547045131,0.013,0.03,3.32722294685261e-10,"2","yggJ-1"
1.55572439690032e-14,-0.12907441008645,0.018,0.036,3.37607751371338e-10,"2","ybaB-1"
1.60485876685845e-14,0.10305505104986,0.07,0.103,3.48270400995953e-10,"2","yafK-3"
1.80015547447913e-14,-0.33315120088769,0.011,0.026,3.90651739516716e-10,"2","rsxC-5"
1.8211587074856e-14,-0.95547214766643,0.004,0.015,3.9520965111145e-10,"2","ppx-3"
1.93499770083311e-14,-0.212143530542984,0.011,0.026,4.19913851057792e-10,"2","pepQ-5"
1.98615393880477e-14,-0.761853471886356,0.005,0.017,4.31015266260022e-10,"2","aaeB-1"
2.00399931067191e-14,-0.293042697644496,0.009,0.023,4.34887890408912e-10,"2","rraB-5"
2.26761109413402e-14,-0.181792926412112,0.009,0.023,4.92094283538025e-10,"2","deoD-1"
2.2903627538033e-14,0.234495911388541,0.1,0.142,4.97031621202854e-10,"2","kgtP-4"
2.58055269945055e-14,-0.170805207212801,0.012,0.028,5.60005741307765e-10,"2","rpoN-3"
2.99891485136109e-14,-0.53892954699413,0.008,0.022,6.5079451189387e-10,"2","speG-3"
3.21330527737695e-14,0.120336436366749,0.071,0.104,6.97319378243572e-10,"2","nlpD-4"
3.2805617064136e-14,-0.273422986135337,0.012,0.027,7.11914695908816e-10,"2","birA-1"
4.30665169684015e-14,0.105174872990785,0.051,0.079,9.34586484731282e-10,"2","ydcQ-3"
4.32425167473909e-14,-0.735477434981519,0.005,0.016,9.3840585593513e-10,"2","asnB-5"
4.33500610168612e-14,-1.8491924598384,0.002,0.012,9.40739674126905e-10,"2","panE-3"
5.03481603772455e-14,-0.140927259469208,0.021,0.04,1.0926054283466e-09,"2","yrdC-4"
5.49443339170061e-14,-0.26097113204127,0.013,0.029,1.19234699033295e-09,"2","yqhA-6"
5.75174803910355e-14,-0.475287867438534,0.007,0.02,1.24818684196586e-09,"2","ribF-3"
5.90748711096139e-14,-1.05190293816392,0.004,0.015,1.28198377794973e-09,"2","rssB-2"
6.06237719807585e-14,-0.429142212738167,0.008,0.022,1.31559647575444e-09,"2","mdtG-5"
6.16569813441608e-14,0.169166471880788,0.027,0.048,1.33801815214963e-09,"2","sufB-3"
6.21910475610819e-14,-0.272332300057746,0.009,0.023,1.34960792312304e-09,"2","lolB-5"
7.28017489977489e-14,-0.846381603459053,0.005,0.016,1.57987075500015e-09,"2","dppA-3"
7.49782413849102e-14,0.112388761104506,0.057,0.087,1.62710281629394e-09,"2","fusA-2"
8.39882700270268e-14,-0.916039992385437,0.005,0.016,1.82262944785651e-09,"2","slyB-2"
8.87125334121612e-14,-1.70015835214926,0.001,0.011,1.92515068757731e-09,"2","artM-5"
9.72162943652045e-14,-1.12445348012562,0.003,0.014,2.1096908040193e-09,"2","sra-5"
9.78545080422692e-14,-0.924646128033982,0.004,0.015,2.12354067902528e-09,"2","yeaH-4"
1.01940184413112e-13,-0.383707432069565,0.005,0.017,2.21220394194895e-09,"2","betA-5"
1.07920026247237e-13,-0.282346820614408,0.012,0.026,2.34197248959128e-09,"2","fliY-3"
1.21394297540893e-13,-0.526409755070145,0.006,0.018,2.63437765093492e-09,"2","ygeR-2"
1.23935020026183e-13,-1.12086452219766,0.003,0.013,2.6895138695882e-09,"2","ydgA-3"
1.28428712609913e-13,1.22212154905671,0.032,0.019,2.78703149234772e-09,"2","mltD-1"
1.45984974379989e-13,-0.160218567949729,0.013,0.028,3.16801992902014e-09,"2","kdsD-1"
1.87432420759819e-13,-0.108761918219679,0.014,0.03,4.06747096290884e-09,"2","accA-4"
2.36901717040882e-13,-0.3490329723617,0.01,0.023,5.14100416150418e-09,"2","ydfH-5"
2.43603964261007e-13,-0.882307164792558,0.004,0.015,5.28644962842811e-09,"2","folK-3"
2.51603153258893e-13,-1.07063440551079,0.004,0.014,5.46004002887123e-09,"2","yebT-1"
2.53409826141281e-13,-0.551441646263676,0.005,0.017,5.49924663709195e-09,"2","pdxA-5"
2.82021921234971e-13,-1.94991567811134,0.001,0.01,6.1201577127201e-09,"2","carB-4"
3.35455481023572e-13,-0.377449184753723,0.01,0.024,7.27971939369253e-09,"2","epd-5"
4.44972333645641e-13,-0.658248301138524,0.005,0.016,9.65634461244406e-09,"2","nagZ-1"
5.29894863011588e-13,-0.414534899909646,0.009,0.022,1.14992484222145e-08,"2","fadR-2"
5.3218394013366e-13,0.105507871547668,0.074,0.107,1.15489236848406e-08,"2","rpmD-2"
5.41291295064204e-13,-0.226890188742233,0.014,0.03,1.17465623941883e-08,"2","tktA-4"
5.61767977898242e-13,-0.35353887423843,0.009,0.023,1.21909268883697e-08,"2","secB-4"
6.64413127435105e-13,-0.709490962038242,0.006,0.017,1.44184292784692e-08,"2","ygeQ-3"
6.67015149857551e-13,0.104027270223015,0.028,0.048,1.44748957670587e-08,"2","amiA-4"
6.70450819564396e-13,-0.467094684326131,0.006,0.017,1.4549453235367e-08,"2","gntU-4"
7.45067865437427e-13,0.189460109959027,0.017,0.033,1.61687177478576e-08,"2","yeeY-5"
8.10189744976432e-13,-0.633554675968194,0.006,0.017,1.75819276557335e-08,"2","trkA-1"
9.64419438489822e-13,-0.412951627055243,0.008,0.02,2.09288662346676e-08,"2","gshB-5"
9.87310989204268e-13,-0.127038055680996,0.012,0.026,2.14256357767218e-08,"2","yjeS-3"
9.98832331499954e-13,-1.03348825729695,0.003,0.013,2.16756604258805e-08,"2","otsA-4"
1.02255437270119e-12,2.09239498846844,0.02,0.01,2.21904524419886e-08,"2","rtcB-1"
1.18706861152443e-12,-0.875352389669413,0.003,0.013,2.57605759386916e-08,"2","yohC-6"
1.25510132672859e-12,0.265495876016058,0.075,0.108,2.7236953891337e-08,"2","dnaG-2"
1.36402958009564e-12,0.142332082032647,0.041,0.064,2.96008059176556e-08,"2","secG-2"
1.6497077890962e-12,-0.291918165665349,0.009,0.021,3.58003087311767e-08,"2","glyA-5"
2.01477153833574e-12,-0.510604651317475,0.008,0.02,4.37225571534239e-08,"2","yghB-2"
2.1556449632613e-12,0.394142085921609,0.06,0.09,4.67796513477334e-08,"2","kdsA-1"
2.25753431269509e-12,-0.30439183167196,0.009,0.021,4.89907521197961e-08,"2","proA-3"
2.30999307139614e-12,-0.118427308200758,0.012,0.026,5.01291596423677e-08,"2","ycdZ-4"
2.37061842231151e-12,-0.107424187722424,0.02,0.037,5.1444790382582e-08,"2","grxA-4"
2.46882846819217e-12,-0.733230905748012,0.005,0.016,5.35760465882382e-08,"2","znuC-4"
2.66720942703812e-12,-1.04856395571912,0.003,0.012,5.78811117761542e-08,"2","yjgF-1"
2.87161929416298e-12,-0.50864008618392,0.008,0.021,6.23170103026309e-08,"2","zwf-1"
2.88875032022192e-12,-0.61610785696665,0.006,0.017,6.26887706991359e-08,"2","yajQ-2"
3.05751411234012e-12,-1.91169921807309,0.001,0.01,6.6351113751893e-08,"2","uspB-5"
3.58851586194812e-12,-0.595668625679465,0.005,0.015,7.78743827201362e-08,"2","nuoF-1"
3.81458162362729e-12,-0.20571356360457,0.015,0.03,8.27802358143358e-08,"2","relB-2"
4.37946125973566e-12,-0.333976720623685,0.009,0.021,9.50386887975235e-08,"2","yjjK-1"
4.70203109605378e-12,-0.239062116240161,0.008,0.02,1.02038776815463e-07,"2","yrdB-1"
5.48053597659215e-12,-0.669348140581989,0.006,0.016,1.18933111228026e-07,"2","ydcL-4"
5.60950632254042e-12,-0.688200388253723,0.005,0.015,1.2173189670545e-07,"2","yhjK-1"
5.77475280358843e-12,-0.543935059187606,0.005,0.016,1.25317910590672e-07,"2","ydhC-3"
6.08648662897484e-12,-0.452722856089074,0.006,0.017,1.32082846335383e-07,"2","ydjN-2"
6.26139551678307e-12,0.100609462435834,0.039,0.061,1.35878544109709e-07,"2","exbB-5"
6.38828255801289e-12,-0.730277662510325,0.005,0.015,1.38632119791438e-07,"2","yaaA-3"
7.5676988995888e-12,-0.114954629872561,0.011,0.025,1.64226633819977e-07,"2","holB-5"
7.6552139492244e-12,-0.388223376503047,0.009,0.022,1.66125797912119e-07,"2","lysS-1"
8.34920105471386e-12,-0.126334918218505,0.009,0.021,1.81186012088345e-07,"2","envC-3"
9.83093062645683e-12,-1.42121770093206,0.002,0.011,2.1334102552474e-07,"2","gcvR-1"
1.01085949805886e-11,0.134340025415256,0.057,0.083,2.19366619673754e-07,"2","pnp-1"
1.04330851219409e-11,-0.782838063039667,0.005,0.015,2.2640838023124e-07,"2","ydcP-3"
1.06598936652777e-11,-0.434346359926684,0.007,0.018,2.31330352430192e-07,"2","glpF-5"
1.14620414040881e-11,-1.16146337159746,0.002,0.01,2.48737760510116e-07,"2","sfsA-4"
1.15662747122762e-11,0.388513927256227,0.048,0.072,2.50999727531107e-07,"2","glpR-5"
1.23296239465494e-11,0.222721774090256,0.083,0.116,2.67565169264068e-07,"2","ycbK-2"
1.24588538507444e-11,-0.154636936813792,0.014,0.028,2.70369587415003e-07,"2","yheO-4"
1.26121244835461e-11,-0.126986939182061,0.015,0.03,2.73695713417434e-07,"2","yadG-2"
1.49374808913396e-11,-0.814300090682638,0.003,0.013,3.24158272822961e-07,"2","ycfP-1"
1.53663607730993e-11,-0.766520441647222,0.004,0.013,3.33465395137029e-07,"2","yjjU-5"
1.57347386601948e-11,-1.34046707712214,0.002,0.01,3.41459563664888e-07,"2","ycfL-1"
1.63849495854188e-11,-0.602790767894047,0.005,0.014,3.55569790953174e-07,"2","arcB-2"
1.64006573554195e-11,-0.463793010630699,0.004,0.014,3.55910665269958e-07,"2","cho-3"
1.64544697204994e-11,-1.37994846862053,0.002,0.01,3.57078447404556e-07,"2","manZ-3"
1.7131543889299e-11,-0.767496572128829,0.004,0.013,3.71771633941677e-07,"2","cydA-1"
1.78174365272355e-11,-0.163420258266453,0.008,0.019,3.86656190077538e-07,"2","acrA-5"
1.80494068153679e-11,0.251101278842111,0.028,0.047,3.916901773003e-07,"2","ychQ-5"
1.85300901249883e-11,-0.403934899163593,0.007,0.018,4.02121485802371e-07,"2","dacB-2"
1.87129264504148e-11,1.65192279613385,0.024,0.014,4.06089216900452e-07,"2","accB-2"
2.0057907455549e-11,-1.00413135032202,0.002,0.011,4.35276649692869e-07,"2","yohM-6"
2.04467991115799e-11,-0.595819574180552,0.004,0.014,4.43715987520395e-07,"2","upp-2"
2.41411807887342e-11,-0.23758204343422,0.008,0.02,5.23887764296321e-07,"2","aroE-3"
2.58285001046401e-11,-0.929099758713818,0.003,0.012,5.60504280770796e-07,"2","vsr-2"
2.7243388459793e-11,-0.198591232641814,0.011,0.024,5.91208772965967e-07,"2","mraZ-2"
2.88474079301234e-11,-0.52209410169355,0.006,0.016,6.26017599491607e-07,"2","galU-5"
3.08493624319503e-11,0.125046824964517,0.011,0.024,6.69462014135753e-07,"2","gntR-5"
3.19401410139368e-11,-1.37605392651012,0.002,0.011,6.93133000143443e-07,"2","evgS-4"
3.49328854916281e-11,-0.265827091316731,0.007,0.018,7.58078548053822e-07,"2","pgi-2"
3.66242135363931e-11,-0.892641474156449,0.003,0.012,7.94782057953266e-07,"2","bcp-2"
3.76576554823454e-11,-0.284788994676624,0.008,0.019,8.17208781622377e-07,"2","nlpE-5"
3.86544353446818e-11,-0.995806516784105,0.003,0.011,8.38839901414939e-07,"2","ybhG-1"
4.24347047967562e-11,-0.454834597350868,0.007,0.018,9.20875528794406e-07,"2","ygaU-2"
4.30601534139695e-11,-0.566872481092069,0.006,0.016,9.34448389236552e-07,"2","yneH-5"
4.54535674434206e-11,-0.889310558633372,0.003,0.011,9.8638786708967e-07,"2","gpsA-1"
4.6397585489502e-11,0.41722124447957,0.049,0.073,1.00687400270768e-06,"2","exbD-2"
4.66879177542008e-11,-0.253823228655588,0.011,0.024,1.01317450318391e-06,"2","ybgF-2"
5.06531308260579e-11,-1.02338497203918,0.002,0.01,1.09922359205628e-06,"2","ymdC-3"
5.97178548088961e-11,-0.220669136896138,0.014,0.027,1.29593716720785e-06,"2","sufA-2"
6.65005428717984e-11,-0.158813242895286,0.014,0.028,1.4431282808609e-06,"2","serS-1"
8.04973623435037e-11,-0.122437224071828,0.011,0.024,1.74687326021637e-06,"2","ribE-3"
8.1959449948854e-11,0.280214746868678,0.041,0.062,1.77860202334008e-06,"2","zntA-6"
8.6224181884609e-11,0.230908888189665,0.049,0.072,1.8711509710779e-06,"2","ychA-4"
8.81349864255626e-11,0.148990651677027,0.019,0.034,1.91261734042113e-06,"2","truA-4"
9.33365847634018e-11,-0.331359990472591,0.006,0.016,2.02549722595058e-06,"2","ubiC-4"
1.04983305019432e-10,-0.513060562376843,0.006,0.016,2.27824270222668e-06,"2","puuP-5"
1.0973656775853e-10,-0.459042167133215,0.007,0.017,2.38139325692785e-06,"2","intF-5"
1.13020411515731e-10,0.418287867529235,0.035,0.055,2.45265595030288e-06,"2","tolQ-2"
1.30814772253734e-10,-1.03984909880928,0.003,0.012,2.83881137267829e-06,"2","amn-3"
1.3674436783525e-10,0.213034640670405,0.027,0.045,2.96748952639275e-06,"2","gpmA-2"
1.37295386335218e-10,-0.420165930746929,0.009,0.02,2.97944717886056e-06,"2","mrdB-1"
1.42349037879356e-10,-0.132869601716889,0.012,0.024,3.08911647101991e-06,"2","mutH-2"
1.45829904379077e-10,0.250104824386858,0.119,0.159,3.16465475493035e-06,"2","rpsI-1"
1.47176633740733e-10,-0.665671101170256,0.005,0.014,3.19388012880765e-06,"2","yigI-5"
1.63892290491329e-10,-1.09594445843262,0.003,0.011,3.55662659595233e-06,"2","yhjY-4"
1.64993019793411e-10,-0.917016750013062,0.003,0.011,3.5805135225368e-06,"2","pgpA-2"
1.68141767409775e-10,-0.915057670021386,0.003,0.012,3.64884449455953e-06,"2","yfdH-4"
1.80832311287387e-10,-0.283600111799941,0.006,0.015,3.92424198724757e-06,"2","yjhU-1"
1.90806538265545e-10,-0.334419122929816,0.006,0.016,4.1406926869006e-06,"2","glpK-3"
1.94460659177182e-10,-0.897846298478439,0.002,0.01,4.21999076480402e-06,"2","yceF-5"
2.07172812164556e-10,-0.922592044479629,0.003,0.011,4.49585719678304e-06,"2","potF-1"
2.56832723242985e-10,0.141117654441017,0.013,0.026,5.57352692709602e-06,"2","yggE-4"
3.05530661155752e-10,-0.83565438985753,0.003,0.011,6.63032087774097e-06,"2","cysS-4"
3.36250320864122e-10,0.10873434757337,0.023,0.039,7.29696821307232e-06,"2","ecfK-5"
3.45329377580423e-10,-0.107302349727028,0.014,0.026,7.49399282287275e-06,"2","tyrR-3"
3.8570445583626e-10,-0.311108118199145,0.009,0.019,8.37017239610267e-06,"2","yrdD-1"
3.89815642976452e-10,-0.454590852950986,0.009,0.02,8.45938926823197e-06,"2","kbl-2"
3.93604794611389e-10,-0.267049754750776,0.008,0.019,8.54161764786176e-06,"2","ydcI-5"
3.95304498202028e-10,0.199335647664333,0.067,0.094,8.57850291548221e-06,"2","nudB-2"
4.2198995258263e-10,0.166417053515839,0.016,0.029,9.15760396099565e-06,"2","adhP-1"
4.48548225780062e-10,-0.318763273776158,0.007,0.018,9.73394504765312e-06,"2","speD-1"
4.94281152494132e-10,0.190399295020814,0.041,0.062,1.07263952902752e-05,"2","rplS-1"
5.1781338474977e-10,-0.73159955018218,0.005,0.014,1.12370682624547e-05,"2","yeaK-5"
5.25815107938402e-10,0.265924103500339,0.043,0.063,1.14107136573713e-05,"2","yebA-2"
5.65221004315722e-10,-0.488059887250585,0.006,0.015,1.22658610146555e-05,"2","nuoB-1"
5.74551850438915e-10,0.275351752188879,0.034,0.053,1.24683497063749e-05,"2","aspS-5"
5.93705846312702e-10,-0.342820118193432,0.007,0.016,1.28840105708319e-05,"2","hisJ-2"
6.16172525216456e-10,-0.525708731146874,0.006,0.016,1.33715599697223e-05,"2","ptsG-5"
6.57317182692202e-10,-0.655371865104032,0.005,0.014,1.42644401816035e-05,"2","insF-4-4"
6.69354610040416e-10,-0.102746716265913,0.016,0.03,1.45256643924871e-05,"2","fkpA-1"
6.8124309482252e-10,-0.620195629103965,0.003,0.011,1.47836564007435e-05,"2","yejH-3"
7.09445921939898e-10,-0.825277684312551,0.003,0.011,1.53956859520177e-05,"2","ygbI-5"
7.87951522967293e-10,-0.360246497316516,0.005,0.014,1.70993359999132e-05,"2","aroA-3"
7.9510278945941e-10,-0.487478788076094,0.006,0.016,1.72545256340586e-05,"2","rbsK-3"
8.037722729574e-10,-0.64909499439506,0.004,0.012,1.74426620954485e-05,"2","yccK-3"
8.12903604059876e-10,-0.55322686952074,0.003,0.01,1.76408211117034e-05,"2","tyrB-5"
8.142791170956e-10,-0.657638026997968,0.005,0.013,1.76706711200916e-05,"2","yfhL-1"
8.84629075193884e-10,-0.118254060450695,0.006,0.016,1.91973355607825e-05,"2","yedQ-3"
8.94136768438152e-10,-0.159720377654438,0.008,0.018,1.94036620118763e-05,"2","nagK-2"
9.50048804993562e-10,-1.13715358548032,0.003,0.01,2.06170091171653e-05,"2","yciC-4"
9.52362068519604e-10,0.106144525674372,0.018,0.032,2.06672092489439e-05,"2","dacA-4"
9.82552655507368e-10,0.186960256659734,0.074,0.101,2.13223751771654e-05,"2","lpxC-2"
1.01634816651767e-09,-0.622222867402702,0.005,0.014,2.20557715616e-05,"2","nudE-4"
1.02486428577988e-09,-1.06300191695916,0.003,0.01,2.22405798657091e-05,"2","mnmC-1"
1.05996640241077e-09,-0.287409977563136,0.005,0.013,2.30023308987162e-05,"2","fdhD-4"
1.06496402803414e-09,-0.826741801858054,0.004,0.012,2.31107843723688e-05,"2","ychO-5"
1.16224434127967e-09,-0.235110829313516,0.008,0.019,2.52218644501102e-05,"2","lepB-2"
1.35684096210373e-09,0.181639371955787,0.065,0.09,2.94448057186131e-05,"2","rpsN-3"
1.52271380914059e-09,-0.564108866617067,0.003,0.011,3.30444123721599e-05,"2","dld-1"
1.52904528213402e-09,-0.806817623161477,0.003,0.01,3.31818116675903e-05,"2","yeaJ-5"
1.60893579147314e-09,-0.956192094393923,0.003,0.011,3.49155156107586e-05,"2","yafE-1"
1.63624336239034e-09,0.117934390785766,0.019,0.032,3.55081172072329e-05,"2","tgt-5"
1.65981698140414e-09,-0.172886249245584,0.01,0.021,3.60196883134512e-05,"2","pck-2"
1.69367035783954e-09,-0.556913054933515,0.005,0.014,3.67543404354759e-05,"2","ydhK-4"
1.78408274530601e-09,-0.193586767492227,0.008,0.019,3.87163796558857e-05,"2","uvrY-5"
2.00621998453383e-09,0.40957847014058,0.035,0.054,4.35369798843687e-05,"2","accC-5"
2.02908804562936e-09,-0.606751991700272,0.004,0.012,4.40332396782028e-05,"2","rfbB-2"
2.28686825406146e-09,-0.543282087238542,0.005,0.013,4.96273279813878e-05,"2","recO-3"
2.31196556915763e-09,-0.343712705328057,0.006,0.015,5.01719648162897e-05,"2","fruA-4"
2.56589848674999e-09,-0.518264588848516,0.004,0.012,5.56825630609615e-05,"2","ygdQ-1"
2.67608104442649e-09,-0.491055936436777,0.004,0.012,5.80736347450992e-05,"2","elbB-4"
2.97491705111364e-09,-0.796103579071892,0.004,0.012,6.45586749262171e-05,"2","ppk-3"
3.03788655414261e-09,-0.371531698394669,0.006,0.015,6.59251761114488e-05,"2","nagD-4"
3.06388454422692e-09,-0.242856345796887,0.006,0.015,6.64893584942684e-05,"2","dam-4"
3.09400753625614e-09,1.61565565110284,0.027,0.017,6.71430575442945e-05,"2","kefA-3"
3.17076669046894e-09,0.131689083486622,0.022,0.037,6.88088079498665e-05,"2","yjgQ-2"
3.19606113926825e-09,-0.241377912861951,0.006,0.015,6.93577227832604e-05,"2","ynhG-2"
3.3477269546682e-09,0.234779966876601,0.017,0.029,7.26490226432547e-05,"2","gltX-3"
3.45195006062578e-09,-0.152458332041661,0.01,0.021,7.49107682656401e-05,"2","yrbD-6"
4.08903657719017e-09,-0.118811985300609,0.014,0.026,8.87361827616039e-05,"2","emrA-1"
4.24475831703316e-09,-0.760495086185004,0.003,0.011,9.21155002379366e-05,"2","proV-2"
4.24659298346163e-09,0.166300012948821,0.016,0.029,9.21553143341008e-05,"2","purB-2"
4.3678157124123e-09,-0.243523110000576,0.01,0.02,9.47859687750593e-05,"2","nhaR-1"
4.38226559803333e-09,-0.217254581221407,0.012,0.023,9.50995457429214e-05,"2","mipA-1"
4.46425081313308e-09,-0.342005961204024,0.006,0.014,9.68787068958009e-05,"2","nadC-1"
4.57529086236119e-09,0.20445304284815,0.196,0.255,9.92883870041002e-05,"2","rplR-2"
4.8169424551541e-09,0.142492749938418,0.013,0.024,0.000104532468219299,"2","yihE-1"
4.96651388909904e-09,-0.775793760448705,0.003,0.01,0.000107778317907338,"2","exoX-3"
5.10357190900273e-09,0.169080867122469,0.048,0.069,0.000110752613997268,"2","rpmG-2"
5.99436740785677e-09,-0.38698045863614,0.006,0.014,0.0001300837671179,"2","ycdY-3"
6.15098786259998e-09,-0.549813170087346,0.004,0.011,0.000133482587606282,"2","sgrR-1"
6.33238485075661e-09,-0.449067612303721,0.006,0.015,0.000137419083646269,"2","ybiV-3"
6.42475535105791e-09,-0.71191002693719,0.003,0.011,0.000139423615873308,"2","ybbN-3"
6.48145371352558e-09,-0.427435617997951,0.004,0.012,0.000140654027037219,"2","yebF-3"
6.66794700605175e-09,-0.125145280830469,0.008,0.017,0.000144701117978329,"2","trkH-4"
7.63611003317685e-09,-0.252989300231885,0.006,0.015,0.000165711223829971,"2","yebY-2"
7.64004006441482e-09,-0.867028714834659,0.003,0.01,0.000165796509437866,"2","rna-4"
7.64743833728392e-09,0.422544650595721,0.38,0.418,0.000165957059357398,"2","rplL-3"
7.75083922400191e-09,-0.163700483271544,0.009,0.019,0.000168200962000065,"2","speE-4"
9.35559519628119e-09,0.148770847445125,0.291,0.379,0.000203025771354498,"2","deaD-2"
9.39907702580404e-09,-0.535086464063607,0.004,0.012,0.000203969370536973,"2","yjaG-5"
1.0295554688436e-08,0.196333748791612,0.089,0.117,0.00022342383229375,"2","rplX-1"
1.06779833405727e-08,-0.431490543186869,0.005,0.013,0.000231722916473768,"2","trpS-4"
1.10189117084244e-08,1.68344890920438,0.033,0.022,0.000239121402984518,"2","amiB-3"
1.14260278806893e-08,-0.162219056010811,0.008,0.017,0.000247956231038838,"2","proS-4"
1.1698802618095e-08,-0.41307224337039,0.004,0.012,0.00025387571561528,"2","hemF-4"
1.17790253641134e-08,-0.247328486853329,0.008,0.017,0.000255616629426625,"2","ybbK-5"
1.18261542275516e-08,-0.71237091575971,0.003,0.01,0.000256639372892097,"2","znuB-6"
1.2075491587421e-08,-0.558118658095789,0.004,0.011,0.000262050242938624,"2","yzcX-1"
1.22974928989298e-08,0.109906224208797,0.017,0.029,0.000266867893399675,"2","tolB-4"
1.43145523276861e-08,-0.291819409477486,0.009,0.018,0.000310640100063117,"2","yccW-5"
1.46037885648788e-08,-0.423151213912633,0.004,0.012,0.000316916815646435,"2","yfiE-1"
1.55154068285449e-08,-0.541960406188464,0.004,0.011,0.000336699843586253,"2","argT-5"
1.62842554035485e-08,-0.370629880736658,0.006,0.014,0.000353384626512406,"2","ubiG-1"
1.67398476297445e-08,-0.186647596317087,0.008,0.017,0.000363271433413085,"2","pinR-2"
1.9794035081891e-08,-0.369861953215591,0.004,0.012,0.000429550355312117,"2","ydfG-5"
2.022966898301e-08,0.13789035452263,0.03,0.046,0.0004390040466003,"2","hscB-5"
2.23417328121358e-08,0.170091313323756,0.019,0.031,0.00048483794375616,"2","nhaB-4"
2.23540285733697e-08,-0.710004489542463,0.004,0.011,0.000485104774070695,"2","dgsA-5"
2.32217833370456e-08,-0.79040736639774,0.003,0.01,0.000503935920197226,"2","ybeF-4"
2.52353569911439e-08,-0.463371026284828,0.005,0.013,0.000547632482064813,"2","lolC-3"
2.58136545901322e-08,0.361785660079957,0.024,0.039,0.000560182118260459,"2","thiI-2"
2.58271932559354e-08,-0.202196285923395,0.005,0.012,0.000560475920847054,"2","dctA-4"
2.6320266102306e-08,-0.312433075437424,0.004,0.012,0.000571176094686143,"2","ycgB-2"
2.76364477685475e-08,-0.542598227655776,0.004,0.011,0.000599738553025249,"2","cytR-1"
2.76794861767532e-08,-0.508114200937869,0.005,0.013,0.00060067252952172,"2","arsB-2"
2.86354528783138e-08,0.143216523545474,0.009,0.019,0.000621417962912288,"2","yeeX-4"
3.09009639209842e-08,-0.131909209905785,0.009,0.019,0.000670581818049279,"2","cpxR-4"
3.28813717224259e-08,0.220815601171351,0.017,0.029,0.000713558647748365,"2","sohA-3"
3.33384587620913e-08,-0.163217519556353,0.007,0.015,0.000723477893596144,"2","otsB-1"
3.48000899700879e-08,0.106272585865029,0.013,0.024,0.000755196752440877,"2","rffE-1"
3.48049689850722e-08,0.208763955366275,0.017,0.029,0.000755302631945051,"2","sfcA-5"
3.60838799828763e-08,-0.438402060504626,0.005,0.013,0.000783056279508398,"2","ydhA-4"
4.04662173433881e-08,-0.563896183558566,0.004,0.011,0.000878157382568865,"2","narX-5"
4.0980125621849e-08,0.415559032223144,0.042,0.06,0.000889309706119746,"2","uspE-1"
4.21525788642472e-08,-0.410078792995164,0.006,0.015,0.000914753113933028,"2","yfjD-4"
4.505783860582e-08,0.119499138339158,0.026,0.04,0.0009778001555849,"2","yhaM-1"
4.61661697433083e-08,-0.203855594202296,0.005,0.012,0.00100185204959953,"2","mrdA-4"
5.35321030085729e-08,-0.297447557162446,0.005,0.013,0.00116170016738904,"2","yhcB-1"
5.52520247155864e-08,0.220940226968116,0.138,0.177,0.00119902418835294,"2","rplE-3"
5.74640603077265e-08,-0.42707923735943,0.003,0.01,0.00124702757273797,"2","purL-2"
5.86173149357332e-08,-0.230850528008406,0.004,0.012,0.00127205435142035,"2","ydcN-1"
6.85506142665978e-08,0.226187588894076,0.075,0.099,0.00148761688019944,"2","cspA-3"
7.09816185180418e-08,-0.564015051684889,0.003,0.01,0.00154037210346003,"2","sseA-1"
7.11576874291747e-08,-0.229153589739834,0.005,0.012,0.00154419297490052,"2","yieF-3"
8.20217232783834e-08,0.264087837678697,0.02,0.032,0.0017799534168642,"2","dnaB-5"
8.22791223176262e-08,-0.61802415188106,0.003,0.01,0.00178553923341481,"2","nudC-3"
8.3708144696993e-08,-0.202408623634125,0.004,0.011,0.00181655044806944,"2","pntB-2"
8.71806757283881e-08,-0.182247727656596,0.005,0.012,0.00189190784398175,"2","dcyD-5"
9.21210926432776e-08,-0.277130203111954,0.004,0.011,0.00199911983145177,"2","ydiJ-4"
9.50454688007078e-08,-0.188053451271846,0.006,0.014,0.00206258171844416,"2","lpxL-1"
9.83749231888725e-08,0.324789286826425,0.052,0.072,0.00213483420812172,"2","yfgL-2"
9.9656273599428e-08,-0.413369180252166,0.005,0.013,0.00216264079338119,"2","moeA-3"
1.00173244045661e-07,0.193221833222024,0.021,0.034,0.0021738595690349,"2","racR-4"
1.06353900292876e-07,-0.282320436862249,0.006,0.014,0.0023079859902557,"2","tonB-2"
1.10436484402424e-07,0.22978620041875,0.025,0.038,0.002396582148017,"2","rpoE-4"
1.11806917988345e-07,-0.110730017707484,0.008,0.016,0.00242632192726507,"2","rfaF-1"
1.12743653365479e-07,-0.206671977024136,0.005,0.013,0.00244665002168425,"2","dsbB-1"
1.15822528682691e-07,0.10478809194078,0.037,0.053,0.00251346469494309,"2","rseA-3"
1.16674887877048e-07,-0.318523582570851,0.005,0.012,0.00253196174181981,"2","xerC-5"
1.20783392595927e-07,-0.59971423473548,0.004,0.01,0.00262112040272421,"2","sbmA-3"
1.31339072604763e-07,-0.660576653309524,0.004,0.01,0.00285018921459596,"2","yniB-5"
1.367345683277e-07,-0.549857175247197,0.004,0.011,0.00296727686727941,"2","glmS-1"
1.44122187387788e-07,-0.367991792936934,0.004,0.01,0.00312759558850238,"2","dacD-3"
1.47605381028577e-07,0.135805788062815,0.016,0.026,0.00320318437370115,"2","yciB-2"
1.63713028290537e-07,-0.574934792143611,0.003,0.01,0.00355273642693295,"2","yceA-5"
1.81194595710667e-07,-0.617258172200082,0.004,0.011,0.00393210392151719,"2","hpf-2"
1.89041976256199e-07,-0.642880679766904,0.004,0.01,0.00410239992673577,"2","ybhK-3"
1.89620245596242e-07,-0.226456532334217,0.007,0.015,0.00411494894968405,"2","yjeP-4"
1.99486093718761e-07,0.127913097016405,0.018,0.03,0.00432904771979083,"2","rcsD-1"
2.12473138055389e-07,0.128209076760202,0.012,0.021,0.00461087956893999,"2","ftsX-2"
2.15169823993064e-07,-0.469834411424032,0.004,0.011,0.00466940035047348,"2","btuB-2"
2.36728146748533e-07,0.10951748034462,0.013,0.022,0.00513723751258992,"2","yegW-3"
2.631711303693e-07,0.131724354133956,0.022,0.034,0.00571107670014418,"2","yjjG-5"
2.9095260280082e-07,-0.424821384803231,0.004,0.01,0.00631396243338059,"2","ompR-5"
2.9464069973185e-07,0.127852910429168,0.015,0.025,0.00639399782488088,"2","asmA-3"
3.0461514661212e-07,-0.161168537035686,0.006,0.013,0.00661045329662961,"2","rsmC-4"
3.13592188080864e-07,-0.248132497365267,0.005,0.011,0.00680526407354283,"2","lolE-1"
3.1678766721922e-07,1.77949503013466,0.017,0.01,0.0068746091663243,"2","trg-1"
3.48964298708005e-07,-0.411436322832102,0.003,0.01,0.00757287424626241,"2","yfjL-1"
3.69063548069094e-07,-0.279264683045009,0.004,0.01,0.00800904805664742,"2","yfbB-1"
4.32127267849436e-07,-0.193568244643675,0.006,0.014,0.00937759383960061,"2","ftsB-4"
4.96009972672556e-07,0.172383813827661,0.011,0.02,0.0107639124169671,"2","prmB-5"
4.99876461487297e-07,0.112508064705974,0.014,0.024,0.0108478190907358,"2","pncB-4"
5.2057793042355e-07,-0.367574628501407,0.004,0.01,0.0112970616681215,"2","yfcY-1"
5.61039014634199e-07,0.274222840333493,0.008,0.016,0.0121751076565768,"2","pitA-3"
5.6384194981254e-07,-0.169157288308462,0.008,0.016,0.0122359341528819,"2","mscS-4"
5.8214876311097e-07,0.439750462179779,0.011,0.02,0.0126332103082712,"2","yggW-5"
6.1757651646025e-07,-0.136821442381365,0.007,0.015,0.0134020279837039,"2","tatC-3"
6.26428294309804e-07,-0.535555946317919,0.004,0.01,0.0135941204148171,"2","uspA-1"
7.11081862864008e-07,-0.200634091815339,0.005,0.012,0.0154311875060118,"2","yjtD-2"
7.39809557744754e-07,-0.180030521066869,0.006,0.014,0.0160546072126189,"2","zntR-6"
7.41841994243692e-07,-0.402799769762495,0.004,0.01,0.0160987131170824,"2","ylaB-4"
7.59481068019633e-07,-0.221937709855707,0.005,0.012,0.0164814986570941,"2","yliJ-3"
8.4152281398949e-07,-0.298768564002427,0.005,0.011,0.0182618865863859,"2","iap-1"
8.92997299192357e-07,-0.160110057085128,0.009,0.017,0.0193789343897733,"2","yhdL-5"
9.07095585048418e-07,-0.269973391138267,0.006,0.012,0.0196848812911357,"2","ydiY-1"
9.43642392025107e-07,-0.201719072445313,0.007,0.014,0.0204779835493368,"2","yabP-5"
1.10200769732793e-06,-0.362440616073006,0.004,0.01,0.0239146690397135,"2","yfgD-4"
1.29267855027752e-06,-0.235477873706716,0.005,0.012,0.0280524172195725,"2","pgsA-1"
1.33604568322125e-06,0.107900970340961,0.005,0.012,0.0289935273715844,"2","pbpG-4"
1.34082132710593e-06,-0.106557481290947,0.006,0.013,0.0290971636195257,"2","yccS-1"
1.37740196851892e-06,0.342576160826261,0.019,0.029,0.0298910001188291,"2","crl-3"
1.3782498295382e-06,0.339143787103091,0.018,0.029,0.0299093995508085,"2","recQ-4"
1.4689041288712e-06,-0.126645143494905,0.005,0.011,0.031876688500634,"2","rrmA-1"
1.50798204448672e-06,-0.270834173683502,0.005,0.011,0.0327247183474064,"2","kefB-4"
1.58791790476628e-06,0.456699025651639,0.022,0.033,0.034459406451333,"2","ftsK-5"
1.6059850473732e-06,-0.442957596716721,0.004,0.01,0.0348514815130458,"2","yibQ-1"
1.63482418590651e-06,0.420234433102783,0.063,0.083,0.0354773196583571,"2","pspA-1"
2.30035201298066e-06,0.101077396071599,0.012,0.02,0.0499199390336933,"2","ihfB-4"
2.50608015357984e-06,0.160578747260635,0.012,0.02,0.0543844454128361,"2","evgA-4"
2.69890216706766e-06,0.188935442554693,0.018,0.028,0.0585688759275354,"2","mdtI-4"
2.70004958593337e-06,0.348755899980684,0.012,0.021,0.0585937760643402,"2","ydhJ-3"
3.0820477526705e-06,0.259316650493467,0.007,0.014,0.0668835182807025,"2","dmsD-1"
3.10445188976827e-06,0.27895383338982,0.034,0.048,0.0673697104598612,"2","ispU-3"
3.50484027778893e-06,-0.235783912308466,0.005,0.011,0.0760585388682976,"2","yheU-4"
3.76166778671138e-06,0.253881943607083,0.177,0.222,0.0816319526394235,"2","rplA-1"
4.18050116765633e-06,-0.105424653362654,0.009,0.016,0.09072105583931,"2","ruvA-1"
4.44399660296219e-06,0.278769699430026,0.03,0.042,0.0964391702808825,"2","secY-2"
4.54554824785512e-06,-0.294246747587323,0.005,0.011,0.098642942526704,"2","fabR-3"
5.08937317787002e-06,0.266575168514998,0.011,0.019,0.110444487332957,"2","cmk-1"
5.5063230444349e-06,0.121340860267263,0.009,0.017,0.119492716387282,"2","uup-5"
5.66218979659035e-06,0.116683182162277,0.015,0.024,0.122875180775807,"2","oppD-3"
6.00586697619827e-06,0.416993638654576,0.01,0.018,0.130333319250479,"2","ycfQ-5"
6.52472702369379e-06,-0.22071165821585,0.008,0.015,0.141593101141179,"2","galF-4"
6.84834379838165e-06,0.199777457641579,0.022,0.032,0.14861590876868,"2","yfjN-5"
7.12549540917301e-06,0.198648924352462,0.008,0.014,0.154630375874464,"2","rnhB-5"
7.1798164875735e-06,-0.139821155001201,0.005,0.01,0.155809197596833,"2","yggS-5"
7.75002109794708e-06,1.4702037417406,0.036,0.027,0.16818320784655,"2","parC-1"
8.07098464671732e-06,0.436611476832144,0.028,0.04,0.175148437818412,"2","potA-3"
8.97994499039842e-06,1.47744796580231,0.017,0.011,0.194873786236636,"2","yceD-2"
9.57139327514562e-06,0.154664875072061,0.008,0.015,0.207708805463935,"2","truD-2"
9.67449057756075e-06,0.335554331467954,0.075,0.096,0.209946120023646,"2","lepA-2"
9.99591427221155e-06,0.105683847783064,0.006,0.012,0.216921335621263,"2","ptrB-3"
1.06734990879057e-05,-0.141883766792236,0.005,0.01,0.231625603706642,"2","kefG-5"
1.10175598762263e-05,-0.206566129400063,0.005,0.011,0.239092066873986,"2","fliC-5"
1.12743225345375e-05,1.55585532452191,0.018,0.012,0.244664073321999,"2","rpsQ-3"
1.18800145417085e-05,0.161046380831225,0.008,0.015,0.257808195569617,"2","hemX-4"
1.22745755614193e-05,-0.278440196287399,0.005,0.01,0.266370564258361,"2","cvrA-4"
1.35491515427794e-05,0.190306330228665,0.011,0.018,0.294030137629857,"2","yejK-5"
1.39351269163708e-05,0.148577876812098,0.013,0.021,0.302406189212162,"2","purU-5"
1.4298107792429e-05,0.218722415191384,0.011,0.019,0.310283237203503,"2","rep-3"
1.49513925509747e-05,0.586077587883685,0.025,0.036,0.324460169748703,"2","gidB-4"
1.50113696102742e-05,0.486252929292947,0.008,0.015,0.32576173191256,"2","yeaG-2"
1.63940912478979e-05,1.49345792937094,0.01,0.005,0.355768174170633,"2","dnaN-3"
1.70649204348509e-05,0.48789176261714,0.017,0.026,0.370325838356699,"2","slyD-4"
1.71974343957212e-05,0.310364596193899,0.109,0.136,0.373201523821545,"2","rplI-2"
1.74219430596223e-05,-0.348014493187349,0.005,0.01,0.378073586336863,"2","argF-3"
2.00045986842785e-05,0.210220890447432,0.013,0.02,0.434119796047527,"2","puuR-5"
2.04062238868774e-05,0.425832417610869,0.013,0.021,0.442835464569127,"2","yfhA-2"
2.08890219096211e-05,0.276542891243579,0.03,0.042,0.453312664460688,"2","yfgB-2"
2.20223502055198e-05,0.195531425039507,0.018,0.027,0.477907021809985,"2","hslO-4"
2.28541723880654e-05,1.52114003610931,0.028,0.02,0.495958394993408,"2","yebG-4"
2.32749368087724e-05,0.2539456755183,0.013,0.021,0.50508940368717,"2","ydhR-5"
2.33180217139493e-05,0.364120126757166,0.042,0.055,0.506024389214414,"2","fabZ-2"
2.66175379689371e-05,0.252927977501066,0.017,0.025,0.577627191463905,"2","rpsF-5"
2.80140302836788e-05,0.283417637583717,0.025,0.036,0.607932471186115,"2","rpoC-5"
3.40435203763723e-05,-0.41310308275363,0.005,0.01,0.738778435687654,"2","ycgF-5"
3.85814382186605e-05,0.259938476372276,0.014,0.022,0.837255790783151,"2","ruvB-4"
3.95087017438673e-05,0.100521149231484,0.012,0.019,0.857378336543664,"2","minD-4"
4.06689007637031e-05,0.156122147127488,0.011,0.017,0.882555815473121,"2","pgpB-3"
4.10808160435801e-05,0.213234737237307,0.014,0.022,0.891494788961732,"2","yhbE-5"
4.72670020628769e-05,0.37678516908051,0.029,0.039,1,"2","cdsA-1"
5.10272651954127e-05,0.321867202083725,0.007,0.013,1,"2","yeiH-3"
5.3241478549279e-05,0.17195679669407,0.006,0.011,1,"2","ydaF-2"
6.02044695310343e-05,0.47067534280504,0.021,0.031,1,"2","gshA-4"
6.06365293825135e-05,0.312610515605737,0.105,0.129,1,"2","rplF-3"
6.40536029095013e-05,0.308827488016472,0.014,0.021,1,"2","fieF-3"
6.95829419190001e-05,0.392283192613935,0.048,0.061,1,"2","msbA-4"
7.30742610561321e-05,0.2441020969406,0.015,0.022,1,"2","puuB-5"
7.57185505104384e-05,-0.12172215320046,0.005,0.01,1,"2","rof-3"
7.70181835671837e-05,0.467240156947631,0.018,0.027,1,"2","dedA-1"
8.05589797607021e-05,0.150146520216177,0.009,0.015,1,"2","chaC-1"
8.55506471413008e-05,0.241888080878349,0.015,0.022,1,"2","der-3"
8.58309610334028e-05,0.192742785384413,0.007,0.012,1,"2","ddlA-4"
8.65390953001378e-05,0.337433827036874,0.014,0.021,1,"2","yciS-1"
9.80068240653425e-05,0.182593626168618,0.009,0.016,1,"2","yfbU-3"
0.000110165582994289,0.416463608810769,0.007,0.013,1,"2","yggL-5"
0.000117804930796322,0.932021054317935,0.02,0.014,1,"2","tufB-2"
0.000121731939007238,0.163112501802604,0.007,0.012,1,"2","cirA-1"
0.000129051064548691,0.365646231905076,0.007,0.012,1,"2","glcC-5"
0.000135617515951014,0.169263776388971,0.008,0.014,1,"2","degP-2"
0.00014274844438094,0.196785594830343,0.01,0.016,1,"2","prfC-2"
0.000144391065342774,0.352536129790781,0.133,0.162,1,"2","infB-3"
0.000145080097663344,0.623379046641282,0.012,0.018,1,"2","potD-5"
0.000151334327177146,0.422744973736466,0.065,0.081,1,"2","rplC-3"
0.000152185718318678,0.440279538278744,0.013,0.02,1,"2","lrp-2"
0.000153698961249037,1.37504319578414,0.024,0.017,1,"2","cspB-3"
0.000154562435524017,0.371771982557624,0.011,0.018,1,"2","accD-3"
0.000154594992775126,0.300222591791997,0.009,0.015,1,"2","ybdR-2"
0.00016027961676484,0.282892593927716,0.008,0.013,1,"2","trmA-2"
0.000164192135811309,0.301742132735183,0.008,0.013,1,"2","mdtK-4"
0.00016958484596933,0.254000155812559,0.024,0.033,1,"2","rpsU-3"
0.00016972609637723,0.699641031790153,0.136,0.128,1,"2","fis-1"
0.000180192570283032,0.1523320097717,0.007,0.012,1,"2","yfiC-4"
0.000183503682657132,0.545673306241321,0.015,0.022,1,"2","rraA-5"
0.000193927332443568,0.177895693058477,0.005,0.01,1,"2","hybC-2"
0.000209138735514745,0.270728870127322,0.024,0.033,1,"2","rpsH-3"
0.000214224337339837,0.374663614636289,0.01,0.016,1,"2","proQ-3"
0.000225920654185459,0.312914820523196,0.006,0.01,1,"2","hemG-3"
0.000230961968083216,0.584035317139418,0.054,0.068,1,"2","ompC-3"
0.000235286261440355,0.113460541218322,0.006,0.01,1,"2","yfcO-3"
0.000253781859665067,0.178571213926208,0.01,0.016,1,"2","lolA-2"
0.000260483791147576,0.121620473698975,0.008,0.013,1,"2","mdlA-2"
0.000267361731284954,0.498807284722719,0.024,0.033,1,"2","dfp-4"
0.000267863365865339,1.59219288842973,0.013,0.009,1,"2","sufS-2"
0.000277695483858302,0.333256735952419,0.05,0.063,1,"2","yfjO-5"
0.000297053218256097,0.194619695370765,0.01,0.015,1,"2","yceG-2"
0.000299097084282244,0.263387737402324,0.009,0.014,1,"2","ydbA-12"
0.0003012704918224,-0.162641966101664,0.006,0.011,1,"2","ribA-4"
0.000319806228226465,0.470993792399021,0.015,0.021,1,"2","recA-5"
0.000396732510369216,0.346679998437368,0.006,0.01,1,"2","mutS-5"
0.000409978191100238,0.583341002385735,0.009,0.015,1,"2","hemY-4"
0.000422602074268787,0.336416816573948,0.007,0.012,1,"2","bglA-3"
0.000422705319612217,0.65939839627817,0.05,0.064,1,"2","lpxP-2"
0.000441425135831005,0.348146627885509,0.012,0.018,1,"2","ydeA-5"
0.000463048392629429,0.203329866274408,0.246,0.299,1,"2","nlpI-3"
0.000467456919686792,-0.187371813382557,0.006,0.01,1,"2","yjgA-3"
0.000495298650602856,0.200427219960801,0.006,0.01,1,"2","rumA-4"
0.000529880176818341,0.648323671549592,0.012,0.018,1,"2","cycA-4"
0.000551932403370114,0.66025599984997,0.008,0.013,1,"2","fecI-5"
0.000617092072853111,0.478171981835355,0.018,0.025,1,"2","gltI-1"
0.000694611986472639,0.225740104177714,0.011,0.016,1,"2","pfkA-2"
0.000708208658041253,0.238504768897499,0.007,0.011,1,"2","insK-5"
0.000748989905650397,1.720122752639,0.018,0.013,1,"2","sulA-5"
0.000773773580349008,0.210462950302082,0.015,0.021,1,"2","yhbC-5"
0.000797971392773774,0.240101466310176,0.006,0.01,1,"2","lysP-1"
0.000869728140225144,0.34636757503036,0.013,0.018,1,"2","ygfB-4"
0.00089252151944627,0.234987890811116,0.006,0.011,1,"2","glgB-5"
0.000965443529098948,1.44090778966455,0.043,0.036,1,"2","sufD-2"
0.00105343860777721,0.638307216580821,0.045,0.056,1,"2","gyrB-3"
0.001085677571029,0.390338130920813,0.006,0.01,1,"2","yeiP-5"
0.00110193010588441,0.249366734946469,0.012,0.017,1,"2","spr-5"
0.00113063329274583,0.404233905221003,0.008,0.013,1,"2","rhtC-5"
0.00117152886351198,0.29081901334584,0.007,0.011,1,"2","rplU-2"
0.00126061385304929,0.521641820041328,0.012,0.018,1,"2","bcsE-5"
0.00131654650533657,0.17186537497535,0.007,0.011,1,"2","smpB-1"
0.00135590030063378,0.40731052299717,0.01,0.015,1,"2","yecA-3"
0.0013813656859276,0.446025449436981,0.008,0.013,1,"2","pldB-5"
0.00146213453566799,0.689656798896849,0.051,0.063,1,"2","alaS-2"
0.00146259059795262,0.213115440208008,0.008,0.013,1,"2","yrfG-3"
0.00148341230082086,0.256525860780125,0.007,0.011,1,"2","yafO-4"
0.00153315315316742,0.260598045177753,0.012,0.018,1,"2","yeeF-3"
0.00154193795063743,0.532553395154444,0.007,0.011,1,"2","cdd-4"
0.00166672701918721,0.268727555674524,0.008,0.012,1,"2","modA-5"
0.00173866573876346,0.270909187044652,0.011,0.016,1,"2","dps-5"
0.00183517803770403,0.367375608271983,0.008,0.012,1,"2","hpt-3"
0.00185209450782828,0.213132595087455,0.014,0.019,1,"2","rem-3"
0.00196505548978759,0.58072925440952,0.017,0.023,1,"2","yfiN-2"
0.00202467152943744,0.307145621399619,0.007,0.011,1,"2","plsC-5"
0.00203762684927758,0.30597451645884,0.006,0.01,1,"2","yobA-1"
0.0021326570548105,0.436605024953886,0.018,0.024,1,"2","dinJ-5"
0.00232332298543255,0.705196040560991,0.031,0.039,1,"2","ompX-5"
0.00251850246975943,0.299371237761416,0.008,0.012,1,"2","rsxA-4"
0.00259593611385194,0.399991124291627,0.008,0.012,1,"2","cydC-4"
0.00266800349604048,0.283852977888106,0.006,0.01,1,"2","mnmA-5"
0.00275244759337305,0.698176461899535,0.028,0.036,1,"2","glnL-3"
0.0028053082404806,0.293327104417622,0.01,0.015,1,"2","ftsI-2"
0.00284489789272858,0.477906107713319,0.009,0.013,1,"2","ydhS-1"
0.00288651492700825,0.425668898505887,0.009,0.013,1,"2","yjbJ-5"
0.00294160549286084,0.307916200232703,0.022,0.029,1,"2","greA-4"
0.00296634203582394,0.351238132402889,0.006,0.01,1,"2","thiC-1"
0.00327654247494089,0.27193283257646,0.054,0.065,1,"2","oppA-3"
0.00344033940552052,0.418219061060803,0.009,0.013,1,"2","yohN-3"
0.00344671261451093,0.338975118869904,0.011,0.015,1,"2","pth-4"
0.00345056336537233,0.275666964288596,0.006,0.01,1,"2","gltJ-4"
0.00361485280553504,0.245335564777161,0.008,0.012,1,"2","mukE-3"
0.00418252898703575,0.478011016934085,0.014,0.019,1,"2","ydhQ-4"
0.00431727171360789,0.459017215365932,0.01,0.015,1,"2","ymcC-4"
0.00459217019693622,0.568304751870904,0.013,0.018,1,"2","ycjG-1"
0.00469031248115323,0.529114380764267,0.01,0.015,1,"2","ftsA-5"
0.00491968557935579,0.600920685204648,0.015,0.021,1,"2","ydcM-1"
0.00508373197063704,0.519799649689164,0.024,0.03,1,"2","ynaJ-4"
0.00526088721149884,0.682129537743075,0.033,0.027,1,"2","rplJ-2"
0.00591763808010756,0.310548786217337,0.013,0.017,1,"2","relE-5"
0.00596477643225588,0.373218612287352,0.007,0.011,1,"2","ycbJ-2"
0.00614068346445722,0.296015961630625,0.011,0.015,1,"2","ybjX-3"
0.00617164572166846,0.3265548951919,0.008,0.012,1,"2","minC-2"
0.00652934950028898,0.187480141800644,0.007,0.01,1,"2","thiF-1"
0.00675267184770415,0.715285131947814,0.027,0.034,1,"2","ttk-3"
0.00734089719851746,0.943148085946461,0.035,0.029,1,"2","glnH-5"
0.00802535196744369,0.571995287147479,0.049,0.059,1,"2","rplO-1"
0.00837400376784248,1.66002504986553,0.014,0.01,1,"2","pstS-5"
0.00848059790722781,0.395491424569619,0.009,0.013,1,"2","yoeB-6"
0.00858722071080033,0.218354775833072,0.009,0.013,1,"2","rpsR-4"
0.00913678575583382,0.572686367412207,0.007,0.011,1,"2","ruvC-3"
0.00918626274219505,0.714422139932748,0.013,0.018,1,"2","ylaC-5"
0.00932388849528437,0.231759010907631,0.006,0.01,1,"2","ssb-1"
0.00941037225559568,0.296618474274886,0.009,0.012,1,"2","proY-5"
0.00943284939579035,0.447886067455299,0.007,0.01,1,"2","yebU-2"
0.00995466955736037,0.970809599621717,0.015,0.011,1,"2","rpsC-2"
1.96999973228983e-167,1.13742883077501,0.275,0.107,4.27509641904216e-163,"8","nusA-2"
7.45835574635874e-159,1.57194332178506,0.168,0.051,1.61853778051731e-154,"8","rplO-1"
1.2739619909278e-125,1.17897393974998,0.108,0.028,2.76462491651241e-121,"8","rplV-5"
6.32635471080701e-111,0.855707405500708,0.274,0.127,1.37288223579223e-106,"8","kgtP-4"
6.94477732470278e-83,1.25208742493489,0.138,0.054,1.50708612723375e-78,"8","zntA-6"
2.97246170662859e-82,1.6348103347181,0.088,0.027,6.4505391495547e-78,"8","rplN-4"
6.45761137902202e-81,1.06023989118495,0.175,0.077,1.40136624536157e-76,"8","ahpF-1"
6.12344045891816e-74,0.684349859047988,0.214,0.104,1.32884781398983e-69,"8","ygiS-3"
8.82196818035752e-64,0.590276564318106,0.146,0.064,1.91445531481939e-59,"8","truB-2"
1.70803297031388e-62,1.17595924421642,0.08,0.026,3.70660234887814e-58,"8","phoR-3"
7.83964516100699e-60,0.676812529985385,0.238,0.131,1.70128139639013e-55,"8","dnaK-4"
2.28922598937705e-58,0.342130675229261,0.457,0.298,4.96784931954714e-54,"8","rpsA-3"
2.93282248138209e-56,1.36135186823381,0.048,0.013,6.36451806684727e-52,"8","tufA-5"
5.94194059979983e-48,1.48391868678048,0.04,0.01,1.28946052956256e-43,"8","yceD-2"
6.31410951981645e-48,0.495868634033715,0.278,0.17,1.37022490689537e-43,"8","rplT-4"
2.44100142876105e-47,1.47108532166135,0.063,0.022,5.29721720055436e-43,"8","rpsF-5"
1.12261700104399e-43,0.590510249607301,0.056,0.018,2.43619115396556e-39,"8","mltD-1"
1.18602963261001e-43,0.19469399851377,0.572,0.402,2.57380290572699e-39,"8","rplL-3"
1.15381717716328e-42,0.423334159496787,0.309,0.201,2.50389865616204e-38,"8","ahpC-5"
2.73936645133569e-42,0.87553765638832,0.109,0.051,5.94469913604358e-38,"8","gyrB-3"
1.56038192936256e-40,1.12449056795494,0.05,0.016,3.38618482490969e-36,"8","ycdO-4"
3.77615511130525e-38,1.12954776495509,0.076,0.032,8.19463420704352e-34,"8","rseP-4"
7.09092403086886e-37,1.18892500769927,0.062,0.024,1.53880142393885e-32,"8","dsbC-5"
1.56829710640664e-36,0.986992770977416,0.093,0.044,3.40336155061304e-32,"8","hscA-1"
1.0832672661578e-35,0.233287265940193,0.298,0.193,2.35079829428905e-31,"8","cspG-3"
5.08673922530381e-35,-2.55649523193514,0.029,0.094,1.10387327928318e-30,"8","fimI-4"
1.47504074350921e-34,0.251792260404882,0.2,0.118,3.20098591748934e-30,"8","obgE-4"
5.12283353128364e-34,0.35220882766173,0.138,0.074,1.11170610462386e-29,"8","rplD-2"
7.59965184828081e-34,0.611904186634454,0.078,0.035,1.64920044759542e-29,"8","phoH-1"
6.70177604114063e-33,0.330350967020467,0.296,0.198,1.45435241868793e-28,"8","glpD-2"
8.51441965975777e-33,0.172253347416663,0.496,0.358,1.84771421036403e-28,"8","deaD-2"
1.16295177556359e-32,0.501851023667546,0.138,0.076,2.52372164815055e-28,"8","pspA-1"
5.48679709151829e-31,1.09220942968287,0.033,0.01,1.19068983683038e-26,"8","pstC-5"
1.62994399743542e-30,0.314429150119535,0.273,0.184,3.53714146883461e-26,"8","pyrG-5"
5.89297319121105e-30,0.527492859686486,0.142,0.081,1.27883411222471e-25,"8","mntH-3"
1.17750140049652e-27,0.796645502361573,0.053,0.022,2.55529578921749e-23,"8","amiB-3"
1.23515014301133e-27,0.203211862634422,0.234,0.153,2.68039932534889e-23,"8","infB-3"
5.09578510307467e-27,0.882679541415081,0.074,0.035,1.10583632521823e-22,"8","ompX-5"
1.22841540821408e-26,0.292647627622811,0.124,0.07,2.66578427736537e-22,"8","bax-4"
6.90110151327714e-24,0.64237084625383,0.163,0.106,1.49760803939627e-19,"8","ibpA-2"
4.43413546759625e-22,0.11621029241619,0.211,0.141,9.62251737823062e-18,"8","rpsK-2"
6.00237135330938e-21,0.110276916856006,0.294,0.21,1.30257460738167e-16,"8","rplA-1"
1.20016201490529e-19,1.2619349179324,0.049,0.023,2.60447158854598e-15,"8","prmC-3"
1.2557749782452e-19,0.752551442946162,0.04,0.017,2.72515728028992e-15,"8","kefA-3"
1.59755275834726e-19,0.117684954905271,0.327,0.241,3.46684924088939e-15,"8","rplR-2"
7.93972039832764e-19,-2.64692602331907,0.019,0.056,1.72299872364108e-14,"8","fimA-4"
1.07215994565051e-18,0.483250123135698,0.091,0.053,2.32669429805617e-14,"8","znuA-2"
1.50382206703988e-18,0.120063360885328,0.054,0.026,3.26344426768325e-14,"8","rplJ-2"
1.67879723336296e-18,0.144931478407361,0.214,0.149,3.64315787612096e-14,"8","rpsI-1"
1.68748040216066e-18,0.911637205190425,0.065,0.034,3.66200122072884e-14,"8","fur-1"
2.95076074083043e-18,0.138385562648418,0.181,0.122,6.40344588367611e-14,"8","yidC-1"
4.76843730447786e-18,0.145631749590803,0.145,0.094,1.03479857944474e-13,"8","lpxC-2"
5.27144710606492e-18,-3.64918755080073,0.009,0.04,1.14395673648715e-13,"8","fimC-5"
5.47065122294429e-18,0.174318085921711,0.122,0.076,1.18718602189114e-13,"8","rplC-3"
1.0871821535369e-17,0.789110710174005,0.034,0.014,2.35929399139042e-13,"8","accB-2"
3.51521228328338e-17,0.427975322390931,0.048,0.023,7.62836217595327e-13,"8","rplW-1"
2.22646364459022e-16,0.244449587959349,0.054,0.028,4.83164875512523e-12,"8","mqsR-4"
1.10438283022646e-15,0.214502709777298,0.054,0.028,2.39662117987443e-11,"8","glnH-5"
1.34304081621846e-15,-1.26939920524415,0.02,0.053,2.91453287527568e-11,"8","aroF-1"
1.4618892023442e-15,0.801649905956764,0.036,0.017,3.17244575800715e-11,"8","map-3"
2.81127095593588e-15,0.823363302027521,0.044,0.022,6.10073910147644e-11,"8","insJ-2"
3.90127715333613e-15,0.204094455492455,0.093,0.057,8.46616155045473e-11,"8","msbA-4"
4.04462303501924e-15,1.03209044110311,0.032,0.014,8.77723644829525e-11,"8","dps-5"
4.68305686562284e-15,0.841635142889808,0.049,0.026,1.01627017040881e-10,"8","recQ-4"
6.02461700974478e-15,0.199686797374614,0.284,0.219,1.30740213728471e-10,"8","purA-5"
7.89709067765516e-15,0.789122605154029,0.023,0.009,1.71374764795795e-10,"8","sufS-2"
1.1711638904007e-14,0.845946538149704,0.015,0.005,2.54154275855855e-10,"8","dusB-5"
1.22146880268449e-14,0.111534339974015,0.056,0.03,2.65070944870561e-10,"8","ompA-4"
1.41966738014727e-14,0.464983282929409,0.063,0.035,3.08082018165759e-10,"8","sufD-2"
3.09712525432265e-14,0.130844190880453,0.152,0.105,6.72107151440558e-10,"8","yafQ-3"
3.80068490944529e-14,0.922906833497193,0.032,0.014,8.24786632198722e-10,"8","atpE-4"
4.13514224784678e-14,0.562501517075165,0.026,0.011,8.97367219205229e-10,"8","rtcB-1"
4.21104108651563e-14,-1.31399080258805,0.02,0.051,9.13838026184756e-10,"8","nagA-1"
6.24030870600113e-14,0.741287763286891,0.044,0.022,1.3542093922893e-09,"8","gltI-1"
8.0602863804037e-14,-1.10883315964167,0.023,0.055,1.74916274741141e-09,"8","icdC-3"
8.26950103325726e-14,0.123159879665339,0.161,0.113,1.79456441922716e-09,"8","rpoA-2"
1.24227395012095e-13,0.121529553241273,0.144,0.099,2.69585869915748e-09,"8","rpmD-2"
2.19296425286523e-13,-1.97405407541592,0.005,0.027,4.75895172514283e-09,"8","yeaR-5"
2.33710674837477e-13,0.334949412959789,0.06,0.034,5.07175535464809e-09,"8","rpoE-4"
3.89362901112317e-13,0.186485139561576,0.09,0.057,8.4495643170384e-09,"8","rpsD-1"
7.67765820379872e-13,-2.0971220132762,0.01,0.033,1.66612860680636e-08,"8","ldhA-5"
7.98465619987435e-13,0.270207479210687,0.079,0.049,1.73275024193473e-08,"8","rseA-3"
8.08291776986627e-13,1.04891889898304,0.025,0.011,1.75407398523868e-08,"8","hpt-3"
1.35554534046565e-12,0.119859812192628,0.269,0.209,2.94166894334451e-08,"8","spoT-1"
1.39895158592639e-12,0.964795294553874,0.023,0.01,3.03586483661886e-08,"8","rplU-2"
1.40594771596613e-12,0.822998194503411,0.03,0.014,3.05104713841809e-08,"8","pth-4"
1.84834417502726e-12,0.178716332391395,0.228,0.175,4.01109169422666e-08,"8","rho-3"
1.98029052699517e-12,0.388414923827777,0.097,0.064,4.29742847263222e-08,"8","ompC-3"
2.1116817204135e-12,0.128727420503079,0.285,0.224,4.58256050146934e-08,"8","guaB-2"
4.63358246051476e-12,0.115586188219225,0.062,0.036,1.00553372975631e-07,"8","cdsA-1"
5.41819526679443e-12,-0.971563405993328,0.019,0.046,1.17580255484706e-07,"8","copA-2"
5.41914064681318e-12,0.374387224216422,0.053,0.03,1.17600771176493e-07,"8","rpsH-3"
7.10080416083057e-12,0.789482436832893,0.028,0.013,1.54094551094184e-07,"8","yfhJ-4"
7.92413644592249e-12,0.470792053569409,0.045,0.025,1.71961685012964e-07,"8","yrbL-1"
8.48101385690343e-12,0.372265372654416,0.09,0.059,1.84046481708661e-07,"8","alaS-2"
1.77941482423743e-11,0.161545617921435,0.132,0.093,3.86150811007764e-07,"8","marR-3"
1.77954878695688e-11,0.666145499895349,0.034,0.017,3.86179882257513e-07,"8","cspB-3"
2.45968791628429e-11,0.693541280743746,0.023,0.01,5.33776874712855e-07,"8","iscS-5"
3.65530744969923e-11,0.760365876988964,0.049,0.028,7.93238269659231e-07,"8","gshA-4"
4.72105953413152e-11,0.706239626022611,0.037,0.02,1.02451712950188e-06,"8","rraB-5"
6.95434539621166e-11,-1.54126743263242,0.012,0.033,1.50916249443189e-06,"8","ycjX-2"
6.96653281795442e-11,0.595277856678463,0.037,0.02,1.51180728682429e-06,"8","dusA-4"
7.58403915972897e-11,0.880151902415849,0.02,0.008,1.64581233805278e-06,"8","fadD-3"
8.00971185584668e-11,0.567651278615083,0.038,0.02,1.73818756983729e-06,"8","yebG-4"
8.88172114875178e-11,0.329911213679716,0.099,0.068,1.92742230649062e-06,"8","exbD-2"
1.29612174060078e-10,0.292682292857684,0.055,0.033,2.81271378927775e-06,"8","rpoC-5"
2.53449021846181e-10,-1.49705426515076,0.01,0.03,5.50009722308397e-06,"8","pepD-1"
2.74782468116881e-10,0.313166326888521,0.049,0.029,5.96305434060443e-06,"8","rluB-4"
3.59095884883802e-10,0.415806179508139,0.014,0.005,7.79273979786338e-06,"8","ycjM-4"
4.2648893106146e-10,-4.55139406690885,0.002,0.016,9.25523629296475e-06,"8","fimD-2"
4.27458439127604e-10,0.744427186402428,0.027,0.013,9.27627558750813e-06,"8","ftsA-5"
6.27631598040468e-10,0.105697066131122,0.046,0.027,1.36202333090762e-05,"8","greA-4"
6.91000256487053e-10,0.305766187070794,0.105,0.074,1.49953965660255e-05,"8","hns-2"
7.51983127665071e-10,0.74426522961689,0.018,0.008,1.63187858534597e-05,"8","sbcB-2"
7.89133232181544e-10,0.937454230252349,0.012,0.004,1.71249802715717e-05,"8","ycdB-1"
9.96303210742356e-10,0.87345998556667,0.031,0.017,2.16207759763199e-05,"8","ygfB-4"
1.0442940063841e-09,-0.844615102964688,0.038,0.066,2.26622242325415e-05,"8","yfiD-3"
1.28131999611808e-09,-1.36065186735056,0.009,0.026,2.78059252357584e-05,"8","fabB-5"
1.34570387672607e-09,0.429695496450904,0.037,0.02,2.92031198288326e-05,"8","ycbL-3"
1.60299784866435e-09,0.952971840846872,0.01,0.003,3.4786656313865e-05,"8","rpmA-5"
1.63669153777713e-09,-1.42279403194685,0.012,0.032,3.55178430613014e-05,"8","gltB-3"
2.12653446441921e-09,0.144860431055907,0.047,0.028,4.61479244123613e-05,"8","rpoS-1"
2.15227281034245e-09,0.261393687815087,0.047,0.028,4.67064722572415e-05,"8","rluD-3"
2.2760135962446e-09,0.778541492936353,0.019,0.008,4.9391771052104e-05,"8","gltJ-4"
2.3288113183968e-09,0.318497235005782,0.025,0.012,5.05375344205289e-05,"8","rpsQ-3"
2.59656546125943e-09,0.968350753445161,0.022,0.011,5.63480670747909e-05,"8","yeaY-4"
3.12010879340686e-09,0.161094492643446,0.077,0.052,6.77094809257222e-05,"8","fabZ-2"
3.14275927481513e-09,-1.17568539045011,0.022,0.044,6.82010190227632e-05,"8","nagB-3"
3.40263396406122e-09,0.425266040735053,0.029,0.015,7.38405596540926e-05,"8","glnP-4"
4.33016454241421e-09,0.140346385505252,0.084,0.057,9.39689007349307e-05,"8","yhaO-1"
4.42693653164868e-09,0.144187531260592,0.084,0.057,9.6068949673308e-05,"8","rplS-1"
5.10490460877972e-09,0.504708327606139,0.017,0.007,0.000110781534915129,"8","ygaC-5"
5.35982735344464e-09,0.562291431983433,0.05,0.031,0.000116313613397102,"8","dfp-4"
5.45273103883261e-09,0.581921700759678,0.022,0.011,0.000118329716273706,"8","raiA-1"
5.48471814267241e-09,0.914253008111367,0.012,0.005,0.000119023868414134,"8","dkgB-3"
5.71657320969183e-09,1.21877460238766,0.01,0.003,0.000124055355223523,"8","umuC-1"
6.06342548733886e-09,-0.543697131895319,0.135,0.176,0.000131582396500741,"8","groL-5"
6.59563374285787e-09,0.753792247116049,0.029,0.015,0.000143131847853759,"8","mglB-1"
6.7512034226534e-09,0.356771510401961,0.052,0.032,0.000146507865475001,"8","ttk-3"
6.98675870710799e-09,0.136629753308131,0.143,0.108,0.000151619650702951,"8","rplQ-4"
7.07444815495017e-09,0.624883675306496,0.012,0.004,0.000153522599410574,"8","aslB-4"
8.15824607624417e-09,0.410474521406821,0.065,0.042,0.000177042098100575,"8","ychQ-5"
9.86323115203415e-09,0.298698284475584,0.073,0.049,0.000214041979230293,"8","aspS-5"
1.12709739754104e-08,1.14726602102283,0.01,0.004,0.000244591406240382,"8","tsf-3"
1.36294052706096e-08,-1.44157573708797,0.014,0.033,0.000295771723777499,"8","aspC-1"
1.4171852485521e-08,0.476560632469102,0.012,0.005,0.000307543370788291,"8","rpmE-2"
1.914306918911e-08,0.336568719930508,0.014,0.006,0.000415423744472877,"8","ypdH-5"
3.26933565045119e-08,-1.48839525189961,0.011,0.027,0.000709478529504414,"8","grpE-4"
3.39592338255746e-08,-0.854223664222559,0.031,0.054,0.000736949333248795,"8","aceA-5"
3.43072234685259e-08,0.581458045006177,0.04,0.024,0.00074450105649048,"8","phnA-5"
3.81111303146072e-08,0.319545023570484,0.092,0.066,0.00082704963895729,"8","talB-5"
3.90153204510393e-08,-1.50030695303835,0.008,0.023,0.000846671469108004,"8","yoaG-2"
3.99361331502692e-08,-1.15709233018529,0.024,0.045,0.000866654025493991,"8","htpG-2"
4.55487159589466e-08,0.804303697274121,0.025,0.013,0.0009884526850251,"8","sdiA-4"
4.62171109644403e-08,-1.7399054017122,0.007,0.022,0.00100295752503932,"8","mfd-4"
4.65130815501947e-08,0.850931150706036,0.02,0.009,0.00100938038272078,"8","yafO-4"
5.05281275993195e-08,0.21775472495559,0.112,0.084,0.00109651089703283,"8","kdsA-1"
5.62010585254822e-08,0.351600345768591,0.022,0.011,0.00121961917106149,"8","rpsC-2"
5.8513359029956e-08,0.503806938349788,0.018,0.008,0.00126979840430908,"8","emrD-5"
7.23572403665939e-08,0.164259290551494,0.174,0.138,0.00157022447319545,"8","yhhQ-4"
8.17284469359763e-08,0.320774017927381,0.03,0.017,0.00177358902695762,"8","ygdK-3"
8.41198132776809e-08,0.392306520293486,0.014,0.006,0.00182548406793895,"8","rplP-4"
8.64630644728856e-08,0.661742948595521,0.031,0.017,0.00187633496212609,"8","cmk-1"
8.93668136605911e-08,0.99817485579166,0.026,0.014,0.00193934922324849,"8","ybiR-2"
8.95334841875764e-08,-1.13464022301879,0.012,0.029,0.0019429661403546,"8","yeaQ-5"
9.36941940862146e-08,0.127106932689298,0.048,0.03,0.00203325770586494,"8","rpsU-3"
9.84203841463445e-08,-1.25394086661775,0.007,0.021,0.00213582075635982,"8","tyrA-4"
1.12505156309532e-07,0.47403456301492,0.037,0.022,0.00244147439707315,"8","dinJ-5"
1.23844209660351e-07,0.215003232059397,0.166,0.133,0.00268754319383929,"8","katG-5"
1.35624867975202e-07,0.501993813914364,0.015,0.007,0.00294319525992987,"8","fnr-5"
1.40567232849541e-07,0.508036481891237,0.03,0.017,0.00305044952006788,"8","ycjG-1"
1.44627851821031e-07,0.1577617181125,0.103,0.076,0.0031385690123682,"8","zapA-1"
1.48812377163904e-07,0.294938053295032,0.055,0.036,0.00322937739683388,"8","yhaM-1"
1.646621174493e-07,0.277515320054405,0.041,0.025,0.00357333261076726,"8","mdtI-4"
1.81980571182893e-07,0.639257781456095,0.013,0.006,0.00394916037523997,"8","dnaN-3"
1.91880708367261e-07,0.266117027303939,0.03,0.017,0.00416400325227794,"8","yrfF-4"
3.25237938781467e-07,0.605117125419913,0.032,0.019,0.00705798850949661,"8","miaA-1"
3.35845413877177e-07,-1.73630373196495,0.005,0.017,0.00728818132654862,"8","yqjG-5"
3.40375008524997e-07,-0.125438722746508,0.128,0.096,0.00738647806000096,"8","yafK-3"
5.1957853160182e-07,0.32948642687945,0.043,0.028,0.0112753737142911,"8","parC-1"
5.97445812491162e-07,0.480052055243232,0.067,0.047,0.0129651715768707,"8","lon-5"
6.14474504092469e-07,0.372036442020524,0.02,0.01,0.0133347112133107,"8","trg-1"
6.96133601061232e-07,0.270898303070457,0.064,0.045,0.0151067952766298,"8","ybgC-5"
6.97962346053031e-07,0.739716739552422,0.028,0.016,0.0151464808716968,"8","yejK-5"
9.05363470048993e-07,0.403584804553895,0.026,0.015,0.0196472926635332,"8","uup-5"
1.00832794596029e-06,-1.03026260604732,0.021,0.039,0.0218817247552842,"8","aroM-4"
1.06052553852955e-06,0.65185648997579,0.022,0.012,0.0230144647116297,"8","yojL-3"
1.23381035979752e-06,0.225625866275583,0.014,0.007,0.026774918617966,"8","ibpB-2"
1.4011325120541e-06,0.336204788471669,0.012,0.005,0.0304059766440861,"8","rtn-1"
1.53368638411011e-06,-1.60554515675047,0.01,0.023,0.0332825282215735,"8","gntR-5"
1.79114858774549e-06,0.251637745155598,0.011,0.005,0.0388697155026648,"8","rplY-3"
1.95289717775928e-06,0.110641600803486,0.015,0.007,0.0423798216545541,"8","rpmC-2"
2.11993520481732e-06,-0.753802359640611,0.025,0.043,0.0460047138797406,"8","sdhC-5"
2.82649013607473e-06,-1.18737797318372,0.007,0.018,0.0613376624429578,"8","sdhB-3"
2.99880385636574e-06,-0.96519665937916,0.015,0.03,0.065077042486993,"8","yeaP-4"
3.13439168648625e-06,-1.18345348785167,0.011,0.024,0.0680194339884382,"8","pyrC-5"
3.28270544038076e-06,0.87452187221423,0.01,0.004,0.0712379907617029,"8","aer-1"
4.05080349549496e-06,-1.3379337057853,0.014,0.028,0.087906486655736,"8","hslJ-2"
4.13339923769279e-06,0.236522845784794,0.053,0.037,0.0896988968571713,"8","yadR-1"
4.36426588191071e-06,-1.18933877143681,0.006,0.016,0.0947089339033442,"8","yhaK-1"
4.59712200714805e-06,0.244459447972472,0.022,0.012,0.0997621446771198,"8","rnpA-2"
4.94379234638359e-06,0.77937685926714,0.013,0.006,0.10728523770887,"8","alx-1"
4.97567249475086e-06,-0.800354590040245,0.023,0.039,0.107977068808588,"8","nagC-2"
5.1353044843779e-06,0.834502552982739,0.022,0.013,0.111441242615485,"8","dmsD-1"
5.46349256391075e-06,-1.38856171157903,0.01,0.022,0.118563252129427,"8","ydfH-5"
6.50161346652193e-06,0.659097525789163,0.016,0.008,0.141091513836992,"8","uspG-3"
6.63670467699864e-06,0.512863068034959,0.016,0.008,0.144023128195547,"8","mgtA-5"
6.80597401203691e-06,0.451015068424643,0.028,0.017,0.147696442035213,"8","yabI-4"
7.35291252553456e-06,0.11327182295148,0.08,0.059,0.159565554716625,"8","secG-2"
7.83875752143418e-06,0.461196828137745,0.032,0.02,0.170108876972643,"8","ruvB-4"
7.8720156306772e-06,-1.28256297920661,0.01,0.021,0.170830611201326,"8","deoD-1"
9.27918968811826e-06,0.202768504998304,0.056,0.04,0.201367695421854,"8","cld-5"
9.36739888985462e-06,0.748460207209986,0.017,0.009,0.203281923308735,"8","yjgA-3"
1.00439989135932e-05,0.108539818933004,0.081,0.06,0.217964820423885,"8","lpxP-2"
1.0217702061652e-05,-0.637542060352936,0.065,0.088,0.22173435243991,"8","pykF-2"
1.03127492760782e-05,-1.9485387354693,0.005,0.015,0.223796972040173,"8","yohL-6"
1.09086241150894e-05,-0.780515547833804,0.023,0.039,0.236728051921556,"8","ygaP-2"
1.19023774040155e-05,-1.84647734797033,0.005,0.014,0.258293492044541,"8","nuoF-1"
1.22352999299789e-05,0.370877331555309,0.035,0.023,0.265518243780472,"8","glmM-1"
1.24377049381292e-05,0.354957702352208,0.049,0.034,0.269910634862343,"8","gidB-4"
1.25375819962309e-05,-0.184724209526308,0.084,0.062,0.272078066900207,"8","oppA-3"
1.34573091981456e-05,-0.325286487081954,0.035,0.054,0.292037066908957,"8","azoR-3"
1.41025430818374e-05,-1.209261086857,0.011,0.024,0.306039287418953,"8","gss-1"
1.51916036236575e-05,0.116793863351906,0.111,0.088,0.329672990236991,"8","clpB-5"
1.59642735928297e-05,0.547081310196828,0.035,0.023,0.346440701237997,"8","dcrB-5"
1.71043194900774e-05,-1.18974715091797,0.014,0.026,0.37118083725417,"8","lolD-3"
1.78788223878992e-05,-0.903663978183588,0.02,0.035,0.387988324639801,"8","cyaA-4"
1.79793950369735e-05,0.580909534607226,0.042,0.028,0.390170851697361,"8","ubiD-2"
1.79908376165123e-05,0.339350260395151,0.027,0.016,0.390419167115933,"8","relE-5"
1.88117827287281e-05,0.781969650477374,0.017,0.009,0.408234496996128,"8","syd-5"
1.8993878875078e-05,0.595706839742809,0.01,0.005,0.412186165468067,"8","ycaQ-5"
2.2328052925748e-05,0.640153143514,0.013,0.007,0.484541076541656,"8","sirA-2"
2.57190536887491e-05,0.404072597804942,0.013,0.007,0.558129184099544,"8","pstA-2"
2.65521978298415e-05,0.449237017621014,0.028,0.018,0.576209245105389,"8","kbl-2"
3.15842588032187e-05,0.37031315502383,0.031,0.02,0.685410000288649,"8","alr-5"
3.42506024600583e-05,-1.73081256752377,0.006,0.015,0.743272323985726,"8","ydhC-3"
3.76395821945793e-05,0.179628809151928,0.033,0.021,0.816816573204566,"8","rlmL-3"
3.92201789924318e-05,0.327531702822378,0.038,0.026,0.851117104314761,"8","gsk-2"
3.94361083085999e-05,-1.29492171054236,0.008,0.018,0.855802986404927,"8","acrA-5"
4.32553259966513e-05,-1.1370840276208,0.008,0.018,0.938683829453329,"8","gpp-1"
4.49276641580888e-05,0.248343272425523,0.044,0.031,0.974975239894686,"8","ftsK-5"
4.87030896750286e-05,0.141202824237692,0.047,0.033,1,"8","rnc-3"
4.91454895501935e-05,0.330697102692817,0.082,0.064,1,"8","sodB-5"
5.46121447845969e-05,-1.06870142494094,0.008,0.018,1,"8","tktB-2"
5.92419297327527e-05,0.482758146498543,0.028,0.018,1,"8","prmB-5"
6.06094985605042e-05,0.500674133791527,0.017,0.01,1,"8","ruvC-3"
6.43821971347211e-05,0.557695601929258,0.011,0.005,1,"8","aldA-4"
6.47894421170175e-05,0.588008874574131,0.02,0.012,1,"8","yeaK-5"
6.99397610160389e-05,-1.19427682856203,0.006,0.014,1,"8","ygjG-1"
7.43489896732117e-05,0.673211199582264,0.013,0.007,1,"8","atpD-2"
7.48775650011221e-05,0.138995109350048,0.033,0.022,1,"8","oppD-3"
8.27763035897219e-05,0.672285960561178,0.02,0.012,1,"8","yggT-4"
9.77956648342489e-05,0.14922394936244,0.01,0.005,1,"8","ybfA-5"
0.000100476864295504,-0.65689169130442,0.024,0.038,1,"8","cydB-2"
0.000101108228220591,-0.118160524718464,0.134,0.108,1,"8","tig-1"
0.000102356744974866,-0.597404057328806,0.028,0.042,1,"8","fxsA-1"
0.000113214636016548,-1.42544076778817,0.006,0.014,1,"8","ybgA-3"
0.000114780083038656,0.597598016825065,0.01,0.005,1,"8","ycaI-3"
0.000116364398456016,0.643288197216059,0.018,0.011,1,"8","yliJ-3"
0.000118630629455267,0.517023820179539,0.015,0.008,1,"8","yqcA-1"
0.000119717105733951,0.27750615565382,0.039,0.027,1,"8","relB-2"
0.000123197259124207,0.201100336036272,0.023,0.014,1,"8","ybjX-3"
0.000126943349912686,0.565522268031582,0.015,0.008,1,"8","queF-3"
0.000127696340428691,0.594200544271343,0.016,0.009,1,"8","btuB-2"
0.000136889179512159,0.295698155472603,0.014,0.007,1,"8","rpmB-1"
0.00013891282804952,0.497930998503904,0.015,0.009,1,"8","argF-3"
0.000139414927520987,0.217855848714733,0.049,0.036,1,"8","thiI-2"
0.000139668269406423,0.3617229074842,0.018,0.011,1,"8","minC-2"
0.000148758216357098,-1.06067136835478,0.008,0.017,1,"8","pgi-2"
0.000150913934867048,0.46190870124902,0.032,0.021,1,"8","ybiT-2"
0.000153701306965025,0.454539124173783,0.018,0.011,1,"8","ydgK-1"
0.000153849539129025,0.438422463303667,0.023,0.014,1,"8","ruvA-1"
0.000156127712908507,0.513332395903593,0.022,0.013,1,"8","sulA-5"
0.000165614412733796,-0.729652597039755,0.01,0.019,1,"8","nagE-4"
0.000172797112168641,0.291173715539238,0.03,0.02,1,"8","recA-5"
0.000177405974799773,0.294473565815562,0.076,0.06,1,"8","yjgI-4"
0.000178441431917114,-1.34288529308095,0.004,0.011,1,"8","ybhF-5"
0.000180938499333339,0.612211431778865,0.019,0.012,1,"8","yfhL-1"
0.0001871642038807,0.165684074379469,0.01,0.005,1,"8","usg-5"
0.00018896309439355,-0.686768601588086,0.02,0.032,1,"8","prlC-1"
0.000191730384193585,-0.76219103208293,0.028,0.042,1,"8","uvrB-5"
0.000199085850845382,-0.811115398386819,0.007,0.015,1,"8","yccJ-2"
0.000204532403874317,0.172797022392559,0.037,0.026,1,"8","fdx-2"
0.000216636110486067,-0.60899198264367,0.021,0.033,1,"8","hepA-1"
0.000217907023065798,-1.26954194125111,0.007,0.015,1,"8","gntT-4"
0.000230938041306975,-1.27174188239396,0.006,0.014,1,"8","yhjK-1"
0.000241890600616949,0.449138941611108,0.017,0.01,1,"8","yfhK-1"
0.000252306522663311,-1.25503980007838,0.008,0.016,1,"8","betA-5"
0.000253684324608611,-0.652095920828835,0.039,0.054,1,"8","cysB-5"
0.000260611816181092,0.152731179073336,0.043,0.031,1,"8","fabG-1"
0.000276316948734004,0.739906280582962,0.018,0.011,1,"8","yfiC-4"
0.000309722873595865,-0.950784499797028,0.01,0.019,1,"8","frmA-3"
0.000310706990671916,0.109664426331496,0.029,0.019,1,"8","yqaB-3"
0.000339355258952949,-1.52554278915941,0.007,0.015,1,"8","ydcL-4"
0.000351341460714555,0.885004501862527,0.026,0.017,1,"8","cueO-5"
0.0003513538861284,0.457734952094751,0.019,0.011,1,"8","yfhH-5"
0.000371499624307629,-0.816460850268298,0.015,0.025,1,"8","hybO-4"
0.00037671545630638,0.346053666917679,0.019,0.012,1,"8","yrfG-3"
0.000396099491944547,0.425855014773786,0.038,0.027,1,"8","folE-2"
0.00039667220465238,-0.121074018382936,0.149,0.124,1,"8","proP-1"
0.000399120946442021,0.183312354663369,0.027,0.018,1,"8","minD-4"
0.000415764417693642,-1.53601823734292,0.005,0.012,1,"8","yohC-6"
0.000424803149505643,-1.29066445868496,0.008,0.016,1,"8","trkH-4"
0.000425716142110003,-1.20169330518847,0.007,0.014,1,"8","yeaG-2"
0.000433667938019344,-0.464587047769187,0.036,0.05,1,"8","gltA-4"
0.000451011312257262,0.528838651881717,0.016,0.009,1,"8","yfcO-3"
0.00048170150162772,-1.20612446942682,0.01,0.018,1,"8","yecP-1"
0.000513161624831925,-0.580625785658227,0.036,0.051,1,"8","pdxH-2"
0.000539452828570538,0.166878682087488,0.031,0.022,1,"8","mraZ-2"
0.000550999576660694,-1.15935646160482,0.005,0.012,1,"8","yfiB-1"
0.000559597884322362,-0.95283283469256,0.012,0.021,1,"8","lolB-5"
0.0005742453518791,-0.690157851923071,0.018,0.029,1,"8","adhE-2"
0.000646418185896172,-1.33746798227006,0.01,0.019,1,"8","ribF-3"
0.000649468385936558,-1.47497916279863,0.008,0.016,1,"8","phr-3"
0.000654375861181333,0.158576462003769,0.084,0.068,1,"8","glpR-5"
0.000665650366187175,-0.958597549570119,0.014,0.024,1,"8","sdhA-2"
0.000671718201564683,0.340817121889394,0.018,0.011,1,"8","mdlB-2"
0.000674780675067842,-0.769138700965792,0.013,0.023,1,"8","dnaC-4"
0.000723302270269281,0.257719218569258,0.017,0.01,1,"8","pstS-5"
0.000753995654412831,0.16535476213381,0.059,0.045,1,"8","icd-4"
0.000755742921519819,0.40129689562195,0.023,0.015,1,"8","ygeQ-3"
0.000822985492182173,-1.25048119311651,0.01,0.018,1,"8","uvrY-5"
0.000875335020231867,-0.671406714753615,0.02,0.031,1,"8","gor-5"
0.000878565485855301,-0.99486574341616,0.023,0.034,1,"8","ybaJ-2"
0.000928144323473353,0.247566849114191,0.024,0.016,1,"8","ydeA-5"
0.000928319415933868,-1.23075552247379,0.006,0.013,1,"8","yohN-3"
0.000989110466678401,0.127476970022855,0.049,0.038,1,"8","potA-3"
0.00114366783829506,0.28469832777884,0.028,0.02,1,"8","yfhA-2"
0.00115309557101164,0.384409225967067,0.036,0.026,1,"8","sodA-1"
0.0011720013313461,-0.804827916978713,0.006,0.013,1,"8","yebT-1"
0.00125771606048453,0.363959535167394,0.011,0.006,1,"8","xerD-1"
0.00127903794890602,0.873038876550502,0.01,0.006,1,"8","htpX-5"
0.00128803924427319,-1.32663324721415,0.004,0.01,1,"8","ybeF-4"
0.00130013385333284,0.383772617278137,0.033,0.024,1,"8","yggE-4"
0.00130677429399568,-0.943984440106889,0.021,0.031,1,"8","murI-2"
0.00130927195860603,0.284117162320058,0.019,0.012,1,"8","trmI-4"
0.00136582939431466,0.490423067870199,0.01,0.005,1,"8","rpsB-5"
0.00139306401024492,-1.10930793550282,0.01,0.018,1,"8","tpiA-3"
0.00153678538513803,0.275698913428317,0.029,0.021,1,"8","efp-5"
0.00156424729318514,-0.833820539973535,0.019,0.028,1,"8","pepN-1"
0.00163419541453653,-1.05475670807224,0.004,0.01,1,"8","yohM-6"
0.00168151278993041,-1.45575408591483,0.007,0.014,1,"8","ubiE-1"
0.00169667737533307,0.434416306653821,0.026,0.018,1,"8","cpxA-5"
0.00177828182788359,0.170343843672877,0.023,0.015,1,"8","yiiU-4"
0.00178063497082884,0.319322776937515,0.024,0.016,1,"8","yojI-6"
0.00189290334405109,-0.768112620952531,0.012,0.02,1,"8","envC-3"
0.00190949729553071,0.197970910011797,0.027,0.019,1,"8","dinG-5"
0.00196073424339556,-1.00214601367558,0.01,0.017,1,"8","talA-5"
0.00200455227355473,-0.670196730071565,0.02,0.03,1,"8","gnd-1"
0.00203508871295648,0.395103425971253,0.023,0.016,1,"8","chpR-5"
0.00205644719639927,0.243727932048252,0.014,0.009,1,"8","kdtA-5"
0.00210779016968066,-0.707402446908217,0.009,0.016,1,"8","yidE-3"
0.00210932691670819,0.320658836989763,0.045,0.035,1,"8","rsgA-5"
0.00218481957430361,0.24042130269584,0.031,0.022,1,"8","yihE-1"
0.00223351316946444,0.181269645921307,0.021,0.014,1,"8","yceG-2"
0.00225094740779284,-0.100616351140992,0.105,0.087,1,"8","rseB-2"
0.00231509277678613,0.459970416838639,0.012,0.007,1,"8","ispH-4"
0.00242258078873447,0.19072489905335,0.033,0.025,1,"8","birA-1"
0.0026262113498434,-0.102225981750322,0.138,0.117,1,"8","eno-2"
0.0026274066870732,0.307677714304339,0.018,0.012,1,"8","ydhS-1"
0.0026465250795153,0.5606245913268,0.016,0.01,1,"8","ydaF-2"
0.00273465043796081,-0.801244008002048,0.006,0.012,1,"8","ftn-5"
0.00274988686162314,0.40441178731932,0.015,0.009,1,"8","hupA-1"
0.00297418294676607,-0.787075653874193,0.009,0.016,1,"8","yqjF-4"
0.00309165634625119,0.31231538690712,0.017,0.011,1,"8","yedI-2"
0.0032190295863418,0.261744058697582,0.01,0.006,1,"8","deoB-5"
0.00325709082559583,0.441214647874768,0.014,0.009,1,"8","csiE-3"
0.00343566150544681,-1.36147503038416,0.005,0.011,1,"8","pntB-2"
0.00350446327120718,-0.707907280202844,0.009,0.016,1,"8","yhbN-4"
0.00358033174103735,0.140751511532842,0.029,0.021,1,"8","puuB-5"
0.00359397871698107,-1.12713058694643,0.006,0.011,1,"8","yjaG-5"
0.00381645459465383,-0.489029411793989,0.008,0.014,1,"8","yaiA-4"
0.00389441900212295,0.376884419133351,0.023,0.016,1,"8","ycfQ-5"
0.00394289489652922,0.112773208697651,0.017,0.011,1,"8","yjeE-2"
0.00402263546156124,-0.493574254836206,0.034,0.045,1,"8","aceB-1"
0.00434467560368188,-0.64487074747078,0.015,0.023,1,"8","ptsP-4"
0.00454895468593017,0.584830371384318,0.01,0.006,1,"8","mdoD-5"
0.00480844870674978,-0.62444308689799,0.02,0.029,1,"8","yfiP-4"
0.00492682787901366,0.179729153247814,0.028,0.02,1,"8","atpA-3"
0.00494933012858706,0.196387619037794,0.033,0.025,1,"8","ybeB-4"
0.00498875461033313,0.220589850480302,0.012,0.007,1,"8","dnaE-4"
0.00503176773384553,-0.729176138117107,0.011,0.018,1,"8","apaG-5"
0.00525232767419615,-0.445332022140582,0.013,0.021,1,"8","yieG-4"
0.00600103736929622,-0.419359659761992,0.028,0.038,1,"8","acnA-3"
0.00610172094313792,0.189511322760206,0.038,0.03,1,"8","dnaB-5"
0.00618441211759679,-1.13443153629691,0.005,0.01,1,"8","ydiJ-4"
0.006212182856032,-0.934210042790802,0.008,0.014,1,"8","ybiV-3"
0.00626800099589024,0.280659394326328,0.026,0.019,1,"8","ydhJ-3"
0.00647023283613799,-0.237742406139033,0.112,0.095,1,"8","cspA-3"
0.00650146786341006,-0.986301502637368,0.011,0.017,1,"8","bcsE-5"
0.00653196241160023,0.283725923237274,0.013,0.008,1,"8","fepB-1"
0.00683317514519439,-0.40409277694493,0.093,0.109,1,"8","pgk-1"
0.00702853231190771,0.294702531136818,0.048,0.038,1,"8","guaA-5"
0.00719924286523608,0.167480065999322,0.035,0.027,1,"8","purB-2"
0.00721324028795298,-1.05888170527615,0.007,0.012,1,"8","otsA-4"
0.00759756901606768,0.190309352701901,0.035,0.027,1,"8","sohA-3"
0.00784799044007056,-0.818608883868047,0.01,0.017,1,"8","yheM-1"
0.00809237692364615,0.401102969385171,0.072,0.061,1,"8","arcA-2"
0.0086401898651282,0.248437794683913,0.011,0.007,1,"8","fbp-3"
0.00885758992067926,0.451634712335761,0.014,0.009,1,"8","yobA-1"
0.00894195862822474,0.411468106246296,0.014,0.009,1,"8","rumA-4"
0.00934658492667561,-0.870981602397519,0.005,0.01,1,"8","ybbN-3"
0.00936629563135128,0.111564866499358,0.063,0.052,1,"8","yrbK-1"
0.00945787894138818,0.341954039978134,0.047,0.038,1,"8","rne-5"
0.00980824610836503,0.444283378364816,0.01,0.007,1,"8","mnmE-3"
0.00987800599357324,-0.831284264038542,0.005,0.01,1,"8","dld-1"
0.00989163168833627,-1.05945105531862,0.009,0.015,1,"8","asnB-5"
0,3.68709667001087,0.213,0.033,0,"7","aroF-1"
3.20611259457537e-187,1.76098698796684,0.182,0.068,6.95758494148801e-183,"7","yhhW-1"
3.7612527092441e-183,3.52543135519594,0.075,0.014,8.16229450433063e-179,"7","tyrA-4"
1.20620612914016e-159,2.42787805642213,0.116,0.036,2.61758792084707e-155,"7","copA-2"
4.3603882746459e-85,1.43495247616594,0.133,0.061,9.46247859480907e-81,"7","glpR-5"
1.08208688320883e-83,2.74982077177834,0.048,0.012,2.34823674525147e-79,"7","yhaK-1"
1.46837172694149e-69,-2.32039474403227,0.022,0.097,3.18651348463573e-65,"7","fimI-4"
1.97003223349924e-64,-2.4236669161556,0.018,0.087,4.27516694991671e-60,"7","pspA-1"
2.10683562178319e-64,1.89547204695199,0.08,0.033,4.57204398283169e-60,"7","aroM-4"
3.34588372453084e-64,1.71775150698442,0.085,0.036,7.26090227060438e-60,"7","hemH-3"
7.40971115191709e-63,-3.70144667636048,0.006,0.065,1.60798141707753e-58,"7","yhaO-1"
2.30359955858638e-61,2.12073100270319,0.053,0.017,4.9990414020883e-57,"7","cysK-4"
1.7235841589734e-53,2.38634302761074,0.041,0.013,3.74034998338817e-49,"7","yqjF-4"
2.07410960024346e-53,1.3192960365715,0.098,0.048,4.50102524348833e-49,"7","azoR-3"
1.71311136068383e-52,-3.08579990757068,0.007,0.059,3.71762296381998e-48,"7","fimA-4"
1.82725147215778e-52,1.66162278757988,0.073,0.032,3.9653184197296e-48,"7","yebW-2"
4.91995258210919e-49,0.746264627376771,0.204,0.133,1.06767890984352e-44,"7","yhhQ-4"
1.23025761372662e-43,1.83770260314684,0.054,0.022,2.66978204754814e-39,"7","galS-2"
5.9954630655138e-42,-4.01566917477211,0.003,0.042,1.30107543984715e-37,"7","fimC-5"
3.19560525725076e-39,-3.38020877899524,0.004,0.041,6.93478296875988e-35,"7","yhaM-1"
2.70135617155336e-37,-0.8678806551742,0.132,0.207,5.86221302788795e-33,"7","cspG-3"
9.84328194398122e-37,1.79829095005376,0.047,0.019,2.13609061466337e-32,"7","gntR-5"
1.83493900231755e-36,0.712943129606304,0.16,0.103,3.98200112892932e-32,"7","ibpA-2"
6.10702408532394e-31,0.691543324092673,0.183,0.129,1.32528529675615e-26,"7","katG-5"
1.66241057924941e-29,1.86555921338017,0.037,0.015,3.60759719802915e-25,"7","cueO-5"
2.17977149927295e-25,1.36579902205324,0.063,0.035,4.73032213057224e-21,"7","yfiQ-1"
2.31584325486283e-25,1.54180740922628,0.033,0.014,5.02561144737783e-21,"7","gntK-1"
2.44784208452389e-23,-1.56330305778219,0.015,0.045,5.31206210762529e-19,"7","fxsA-1"
3.27362808397747e-23,1.79524481163242,0.029,0.012,7.10410030503951e-19,"7","yaiA-4"
1.19874015609677e-22,0.943072679635371,0.092,0.058,2.6013860127456e-18,"7","arcA-2"
5.22495850010326e-22,1.40650039751636,0.049,0.026,1.13386824410741e-17,"7","yfiP-4"
1.12551430282088e-20,-1.89187298413654,0.01,0.035,2.4424785885516e-16,"7","rplV-5"
1.12934508436457e-20,-1.25689715727116,0.02,0.049,2.45079176757955e-16,"7","mdoG-4"
5.2586490976576e-20,1.76808662181515,0.029,0.013,1.14117944068268e-15,"7","yccJ-2"
7.86011249075278e-20,1.53128164786483,0.037,0.018,1.70572301161826e-15,"7","fbaB-1"
3.99952935663972e-19,0.625555959676769,0.117,0.081,8.67937865684387e-15,"7","mntH-3"
6.57569564348944e-19,-5.48680738829713,0,0.017,1.42699171159364e-14,"7","fimD-2"
1.13119392070008e-18,0.849681285443168,0.097,0.066,2.45480392731125e-14,"7","clpA-3"
1.08312802998443e-17,-0.624432262391561,0.097,0.142,2.3504961378692e-13,"7","dnaK-4"
1.37787953142599e-17,-2.54299038979637,0.005,0.023,2.99013637114755e-13,"7","mdtJ-2"
1.69189744513201e-17,-0.927437370739271,0.036,0.068,3.67158664568097e-13,"7","yfiD-3"
3.79642536463208e-17,-1.09866310635379,0.022,0.048,8.23862268378807e-13,"7","pinQ-2"
8.88722670189594e-17,-1.66259190460918,0.008,0.027,1.92861706657844e-12,"7","fabB-5"
2.20499513985848e-15,1.58827789632071,0.027,0.013,4.78505995300689e-11,"7","yedQ-3"
2.41642090530622e-15,-0.959048151065916,0.022,0.046,5.24387500660503e-11,"7","htpG-2"
4.10490059955245e-15,0.739407477099239,0.081,0.055,8.90804479108876e-11,"7","trxC-5"
8.1789579069922e-15,1.52882091461094,0.026,0.013,1.77491565539638e-10,"7","yaaA-3"
2.34624033499936e-14,1.36191431747617,0.028,0.014,5.09157615098212e-10,"7","gntU-4"
6.73439620002445e-14,-1.02420288031616,0.016,0.037,1.4614313193673e-09,"7","yhdN-3"
1.57684895521216e-13,-0.732369886896316,0.052,0.082,3.42191991770591e-09,"7","rplD-2"
3.85941204793523e-13,-2.61450158940384,0.003,0.016,8.37531008522425e-09,"7","tufA-5"
5.61216936432872e-13,-0.850716967794845,0.044,0.072,1.21789687375297e-08,"7","truB-2"
6.2056805980962e-13,-0.660342426706186,0.097,0.133,1.34669474659286e-08,"7","fis-1"
6.60188785379908e-13,0.759641130276381,0.087,0.062,1.43267568315294e-08,"7","sodB-5"
1.35135118675675e-12,1.57529582131183,0.025,0.013,2.93256721038083e-08,"7","gntT-4"
1.61787680806779e-12,1.09418708803475,0.047,0.029,3.51095446118791e-08,"7","yeeY-5"
2.38457609681377e-12,-0.36161066277905,0.375,0.417,5.17476858769557e-08,"7","rplL-3"
4.55302155122732e-12,-1.02340878803812,0.015,0.032,9.88051206831841e-08,"7","ackA-4"
4.665344809723e-12,-0.419673682263139,0.253,0.296,1.01242647715799e-07,"7","nlpI-3"
6.9504257445823e-12,0.289867215840039,0.259,0.224,1.5083118908318e-07,"7","guaB-2"
9.46841419631294e-12,-1.62047067625735,0.006,0.02,2.05474056474187e-07,"7","prmB-5"
1.4792006734337e-11,-0.708757449310728,0.054,0.082,3.21001338141848e-07,"7","rplC-3"
1.54818843167438e-11,-0.517851102976759,0.124,0.162,3.35972371557656e-07,"7","infB-3"
2.40029707014206e-11,1.41713356381379,0.027,0.015,5.20888467191528e-07,"7","yqjG-5"
5.31531989336892e-11,-0.811771436292192,0.023,0.043,1.15347757005999e-06,"7","cld-5"
1.49024582561922e-10,1.17469984486443,0.042,0.026,3.23398246617627e-06,"7","yeaQ-5"
1.59353948079671e-10,-0.512940838394879,0.089,0.121,3.45814002727694e-06,"7","nusA-2"
1.98622100870415e-10,1.12904587377114,0.041,0.026,4.31029821098889e-06,"7","bssS-1"
2.49862480317023e-10,-0.743233504943607,0.038,0.06,5.42226568535972e-06,"7","rplO-1"
4.64151835718769e-10,1.33404929802774,0.03,0.018,1.0072558986933e-05,"7","hspQ-4"
6.15625660065686e-10,1.24741558605892,0.022,0.012,1.33596924490855e-05,"7","dacC-2"
7.47362913557275e-10,1.13725484614038,0.034,0.021,1.62185225871064e-05,"7","yebV-5"
9.33682404213672e-10,-1.44617866261848,0.014,0.029,2.02618418538409e-05,"7","rplJ-2"
9.83703866709162e-10,-1.38839114372683,0.009,0.022,2.13473576114555e-05,"7","mltD-1"
1.30839777324434e-09,-0.933014357337957,0.013,0.027,2.83935400771753e-05,"7","dedA-1"
2.15374684846687e-09,-1.41253179987399,0.007,0.019,4.67384603585796e-05,"7","kefA-3"
2.4153421941e-09,-0.604102354602453,0.036,0.056,5.24153409541641e-05,"7","gyrB-3"
3.57231220170217e-09,-1.22066718443639,0.012,0.026,7.75227470891388e-05,"7","rplW-1"
3.64366293814821e-09,1.02003199378766,0.034,0.022,7.90711294207543e-05,"7","gss-1"
4.79454278175657e-09,-1.41644195811954,0.005,0.015,0.000104046372906899,"7","otsB-1"
6.09594803301039e-09,-0.825971489084611,0.014,0.028,0.000132288168264358,"7","grpE-4"
6.41448218193243e-09,-0.695742991131848,0.015,0.03,0.000139200677830116,"7","adhE-2"
7.63422494150389e-09,-1.1621997918333,0.016,0.03,0.000165670315455576,"7","rpoS-1"
8.06931643051333e-09,-1.69480271349772,0.003,0.012,0.00017511223585857,"7","ftn-5"
8.6754164135845e-09,-0.474343134943222,0.086,0.114,0.000188265211591197,"7","ybeD-3"
8.77007958394154e-09,-0.910710824508684,0.012,0.025,0.000190319497051115,"7","pepQ-5"
9.14143995002703e-09,-0.398833587333693,0.071,0.098,0.000198378388355536,"7","dnaJ-2"
9.67254174386472e-09,-0.899325090441486,0.009,0.021,0.000209903828383608,"7","ydjA-1"
1.00131548136166e-08,1.27957649012395,0.024,0.014,0.000217295472610294,"7","ydjN-2"
1.04737114252947e-08,-1.01054443822132,0.011,0.024,0.00022729001164032,"7","insJ-2"
1.12584704217259e-08,-0.978478801333347,0.01,0.022,0.000244320066621875,"7","mfd-4"
1.17410015580746e-08,-0.452925940000695,0.067,0.092,0.000254791474811777,"7","clpB-5"
1.69890007326125e-08,0.832739766697612,0.056,0.04,0.000368678304898425,"7","fadE-1"
1.73705423482945e-08,-0.680827235306594,0.021,0.037,0.00037695813950034,"7","msrB-2"
2.00334942216485e-08,-0.524213201737552,0.053,0.075,0.000434746858103994,"7","bax-4"
2.09142582285838e-08,1.80616823951231,0.014,0.007,0.000453860317818498,"7","aroP-2"
2.27904466112603e-08,0.841697128668133,0.055,0.04,0.00049457548191096,"7","uvrB-5"
4.04263913643729e-08,-0.901919514301251,0.012,0.024,0.000877293118998255,"7","yihE-1"
4.33989697883416e-08,-0.397193497067486,0.039,0.058,0.000941801043376802,"7","rrmJ-4"
5.31190143561484e-08,-0.787769671122139,0.017,0.031,0.00115273573054278,"7","gnd-1"
6.35234913768356e-08,1.43459359097549,0.016,0.009,0.00137852328636871,"7","yhjY-4"
7.01985293273119e-08,1.5203557653936,0.02,0.011,0.001523378284932,"7","yohC-6"
7.358690333764e-08,1.41133269826336,0.016,0.008,0.00159690938933013,"7","ygiD-1"
7.86504240797081e-08,0.331974327938914,0.132,0.109,0.00170679285295374,"7","ygiS-3"
9.68491307911091e-08,-0.713716599412404,0.019,0.033,0.00210172298729786,"7","dfp-4"
9.81731363093073e-08,-0.607814523877445,0.019,0.033,0.00213045523104828,"7","ycjX-2"
1.13909989151582e-07,-0.677434820599891,0.021,0.035,0.00247196067457849,"7","rpoC-5"
1.28189878799837e-07,-0.615088027082629,0.016,0.029,0.00278184855983527,"7","hslJ-2"
1.58305859200487e-07,1.42460566363734,0.015,0.008,0.00343539545050976,"7","uspB-5"
1.58366787145866e-07,-0.405488369904067,0.072,0.095,0.00343671764785244,"7","lepA-2"
1.70384669716754e-07,-0.888406693661206,0.009,0.02,0.00369751771752327,"7","yfiO-4"
1.7351603031494e-07,-0.708946056675736,0.014,0.026,0.00376547137386451,"7","slyD-4"
1.75194595358652e-07,-1.18584919207649,0.012,0.023,0.00380189791387811,"7","ymcE-3"
2.16791643493008e-07,-0.364972536403676,0.092,0.118,0.00470459545544176,"7","clpX-4"
2.28193550712468e-07,-0.422762069746834,0.056,0.078,0.00495202824401128,"7","ydcQ-3"
2.41967469089839e-07,-0.508411929748845,0.101,0.126,0.00525093604671859,"7","obgE-4"
2.96318154996385e-07,-0.559229527832337,0.015,0.027,0.00643040028157654,"7","rpoN-3"
3.20351177196897e-07,-0.847868990038502,0.011,0.023,0.00695194089634986,"7","plsB-5"
3.47981361297177e-07,0.838573131038397,0.055,0.04,0.00755154352151003,"7","sdhC-5"
3.49663584560677e-07,0.961773801225803,0.03,0.02,0.00758804944855125,"7","yecJ-2"
3.50131198338118e-07,-0.471695143874713,0.121,0.148,0.00759819713513551,"7","rpsK-2"
3.71750678118984e-07,-0.290760308737469,0.337,0.37,0.00806736146586008,"7","deaD-2"
3.83838966107862e-07,-0.955113173217798,0.012,0.023,0.0083296894035067,"7","yfiN-2"
4.55529535561941e-07,-1.55060814000228,0.003,0.01,0.00988544645122969,"7","ybeF-4"
4.67260007239097e-07,-0.959800131107098,0.008,0.018,0.0101400094170956,"7","uvrY-5"
5.04869828337998e-07,-0.303911216212415,0.058,0.079,0.0109561801447629,"7","fabF-3"
5.27390730778163e-07,-1.82457081404405,0.003,0.01,0.0114449062486169,"7","proV-2"
6.70048308835557e-07,-0.392070702413861,0.053,0.073,0.0145407183500404,"7","dnaX-2"
7.39889948605979e-07,-0.466256533151259,0.076,0.098,0.0160563517746983,"7","cspA-3"
9.14331424481183e-07,0.791292666416591,0.047,0.034,0.0198419062426662,"7","trxB-1"
1.08175528574725e-06,-1.12135157014166,0.014,0.026,0.0234751714560011,"7","rpsG-5"
1.35036724088022e-06,-1.76696243328115,0.004,0.011,0.0293043194943416,"7","rfaQ-1"
1.44116677579754e-06,1.15360745579635,0.016,0.009,0.0312747602015825,"7","yfcY-1"
1.51777796532042e-06,-0.502084116022814,0.033,0.048,0.0329372996254185,"7","hscA-1"
1.68465139609561e-06,1.35536803018981,0.016,0.009,0.0365586199466708,"7","yohM-6"
1.87583120257779e-06,-0.288055266904299,0.071,0.092,0.0407074129271407,"7","hslV-1"
2.08151917050507e-06,-0.625019710435663,0.016,0.028,0.0451710475191305,"7","yqhA-6"
2.37275031532202e-06,-1.50615740114074,0.005,0.013,0.0514910545928031,"7","yceD-2"
2.3791886670033e-06,1.18162101896099,0.016,0.009,0.0516307732626385,"7","ybhG-1"
2.55750879322959e-06,-0.715973169674898,0.013,0.024,0.0555004983218753,"7","panC-4"
2.69600337542906e-06,-0.427650763553393,0.017,0.029,0.058505969250186,"7","gltX-3"
2.74765012923333e-06,0.983127979414082,0.024,0.015,0.0596267554544925,"7","mglB-1"
2.75225464704197e-06,-0.562597140891322,0.016,0.027,0.0597266780954578,"7","feoB-2"
2.83444173083464e-06,0.792395036992664,0.048,0.036,0.0615102200008426,"7","cydB-2"
2.93973692308375e-06,-1.02094079660449,0.009,0.019,0.0637952309678405,"7","map-3"
2.95151755469212e-06,-0.815033213308389,0.012,0.022,0.0640508824543737,"7","yebG-4"
3.1017481802957e-06,-0.960908884193907,0.005,0.013,0.067311037260597,"7","ychJ-5"
3.62752143078201e-06,-0.48591227211296,0.094,0.115,0.0787208425694005,"7","rplX-1"
4.3770555539736e-06,-0.289764493977444,0.037,0.053,0.0949864825767812,"7","accC-5"
4.58560834033872e-06,-0.531350625932872,0.022,0.035,0.0995122865936907,"7","ttk-3"
4.84204943896187e-06,-0.353229160705327,0.032,0.046,0.105077314874912,"7","pflB-3"
4.9695446114314e-06,-1.22775540797862,0.006,0.014,0.107844087612673,"7","rpsQ-3"
5.17080618079763e-06,1.60964785433646,0.011,0.006,0.112211664929489,"7","yeeE-5"
5.75159293379642e-06,-0.793994170132051,0.012,0.022,0.124815318256316,"7","rraB-5"
5.76989807697282e-06,0.245042248375876,0.197,0.176,0.125212558168387,"7","rho-3"
6.12647812033475e-06,-0.403859339918755,0.015,0.026,0.132950701689384,"7","ndh-5"
6.92545265963187e-06,-0.573956191934762,0.049,0.065,0.150289248166671,"7","oppA-3"
7.37822874649216e-06,-0.958068938204355,0.006,0.013,0.160114942027626,"7","upp-2"
7.79291633523113e-06,1.35465951737753,0.021,0.013,0.169114077390851,"7","ygjG-1"
7.87384474408248e-06,-1.23483035742193,0.005,0.012,0.170870304791334,"7","hpt-3"
9.89378796716884e-06,-0.707389424259863,0.015,0.025,0.214705092675531,"7","amiB-3"
1.08856793350749e-05,-0.503319075800715,0.022,0.034,0.23623012725046,"7","tolC-1"
1.17806387286122e-05,-0.292102718674772,0.026,0.039,0.255651641049613,"7","ygaP-2"
1.19867333822803e-05,-0.455328329612189,0.04,0.055,0.260124101128866,"7","fabZ-2"
1.21839593852203e-05,-0.369595026358157,0.112,0.134,0.264404102618666,"7","rplI-2"
1.28683986896072e-05,-0.470118099798889,0.012,0.022,0.279257119963165,"7","lolB-5"
1.47989202837874e-05,-0.725467166061575,0.007,0.014,0.32115136907847,"7","ybiV-3"
1.90012851670262e-05,1.06762861027664,0.02,0.013,0.412346889409636,"7","yeaG-2"
1.98960078756046e-05,-0.379114720786499,0.021,0.032,0.431763266908496,"7","prlC-1"
2.05131315513467e-05,0.586812867480837,0.038,0.027,0.445155467795774,"7","parC-1"
2.07552929953607e-05,-1.308842827727,0.005,0.012,0.450410613292322,"7","minC-2"
2.12196009919786e-05,-0.341177212856845,0.091,0.112,0.460486561126928,"7","tig-1"
2.14769877159396e-05,0.98322716267799,0.014,0.008,0.466072110423605,"7","manZ-3"
2.21840815879164e-05,-0.268263838795931,0.054,0.071,0.481416754539374,"7","clpP-3"
2.2281280984866e-05,-0.580671392872652,0.019,0.03,0.483526078652578,"7","rluD-3"
2.40469804215666e-05,-0.306537632853336,0.024,0.036,0.521843522128418,"7","glnS-5"
2.62066666555148e-05,-0.263187505992659,0.078,0.098,0.568710873091328,"7","marR-3"
3.56921051717901e-05,0.121355049025392,0.225,0.202,0.774554374333017,"7","glpD-2"
3.89393678531006e-05,-0.918806137991522,0.008,0.016,0.845023221780136,"7","accB-2"
3.91811450673905e-05,-0.313993230220539,0.193,0.218,0.850270029107442,"7","rplA-1"
3.98362990531537e-05,-0.466912134317898,0.017,0.027,0.864487525752489,"7","groS-4"
4.08695450069403e-05,1.10486000171295,0.013,0.008,0.886909996195611,"7","fadJ-5"
4.4326892989624e-05,-0.285603729511962,0.027,0.039,0.961937904767831,"7","ompX-5"
4.51766092683774e-05,-0.411653989307774,0.015,0.024,0.980377597733057,"7","pyrC-5"
4.68555731929319e-05,-0.647832865791017,0.016,0.026,1,"7","yciB-2"
4.8263604448501e-05,-0.441627497436207,0.025,0.036,1,"7","gidB-4"
5.25616101906852e-05,-0.277746553497956,0.048,0.063,1,"7","alaS-2"
5.25735064190771e-05,-0.777267381826865,0.01,0.018,1,"7","yrfF-4"
5.43293783423177e-05,-0.900014243063452,0.006,0.013,1,"7","mdlA-2"
5.80751641331386e-05,-0.510691707307682,0.012,0.021,1,"7","miaA-1"
5.82719194177315e-05,-0.333490357349865,0.047,0.062,1,"7","secG-2"
6.4965154698233e-05,-0.62839853852328,0.006,0.013,1,"7","arsC-4"
7.82552406016058e-05,-0.262220710017381,0.045,0.059,1,"7","leuS-3"
7.8842363693065e-05,-0.526504809480761,0.013,0.021,1,"7","grxB-5"
7.92734924328271e-05,-0.147293987791402,0.098,0.12,1,"7","acpP-1"
8.3964155599583e-05,-1.04618037087347,0.008,0.015,1,"7","tufB-2"
8.55080072946073e-05,-0.484557924541505,0.053,0.067,1,"7","rpmG-2"
8.82877477725992e-05,-0.311098662312889,0.063,0.08,1,"7","zapA-1"
9.56750866520182e-05,-0.337994858614124,0.117,0.138,1,"7","kgtP-4"
9.86206261043577e-05,-0.311912254329322,0.091,0.11,1,"7","yafQ-3"
0.00010789925685256,1.24974780666829,0.014,0.009,1,"7","artM-5"
0.00012197643392869,-0.461894382252561,0.021,0.031,1,"7","dnaB-5"
0.000122991597977923,1.08783178324902,0.018,0.012,1,"7","sra-5"
0.000130853688309098,-0.321805906556995,0.025,0.035,1,"7","bfr-3"
0.000134588244332172,-0.213485232264669,0.097,0.117,1,"7","insL-3-4"
0.000139225815682722,-0.777295729021148,0.023,0.033,1,"7","ompA-4"
0.000139674041586552,1.19034471677694,0.017,0.011,1,"7","yeiH-3"
0.000142422342993652,-0.37921749572635,0.024,0.035,1,"7","hslU-3"
0.000145392945626101,-0.264079137360536,0.019,0.028,1,"7","accA-4"
0.00014613156080024,-0.306812249726226,0.021,0.03,1,"7","gshA-4"
0.000149733358041286,0.636190795395192,0.048,0.037,1,"7","insE-4-3"
0.000166447917767221,-0.695107016754199,0.011,0.019,1,"7","nhaR-1"
0.000166932028300423,-0.509139416890649,0.014,0.023,1,"7","rfbD-4"
0.000178360033302621,-0.326308636975316,0.05,0.064,1,"7","hfq-4"
0.000180195169613143,-0.570660232352377,0.01,0.017,1,"7","dsbA-2"
0.000182662171388381,-0.887747718108579,0.005,0.011,1,"7","ychO-5"
0.00018420868895534,-0.354094226589384,0.043,0.056,1,"7","hupB-4"
0.00019755898376096,-0.340963309203985,0.019,0.028,1,"7","sfcA-5"
0.000206756912868144,-1.03111106621365,0.006,0.012,1,"7","pstC-5"
0.000220909754510679,-0.464012928740289,0.018,0.027,1,"7","mdtI-4"
0.000228486662502396,0.222747832570686,0.135,0.119,1,"7","ybjL-1"
0.000231230060738007,-0.168880507821082,0.023,0.033,1,"7","hepA-1"
0.000236617707872125,-0.880384413311493,0.005,0.01,1,"7","yfcO-3"
0.000248723432316126,-0.785455943733863,0.008,0.014,1,"7","yfhJ-4"
0.000274735277592751,-0.508679366408572,0.025,0.035,1,"7","lipB-4"
0.000303609782079693,-0.570033624013178,0.016,0.025,1,"7","gltI-1"
0.000321650708790744,-0.282560973626602,0.135,0.155,1,"7","rpsI-1"
0.000322435772943024,0.387320627421016,0.108,0.094,1,"7","ihfA-5"
0.000342373246776271,-0.744587438855239,0.007,0.013,1,"7","yrfG-3"
0.00034372962422152,-0.424148039687325,0.022,0.032,1,"7","ptsN-2"
0.000345674187030276,0.597476525719011,0.058,0.047,1,"7","yeeZ-4"
0.000361877544279093,1.00333451419506,0.012,0.008,1,"7","yegX-4"
0.000364182903897675,-0.479732161578605,0.017,0.026,1,"7","phnA-5"
0.00036475495238311,-0.286987933344792,0.025,0.035,1,"7","rnc-3"
0.000373570123837003,-0.913860627253216,0.007,0.013,1,"7","rnpA-2"
0.000374876217252307,-0.605684332920436,0.006,0.011,1,"7","ydcN-1"
0.000392738242105944,0.129730545334733,0.238,0.221,1,"7","purA-5"
0.000405754138717009,-0.457961720495078,0.018,0.027,1,"7","yfiR-3"
0.000437441586290109,-0.31132632945731,0.047,0.06,1,"7","rplS-1"
0.000456984307829753,-0.304794309816088,0.009,0.015,1,"7","galU-5"
0.000459276125328253,-0.926797651290177,0.007,0.013,1,"7","fdoI-4"
0.000498784370637964,-0.317687950672056,0.021,0.03,1,"7","pepD-1"
0.000500071139387406,-0.201797586184143,0.016,0.023,1,"7","grxD-2"
0.000511443624691109,-0.908669653022955,0.01,0.016,1,"7","dps-5"
0.000535861567122261,-0.285307319659318,0.023,0.032,1,"7","purR-4"
0.000536758241587745,0.837368152869143,0.019,0.013,1,"7","ynhG-2"
0.000546026543338787,-0.571436271591532,0.015,0.022,1,"7","ycbL-3"
0.000553707307700701,-0.522531565385989,0.02,0.029,1,"7","relB-2"
0.00056406309790107,0.906676940060778,0.02,0.014,1,"7","uidR-4"
0.000596931527354285,-0.184558861762874,0.038,0.049,1,"7","pepP-5"
0.000598672797222171,-0.300079918965058,0.037,0.048,1,"7","nlpB-4"
0.000605840199111192,-0.228402774578734,0.074,0.09,1,"7","rseB-2"
0.000613221525658204,0.577577431902572,0.059,0.049,1,"7","pdxH-2"
0.000647722918613641,-0.303196731488636,0.056,0.07,1,"7","iscA-1"
0.000650764742359733,0.882451753909105,0.018,0.012,1,"7","queA-2"
0.000710638296159599,1.24992138932964,0.01,0.006,1,"7","yfhD-2"
0.00072234002527864,-0.721607105490348,0.005,0.01,1,"7","hemG-3"
0.000729558565541996,0.724020172092742,0.033,0.026,1,"7","gsk-2"
0.000821049821072034,-0.586532695591135,0.006,0.011,1,"7","yccK-3"
0.000843297264069261,-0.165318987738301,0.021,0.03,1,"7","ubiD-2"
0.000846018646579058,-0.299421066214322,0.084,0.1,1,"7","yafK-3"
0.000864014962624049,-0.470072285234784,0.031,0.041,1,"7","secY-2"
0.00087696455329084,-0.192854158579703,0.024,0.033,1,"7","ftsK-5"
0.000964353900757305,-0.566609944083617,0.005,0.01,1,"7","gltJ-4"
0.000983021373871347,-0.520781364894245,0.022,0.031,1,"7","glnH-5"
0.000988613365894157,-0.35607286449057,0.111,0.128,1,"7","rplF-3"
0.000998186029472485,-0.369634417053264,0.028,0.037,1,"7","rpoE-4"
0.0010114817344687,1.07557274942879,0.016,0.011,1,"7","ycfP-1"
0.00106820185942827,-0.297575030251287,0.044,0.056,1,"7","plsX-2"
0.00109447876432509,-0.342972888094057,0.011,0.017,1,"7","pgi-2"
0.00111124319723101,0.829438066355789,0.032,0.025,1,"7","yeaR-5"
0.0011562202103606,0.944084452445874,0.018,0.012,1,"7","yeaH-4"
0.00116701842090941,-0.133688761911478,0.04,0.051,1,"7","hslR-2"
0.00116916547841624,-0.330412681467286,0.041,0.052,1,"7","rseA-3"
0.00121044175381156,-0.797414287432921,0.006,0.011,1,"7","ribA-4"
0.00128814820859235,-0.853793709734774,0.005,0.01,1,"7","mutS-5"
0.00130183344156161,-0.38630163127252,0.037,0.047,1,"7","ispU-3"
0.00149247468148689,-0.138036448724695,0.021,0.029,1,"7","pepN-1"
0.00150719915854503,-0.716184292597979,0.006,0.011,1,"7","ydaF-2"
0.0016011131121379,-0.575855043686056,0.015,0.022,1,"7","mipA-1"
0.00165270412467448,-0.706315529311661,0.006,0.011,1,"7","yafO-4"
0.00165382337424975,-0.282768738494923,0.067,0.08,1,"7","pnp-1"
0.00166602510040334,-0.377466728926143,0.012,0.018,1,"7","yabI-4"
0.00168245989440686,-0.215553766598097,0.015,0.022,1,"7","acrB-5"
0.00176680763446657,-0.212009208230538,0.012,0.019,1,"7","hemC-4"
0.00180350347539779,-0.136263055965415,0.028,0.037,1,"7","tyrS-1"
0.00181400207843488,-0.322514551341855,0.157,0.173,1,"7","rplE-3"
0.00189445666788023,-0.540371814868976,0.008,0.014,1,"7","degP-2"
0.00190546029016538,-0.414387679460528,0.021,0.029,1,"7","rcsD-1"
0.00193501346831802,-0.926483975901837,0.007,0.011,1,"7","iscS-5"
0.00196972252935971,-0.477167691931856,0.014,0.021,1,"7","fieF-3"
0.00197999951707466,-0.169552173040058,0.046,0.057,1,"7","hflX-2"
0.00217526627808181,-0.278726823997501,0.022,0.03,1,"7","thyA-3"
0.00224921387590195,-1.06053062706337,0.005,0.01,1,"7","sufS-2"
0.00238028234427447,-0.474577381385514,0.014,0.021,1,"7","lysS-1"
0.00252528565833862,-0.405389801604016,0.035,0.044,1,"7","ygiT-1"
0.00256089347911968,-0.200599948880209,0.037,0.047,1,"7","ybgC-5"
0.00258347891667211,0.917066407599975,0.011,0.007,1,"7","ycbB-1"
0.00259083377937248,-0.178582582980617,0.024,0.033,1,"7","truA-4"
0.00266144350484632,0.473876148881546,0.052,0.044,1,"7","sufB-3"
0.00271357130795375,-0.614071581342469,0.008,0.013,1,"7","trmA-2"
0.00275247837798319,-0.412158705578703,0.023,0.03,1,"7","phoR-3"
0.00279138614886361,0.430787189424805,0.045,0.037,1,"7","phoH-1"
0.00315227887215457,0.731649183622921,0.032,0.025,1,"7","phoQ-3"
0.0031774712722683,0.726446157908141,0.021,0.015,1,"7","trkA-1"
0.00327582809515021,0.998996034148293,0.015,0.01,1,"7","yieF-3"
0.00332874100852145,-0.606627448113708,0.007,0.012,1,"7","yedI-2"
0.00349097633731951,-0.621510038499038,0.013,0.019,1,"7","rem-3"
0.00351565214754643,-0.527643379075702,0.008,0.013,1,"7","argR-1"
0.00377414416003273,-0.394727545950833,0.011,0.016,1,"7","yidE-3"
0.00379264406968534,-0.43986755286311,0.014,0.019,1,"7","htrG-4"
0.00383998363486878,0.401725271978397,0.085,0.075,1,"7","pcnB-3"
0.00384562983129012,0.542370983568794,0.057,0.048,1,"7","nagA-1"
0.00390885570558435,-0.326355327218933,0.019,0.026,1,"7","hslO-4"
0.00400412931604021,0.52402881802936,0.033,0.027,1,"7","glk-3"
0.00447254524407275,-0.199932016980414,0.057,0.069,1,"7","ffh-5"
0.00454753223986725,-0.484710621679305,0.012,0.017,1,"7","yeeF-3"
0.00526169449737374,0.839787875312891,0.022,0.017,1,"7","tktB-2"
0.00532368215006308,0.843617020962888,0.016,0.012,1,"7","fdhD-4"
0.0054820366481339,-0.481596662566249,0.006,0.011,1,"7","yfhK-1"
0.00561098939960674,-0.298109209903461,0.076,0.088,1,"7","rpsN-3"
0.00583962845930863,-0.167610503370182,0.079,0.092,1,"7","ybiS-5"
0.00596227299794945,-0.329981762382577,0.022,0.028,1,"7","greA-4"
0.00601263037335699,-0.530285285830735,0.01,0.016,1,"7","mltA-5"
0.00602454339587817,-0.317498847868779,0.015,0.02,1,"7","speG-3"
0.00605327450639193,-0.411597882445272,0.01,0.015,1,"7","puuP-5"
0.00620094256972507,-0.357802460065834,0.015,0.021,1,"7","yfhA-2"
0.00683725002431298,-0.428286357542815,0.007,0.012,1,"7","mukE-3"
0.00687514702938217,-0.241626716252291,0.041,0.05,1,"7","aroK-1"
0.00706541011605743,-0.201179920541981,0.011,0.016,1,"7","pdxA-5"
0.00735366797939361,-0.220154053869557,0.02,0.026,1,"7","ybeB-4"
0.00735941365860046,-0.418483716300664,0.012,0.017,1,"7","ydeA-5"
0.00755913230705808,-0.220406960417452,0.091,0.103,1,"7","rpmD-2"
0.00766835924666333,-0.263205521163818,0.016,0.022,1,"7","dusA-4"
0.00770367867480535,0.754314286987848,0.017,0.013,1,"7","yhjK-1"
0.00773176490321211,0.859673251088969,0.012,0.009,1,"7","thiC-1"
0.00781976496725137,-0.335041755886136,0.012,0.017,1,"7","spr-5"
0.00788775545664188,-0.215811438622829,0.027,0.034,1,"7","secD-3"
0.00788955888906028,-0.181618663796812,0.018,0.024,1,"7","rsxC-5"
0.00834007606850099,0.635267510122791,0.039,0.032,1,"7","betT-1"
0.00845889346990009,-0.332346685346109,0.008,0.012,1,"7","yggL-5"
0.00846536251617301,0.597597947403933,0.023,0.018,1,"7","frmA-3"
0.00885824357146007,-0.450574170942187,0.009,0.014,1,"7","ydcP-3"
0.00934936819870855,-0.260565008537119,0.012,0.017,1,"7","speD-1"
0.00940264962544399,-0.541920107370868,0.014,0.019,1,"7","infC-3"
0.00942453070321164,-0.368429826181013,0.051,0.06,1,"7","rpsD-1"
0.00955257931855432,-0.414610949908485,0.008,0.012,1,"7","mdlB-2"
3.20927851950946e-78,-2.3997668662844,0.018,0.098,6.96445531518748e-74,"5","fimI-4"
2.34655561252576e-61,-4.01061747298272,0.004,0.059,5.09226033474215e-57,"5","fimA-4"
1.52046793572606e-54,-1.15706764632687,0.065,0.146,3.29956746731911e-50,"5","dnaK-4"
1.3184372745867e-48,-5.96579537645311,0.001,0.042,2.86114072958059e-44,"5","fimC-5"
1.37827587602325e-48,-2.34777170782671,0.008,0.056,2.99099647855807e-44,"5","aroF-1"
4.75912352698146e-43,-1.08290321708487,0.051,0.116,1.03277739659025e-38,"5","ibpA-2"
6.29178572695029e-43,-0.986373921875584,0.072,0.143,1.36538042060548e-38,"5","kgtP-4"
4.19315174085366e-42,-1.06158582434242,0.058,0.124,9.09955859282652e-38,"5","nusA-2"
3.06783678468904e-29,-0.642170500729622,0.118,0.184,6.65751260645369e-25,"5","rplT-4"
1.8246555342114e-28,-1.28830755126578,0.023,0.062,3.95968497479216e-24,"5","rplO-1"
8.97442631409553e-28,-2.59703991054797,0.005,0.033,1.94754025442187e-23,"5","rplN-4"
1.56127051114286e-24,-0.873740236774263,0.045,0.087,3.38811313623112e-20,"5","ahpF-1"
7.4581044264515e-24,2.01941835683918,0.031,0.013,1.61848324158424e-19,"5","phr-3"
1.08515108210811e-22,1.67693909520282,0.045,0.023,2.35488636328282e-18,"5","fabB-5"
1.86999501462053e-22,-0.464456265898042,0.12,0.179,4.05807618122801e-18,"5","groL-5"
2.22540978051694e-22,-0.991377914966907,0.028,0.062,4.82936176469982e-18,"5","zntA-6"
3.73131837201229e-21,-1.10959599639678,0.021,0.052,8.09733399910388e-17,"5","lon-5"
6.19961693290437e-20,-6.63018676867145,0,0.017,1.34537887060958e-15,"5","fimD-2"
6.88009327546049e-19,-1.08985444948296,0.014,0.039,1.49304904170768e-14,"5","fur-1"
1.54358288328733e-18,-1.89410759623621,0.004,0.022,3.34972921502184e-14,"5","tyrA-4"
3.8470405715252e-16,-1.65410619938839,0.005,0.023,8.34846274426685e-12,"5","cysK-4"
3.97637809632287e-16,-0.490879006989946,0.049,0.083,8.62913810683027e-12,"5","yhhW-1"
9.00793588112889e-16,-0.456367381264527,0.169,0.221,1.95481216556378e-11,"5","rplA-1"
9.26223024228087e-16,-2.44166014817344,0.002,0.017,2.00999658487737e-11,"5","yhaK-1"
3.7599045708562e-15,-1.82793688029787,0.004,0.019,8.15936890921503e-11,"5","cueO-5"
6.91574791257391e-15,-0.507013868646372,0.055,0.089,1.50078645450767e-10,"5","mntH-3"
7.35421113844573e-15,1.5489282989804,0.028,0.014,1.59593735915411e-10,"5","aaeB-1"
1.04358550357408e-14,1.84170690920043,0.025,0.012,2.26468490130611e-10,"5","ybgA-3"
1.20792044582392e-14,-0.538682573109157,0.108,0.149,2.6213081594825e-10,"5","rpsK-2"
2.71379725312028e-14,1.11885998617156,0.064,0.042,5.88921141899632e-10,"5","pflB-3"
3.18758904595167e-14,-1.56111301623848,0.009,0.026,6.91738698861973e-10,"5","rpsF-5"
3.5085384348203e-14,-1.37046454975263,0.015,0.035,7.61387925740353e-10,"5","rplV-5"
1.14334753829121e-13,-0.904855500060907,0.016,0.037,2.48117849284575e-09,"5","rseP-4"
1.16814518542264e-13,1.68926595997552,0.025,0.012,2.53499186688568e-09,"5","ybiV-3"
2.84286634474341e-13,-0.53300148798532,0.061,0.092,6.16930425472767e-09,"5","clpB-5"
1.25608250896356e-12,-0.945498933981065,0.02,0.04,2.72582465270181e-08,"5","ompX-5"
1.30990110747413e-12,-0.35026638027955,0.162,0.209,2.84261639332961e-08,"5","glpD-2"
3.05215359967056e-12,-0.504560836594225,0.045,0.072,6.62347852664507e-08,"5","glpR-5"
6.84214020731323e-12,-0.457250989502302,0.081,0.114,1.48481284638904e-07,"5","ygiS-3"
6.71570962701411e-11,-0.288638641339465,0.04,0.064,1.45737614615833e-06,"5","arcA-2"
8.7152602294318e-11,0.892094943764558,0.069,0.049,1.891298622389e-06,"5","accC-5"
1.2520396505797e-10,-1.66009148872416,0.005,0.017,2.71705124572301e-06,"5","dps-5"
2.39477925601759e-10,-0.624468737678596,0.014,0.03,5.19691046348376e-06,"5","yeaQ-5"
2.59132602949957e-10,-0.274437456609953,0.026,0.046,5.62343661661702e-06,"5","copA-2"
3.8770638400554e-10,-0.393958524550141,0.038,0.06,8.41361623930423e-06,"5","trxC-5"
4.1045173053676e-10,1.52469828612737,0.027,0.015,8.90721300437823e-06,"5","talA-5"
4.79974953344515e-10,-0.253921116630003,0.169,0.212,1.04159364625293e-05,"5","ahpC-5"
5.82221489576159e-10,-0.409641454118436,0.053,0.078,1.26347885452922e-05,"5","hns-2"
1.01560797367072e-09,-0.476922792617344,0.022,0.039,2.20397086366282e-05,"5","yfiQ-1"
3.36043399247502e-09,-0.256874413274925,0.095,0.127,7.29247780707005e-05,"5","gapA-3"
3.49653152920905e-09,1.45780171563418,0.026,0.015,7.58782307153655e-05,"5","katE-2"
4.81938247580396e-09,-0.456980107170096,0.103,0.133,0.000104585419107422,"5","fis-1"
8.20274121876894e-09,-0.743109514105816,0.006,0.017,0.000178007687188505,"5","gntK-1"
8.61224475206309e-09,-0.389158630191543,0.026,0.043,0.000186894323364521,"5","fxsA-1"
8.76320765053508e-09,-0.39279040211593,0.168,0.203,0.000190170369224262,"5","cspG-3"
1.17534181239963e-08,-0.217929002333993,0.145,0.182,0.000255060926708843,"5","rho-3"
1.37593642538563e-08,-0.60377349054365,0.015,0.029,0.000298591963672935,"5","folE-2"
1.41915665850755e-08,-0.359026226729949,0.258,0.295,0.000307971186462723,"5","nlpI-3"
1.66934044169604e-08,-0.62491697625642,0.041,0.061,0.000362263569252457,"5","rpsD-1"
2.20450688253862e-08,-0.519468720363452,0.089,0.116,0.000478400038579705,"5","rplX-1"
4.21222624420107e-08,-0.351033168573139,0.026,0.043,0.000914095217254074,"5","hemH-3"
5.16382758767437e-08,-1.23814340058559,0.006,0.016,0.00112060222480122,"5","tufA-5"
5.18828075899102e-08,-0.445278446643828,0.024,0.039,0.00112590880750864,"5","aroM-4"
7.10952098686654e-08,-0.639330449643483,0.01,0.022,0.00154283714935991,"5","yecJ-2"
9.81672215470619e-08,-0.429675545264464,0.099,0.126,0.00213032687479279,"5","obgE-4"
1.19657560925929e-07,-1.06647030580011,0.005,0.014,0.00259668872965359,"5","nagD-4"
1.20910700708655e-07,-0.889726393134322,0.011,0.022,0.00262388311607852,"5","ruvB-4"
1.28498948771955e-07,-1.64958332168188,0.005,0.013,0.00278855568730019,"5","yceD-2"
1.35982920511643e-07,1.30048218901659,0.031,0.02,0.00295096535802317,"5","acrB-5"
1.73897760803633e-07,1.24363604431001,0.027,0.017,0.00377375530719965,"5","sdhB-3"
1.78843976055507e-07,-0.499283912233519,0.015,0.027,0.00388109312438055,"5","yeaR-5"
1.98547849569812e-07,-1.12999708835495,0.016,0.029,0.00430868688351448,"5","rplJ-2"
2.61742738430465e-07,-0.33490837937205,0.144,0.175,0.00568007916667952,"5","rplE-3"
3.37939643427852e-07,0.322417146456616,0.198,0.178,0.00733362820202781,"5","bipA-2"
3.70485927287638e-07,1.15257161523823,0.023,0.014,0.00803991510806903,"5","ydcL-4"
4.4748149588288e-07,-0.81447692558998,0.007,0.016,0.00971079594215438,"5","ygeQ-3"
4.65749895013374e-07,1.07112460317632,0.038,0.027,0.0101072384716852,"5","pepN-1"
6.08637649302231e-07,-0.427764736193356,0.055,0.075,0.0132080456275077,"5","bax-4"
6.16476471502122e-07,-0.464662471277598,0.015,0.026,0.0133781559080676,"5","galS-2"
7.38451715756508e-07,-0.225116141925866,0.271,0.312,0.016025140683632,"5","rpsA-3"
1.14056215165244e-06,-0.451981406163465,0.025,0.039,0.0247513392530096,"5","phoH-1"
1.19546669750931e-06,-0.276524463436771,0.216,0.25,0.0259428228026496,"5","rplR-2"
1.76445486365504e-06,-1.31323962698205,0.004,0.011,0.0382904349961781,"5","rplU-2"
1.8037633214776e-06,-0.875944708780688,0.006,0.014,0.0391434678393854,"5","yaiA-4"
1.96717783683395e-06,-0.354844780158932,0.104,0.128,0.0426897262371335,"5","rplF-3"
2.03538097916996e-06,1.06843510782387,0.033,0.022,0.0441698026289672,"5","pyrC-5"
2.30423188830234e-06,-0.903092327521296,0.015,0.026,0.050004136208049,"5","rpsG-5"
2.56805523499617e-06,-0.370927875059045,0.033,0.048,0.0557293666546519,"5","hscA-1"
3.29384615150984e-06,0.59514793943313,0.092,0.075,0.0714797553339151,"5","fabF-3"
3.85459480620698e-06,-0.258379661562197,0.049,0.066,0.0836485618894976,"5","yfiD-3"
5.093040478361e-06,1.2231241388405,0.022,0.014,0.110524071420912,"5","uidR-4"
5.14804639403658e-06,-0.404466301853413,0.079,0.099,0.111717754796988,"5","lpxC-2"
5.34259934093934e-06,0.997575691372725,0.042,0.031,0.115939748297725,"5","hepA-1"
5.43786808063429e-06,-0.430375535917303,0.017,0.028,0.118007175217845,"5","dsbC-5"
6.37978264151023e-06,1.09501291184541,0.021,0.014,0.138447663103413,"5","yncE-1"
6.77279859558465e-06,-0.740448905259247,0.005,0.012,0.146976502322783,"5","cydA-1"
7.04487353825657e-06,-0.733075018802229,0.007,0.015,0.152880800653706,"5","slyB-2"
7.5454394662543e-06,-0.476196599460672,0.026,0.039,0.163743581857185,"5","yhaM-1"
7.87596825465844e-06,0.923301682929386,0.042,0.031,0.170916387094343,"5","puuC-5"
8.88335491373629e-06,-0.738600992589021,0.014,0.024,0.192777684982991,"5","dinJ-5"
9.46432183132017e-06,-0.524619033782971,0.027,0.039,0.205385248061479,"5","cdsA-1"
9.47629054702976e-06,-0.410212515979074,0.012,0.022,0.205644981161093,"5","rraB-5"
1.23091513550217e-05,-0.775322341828119,0.008,0.016,0.267120893555326,"5","atpE-4"
1.25853711960374e-05,-0.348427158323424,0.017,0.027,0.273115140325209,"5","grpE-4"
1.32776205044062e-05,-0.880718878791272,0.006,0.013,0.28813764256612,"5","yeaK-5"
1.34785916197145e-05,-0.308325523991766,0.025,0.037,0.292498916739424,"5","ygdE-4"
1.40757804080556e-05,-0.715492495360136,0.022,0.033,0.305458510635215,"5","ompA-4"
1.61663363460146e-05,-0.707755738003865,0.01,0.019,0.350825665044863,"5","map-3"
1.6938568864261e-05,0.974981853693422,0.032,0.023,0.367583882923327,"5","pepQ-5"
1.91475326653468e-05,-0.589661321264724,0.013,0.022,0.415520606370691,"5","yebG-4"
1.96629923340587e-05,1.14200264345804,0.022,0.014,0.426706596641407,"5","hisJ-2"
2.10693915944477e-05,-0.256654806145656,0.111,0.134,0.457226866991111,"5","rplI-2"
2.13799370675666e-05,1.20292585569508,0.024,0.016,0.463966014303262,"5","tktB-2"
2.14708251324737e-05,0.63956864505935,0.07,0.056,0.465938376199811,"5","leuS-3"
2.51468717624818e-05,-0.152104372470025,0.062,0.08,0.545712264117619,"5","zapA-1"
2.55988553741246e-05,-0.123482488324455,0.041,0.056,0.555520760473878,"5","gyrB-3"
2.60136426702029e-05,-0.192713816658133,0.047,0.062,0.564522059586074,"5","yjgI-4"
2.81350562933986e-05,-0.992487134857289,0.008,0.016,0.610558856623042,"5","accB-2"
3.05948615564711e-05,-1.09322094362933,0.005,0.012,0.663939090636979,"5","trg-1"
3.11427086737464e-05,-0.237429593944775,0.012,0.021,0.675827920928971,"5","fbaB-1"
3.18781531686946e-05,-0.242631903583645,0.089,0.11,0.691787801913841,"5","yafQ-3"
3.41102067408697e-05,-0.813923999040557,0.004,0.01,0.740225596483614,"5","ybhG-1"
3.44096303682148e-05,-0.509278688981049,0.01,0.018,0.74672338862063,"5","yejK-5"
3.51822249402647e-05,0.779008708408664,0.044,0.033,0.763489463428684,"5","bfr-3"
3.76954721614538e-05,-0.636832578552402,0.01,0.018,0.818029441375709,"5","rep-3"
3.87199228203218e-05,-1.03251819585926,0.005,0.012,0.840261045123803,"5","iscS-5"
3.97928988474635e-05,-0.626827107779164,0.004,0.01,0.863545697888805,"5","yohM-6"
4.35370576355876e-05,-0.218324676452716,0.384,0.416,0.944797687749885,"5","rplL-3"
4.40529159301994e-05,0.827304877930233,0.045,0.035,0.955992328601257,"5","tyrS-1"
4.46205175682162e-05,-0.193409608238134,0.334,0.37,0.96830985174786,"5","deaD-2"
4.56486791088734e-05,1.00833427774681,0.028,0.02,0.990621985341662,"5","deoD-1"
4.62791142406461e-05,0.897320898886571,0.024,0.016,1,"5","uvrY-5"
5.14827189814274e-05,-0.310641551059132,0.009,0.016,1,"5","yidE-3"
5.7747753517147e-05,-0.172303809806129,0.052,0.068,1,"5","ompC-3"
6.57442066255686e-05,-0.649330472480476,0.008,0.015,1,"5","yaaA-3"
7.56005070645782e-05,0.832941219011342,0.047,0.037,1,"5","nagC-2"
8.2621407701896e-05,-0.480909435077724,0.011,0.019,1,"5","cmk-1"
8.27318424004056e-05,0.869413035473345,0.018,0.012,1,"5","argR-1"
9.46709775584821e-05,0.984562954502481,0.028,0.02,1,"5","lolB-5"
9.62765927086917e-05,-0.128250318813065,0.007,0.013,1,"5","dacC-2"
0.000106623436220917,1.32545514276334,0.016,0.01,1,"5","yfiE-1"
0.000106916148196955,-0.99906705866171,0.008,0.015,1,"5","tufB-2"
0.000114174041365491,-0.441404906287635,0.023,0.033,1,"5","rpsH-3"
0.000114762234202887,-0.574026025294818,0.013,0.021,1,"5","recA-5"
0.000119373096872417,-0.740877826004953,0.006,0.012,1,"5","yfiC-4"
0.000124843723722083,-0.369967864175335,0.039,0.052,1,"5","rseA-3"
0.00013048984696595,-0.280961159816858,0.086,0.104,1,"5","rpmD-2"
0.000149502128007984,-0.408293786913784,0.011,0.018,1,"5","ygfB-4"
0.000154108432578848,-0.216236097459283,0.028,0.04,1,"5","insE-4-3"
0.000158862374201256,-0.855077990615916,0.005,0.01,1,"5","rumA-4"
0.000163016605432216,0.60950979808132,0.055,0.044,1,"5","rluE-2"
0.000184709042035369,-0.194300417641363,0.048,0.062,1,"5","yebA-2"
0.000190430935789825,0.882914611628079,0.033,0.025,1,"5","dedA-1"
0.000203496940050234,-0.730944628039232,0.006,0.012,1,"5","rtcB-1"
0.000231061850501865,1.14043579058664,0.023,0.016,1,"5","gpp-1"
0.000237082441621913,-0.602921570498979,0.005,0.01,1,"5","yejH-3"
0.000239553820515577,-0.217240135521626,0.077,0.094,1,"5","lepA-2"
0.000242043673402069,-0.238561860998287,0.017,0.026,1,"5","hybO-4"
0.00024528015452939,0.995553822216819,0.025,0.018,1,"5","prmB-5"
0.000254687568389812,-0.667595413727123,0.007,0.013,1,"5","frsA-1"
0.000261823971299608,-0.154080365515414,0.086,0.105,1,"5","cyoA-5"
0.000271579607828017,0.832480434402161,0.037,0.028,1,"5","pepD-1"
0.000271805215438913,-0.74775526084283,0.012,0.019,1,"5","ycdO-4"
0.000285119280586487,1.13051375194987,0.019,0.013,1,"5","nuoF-1"
0.000290419104380657,0.955180074526895,0.024,0.017,1,"5","yjeK-3"
0.000292937810170567,-0.244752459927733,0.01,0.016,1,"5","yqjF-4"
0.000304071998242532,-0.361511677203217,0.082,0.098,1,"5","cspA-3"
0.000304575685035283,-0.317354880475861,0.021,0.031,1,"5","phoR-3"
0.000344389109314147,-0.408778918384425,0.057,0.07,1,"5","truB-2"
0.00034688319885645,1.06457845510385,0.02,0.014,1,"5","ycgZ-3"
0.000354857165382409,-0.323307985634719,0.054,0.067,1,"5","rpmG-2"
0.000365136924864893,-0.201069608454697,0.134,0.156,1,"5","rpsI-1"
0.00038619881347602,-0.207951652068075,0.021,0.03,1,"5","gshA-4"
0.000387634240148312,0.227524587350383,0.201,0.189,1,"5","pyrG-5"
0.000415315734560964,-0.191765798827848,0.24,0.269,1,"5","rpsE-2"
0.000439337001774218,-0.275563245155016,0.035,0.047,1,"5","def-2"
0.000445162813805809,-0.207824370645604,0.019,0.028,1,"5","recQ-4"
0.000473497484903255,1.05555008575549,0.03,0.022,1,"5","sdhA-2"
0.000488525860681797,-0.826773231380353,0.005,0.01,1,"5","thiC-1"
0.000516196432772288,-0.3255922760852,0.015,0.023,1,"5","gntR-5"
0.000561241312342512,-0.216289927687948,0.158,0.181,1,"5","rpoB-1"
0.000586468194149003,-0.417818393856431,0.009,0.016,1,"5","proQ-3"
0.00059622411255804,0.911892600693838,0.028,0.021,1,"5","ydfH-5"
0.000606033345973265,-0.270023841325174,0.015,0.023,1,"5","yebV-5"
0.000614078874369679,-0.234135172987323,0.139,0.16,1,"5","infB-3"
0.000639450214600634,-0.285374306707443,0.048,0.06,1,"5","rplS-1"
0.000709719393831718,-0.419776657531798,0.018,0.026,1,"5","parE-4"
0.000758500876207694,-0.326491186204092,0.024,0.032,1,"5","rpsU-3"
0.000823620878327097,-0.131087144315786,0.1,0.118,1,"5","rpoA-2"
0.000887792523713754,-0.508014265763614,0.022,0.031,1,"5","glnH-5"
0.000900298161832253,-0.220426525566813,0.144,0.165,1,"5","iscR-2"
0.000920028258267901,-0.27885049753387,0.017,0.025,1,"5","glmM-1"
0.000948571561184092,-0.384600726081179,0.006,0.011,1,"5","argT-5"
0.00101458240989443,0.534472137399036,0.085,0.075,1,"5","gcd-2"
0.00101710968280277,-0.49151931030592,0.009,0.014,1,"5","sdiA-4"
0.0010538909366037,-0.226012979809878,0.037,0.048,1,"5","nlpB-4"
0.00106027058046195,-0.322983570165509,0.02,0.028,1,"5","tktA-4"
0.00110582437896282,-0.513598015164939,0.005,0.01,1,"5","yjgA-3"
0.0011081844572982,0.860546546968302,0.022,0.016,1,"5","ycfQ-5"
0.00115933287923535,-0.272637683408072,0.067,0.081,1,"5","rplC-3"
0.00120270694149749,-0.119150289378753,0.058,0.071,1,"5","insH-1-1"
0.00121704398988108,0.795534857851516,0.045,0.037,1,"5","ybfE-3"
0.00122783853865645,0.903393078630551,0.022,0.016,1,"5","pgi-2"
0.00134791872490622,0.599171054611733,0.061,0.052,1,"5","aceA-5"
0.001371188414273,-0.717683119603662,0.008,0.013,1,"5","rnpA-2"
0.00140968546737506,0.757838256507866,0.033,0.026,1,"5","ygiC-3"
0.00143705241293385,-0.127013824281304,0.008,0.013,1,"5","yigI-5"
0.00144453476278787,-0.16143163291416,0.019,0.026,1,"5","ycfH-2"
0.00145725732185085,-0.189434700622421,0.067,0.08,1,"5","pnp-1"
0.00149091136046863,-0.182447553843201,0.033,0.043,1,"5","yjgP-4"
0.00164269510403535,0.731014305653931,0.038,0.031,1,"5","ftsK-5"
0.00174490915502399,-0.182449681734306,0.026,0.035,1,"5","rnc-3"
0.00182017592302214,-0.440869382920658,0.019,0.027,1,"5","oppB-4"
0.00182431832726189,-0.314855738584747,0.008,0.014,1,"5","lpxL-1"
0.00186591505440607,0.528588667137629,0.078,0.068,1,"5","rhlB-2"
0.00201033725017054,-0.324154134598156,0.005,0.01,1,"5","ygiD-1"
0.00201608346205588,-0.271794590864791,0.011,0.016,1,"5","gntU-4"
0.00206438414939913,-0.476170450561049,0.018,0.026,1,"5","rplW-1"
0.00209054874981362,-0.596349031894453,0.006,0.011,1,"5","dgsA-5"
0.00210962095978284,-0.206129510029341,0.083,0.097,1,"5","aceE-1"
0.00222603674230763,-0.333037667475826,0.016,0.023,1,"5","oppD-3"
0.00254846509222191,-0.169007618899546,0.055,0.066,1,"5","frr-4"
0.00255202757910016,-0.719631049586496,0.015,0.021,1,"5","mltD-1"
0.00256972145336342,-0.241880321946183,0.042,0.052,1,"5","mioC-3"
0.00257087334593872,0.76634519709445,0.028,0.022,1,"5","panC-4"
0.00261198007777118,-0.160039666714093,0.205,0.229,1,"5","dnaA-3"
0.00262704926573463,-0.204729906366766,0.01,0.015,1,"5","ybiR-2"
0.00279410467950175,-0.122877563479159,0.111,0.128,1,"5","yidC-1"
0.00299414387824979,-0.313399823216358,0.016,0.022,1,"5","ycbL-3"
0.00302366074155892,0.889794689476397,0.035,0.028,1,"5","adhE-2"
0.00304923656036536,-0.111465415778834,0.071,0.084,1,"5","thrS-1"
0.00309034076383419,0.501169945962389,0.045,0.037,1,"5","potA-3"
0.00314313452856229,-0.230929643427913,0.013,0.018,1,"5","luxS-1"
0.0031590288772764,0.428410882609603,0.094,0.084,1,"5","kdsA-1"
0.00321593583797274,-0.11787769389993,0.097,0.113,1,"5","ycbK-2"
0.00322532186909642,0.762166494054475,0.042,0.035,1,"5","msrB-2"
0.00323627396474437,-0.160027143323151,0.033,0.042,1,"5","ppiD-4"
0.00328802044502912,-0.312434962012346,0.021,0.028,1,"5","tolB-4"
0.00338196743473752,-0.278157470325613,0.008,0.013,1,"5","yfhL-1"
0.00366624171628875,1.18355779896001,0.011,0.007,1,"5","yhgF-4"
0.00400194333421278,-0.183561914887058,0.059,0.07,1,"5","ychA-4"
0.00408477583675002,0.742137227875556,0.038,0.031,1,"5","ldhA-5"
0.00420687773200353,-0.196125888790394,0.086,0.1,1,"5","yafK-3"
0.00447314214370097,0.848974503349863,0.016,0.012,1,"5","fecI-5"
0.00454142185595647,0.981573422662609,0.021,0.016,1,"5","sdaA-5"
0.00457321518005766,0.405583016337772,0.116,0.107,1,"5","pgk-1"
0.00465340751258381,-0.277003451886175,0.01,0.015,1,"5","yedQ-3"
0.00469257789059372,1.18342117596622,0.017,0.013,1,"5","ubiE-1"
0.00487275134326497,0.681966451135304,0.037,0.03,1,"5","ackA-4"
0.00492931620551025,-0.19230955413581,0.028,0.036,1,"5","yjgQ-2"
0.00496842560454032,-0.279419267282302,0.012,0.017,1,"5","relE-5"
0.0050474656337379,-0.466272401475081,0.009,0.014,1,"5","pphA-5"
0.00508307977646635,-0.332152373208761,0.018,0.024,1,"5","amiB-3"
0.00520182294234822,-0.255841056518596,0.008,0.013,1,"5","sra-5"
0.00528519042243028,-0.244195373467376,0.015,0.021,1,"5","alr-5"
0.00532009628106279,-0.138186423754976,0.057,0.069,1,"5","ffh-5"
0.00552403995938097,-0.114691456243863,0.027,0.035,1,"5","argS-1"
0.00555700985527132,0.104664147349618,0.031,0.039,1,"5","rne-5"
0.00557862511924327,-0.139832100937742,0.036,0.045,1,"5","hscB-5"
0.0056080467713311,-0.32048873767897,0.008,0.012,1,"5","recO-3"
0.00566015420010011,0.930906395611628,0.018,0.013,1,"5","otsB-1"
0.00582198036849624,0.563136503916114,0.02,0.015,1,"5","mscS-4"
0.00585625590241212,1.03735575310484,0.011,0.008,1,"5","dbpA-1"
0.00602030143933115,-0.282605329571023,0.013,0.019,1,"5","kbl-2"
0.00603628281667791,-0.387210616464279,0.011,0.016,1,"5","tolA-1"
0.0062310578144919,-0.174008130227425,0.022,0.029,1,"5","rcsD-1"
0.00665354760408066,-0.158616106443978,0.018,0.025,1,"5","dcrB-5"
0.00666511891137165,1.04292030517295,0.014,0.01,1,"5","yccK-3"
0.00671381600229702,-0.173895964497216,0.079,0.091,1,"5","nudB-2"
0.00671965594083501,-0.426454646665204,0.006,0.01,1,"5","yobA-1"
0.00680507990109981,-0.136537196143864,0.03,0.038,1,"5","ecfK-5"
0.0068508767705167,-0.261393329044899,0.017,0.023,1,"5","ybiT-2"
0.00740497625754948,-0.150467673856496,0.007,0.011,1,"5","yjtD-2"
0.00761121020752873,-0.146187091636184,0.02,0.026,1,"5","ygfA-2"
0.00766681979526185,-0.35630453822975,0.009,0.014,1,"5","ydbA-12"
0.00772857452926928,-0.149029512375901,0.076,0.088,1,"5","rpsN-3"
0.00820779100427659,-0.137402151344203,0.065,0.077,1,"5","ydcQ-3"
0.00823628830143048,-0.436449082350892,0.024,0.03,1,"5","mqsR-4"
0.00824269202502379,-0.202223334170105,0.041,0.05,1,"5","imp-4"
0.00849559813063312,-0.213370475018016,0.008,0.012,1,"5","raiA-1"
0.00889398239595046,-0.344617954254781,0.008,0.012,1,"5","yjeE-2"
0.00896083856646786,-0.141762043884322,0.023,0.029,1,"5","parC-1"
0.00900723515372384,-0.444715400541511,0.006,0.01,1,"5","syd-5"
0.00901443380231913,-0.23719655752679,0.011,0.016,1,"5","ybbK-5"
0.00937749772025492,-0.113657073525245,0.049,0.059,1,"5","exbB-5"
0.00984054004680068,0.827355997747671,0.036,0.03,1,"5","gltB-3"
0.00991073094394366,-0.11100595714126,0.036,0.044,1,"5","fhuF-3"
8.88125124044756e-135,-4.30861492491651,0.004,0.102,1.92732033168953e-130,"3","fimI-4"
4.47776159585248e-116,-1.97714155753749,0.023,0.123,9.71719043915947e-112,"3","ygiS-3"
4.56842778842209e-86,-16.4205736539359,0,0.061,9.91394514365478e-82,"3","fimA-4"
2.05527457016407e-75,-0.862580369962619,0.059,0.151,4.46015134471306e-71,"3","yhhQ-4"
1.00023860026408e-71,-1.45600316062669,0.02,0.088,2.17061778643308e-67,"3","yhhW-1"
1.56143445182653e-70,-3.22525862861897,0.004,0.058,3.38846890390876e-66,"3","aroF-1"
5.64254343080275e-68,1.32012118200721,0.197,0.129,1.2244883499185e-63,"3","dnaK-4"
1.28744742475857e-60,-15.9232188848919,0,0.043,2.79388965646857e-56,"3","fimC-5"
4.58463165592618e-60,-1.53267980604285,0.018,0.076,9.94910915652541e-56,"3","glpR-5"
4.49238261408171e-57,1.20619087842739,0.227,0.166,9.74891951081871e-53,"3","groL-5"
3.92159523666011e-53,-0.932579452161926,0.032,0.093,8.51025382307611e-49,"3","mntH-3"
1.52198324678393e-46,-0.656597178065119,0.035,0.092,3.3028558438458e-42,"3","kdsA-1"
1.09912088748801e-44,-1.81623826104063,0.008,0.047,2.38520223793773e-40,"3","fadE-1"
3.25305010482159e-44,-2.38502720266425,0.005,0.042,7.05944403247333e-40,"3","phoH-1"
1.05815661630306e-42,-0.263328733306739,0.114,0.201,2.29630567303928e-38,"3","pyrG-5"
1.47433465418224e-42,-2.14037912028473,0.006,0.041,3.19945363304087e-38,"3","sufD-2"
8.72307057058785e-42,-1.28328322577156,0.01,0.049,1.89299354452327e-37,"3","copA-2"
1.42854181020474e-39,-3.03827356553,0.003,0.033,3.10007858232531e-35,"3","phoR-3"
1.72693498322163e-39,-2.92464420330226,0.004,0.037,3.74762160708927e-35,"3","rplV-5"
2.10355655456697e-39,1.65670034640782,0.1,0.06,4.56492807906578e-35,"3","yfiD-3"
1.12556440707014e-36,-0.966972470897983,0.02,0.06,2.44258731978291e-32,"3","znuA-2"
3.12662042974312e-35,2.06029956769384,0.07,0.038,6.78507899458555e-31,"3","fxsA-1"
4.81287326727915e-35,-0.351328283381981,0.068,0.128,1.04444162773225e-30,"3","ybjL-1"
6.1557116825097e-35,-0.908933426738886,0.018,0.056,1.33585099222143e-30,"3","accC-5"
5.47855075554071e-33,-0.109617022041826,0.151,0.239,1.18890029945989e-28,"3","guaB-2"
2.46863601758371e-32,-0.113655767025547,0.08,0.142,5.3571870217584e-28,"3","katG-5"
8.72879389233667e-32,-2.14709096611504,0.004,0.031,1.89423556257598e-27,"3","glk-3"
1.83780579721486e-30,-3.61579559364997,0.001,0.023,3.98822236053596e-26,"3","tyrA-4"
8.42118790394532e-30,-1.20969543181645,0.01,0.039,1.82748198703517e-25,"3","yebW-2"
5.5227593684604e-29,-0.795892779230014,0.016,0.049,1.19849401054959e-24,"3","sufB-3"
7.72424014437088e-29,-0.263071348058951,0.064,0.116,1.67623735372992e-24,"3","rplQ-4"
1.47461844247475e-28,-1.8519171284965,0.004,0.028,3.20006948201445e-24,"3","galS-2"
4.09211144158391e-28,-0.420584908267254,0.035,0.075,8.88029103938124e-24,"3","exbD-2"
6.95323514910203e-28,-0.544102509101847,0.022,0.056,1.50892155970663e-23,"3","tolQ-2"
7.15243308921412e-28,-0.865555666198076,0.012,0.041,1.55214950469036e-23,"3","aroM-4"
1.12572495602852e-27,-1.61077306399212,0.006,0.032,2.4429357270775e-23,"3","parC-1"
3.41061828272758e-27,-0.10960827062211,0.142,0.217,7.40138273534712e-23,"3","ahpC-5"
3.63757197349622e-27,-0.986692520664979,0.013,0.042,7.89389493968414e-23,"3","potA-3"
5.19107482068882e-27,-0.233976520921332,0.104,0.165,1.12651514683768e-22,"3","infB-3"
7.60709064908135e-27,-0.34489004865002,0.077,0.13,1.65081474175714e-22,"3","obgE-4"
1.40595732324939e-26,-1.60250163028879,0.006,0.029,3.0510679871835e-22,"3","gsk-2"
2.4514570574885e-26,-0.237976790172797,0.044,0.086,5.3199069604558e-22,"3","lpd-1"
2.51944028564702e-26,-1.02626358283076,0.009,0.035,5.46743736388259e-22,"3","ftsK-5"
3.15325588713121e-26,-0.253034833035892,0.068,0.117,6.84288060066344e-22,"3","ycbK-2"
3.18937232568488e-26,-0.220499687831652,0.071,0.122,6.92125688396876e-22,"3","rpoA-2"
6.94782377970176e-26,-0.256246740019198,0.04,0.081,1.50774723843308e-21,"3","pcnB-3"
1.20047754486883e-25,-0.784676624128294,0.016,0.045,2.60515632011984e-21,"3","hemH-3"
3.29274845376651e-25,-1.47887680485292,0.006,0.029,7.1455934195187e-21,"3","yrbL-1"
4.97613966139144e-25,-2.95874681773572,0.002,0.021,1.07987206791856e-20,"3","ycdO-4"
9.2284821589265e-25,-0.87640767109496,0.013,0.04,2.00267291330864e-20,"3","thiI-2"
2.73692849669269e-24,-14.4152859183208,0,0.017,5.9394085306728e-20,"3","fimD-2"
4.58821839822385e-24,-0.224053568167616,0.063,0.108,9.95689274598558e-20,"3","dnaG-2"
6.93005801236797e-24,-0.118941797475817,0.11,0.17,1.50389188926397e-19,"3","nusG-4"
1.86513883229863e-23,-0.339595430228848,0.085,0.136,4.04753777997126e-19,"3","fis-1"
2.0777215691017e-23,1.21306348397422,0.118,0.085,4.50886357710759e-19,"3","clpB-5"
2.51792837714964e-23,-0.301178165508746,0.035,0.071,5.46415637125243e-19,"3","ompC-3"
1.44560905066777e-22,-2.89471879359576,0.001,0.018,3.13711620085414e-18,"3","mglB-1"
2.58174202212264e-22,-0.403362900440117,0.022,0.052,5.60263836220833e-18,"3","yeeZ-4"
4.9180052848962e-22,-1.59259058532185,0.006,0.026,1.06725632687532e-17,"3","amiB-3"
6.37207121249559e-22,-0.465610332028337,0.031,0.063,1.38280317382367e-17,"3","msbA-4"
7.63195078466281e-22,-0.187376384090199,0.06,0.102,1.65620963977968e-17,"3","gidA-3"
3.57023279688012e-21,-0.783096812469791,0.013,0.036,7.74776219250954e-17,"3","ttk-3"
3.62122654219015e-21,-0.479730192358375,0.021,0.049,7.85842371920683e-17,"3","ybgC-5"
4.08985653451485e-21,-0.12098858835696,0.106,0.16,8.87539766555069e-17,"3","rpsI-1"
4.81316762922671e-21,-0.291005119556054,0.033,0.065,1.04450550721849e-16,"3","alaS-2"
4.82586874989473e-21,-0.669814299482337,0.011,0.033,1.04726177741466e-16,"3","yeeY-5"
9.60440900974493e-21,-0.145671324718762,0.077,0.123,2.08425279920475e-16,"3","nusA-2"
1.11743434612341e-20,-0.826949333913739,0.01,0.032,2.42494427452241e-16,"3","ubiD-2"
1.92118480987097e-20,-0.846276683623673,0.009,0.031,4.16916315590099e-16,"3","yfiP-4"
2.00375901958751e-20,-0.484493262383568,0.022,0.049,4.34835744840686e-16,"3","rluE-2"
5.50643156344633e-20,-0.105421970099693,0.085,0.132,1.19495071358349e-15,"3","yidC-1"
7.13379439342733e-20,-0.614359324548543,0.012,0.034,1.54810472131767e-15,"3","pheT-2"
9.89864367439922e-20,-0.31643684347715,0.029,0.058,2.14810466378138e-15,"3","gyrB-3"
1.23762009759952e-19,-1.26337583205221,0.006,0.024,2.68575937380071e-15,"3","gntR-5"
1.83672734482502e-19,-1.0358421260452,0.008,0.028,3.98588201100478e-15,"3","dedA-1"
2.28033942317806e-19,-2.05415926330457,0.002,0.018,4.94856458223872e-15,"3","fepA-1"
3.33403145444901e-19,-0.506047213444467,0.041,0.073,7.2351816592998e-15,"3","truB-2"
5.72568269250337e-19,-1.950893906065,0.004,0.02,1.24253040110016e-14,"3","cspB-3"
6.2425808283941e-19,-0.304551173813296,0.04,0.073,1.3547024655698e-14,"3","yfgL-2"
6.31421373912492e-19,-0.194560022315833,0.057,0.095,1.3702475235275e-14,"3","nudB-2"
6.58784313818502e-19,-0.22409584270175,0.034,0.064,1.42962783941753e-14,"3","yebA-2"
6.64359589124492e-19,-0.343408062951752,0.023,0.05,1.44172674435906e-14,"3","hscA-1"
6.692532580354e-19,-0.165901942715362,0.059,0.097,1.45234649526262e-14,"3","lepA-2"
1.16186996803576e-18,-0.474841983109155,0.013,0.034,2.52137401763441e-14,"3","puuC-5"
1.25413708747085e-18,-0.14793588468069,0.032,0.061,2.72160289352049e-14,"3","leuS-3"
1.58681746527406e-18,-0.143630837615091,0.056,0.093,3.44355258139124e-14,"3","rseB-2"
2.40343879098666e-18,-1.25533624029716,0.006,0.023,5.21570252032016e-14,"3","cysK-4"
2.95753813661714e-18,-0.173474354388843,0.036,0.066,6.41815351027285e-14,"3","zipA-1"
3.32087647955933e-18,-1.37810876103627,0.006,0.023,7.2066340482917e-14,"3","yebG-4"
3.56862337645859e-18,-0.288652487515933,0.024,0.05,7.74426958925278e-14,"3","speA-4"
7.38693020292455e-18,-2.20819047938858,0.003,0.018,1.60303772333666e-13,"3","glnP-4"
7.60500631799518e-18,-2.16984970653248,0.003,0.017,1.65036242106813e-13,"3","tolA-1"
7.98951853717652e-18,-0.16913954466281,0.035,0.065,1.73380541775268e-13,"3","lpxP-2"
8.34605407401375e-18,-2.15350896149689,0.002,0.017,1.81117719460172e-13,"3","ydjN-2"
8.37780492324958e-18,-0.323746206464289,0.049,0.083,1.81806744639439e-13,"3","rplD-2"
9.59879012208822e-18,-0.341884598448677,0.045,0.077,2.08303344439436e-13,"3","bax-4"
1.4517993607274e-17,-0.878084670909432,0.01,0.029,3.15054979271453e-13,"3","dsbC-5"
1.63133188922024e-17,-0.123743877128054,0.103,0.151,3.54015333279685e-13,"3","rpsK-2"
1.70129339618648e-17,-0.855811848626308,0.007,0.025,3.69197679906428e-13,"3","sdhA-2"
2.1868526545641e-17,-1.22322996286347,0.005,0.022,4.74568894566954e-13,"3","ftsX-2"
2.21474186995681e-17,-0.314140441591176,0.022,0.047,4.80621133199328e-13,"3","ychQ-5"
3.59262620829121e-17,-0.127374987746875,0.063,0.1,7.79635813461276e-13,"3","marR-3"
3.95192349056375e-17,-3.87202098551122,0.001,0.013,8.57606916687239e-13,"3","rtcB-1"
4.17546336088645e-17,-0.346386989916301,0.019,0.042,9.06117303945968e-13,"3","guaA-5"
4.43639445333765e-17,-0.249623340896293,0.02,0.044,9.62741960318803e-13,"3","uvrB-5"
5.12074973359006e-17,-1.68752222075688,0.003,0.017,1.11125389968638e-12,"3","yhaK-1"
6.04628447801098e-17,-0.246897852310753,0.018,0.041,1.31210419457316e-12,"3","ybfE-3"
6.76967705427799e-17,-1.46751598859762,0.004,0.018,1.46908761754887e-12,"3","yojI-6"
7.0836580992482e-17,-0.167894555461532,0.038,0.067,1.53722464411785e-12,"3","asnS-4"
7.31580719948224e-17,-0.349847647896662,0.016,0.037,1.58760332035964e-12,"3","gidB-4"
7.44834884836537e-17,-0.433283078681108,0.016,0.037,1.61636618358377e-12,"3","glnL-3"
1.29479943891859e-16,-1.58439379568212,0.005,0.02,2.80984426239724e-12,"3","kefA-3"
1.34322152387625e-16,-1.12809267801577,0.004,0.019,2.91492502896384e-12,"3","gpp-1"
1.4376377649139e-16,-0.204242111941355,0.034,0.062,3.11981771363966e-12,"3","rsuA-4"
1.61679074104389e-16,-2.01174355653792,0.002,0.016,3.50859758713935e-12,"3","yncE-1"
1.78124851361539e-16,-0.37187482352364,0.016,0.037,3.86548739939675e-12,"3","rseP-4"
2.12141021281584e-16,-0.452302952014769,0.016,0.038,4.60367230283165e-12,"3","trxB-1"
2.62884372603649e-16,-3.1646694836295,0.001,0.013,5.70485376987178e-12,"3","pstC-5"
3.63664355943449e-16,-0.19776328024468,0.034,0.061,7.89188018832879e-12,"3","exbB-5"
3.93182825751799e-16,-0.543431791816718,0.011,0.03,8.53246050163979e-12,"3","gltX-3"
4.05589644301619e-16,-0.209246163883924,0.051,0.083,8.80170087098942e-12,"3","rplC-3"
4.49264171174788e-16,-0.68884530511199,0.01,0.027,9.74948177866407e-12,"3","avtA-2"
4.84693430065535e-16,-0.108642621654615,0.089,0.131,1.05183321258522e-11,"3","rplF-3"
6.64219061909511e-16,-0.185072071780874,0.043,0.073,1.44142178624983e-11,"3","ychA-4"
8.36360249018641e-16,-0.692763575140301,0.013,0.032,1.81498537639535e-11,"3","ynaJ-4"
1.20834764517039e-15,-1.30546632314827,0.005,0.02,2.62223522478425e-11,"3","yjeK-3"
1.29890971393599e-15,-1.07302501008716,0.004,0.018,2.81876397021249e-11,"3","katE-2"
1.3207073969646e-15,1.82741941231632,0.041,0.024,2.86606712215288e-11,"3","grpE-4"
1.32231898885966e-15,-1.383869086387,0.004,0.019,2.86956443772435e-11,"3","ycfQ-5"
1.45590745129676e-15,-1.40903073612447,0.003,0.017,3.1594647600591e-11,"3","phr-3"
1.46575425647443e-15,-0.853757002632021,0.008,0.025,3.18083331197515e-11,"3","holB-5"
1.60338812328068e-15,-1.42647690701805,0.004,0.018,3.47951256633141e-11,"3","ydaN-1"
1.77772523872339e-15,-0.128638156255979,0.045,0.075,3.85784154055362e-11,"3","dnaX-2"
1.9698988375761e-15,-0.330721956355344,0.019,0.041,4.27487746742389e-11,"3","rne-5"
2.73940223716836e-15,-0.444626188747213,0.015,0.034,5.94477679487905e-11,"3","dfp-4"
3.6910603239548e-15,-1.35132849934918,0.003,0.016,8.00997000901432e-11,"3","asnB-5"
3.83188752262693e-15,-0.94662586981274,0.007,0.022,8.31557911285269e-11,"3","ydcM-1"
4.06300373856605e-15,-1.13703127959961,0.004,0.017,8.81712441306218e-11,"3","yqjF-4"
4.32042624118379e-15,-0.115561205404761,0.029,0.054,9.37575698599293e-11,"3","ribB-5"
4.97473045753735e-15,-0.969093382285395,0.004,0.018,1.07956625659018e-10,"3","talA-5"
7.07116424145566e-15,-0.295449215617554,0.016,0.036,1.53451335203829e-10,"3","betT-1"
7.62301392157613e-15,-0.160017323071878,0.023,0.045,1.65427025112124e-10,"3","gpmA-2"
9.19551118093545e-15,-1.16123802910428,0.005,0.019,1.9955178813748e-10,"3","yabI-4"
9.3656060387376e-15,-0.770757839818719,0.006,0.021,2.03243016646645e-10,"3","cpxA-5"
1.03814664570392e-14,-0.22726569895964,0.024,0.047,2.25288203584207e-10,"3","moaA-4"
1.119296009892e-14,-1.36826446418667,0.004,0.018,2.42898427106662e-10,"3","chpR-5"
1.13028569281187e-14,0.156158169219609,0.065,0.1,2.45283298197103e-10,"3","ihfA-5"
1.31550916781719e-14,-0.101550938198202,0.071,0.106,2.85478644508008e-10,"3","rpmD-2"
1.37655664851155e-14,-0.82645196667532,0.007,0.022,2.98726558293491e-10,"3","yfhA-2"
1.38831835099611e-14,-1.49520303018961,0.004,0.017,3.01278965349666e-10,"3","mltA-5"
1.51265062319415e-14,-0.860847053955198,0.007,0.021,3.28260311739363e-10,"3","dinG-5"
1.97178939299936e-14,-0.21538564965322,0.017,0.037,4.27898016174791e-10,"3","bfr-3"
2.05880231535009e-14,-0.41942720751623,0.017,0.036,4.46780690454123e-10,"3","rpoC-5"
2.37863821890033e-14,-0.910218534947669,0.005,0.019,5.16188279883561e-10,"3","cueO-5"
2.59237104328081e-14,-0.224656879758878,0.028,0.051,5.62570440102369e-10,"3","pepP-5"
2.62063968974397e-14,-1.59980234378801,0.003,0.015,5.68705019071339e-10,"3","hemY-4"
2.83861157988601e-14,-0.185876493887624,0.02,0.041,6.16007098951062e-10,"3","insE-4-3"
3.15478605113869e-14,-0.630666793291961,0.007,0.022,6.84620120957607e-10,"3","deoD-1"
3.3279649354246e-14,-0.553934713119113,0.01,0.026,7.22201670636491e-10,"3","prmC-3"
3.33267633517711e-14,-0.745923617053866,0.008,0.024,7.23224091496786e-10,"3","ybiT-2"
3.58330773085916e-14,-1.66979983327064,0.002,0.013,7.77613610673746e-10,"3","yohC-6"
4.33220064699115e-14,-1.99293483676674,0.002,0.014,9.40130862403548e-10,"3","rpsQ-3"
5.62340698660326e-14,1.23501415657971,0.078,0.056,1.22033555016277e-09,"3","yhaO-1"
5.79336129301592e-14,-0.15863902521677,0.019,0.039,1.25721733419738e-09,"3","cydB-2"
6.19233661083808e-14,-0.428920590868944,0.009,0.025,1.34379896791797e-09,"3","gss-1"
6.50059502776867e-14,-0.116558972263452,0.038,0.064,1.41069412697608e-09,"3","secG-2"
9.76341658571859e-14,-0.141664591989793,0.016,0.034,2.11875903326679e-09,"3","surA-5"
1.26786874369303e-13,-0.548528723533283,0.01,0.026,2.75140196068823e-09,"3","prc-1"
1.76395981611406e-13,-1.2046399069033,0.004,0.016,3.82796919694911e-09,"3","uidR-4"
2.49807575101667e-13,-1.24421360317201,0.003,0.015,5.42107418728128e-09,"3","ybgA-3"
2.57179802732411e-13,-0.65492471386361,0.006,0.02,5.58105889909606e-09,"3","yiaF-3"
2.64989147012771e-13,-0.731055405339404,0.007,0.022,5.75052947932415e-09,"3","miaA-1"
3.25962652283553e-13,-0.327057503626154,0.015,0.032,7.07371551720539e-09,"3","dnaB-5"
4.03159052198791e-13,-1.08924778753653,0.004,0.015,8.74895459176597e-09,"3","ftsA-5"
4.45771493940803e-13,-1.08235927516558,0.004,0.017,9.67368719000936e-09,"3","lpxM-4"
6.02601612609333e-13,-0.262807173066595,0.016,0.034,1.30770575952351e-08,"3","truA-4"
6.22979384932654e-13,-0.539236224491649,0.009,0.023,1.35192756324235e-08,"3","ydfH-5"
8.87813345509708e-13,-1.18710366480162,0.004,0.015,1.92664374109062e-08,"3","yeaG-2"
9.35412782253701e-13,-0.157647683816828,0.024,0.045,2.02993927876876e-08,"3","yjgP-4"
1.0419533411867e-12,-0.896859311237949,0.006,0.019,2.26114294570927e-08,"3","potD-5"
1.17371022282648e-12,-0.198154976770144,0.039,0.064,2.54706855455575e-08,"3","yfjO-5"
1.21645168941743e-12,-0.4277993800384,0.011,0.027,2.63982181120476e-08,"3","birA-1"
1.37198531662053e-12,-2.04416830585417,0.002,0.012,2.9773453355982e-08,"3","pstS-5"
1.38869578957011e-12,-1.29812729597823,0.004,0.015,3.01360873294609e-08,"3","sulA-5"
1.4745531514258e-12,0.162956460485982,0.032,0.055,3.19992779390912e-08,"3","azoR-3"
1.74290843171066e-12,-0.278628454514809,0.021,0.04,3.78228558765531e-08,"3","era-3"
1.85799517921825e-12,-0.131571536958816,0.038,0.062,4.03203533842153e-08,"3","rplS-1"
1.87941339471566e-12,-0.540052848953636,0.009,0.024,4.07851500787245e-08,"3","yebV-5"
1.97338963263644e-12,-0.28092264514818,0.023,0.042,4.28245284178434e-08,"3","yejG-5"
3.12689920108686e-12,1.36506811295718,0.053,0.035,6.7856839562786e-08,"3","yhaM-1"
3.28174887348921e-12,-1.1738945868745,0.003,0.014,7.12172323035894e-08,"3","mrcB-3"
3.47315187660278e-12,0.205707632799704,0.135,0.186,7.5370868874157e-08,"3","bipA-2"
3.51637036656689e-12,0.223303726766661,0.136,0.188,7.63087533248681e-08,"3","prfA-1"
3.89280444226276e-12,-0.851220571168032,0.004,0.016,8.44777492015442e-08,"3","yccJ-2"
5.95500093977058e-12,-0.165745761494342,0.032,0.053,1.29229475393961e-07,"3","mioC-3"
6.70492491330326e-12,-0.200865676194704,0.025,0.044,1.45503575543594e-07,"3","yefM-3"
9.77042906702247e-12,-0.266353571859278,0.009,0.022,2.12028081183455e-07,"3","yieG-4"
1.14912480074302e-11,-0.839555753194011,0.007,0.019,2.49371573009242e-07,"3","yecP-1"
1.22264734913163e-11,-0.54591936646406,0.01,0.024,2.65326701235055e-07,"3","mutH-2"
1.30948296140157e-11,-0.608736966902304,0.006,0.018,2.84170897453755e-07,"3","yqjG-5"
1.36255606991673e-11,-0.224332151250012,0.021,0.04,2.9568829273263e-07,"3","rfe-4"
1.38147060485494e-11,-0.409688236025559,0.008,0.02,2.99792935959571e-07,"3","hspQ-4"
1.46274659783157e-11,1.50975898677584,0.059,0.041,3.17430639195429e-07,"3","htpG-2"
1.55670288016931e-11,-1.67559528784067,0.001,0.01,3.37820092025543e-07,"3","artM-5"
1.62054518988145e-11,-0.488924015551434,0.009,0.023,3.51674511656175e-07,"3","der-3"
1.71942681491545e-11,-0.617182469580942,0.006,0.019,3.73132813104802e-07,"3","ylaC-5"
2.27729194007215e-11,-0.154572295705006,0.022,0.04,4.94195123915058e-07,"3","yadR-1"
2.71134891503011e-11,-0.440951342439025,0.011,0.025,5.88389828050684e-07,"3","glmM-1"
2.71519839052937e-11,-0.895712375339292,0.005,0.016,5.89225202728778e-07,"3","gntT-4"
2.72991014083154e-11,-0.173860132074587,0.014,0.029,5.92417799661853e-07,"3","sodA-1"
2.93749848143999e-11,-0.339370440723126,0.011,0.025,6.37466545457291e-07,"3","pepQ-5"
3.36819255256616e-11,-0.827293441366562,0.003,0.013,7.30931465832382e-07,"3","yeiH-3"
4.13185962387537e-11,-2.02936835280919,0.001,0.01,8.96654856977194e-07,"3","gltJ-4"
4.26332591569654e-11,0.164482033758298,0.084,0.119,9.25184356965307e-07,"3","insL-3-4"
4.44588338033355e-11,-0.244262155234989,0.016,0.032,9.64801152366184e-07,"3","dacA-4"
4.94560579359304e-11,-0.295908636970249,0.013,0.028,1.07324591326763e-06,"3","rpoN-3"
5.42433141054091e-11,-0.724047837531098,0.005,0.016,1.17713415940148e-06,"3","ydcL-4"
5.59419542580935e-11,-0.227726191375796,0.012,0.026,1.21399634935489e-06,"3","yggE-4"
5.80247745307091e-11,-0.489775727348019,0.01,0.024,1.25919563209092e-06,"3","ribE-3"
6.0318895026326e-11,-1.09576755292318,0.004,0.014,1.3089803409663e-06,"3","yojL-3"
7.29415022278843e-11,-1.01303826661176,0.003,0.013,1.58290353984732e-06,"3","yfhH-5"
1.011063688417e-10,-1.26555852760489,0.006,0.017,2.19410931023373e-06,"3","accB-2"
1.04074932759081e-10,-1.27900135279993,0.002,0.012,2.25853011580481e-06,"3","glnE-2"
1.08127733913998e-10,-0.431022297649741,0.009,0.021,2.34647995366767e-06,"3","ydhJ-3"
1.08654023849267e-10,-0.246020188223414,0.009,0.022,2.35790097155295e-06,"3","fbaB-1"
1.10114995659857e-10,-0.279972848341233,0.012,0.026,2.38960552081457e-06,"3","dcrB-5"
1.23084461794035e-10,-0.639154197908812,0.007,0.019,2.67105590539236e-06,"3","ycjG-1"
1.29177920380348e-10,-0.633194173053547,0.006,0.017,2.80329005017394e-06,"3","trkA-1"
1.31918062957883e-10,-0.547112248935559,0.008,0.02,2.86275388424901e-06,"3","yrdB-1"
1.49692664174286e-10,-1.3684345839638,0.003,0.013,3.24848050524618e-06,"3","raiA-1"
1.51609772042171e-10,-0.706743219542826,0.006,0.017,3.29008366308715e-06,"3","aaeB-1"
1.58603613590024e-10,-0.166443561088546,0.013,0.028,3.44185701851711e-06,"3","phoQ-3"
1.6021522725552e-10,-1.59609381751375,0.003,0.012,3.47683064667205e-06,"3","trg-1"
1.63713573709903e-10,-0.112835866770919,0.017,0.033,3.5527482630786e-06,"3","purR-4"
1.69212285003971e-10,-1.02802537425176,0.004,0.014,3.67207579687117e-06,"3","fecI-5"
1.81089132275166e-10,-1.17443899769457,0.005,0.016,3.92981525950338e-06,"3","tufA-5"
1.86599293867086e-10,-0.668613020500808,0.008,0.02,4.04939127620964e-06,"3","ribD-4"
2.01996894268737e-10,-1.14120623503663,0.004,0.014,4.38353460252587e-06,"3","trmA-2"
2.09154982725692e-10,-0.511623992890687,0.011,0.024,4.53887228013023e-06,"3","rlmL-3"
2.17401756285218e-10,-1.50765021570565,0.002,0.011,4.71783551314551e-06,"3","yfhK-1"
2.23868080739684e-10,-0.449214825655348,0.007,0.019,4.85816122013188e-06,"3","cycA-4"
2.56332378611857e-10,-0.147659455751343,0.022,0.039,5.5626689482559e-06,"3","yrdC-4"
2.86474820370328e-10,-0.499735705045802,0.016,0.031,6.2167900768565e-06,"3","mqsR-4"
3.11844292420721e-10,-0.463834667273657,0.017,0.032,6.76733298982207e-06,"3","glnH-5"
3.5746559460736e-10,-0.782920866815985,0.005,0.015,7.75736086857431e-06,"3","nuoF-1"
3.82941006662365e-10,-0.430886243311315,0.01,0.022,8.31020278557998e-06,"3","dusA-4"
3.84762066581727e-10,-0.641929580823173,0.008,0.02,8.34972160689007e-06,"3","ydhQ-4"
3.89846019089041e-10,-1.50383838068909,0.002,0.01,8.46004846025127e-06,"3","ygiD-1"
4.02938713386403e-10,-0.810346824022854,0.005,0.015,8.74417301919833e-06,"3","ybiV-3"
4.23403293713853e-10,-0.313245360039823,0.015,0.029,9.18827487688432e-06,"3","phoP-2"
4.40916487509683e-10,-0.32371949944147,0.027,0.045,9.56832869544763e-06,"3","ygiT-1"
4.46701559168619e-10,-1.11216037848733,0.003,0.012,9.6938705355182e-06,"3","cydC-4"
4.90200948807841e-10,-0.210829363113294,0.015,0.029,1.0637850790079e-05,"3","rfaD-2"
5.33960294377426e-10,-0.172427851926768,0.015,0.029,1.15874723482845e-05,"3","yggJ-1"
5.40232379711293e-10,-2.01884928195778,0.002,0.01,1.17235828721148e-05,"3","sufS-2"
6.6785066056399e-10,-0.838052204369709,0.005,0.015,1.44930271848991e-05,"3","rnhB-5"
6.87194539652728e-10,-0.374061944205019,0.008,0.019,1.49128087050038e-05,"3","sdhB-3"
8.22336339828113e-10,-0.54434969219106,0.005,0.015,1.78455209106099e-05,"3","yaaA-3"
8.26622102833111e-10,-0.393454955747783,0.012,0.025,1.79385262535814e-05,"3","insJ-2"
8.42715821949628e-10,-0.232289319902708,0.008,0.019,1.82877760521289e-05,"3","acrA-5"
9.01212711515604e-10,-0.154490089465851,0.023,0.04,1.95572170526001e-05,"3","nsrR-3"
9.6772150568228e-10,0.101640134657191,0.024,0.041,2.10005243948112e-05,"3","exuR-5"
9.78625829163451e-10,0.168003303222525,0.023,0.04,2.12371591186761e-05,"3","nagC-2"
1.01747186817226e-09,-0.843992361927564,0.004,0.013,2.20801570112063e-05,"3","fdhD-4"
1.31670322869358e-09,-0.148115180438793,0.016,0.03,2.85737767658795e-05,"3","serC-2"
1.45098972213318e-09,-1.10333078920464,0.004,0.013,3.14879279600121e-05,"3","yceD-2"
1.51161711990512e-09,-0.808677074764659,0.005,0.014,3.28036031190609e-05,"3","ygiQ-4"
1.52159353066073e-09,-0.138241977509536,0.025,0.042,3.30201012088685e-05,"3","yfgB-2"
1.55460724777171e-09,-0.609042095602223,0.005,0.014,3.37365318838939e-05,"3","dmsD-1"
1.55872729544843e-09,0.153135783979301,0.175,0.23,3.38259410385265e-05,"3","purA-5"
1.60178669331807e-09,-0.249651347851577,0.011,0.024,3.47603730316955e-05,"3","gpmI-2"
1.65840624616201e-09,-0.239214980025175,0.017,0.032,3.59890739479617e-05,"3","rluB-4"
1.7335254509546e-09,-0.413599596220833,0.007,0.017,3.76192358111659e-05,"3","sdaA-5"
1.78890894833329e-09,-0.195138986022755,0.023,0.039,3.88211130877807e-05,"3","ecfK-5"
1.90617511421672e-09,-0.407954803351018,0.006,0.017,4.1365906153617e-05,"3","uup-5"
1.95963694821132e-09,0.114659248567571,0.06,0.086,4.25260814131338e-05,"3","thrS-1"
2.0261560351758e-09,-0.17342701024158,0.024,0.04,4.396961211935e-05,"3","cdsA-1"
2.10430310911881e-09,-0.140783900735755,0.012,0.024,4.56654817709872e-05,"3","panC-4"
2.15488307580698e-09,-0.65596578679719,0.006,0.016,4.67631176280873e-05,"3","yceG-2"
2.18361985745509e-09,-0.956651756478253,0.005,0.015,4.73867345266329e-05,"3","pphA-5"
2.2237118796198e-09,0.162616895438813,0.058,0.083,4.82567714996292e-05,"3","sthA-3"
2.31301745560898e-09,-0.208567597053312,0.01,0.022,5.01947918041704e-05,"3","lolB-5"
2.61818110597412e-09,-0.36546429606152,0.009,0.021,5.68171481807443e-05,"3","lrp-2"
2.73868947294096e-09,-0.210200921683106,0.016,0.03,5.94323002522918e-05,"3","crl-3"
2.84504501432091e-09,-0.460045143881231,0.006,0.016,6.1740321855778e-05,"3","pitA-3"
3.13497532518006e-09,-1.12634799441646,0.002,0.01,6.80320995317325e-05,"3","csiE-3"
3.44071410688558e-09,-0.237774819056397,0.015,0.029,7.46669368335239e-05,"3","purB-2"
3.51757611133679e-09,-0.691531820207365,0.005,0.014,7.63349191921197e-05,"3","mdtK-4"
3.73776315461637e-09,-0.522116863628961,0.007,0.017,8.11131982183298e-05,"3","pdxB-5"
3.80634504714905e-09,0.286570627216049,0.029,0.047,8.26014938681814e-05,"3","pflB-3"
4.37437003568569e-09,-0.966192230571715,0.004,0.013,9.49282041444151e-05,"3","mdlB-2"
4.70858686954905e-09,-0.514806717300193,0.007,0.017,0.000102181043656084,"3","trkH-4"
4.75524124095006e-09,-0.127159100086883,0.019,0.034,0.000103193490169857,"3","fabG-1"
4.83474286324342e-09,-0.466458331054898,0.005,0.015,0.000104918754875245,"3","ynhG-2"
5.02155760229063e-09,-0.326962249221401,0.01,0.021,0.000108972821527309,"3","fieF-3"
5.23625657496009e-09,-0.123764346780884,0.022,0.038,0.000113632003933209,"3","rpoE-4"
5.37991610080398e-09,-0.127570886308236,0.015,0.029,0.000116749559303547,"3","recQ-4"
5.40730872299186e-09,-0.710608141905918,0.004,0.012,0.000117344006597646,"3","ycfP-1"
5.43089620699425e-09,-0.33997181072332,0.009,0.02,0.000117855878587982,"3","prmB-5"
5.4741313555896e-09,-0.438103623926174,0.008,0.019,0.00011879412454765,"3","rpe-4"
5.47955190128454e-09,-0.988814658341954,0.003,0.012,0.000118911755809776,"3","hemF-4"
5.48155858176098e-09,0.323861543986613,0.089,0.121,0.000118955302782795,"3","acpP-1"
5.76820806476355e-09,-0.911844990064172,0.003,0.012,0.000125175883213434,"3","yfiE-1"
5.7977464852138e-09,-1.01798716896278,0.003,0.011,0.000125816896475625,"3","ruvC-3"
6.18269719245e-09,-0.264124549309311,0.013,0.025,0.000134170711773357,"3","rpsT-2"
6.22379412101277e-09,0.140818418736052,0.034,0.053,0.000135062556220098,"3","aspS-5"
7.26089972617874e-09,-0.958906165402301,0.004,0.013,0.000157568784957805,"3","argR-1"
7.56333842827746e-09,-0.334990783735432,0.007,0.017,0.000164132007232049,"3","yhbN-4"
8.40219402673312e-09,-1.07787725641972,0.003,0.011,0.000182336012574136,"3","rnt-3"
9.64851374941521e-09,-0.549214119925088,0.006,0.015,0.000209382396876059,"3","truD-2"
9.67399594290396e-09,-0.698804286571115,0.004,0.013,0.000209935385956959,"3","ydgA-3"
1.00109199358209e-08,-0.241694988875188,0.008,0.018,0.000217246973527248,"3","tktB-2"
1.27633508564158e-08,-0.102248622779247,0.016,0.029,0.00027697747693508,"3","sfcA-5"
1.34225789548549e-08,-0.632907764690518,0.004,0.012,0.000291283385899307,"3","yeaY-4"
1.42141598974032e-08,-0.269880919226097,0.015,0.027,0.000308461483933546,"3","serS-1"
1.45646882915293e-08,-0.323343982374827,0.012,0.024,0.000316068300614477,"3","ybgF-2"
1.47781050470216e-08,-0.101318099632701,0.013,0.025,0.000320699657625416,"3","pyrC-5"
1.53898324106751e-08,-0.36301437800207,0.016,0.029,0.000333974753144061,"3","greA-4"
1.61915072909913e-08,-0.406381728375084,0.004,0.013,0.000351371899721803,"3","yggL-5"
1.71294255288463e-08,-0.136792054773982,0.009,0.019,0.000371725663401494,"3","hemC-4"
1.77409407122266e-08,-0.101039979671484,0.016,0.03,0.000384996154396029,"3","rcsD-1"
1.89991220307477e-08,-0.247709938204563,0.007,0.017,0.000412299947189256,"3","gntK-1"
1.98217178654781e-08,-0.61117863597939,0.005,0.013,0.00043015109939874,"3","pldB-5"
2.04828736860021e-08,-0.294523750309609,0.007,0.017,0.000444498841859932,"3","sohB-3"
2.13796800793764e-08,0.31000582940746,0.019,0.032,0.000463960437402548,"3","gltB-3"
2.16382237109748e-08,-0.169251345911384,0.013,0.024,0.000469571092751865,"3","uvrC-4"
2.22721838227468e-08,0.231714174296343,0.034,0.052,0.000483328661137428,"3","pdxH-2"
2.23483285868946e-08,-0.250598264805762,0.013,0.025,0.0004849810786642,"3","ispE-5"
2.56089991417075e-08,-0.191547964068501,0.009,0.02,0.000555740890374195,"3","yggW-5"
2.65570575901427e-08,-0.32571990818377,0.007,0.017,0.000576314706763687,"3","gntU-4"
2.95267532710421e-08,-0.388160510000348,0.008,0.018,0.000640760072734885,"3","yheM-1"
3.1101030548192e-08,0.172160525515598,0.031,0.048,0.000674923463926315,"3","icd-4"
3.46411855376198e-08,0.201144542424204,0.02,0.034,0.000751748367351888,"3","hepA-1"
3.77187190384933e-08,0.147016887235059,0.024,0.039,0.000818533921854343,"3","acnA-3"
3.80920936873929e-08,0.159209290241757,0.032,0.05,0.000826636525110113,"3","mreC-2"
3.94219794980816e-08,0.328773185001942,0.037,0.055,0.000855496377087868,"3","aceA-5"
4.23214000695583e-08,-0.399939164381128,0.007,0.016,0.000918416702909485,"3","lpxD-4"
4.4000089912445e-08,-0.266285244602321,0.007,0.017,0.000954845951189968,"3","yceB-5"
4.66093270486648e-08,-0.724470131738859,0.005,0.013,0.00101146900628307,"3","yqaA-5"
4.99514953205474e-08,-0.149163527976678,0.012,0.023,0.0010839973999512,"3","yfbQ-3"
5.02018689230906e-08,-0.740988154831672,0.004,0.012,0.00108943075749999,"3","helD-1"
5.16552359234241e-08,-0.259928783242339,0.009,0.019,0.00112097027477423,"3","aroE-3"
5.57743114919848e-08,0.162795619289884,0.042,0.061,0.00121035833368756,"3","zntA-6"
6.21320977242674e-08,0.177147408990915,0.029,0.046,0.00134832865271433,"3","yqjC-6"
6.76863224600871e-08,-0.322636095397918,0.007,0.016,0.00146886088370635,"3","rfaF-1"
7.34153448659505e-08,0.125060573903734,0.043,0.062,0.00159318639893599,"3","pta-5"
7.57636469315457e-08,-0.180401810903043,0.008,0.017,0.00164414690206147,"3","dsbA-2"
7.72573217394822e-08,-0.762789262200114,0.004,0.012,0.0016765611390685,"3","yieF-3"
7.94695043912955e-08,-0.239283821049671,0.014,0.025,0.0017245677147955,"3","rsxC-5"
8.03484482230963e-08,-0.344395849263265,0.004,0.012,0.00174364167488941,"3","ybhF-5"
8.0815303727721e-08,1.82411858335713,0.018,0.011,0.00175377290619527,"3","ftn-5"
8.15210916393055e-08,-0.618911852462057,0.004,0.012,0.00176908920966457,"3","vsr-2"
8.57019874203462e-08,-0.165233288381218,0.013,0.024,0.00185981882900893,"3","srmB-4"
1.03211376351981e-07,0.383464188374391,0.05,0.071,0.00223979007821434,"3","rhlB-2"
1.04332759933731e-07,-0.879654920455004,0.003,0.01,0.0022641252233219,"3","thiC-1"
1.07734966962361e-07,-0.539685818772745,0.009,0.019,0.00233795651805019,"3","ygdK-3"
1.09606889021504e-07,0.155563771455078,0.03,0.046,0.00237857909865566,"3","prsA-1"
1.10733206049853e-07,-0.484837948754452,0.005,0.014,0.00240302130448785,"3","dacC-2"
1.11427331841473e-07,-0.332844195034229,0.006,0.014,0.00241808452829181,"3","nfnB-4"
1.13700391348587e-07,-0.165502542487638,0.015,0.027,0.00246741219265568,"3","thiL-1"
1.19079666168894e-07,0.103691495413561,0.034,0.051,0.00258414783553116,"3","imp-4"
1.21663520212853e-07,-0.212076149363827,0.006,0.014,0.00264022005213913,"3","yaiA-4"
1.25968911662987e-07,-0.358851715870295,0.007,0.017,0.00273365135199847,"3","atpE-4"
1.34875101066568e-07,-0.635898432877686,0.003,0.01,0.00292692456824559,"3","recB-1"
1.40241576175184e-07,-0.638607026622221,0.003,0.01,0.00304338244457767,"3","potF-1"
1.42837019763552e-07,-0.569241889099754,0.004,0.012,0.00309970616588884,"3","yliJ-3"
1.57880046161677e-07,0.13045638245775,0.012,0.022,0.00342615488175455,"3","acrB-5"
1.59880114623334e-07,0.189905426730585,0.069,0.093,0.00346955836744098,"3","ybiS-5"
1.6476823096207e-07,-0.574653896097887,0.004,0.011,0.00357563538010788,"3","pntB-2"
1.73468078312699e-07,-0.270477194489604,0.006,0.014,0.00376443076746388,"3","cho-3"
1.78499010508319e-07,0.144911774045974,0.031,0.047,0.00387360702704104,"3","ybiP-1"
1.81513315802664e-07,-0.172123276932354,0.008,0.017,0.00393902046623361,"3","mazG-1"
1.95427236788489e-07,-0.137492438628309,0.009,0.018,0.00424096646554699,"3","glpF-5"
1.96557919897807e-07,-0.121941002937551,0.016,0.028,0.0042655034197023,"3","yheO-4"
1.97313444375915e-07,-0.473775817442742,0.005,0.012,0.00428189905640173,"3","glcC-5"
1.97585087564722e-07,-1.04641109868641,0.003,0.01,0.00428779398524204,"3","fadD-3"
1.97864131771484e-07,0.15802851254612,0.018,0.03,0.00429384952357297,"3","yeaP-4"
2.2833651222701e-07,0.27048396308534,0.023,0.037,0.00495513065183833,"3","msrB-2"
2.31348621192544e-07,-0.775130288971062,0.004,0.011,0.00502049642849939,"3","murA-1"
2.31657653544014e-07,-0.703543254054782,0.003,0.01,0.00502720273955866,"3","dcd-4"
2.35260315567268e-07,-0.184457604384662,0.01,0.019,0.00510538410812529,"3","hrpA-5"
2.49627565691633e-07,-0.720570856938322,0.005,0.012,0.00541716780307413,"3","yhhX-1"
2.60461480189286e-07,-0.8387969003316,0.004,0.011,0.0056522745815877,"3","ycbJ-2"
2.69115174415336e-07,-0.112019163696965,0.015,0.026,0.00584006839998721,"3","guaC-1"
2.98802681104362e-07,-0.960604846498583,0.005,0.013,0.00648431698264576,"3","rpsC-2"
3.05359354184642e-07,-0.115570300928712,0.018,0.03,0.00662660334516091,"3","relB-2"
3.14961714932482e-07,-0.648497133594505,0.005,0.012,0.0068349841757498,"3","cirA-1"
3.16219730926396e-07,-0.131327785900837,0.009,0.018,0.00686228438083371,"3","ygeR-2"
3.42283386259675e-07,-0.368431995684321,0.004,0.011,0.00742789176522121,"3","ybhG-1"
3.44424318917307e-07,0.391366124244527,0.035,0.051,0.00747435214482447,"3","gltA-4"
3.51464735307992e-07,-0.648562709971095,0.005,0.013,0.00762713622091873,"3","bglA-3"
3.52958308256819e-07,-0.138974239485173,0.012,0.022,0.00765954824748124,"3","atpA-3"
3.57896762731753e-07,-0.679600368304955,0.004,0.011,0.00776671764804177,"3","hemG-3"
4.12451473348684e-07,0.3576088644369,0.084,0.111,0.00895060942313979,"3","pgk-1"
4.12678285251169e-07,-0.446687339015858,0.006,0.013,0.00895553146823562,"3","queA-2"
4.1366183756461e-07,-0.563084784508466,0.005,0.013,0.0089768755369896,"3","rpsR-4"
4.76188004394327e-07,-0.434784351438207,0.004,0.012,0.0103337558833613,"3","pbpG-4"
4.89280285815394e-07,-0.173708510474263,0.008,0.016,0.0106178714824799,"3","yajQ-2"
4.91236032914881e-07,-0.245333693242668,0.009,0.018,0.0106603131502858,"3","ydcI-5"
5.79503644866332e-07,-0.189906929020745,0.008,0.017,0.0125758085972443,"3","yiiU-4"
6.31874068454639e-07,-0.39916526850023,0.006,0.014,0.0137122991595341,"3","fruA-4"
7.14047118725215e-07,0.146197558070948,0.048,0.066,0.0154955365234559,"3","cyoC-1"
7.1983975452557e-07,-0.12885923295826,0.007,0.016,0.0156212425129594,"3","yecA-3"
7.67958770348795e-07,-0.308251770275479,0.01,0.02,0.0166654732753392,"3","minD-4"
7.70667958865347e-07,-0.21660166617395,0.013,0.024,0.0167242653753369,"3","ileS-1"
8.43887108768583e-07,0.169878523003399,0.036,0.051,0.018313194147387,"3","hslR-2"
9.17440090655678e-07,-0.157852002908955,0.006,0.014,0.0199093674073189,"3","ubiE-1"
9.30818689110557e-07,0.133326808474536,0.017,0.029,0.0201996963723882,"3","accA-4"
9.33340885598235e-07,-0.108005413456765,0.008,0.016,0.0202544305583673,"3","ybiR-2"
9.35321958805936e-07,-0.175127468448681,0.012,0.022,0.0202974218280476,"3","efp-5"
9.42096455882089e-07,-0.324829142942787,0.006,0.013,0.0204444351890972,"3","rhtC-5"
1.03467520954079e-06,-0.564074266054356,0.004,0.01,0.0224534867222447,"3","yhjY-4"
1.13584609084414e-06,-0.266721437992958,0.006,0.014,0.0246489960174086,"3","yeaH-4"
1.15991520649195e-06,-0.413681270091977,0.007,0.015,0.0251713198960817,"3","yjeP-4"
1.16548314153675e-06,-0.450374206856811,0.006,0.014,0.0252921496544889,"3","ycdY-3"
1.32673827841458e-06,0.124670490806732,0.251,0.316,0.0287915473798748,"3","rpsA-3"
1.36352099432757e-06,0.217595297407649,0.018,0.029,0.0295897690979027,"3","bssS-1"
1.36752236248195e-06,0.190140605429192,0.061,0.081,0.0296766027882208,"3","ptsI-1"
1.48168597923222e-06,0.138534607367801,0.011,0.02,0.0321540674353184,"3","ygdH-4"
1.50256257961586e-06,0.400564483487179,0.057,0.077,0.0326071105402437,"3","uvrA-4"
1.50983556915483e-06,-0.389129226145889,0.011,0.021,0.0327649416862289,"3","yqaB-3"
1.52683727286974e-06,0.260386807276379,0.041,0.058,0.0331338956585463,"3","hflX-2"
1.54574655735723e-06,-0.162266426617282,0.009,0.018,0.0335442460412093,"3","dacB-2"
1.55814454843959e-06,0.126474495816529,0.028,0.041,0.0338132948456875,"3","maa-2"
1.62968178014471e-06,-0.160108744708848,0.013,0.022,0.0353657243109204,"3","puuB-5"
1.64248861606078e-06,-0.397821529376643,0.01,0.019,0.035643645457135,"3","cpxR-4"
1.68693334523796e-06,-0.547743275462542,0.012,0.022,0.0366081405250089,"3","mltD-1"
1.7744733624881e-06,0.165676733345803,0.022,0.034,0.0385078464393543,"3","aroB-2"
1.82172615334559e-06,-0.193009742992943,0.008,0.016,0.0395332792537528,"3","hisJ-2"
2.01745233930722e-06,-0.170159542496884,0.009,0.017,0.0437807332153059,"3","nagK-2"
2.18969653105071e-06,-0.167530229155542,0.01,0.019,0.0475186044203314,"3","map-3"
2.32858558919085e-06,0.170626002251103,0.031,0.045,0.0505326358710307,"3","fhuF-3"
2.57203183964545e-06,0.112105326652685,0.016,0.026,0.055815662952146,"3","phnA-5"
2.60041267827253e-06,0.326100346027728,0.021,0.033,0.0564315555311922,"3","aspC-1"
2.86106472967953e-06,0.225436971335609,0.02,0.032,0.0620879656987755,"3","murI-2"
2.91159252657895e-06,-0.315621658616527,0.01,0.019,0.0631844694192898,"3","yrfF-4"
2.95147371092814e-06,0.116848833222413,0.018,0.029,0.0640499310008516,"3","adhP-1"
2.95866874660908e-06,-0.277813991420061,0.007,0.015,0.0642060704701636,"3","yfhJ-4"
2.99604909617051e-06,0.27672994796727,0.026,0.039,0.0650172614359963,"3","yjgX-16"
3.01862820757334e-06,-0.484466471320547,0.007,0.015,0.065507250732549,"3","ftsI-2"
3.05930513164015e-06,1.59446172273605,0.041,0.031,0.0663899806617228,"3","ycjX-2"
3.16517211224432e-06,-0.232687152745603,0.007,0.014,0.068687400007814,"3","ydcP-3"
3.73631592490766e-06,0.116824493437174,0.013,0.022,0.0810817918864211,"3","yegW-3"
3.78898354489842e-06,-0.325180341798255,0.006,0.013,0.0822247319078407,"3","yjbJ-5"
3.80563483482291e-06,-0.397925722417474,0.005,0.012,0.082586081550492,"3","mrdA-4"
4.26803637463486e-06,0.183490613766606,0.038,0.053,0.092620657365951,"3","lrhA-1"
4.28179645298029e-06,0.304554160392519,0.018,0.029,0.0929192648261254,"3","pepN-1"
4.39935857538132e-06,0.245536004712777,0.021,0.033,0.0954704804443501,"3","gcvA-4"
4.8589468970974e-06,0.148407885508603,0.193,0.24,0.105444006613911,"3","ftsH-2"
4.94455217544038e-06,0.256129476203286,0.042,0.058,0.107301726759232,"3","cfa-5"
4.98686596070378e-06,-0.191397184565462,0.007,0.015,0.108219978213233,"3","dam-4"
5.00479570037799e-06,-0.45584014059197,0.004,0.01,0.108609071493903,"3","dacD-3"
5.0375796474754e-06,0.171278135757368,0.037,0.051,0.109320515929864,"3","aroK-1"
5.04418907429246e-06,-0.328906125605738,0.005,0.011,0.109463947101221,"3","yccK-3"
5.10796249071252e-06,-0.364119661792269,0.006,0.014,0.110847894010952,"3","yoeB-6"
5.2356600326805e-06,0.248492162972209,0.053,0.071,0.1136190583692,"3","clpP-3"
5.31494404456047e-06,-0.262992233105528,0.007,0.015,0.115339600711007,"3","yjhU-1"
5.40184849200438e-06,-0.241622839137845,0.008,0.016,0.117225514124987,"3","yrbG-4"
5.61155078724343e-06,0.18535864325441,0.022,0.034,0.12177626363397,"3","smg-2"
5.75167368932726e-06,-0.262729796096792,0.009,0.017,0.124817070732091,"3","sufC-5"
5.77499220644322e-06,-0.400665919848695,0.004,0.011,0.125323105872024,"3","cobB-1"
5.8880635543183e-06,-0.311285214518608,0.006,0.013,0.127776867192261,"3","ubiB-1"
5.8995305103348e-06,0.268132826918421,0.023,0.035,0.128025711604776,"3","osmY-4"
6.39038618129258e-06,0.490142902907662,0.042,0.058,0.13867777052023,"3","rrmJ-4"
6.90451202757088e-06,-0.311767679173846,0.006,0.013,0.149834815510316,"3","yggT-4"
7.68796713148131e-06,-0.426071138776248,0.008,0.015,0.166836574720276,"3","ybjX-3"
8.26384364517617e-06,-0.218250078620294,0.006,0.013,0.179333670943968,"3","osmC-3"
8.34873800369762e-06,-0.371532678723891,0.006,0.012,0.181175963418242,"3","rsxA-4"
8.39751485545513e-06,-0.27395767337293,0.006,0.012,0.182234469878232,"3","trpS-4"
8.40545741846826e-06,-0.100374044350564,0.01,0.018,0.18240683143818,"3","oxyR-1"
8.96273478785902e-06,-0.101543250709588,0.005,0.011,0.194500307631329,"3","narX-5"
9.19844833544942e-06,-0.620576953553025,0.005,0.011,0.199615527327588,"3","cdd-4"
9.95019605394961e-06,-0.242357142273187,0.008,0.015,0.21592920456676,"3","ymcC-4"
1.01545463356295e-05,-0.619303756669583,0.006,0.013,0.220363810029496,"3","fdoI-4"
1.0205131290484e-05,-0.687319271088081,0.005,0.012,0.221461554134793,"3","rlpB-2"
1.02299729172833e-05,0.100184232423505,0.014,0.023,0.222000642277964,"3","rfbD-4"
1.02637204593429e-05,-0.275921471760766,0.008,0.015,0.222732997688201,"3","nagZ-1"
1.04842636587982e-05,-0.261391287578503,0.008,0.015,0.227519005659579,"3","chaC-1"
1.09587328178757e-05,-0.361261281120369,0.006,0.013,0.237815460880721,"3","trmI-4"
1.11399098737385e-05,-0.287888578594294,0.005,0.012,0.241747184169999,"3","mukE-3"
1.11528711397322e-05,0.136727068410715,0.041,0.056,0.242028456603329,"3","suhB-5"
1.17644623639221e-05,0.102295760128559,0.013,0.022,0.255300597759473,"3","secB-4"
1.18298556430407e-05,-0.303024248832386,0.005,0.011,0.256719697309626,"3","fabR-3"
1.26160496728342e-05,-0.369309658990134,0.004,0.01,0.273780893950175,"3","visC-5"
1.27396025537423e-05,-0.298956571894099,0.014,0.023,0.276462115018762,"3","ymcE-3"
1.30077088158247e-05,-0.104591021259875,0.007,0.013,0.282280289012212,"3","yebT-1"
1.30790377710807e-05,-0.316601528720737,0.004,0.01,0.283828198670221,"3","dld-1"
1.32475392965895e-05,-0.446333903885165,0.004,0.01,0.28748485027529,"3","kdtA-5"
1.41466164174913e-05,0.111689840707909,0.028,0.04,0.306995722875978,"3","infA-1"
1.42898681556863e-05,-0.296186998060993,0.006,0.012,0.310104428846548,"3","proY-5"
1.47880815115957e-05,-0.367698178789457,0.005,0.011,0.320916156883139,"3","yeiP-5"
1.48092055990488e-05,-0.476914346522595,0.006,0.012,0.321374570704958,"3","modA-5"
1.59569705764492e-05,-0.110770568329369,0.007,0.013,0.346282218479523,"3","ftsB-4"
1.61940391347664e-05,0.102077057370075,0.01,0.018,0.351426843263565,"3","lepB-2"
1.65906465505577e-05,-0.13563799809006,0.005,0.012,0.360033620793652,"3","ptrB-3"
1.67079352186368e-05,-0.103367718401343,0.012,0.02,0.362578902179638,"3","htrG-4"
1.78408712251086e-05,-0.130519456328363,0.008,0.015,0.387164746456081,"3","glpK-3"
1.80103228780255e-05,-0.117176565049722,0.011,0.019,0.390842016776032,"3","ycaO-3"
2.14812281276317e-05,-0.491671339845296,0.004,0.01,0.466164131597736,"3","yjgA-3"
2.15755597447769e-05,-0.21572957263247,0.009,0.017,0.468211222021404,"3","yhdL-5"
2.16609144062818e-05,0.164744408101847,0.019,0.03,0.470063503530722,"3","serA-5"
2.17594704792028e-05,0.15563099636538,0.045,0.06,0.472202268869179,"3","rplO-1"
2.21721968835356e-05,-0.208616789805433,0.005,0.011,0.481158844569605,"3","ydaF-2"
2.45810843343687e-05,0.157437451227399,0.012,0.02,0.533434111140136,"3","envC-3"
2.59685178655929e-05,-0.365172757955881,0.005,0.011,0.563542806201231,"3","glmS-1"
2.70178105142663e-05,-0.102882479586992,0.01,0.018,0.586313505970093,"3","ydeA-5"
2.87868389264036e-05,-0.460936916037212,0.004,0.01,0.624703191541884,"3","ssb-1"
2.91190238360067e-05,-0.16471896599269,0.009,0.016,0.631911936265182,"3","ytjC-3"
2.91866019253995e-05,0.347510436698136,0.03,0.042,0.633378448383095,"3","cld-5"
2.95206625618974e-05,-0.322077842877907,0.006,0.012,0.640627898255736,"3","yjeE-2"
3.09348938108125e-05,0.139271436563309,0.018,0.028,0.671318130588442,"3","fdx-2"
3.09821367966081e-05,-0.163871496141527,0.004,0.01,0.672343350623192,"3","purL-2"
3.24501477775629e-05,0.243836082809657,0.077,0.097,0.704200656920893,"3","dnaJ-2"
3.30578877520999e-05,0.101618262901637,0.012,0.021,0.71738922210832,"3","glyA-5"
3.5033212542927e-05,-0.149878938036729,0.004,0.01,0.760255745394058,"3","yfcY-1"
3.60595117063628e-05,-0.266768684169602,0.006,0.012,0.78252746353978,"3","asd-1"
3.86416986593447e-05,0.108673168575894,0.022,0.033,0.838563502606439,"3","rpsU-3"
4.01916697052791e-05,0.195026092048767,0.008,0.015,0.872199424274262,"3","otsB-1"
4.155616374917e-05,0.334734743213681,0.026,0.037,0.901810309520738,"3","fur-1"
5.10431736073089e-05,0.280986651359541,0.095,0.118,1,"3","clpX-4"
5.13941125301622e-05,-0.3024496805355,0.007,0.014,1,"3","tehB-5"
5.32558205092825e-05,0.48966540925446,0.017,0.026,1,"3","fabB-5"
5.44989887495921e-05,-0.175475018031262,0.008,0.015,1,"3","ybdR-2"
5.64768631400161e-05,-0.158679446387723,0.006,0.012,1,"3","yccF-3"
5.99860421567387e-05,0.231098515273858,0.019,0.028,1,"3","rnb-1"
6.20998416679546e-05,-0.105902522304942,0.004,0.01,1,"3","sfsA-4"
6.34113751025261e-05,0.110780287067271,0.094,0.116,1,"3","rplX-1"
6.65057876615874e-05,-0.115497450466787,0.006,0.012,1,"3","hpt-3"
6.82085536775212e-05,-0.181696865303399,0.005,0.01,1,"3","yggS-5"
6.9060008169695e-05,0.334629817665037,0.022,0.032,1,"3","ackA-4"
6.96128653385346e-05,-0.174918666943837,0.009,0.016,1,"3","ybjN-5"
6.97987707743072e-05,0.112062806090174,0.007,0.014,1,"3","aroA-3"
7.30711420134646e-05,0.178168832181372,0.039,0.052,1,"3","rseA-3"
7.84017966463875e-05,-0.22788918453518,0.005,0.01,1,"3","syd-5"
7.88695790866361e-05,-0.112553316444994,0.006,0.011,1,"3","ycgB-2"
8.01410714562888e-05,0.107277136916694,0.018,0.027,1,"3","mdtI-4"
8.05878361356382e-05,-0.34494450636813,0.004,0.01,1,"3","modB-3"
8.17812480224398e-05,-0.152724040959975,0.023,0.033,1,"3","ompA-4"
8.25985303211047e-05,-0.13636981077061,0.006,0.011,1,"3","xerC-5"
8.54677416620888e-05,0.179304169827798,0.012,0.02,1,"3","mdoH-1"
8.67728717273758e-05,0.52220016813093,0.038,0.051,1,"3","nagA-1"
8.86032828695536e-05,-0.191719260752083,0.005,0.011,1,"3","plsC-5"
9.44917507634272e-05,0.314266149112191,0.015,0.023,1,"3","ptsP-4"
0.000102659275923373,-0.165399342181424,0.007,0.013,1,"3","yhdA-3"
0.000107907643206948,-0.123503600938462,0.006,0.011,1,"3","ydfG-5"
0.000109083014229614,-0.108174701789684,0.006,0.012,1,"3","ydiY-1"
0.000115818029370189,0.382105871651115,0.021,0.03,1,"3","thyA-3"
0.000116412423487761,-0.327507985396511,0.005,0.011,1,"3","ydiU-5"
0.000127943739900264,0.106201373641876,0.017,0.026,1,"3","yciB-2"
0.000129199727087101,0.818967386953691,0.117,0.108,1,"3","ibpA-2"
0.000133494712585526,-0.112059469330325,0.007,0.013,1,"3","yohN-3"
0.000136667662248522,-0.253066383998128,0.005,0.01,1,"3","lysP-1"
0.000145424099965733,0.403021170891753,0.026,0.036,1,"3","yeaC-1"
0.000150567622129657,0.225427276291892,0.043,0.056,1,"3","hupB-4"
0.000152339057263132,0.38594067924768,0.018,0.027,1,"3","lolD-3"
0.000154533275485018,-0.564568943124999,0.005,0.01,1,"3","tppB-1"
0.000157868263216853,1.74800857004871,0.021,0.015,1,"3","yidE-3"
0.000159888594314053,0.146257718528644,0.015,0.023,1,"3","epd-5"
0.000160594586800258,0.103595195914765,0.008,0.014,1,"3","nuoB-1"
0.000161690937976007,-0.276320321757071,0.006,0.011,1,"3","insK-5"
0.000163006464398361,0.122121005470892,0.018,0.027,1,"3","yfiR-3"
0.000179300310745345,0.202084013447484,0.016,0.024,1,"3","yihE-1"
0.000191512553860183,0.344117174717003,0.148,0.183,1,"3","rho-3"
0.000193531396823678,-0.122886896799524,0.009,0.015,1,"3","yfbU-3"
0.000195034781267406,-0.201977631886118,0.005,0.011,1,"3","yebU-2"
0.000195046964008907,0.19654915357238,0.018,0.027,1,"3","ycfH-2"
0.000200997281412451,-0.13318491273258,0.009,0.015,1,"3","hemX-4"
0.00022783521855136,-0.186925861378045,0.005,0.011,1,"3","yheU-4"
0.000231265953073921,0.192800839195379,0.009,0.015,1,"3","znuC-4"
0.000252103716734492,0.1655617975025,0.005,0.01,1,"3","mutS-5"
0.000263268431398036,-0.260661038107293,0.007,0.012,1,"3","yccS-1"
0.00027561222986365,0.166761455705694,0.02,0.029,1,"3","fkpA-1"
0.000276334856538081,0.317444105218105,0.051,0.065,1,"3","hfq-4"
0.00029100441869088,0.247410741043604,0.007,0.012,1,"3","dsbB-1"
0.000298449545452033,0.414550785470814,0.046,0.059,1,"3","trxC-5"
0.000301146455044573,0.109090795682008,0.014,0.022,1,"3","yhbE-5"
0.000331533901951506,-0.216667260641321,0.006,0.012,1,"3","hrpB-3"
0.000436480902415092,-0.147775950505589,0.006,0.011,1,"3","argT-5"
0.000466756138728325,1.29675513550483,0.036,0.028,1,"3","gnd-1"
0.000469694531269952,0.149516606456531,0.013,0.02,1,"3","evgA-4"
0.000486601370821394,-0.165123442977679,0.007,0.013,1,"3","yrfG-3"
0.000506999331063305,0.373390777372869,0.012,0.018,1,"3","smtA-4"
0.000538152787131137,0.171357539769735,0.013,0.02,1,"3","zwf-1"
0.000548518157826758,0.472037700860103,0.019,0.027,1,"3","yafD-3"
0.000576684732465534,-0.126197109087385,0.006,0.011,1,"3","dgsA-5"
0.000590199500140354,-0.130985760010893,0.006,0.011,1,"3","smpB-1"
0.000629466469265712,0.154552942012256,0.014,0.021,1,"3","fadR-2"
0.000667632282882213,0.226154780933928,0.014,0.021,1,"3","yciS-1"
0.000683264002529772,-0.187205290570934,0.011,0.018,1,"3","yeeF-3"
0.000696447335869393,0.454375939449162,0.012,0.019,1,"3","tpiA-3"
0.000708401476854421,-0.168466498717384,0.005,0.01,1,"3","argF-3"
0.000709151829577803,-0.110028992026877,0.007,0.012,1,"3","yebC-3"
0.000719634867994348,0.306371936576873,0.115,0.139,1,"3","kgtP-4"
0.000730601313372122,0.22442844656622,0.013,0.019,1,"3","cmk-1"
0.000759887090118424,0.127936019310993,0.009,0.014,1,"3","yfjD-4"
0.000764494117468031,0.253352889903264,0.006,0.011,1,"3","amn-3"
0.000776252273121393,0.510907710357602,0.055,0.07,1,"3","talB-5"
0.000804725774345553,0.57395333542496,0.029,0.039,1,"3","ygaP-2"
0.000825098123236005,0.105108714919661,0.012,0.018,1,"3","yejK-5"
0.000884121215081688,0.2267463999717,0.009,0.014,1,"3","yebY-2"
0.000886999004286937,-0.114990499511364,0.007,0.013,1,"3","ydhA-4"
0.000914032195495496,0.13856250427828,0.008,0.014,1,"3","ubiG-1"
0.000930541398164768,0.532861931843661,0.026,0.035,1,"3","cyaA-4"
0.000933078400752711,0.341376551004495,0.016,0.023,1,"3","dnaC-4"
0.000937145511870972,0.111403119555687,0.013,0.019,1,"3","recF-1"
0.000967993312906898,-0.121209473868058,0.007,0.012,1,"3","yedI-2"
0.00102388542734772,0.118210404765137,0.012,0.018,1,"3","rep-3"
0.00102638711804754,0.304401019213783,0.015,0.021,1,"3","frmB-1"
0.00103037638621389,0.328418136539133,0.026,0.035,1,"3","hslU-3"
0.00104276164464215,0.364997097241363,0.013,0.02,1,"3","nagE-4"
0.00106820376022626,0.478253933682044,0.009,0.015,1,"3","ygaZ-1"
0.00109834785852416,0.541912465300137,0.016,0.023,1,"3","mrp-3"
0.00110360540003939,0.237329543950603,0.008,0.013,1,"3","ychJ-5"
0.00114608025146293,0.111712042077151,0.008,0.013,1,"3","lolC-3"
0.00120757169074985,-0.110176113549887,0.008,0.013,1,"3","ptrA-5"
0.0012388883692698,-0.309965040797746,0.005,0.01,1,"3","hybC-2"
0.00129623815011053,0.463868382401317,0.014,0.021,1,"3","ycfD-3"
0.00131516873207718,0.100187514982871,0.01,0.016,1,"3","prfC-2"
0.00131698355308825,0.284453403331638,0.025,0.033,1,"3","fldA-4"
0.00136331241913409,0.16593130335567,0.011,0.016,1,"3","ybbK-5"
0.00136665123110521,-0.284120443848147,0.005,0.01,1,"3","emrD-5"
0.00137748998034665,0.29025167164593,0.009,0.015,1,"3","ydhC-3"
0.00139759196604805,0.873874332959873,0.087,0.079,1,"3","pspA-1"
0.00144887711904708,0.432424349224263,0.02,0.027,1,"3","yqhA-6"
0.0014940611706843,0.108661177476849,0.005,0.01,1,"3","tyrB-5"
0.00157008342123828,0.230016511294509,0.008,0.012,1,"3","rsmC-4"
0.00174931989021036,0.208887540126593,0.015,0.022,1,"3","ruvB-4"
0.00175240561486904,0.216541146817816,0.012,0.018,1,"3","yccW-5"
0.00177031030366864,0.172573310461499,0.009,0.014,1,"3","rssB-2"
0.00180296255821654,0.171316126281512,0.008,0.012,1,"3","moeA-3"
0.00181798669336707,0.304669428677089,0.007,0.011,1,"3","ydcN-1"
0.0019756183905663,0.22692185388745,0.012,0.018,1,"3","yciX-3"
0.00222943128519199,0.259460474411883,0.005,0.01,1,"3","yeaJ-5"
0.00226399202280156,0.34032766324677,0.023,0.031,1,"3","yqfA-6"
0.0022762616352742,0.571169052722727,0.009,0.014,1,"3","yhjK-1"
0.00228279080477889,-0.234812848680793,0.006,0.01,1,"3","thiF-1"
0.0023544197138785,0.941986394440134,0.093,0.086,1,"3","pykF-2"
0.00251455076093266,0.181809466866421,0.01,0.016,1,"3","proQ-3"
0.00251871302299691,0.16455211014815,0.008,0.013,1,"3","yigI-5"
0.00255933124357645,0.200541012916892,0.007,0.012,1,"3","yjtD-2"
0.00257102977702212,0.40530539070119,0.084,0.101,1,"3","ybeX-4"
0.00258111869924908,0.405479105351247,0.015,0.021,1,"3","grxB-5"
0.0026147558224522,0.296853529455771,0.095,0.113,1,"3","ybeD-3"
0.0026373159175096,0.145130979611834,0.015,0.021,1,"3","alr-5"
0.00274337395965396,0.374138026643138,0.024,0.031,1,"3","rplN-4"
0.00299479152355478,0.330895893704198,0.006,0.01,1,"3","gpsA-1"
0.00313028558311838,0.263440324538047,0.009,0.014,1,"3","ydbA-12"
0.00314022247313862,0.366251106086402,0.023,0.03,1,"3","yjgJ-3"
0.00315002123910056,0.408859493623573,0.007,0.011,1,"3","cysS-4"
0.0033054364791963,0.148545169290635,0.054,0.065,1,"3","oppA-3"
0.00330758709762125,0.17907172021276,0.015,0.021,1,"3","purU-5"
0.00345433515179552,0.518425050258001,0.009,0.014,1,"3","ppx-3"
0.0034586978310498,0.122078666345927,0.007,0.012,1,"3","ydgK-1"
0.00350965841541576,0.205491194650214,0.007,0.011,1,"3","bcp-2"
0.00355820957673657,0.259267478749211,0.017,0.023,1,"3","oppD-3"
0.00375037705792049,0.339784378883529,0.006,0.011,1,"3","ydiJ-4"
0.00383669728886561,0.152494533361844,0.011,0.017,1,"3","intF-5"
0.00401712483092027,0.288316649996602,0.018,0.025,1,"3","yjeS-3"
0.00411715485298151,0.465633583361061,0.015,0.021,1,"3","nudH-4"
0.00423976956428638,0.232271097057299,0.012,0.018,1,"3","uvrY-5"
0.00424585358838036,0.281989522468196,0.016,0.022,1,"3","ycbL-3"
0.00459246307906438,0.395277674764724,0.008,0.012,1,"3","yjjU-5"
0.00494362475571738,0.491711533763473,0.015,0.02,1,"3","speG-3"
0.00498383856399975,0.152247759776527,0.007,0.011,1,"3","pabC-4"
0.00501622057839179,0.422480856383465,0.008,0.012,1,"3","cydA-1"
0.00540553690583205,0.419046708296737,0.021,0.027,1,"3","feoB-2"
0.00550839151557441,0.385454880801245,0.007,0.011,1,"3","panE-3"
0.00552688512334286,0.517988763689491,0.066,0.08,1,"3","zapA-1"
0.00557464081717857,0.326854521131821,0.007,0.011,1,"3","dcyD-5"
0.00568591527609492,0.269301983876642,0.009,0.014,1,"3","nagD-4"
0.00587320243778168,0.139182191182933,0.011,0.016,1,"3","lolA-2"
0.00612075126463775,0.383387274008645,0.007,0.011,1,"3","ygdQ-1"
0.00619878824749845,0.205160238661932,0.016,0.021,1,"3","yhbC-5"
0.00734321672426604,0.120043437520882,0.01,0.014,1,"3","galF-4"
0.00766641017028714,0.23677689514381,0.011,0.015,1,"3","pth-4"
0.00804693348718681,0.730036766973759,0.017,0.023,1,"3","yoaG-2"
0.00869680861751866,0.300112340497662,0.015,0.021,1,"3","lysS-1"
0.009047927060473,0.293683961592513,0.006,0.01,1,"3","ybhK-3"
0.00945859376460959,0.476468038934295,0.006,0.01,1,"3","gcvR-1"
0.00957236058527556,0.532302264927174,0.052,0.062,1,"3","yjgI-4"
0.00996251348643711,0.311555290174646,0.007,0.01,1,"3","yzcX-1"
0,0.551618954582902,0.497,0.121,0,"9","yhhQ-4"
0,2.04880637285828,0.398,0.033,0,"9","aroF-1"
0,0.586708724701675,0.469,0.117,0,"9","katG-5"
0,1.17065979030122,0.405,0.062,0,"9","yhhW-1"
0,0.397439577023047,0.397,0.096,0,"9","ygiS-3"
0,0.891661998281171,0.327,0.055,0,"9","glpR-5"
0,1.71261372453317,0.292,0.031,0,"9","copA-2"
0,0.606708169111971,0.259,0.055,0,"9","sodB-5"
0,1.26136091765042,0.221,0.028,0,"9","aroM-4"
0,0.682169035123191,0.227,0.043,0,"9","azoR-3"
0,0.920257214153248,0.208,0.032,0,"9","hemH-3"
0,0.877769227641735,0.199,0.033,0,"9","fadE-1"
0,2.14989027572501,0.176,0.012,0,"9","tyrA-4"
0,1.02811904871988,0.189,0.028,0,"9","yebW-2"
0,1.31435601014508,0.156,0.018,0,"9","galS-2"
0,1.20998669280362,0.157,0.021,0,"9","yfiP-4"
1.1894364463866e-307,1.48417198003896,0.108,0.011,2.58119603230356e-303,"9","yhaK-1"
2.14938690621163e-306,0.87958618765537,0.182,0.03,4.66438452516986e-302,"9","yfiQ-1"
9.35463431505401e-305,0.438587236611368,0.332,0.083,2.03004919270987e-300,"9","ihfA-5"
7.85101464642162e-296,0.578601995637142,0.263,0.059,1.70374868841996e-291,"9","clpA-3"
3.54338333516613e-295,0.355124424262034,0.617,0.207,7.68949617564402e-291,"9","guaB-2"
4.00230376713613e-294,0.268774343192716,0.304,0.074,8.6853994050621e-290,"9","mntH-3"
3.21469074319128e-288,0.295666382330521,0.518,0.164,6.9762003817994e-284,"9","prfA-1"
4.17777087714904e-287,0.485674300344805,0.278,0.065,9.06618058050113e-283,"9","pcnB-3"
1.51406439934381e-284,0.517992811464199,0.277,0.065,3.285671153016e-280,"9","gcd-2"
1.61749839448543e-280,0.558661832661464,0.24,0.052,3.51013326587282e-276,"9","arcA-2"
2.32761449677898e-280,0.396001803207123,0.299,0.074,5.05115621946006e-276,"9","kdsA-1"
2.36014229881078e-274,1.11877960824611,0.123,0.016,5.12174480264926e-270,"9","cysK-4"
7.883123349796e-273,0.601397157865633,0.184,0.034,1.71071659813923e-268,"9","uvrB-5"
7.1670769704111e-272,1.25661273674439,0.11,0.013,1.55532737334891e-267,"9","cueO-5"
2.4458286299519e-269,0.452853796452279,0.255,0.059,5.30769270985862e-265,"9","valS-4"
1.50452632706297e-268,0.823543495317289,0.171,0.03,3.26497258235935e-264,"9","cydB-2"
6.04712648229493e-265,0.198793121607927,0.524,0.172,1.31228691792282e-260,"9","pyrG-5"
1.75833290381782e-263,0.978375000668019,0.124,0.017,3.81575823457506e-259,"9","yebV-5"
7.04356755280041e-261,0.977919931995587,0.142,0.022,1.52852459463322e-256,"9","yeaQ-5"
4.43497055544112e-259,0.226896472635388,0.499,0.163,9.62432960236278e-255,"9","bipA-2"
7.23937552912509e-256,0.977316591540819,0.123,0.017,1.57101688357544e-251,"9","gntR-5"
1.71380467477089e-252,0.433677061383227,0.263,0.065,3.7191275247203e-248,"9","uvrA-4"
1.02268672421179e-250,0.184641239315354,0.36,0.105,2.219332460212e-246,"9","acpP-1"
1.14549108202488e-248,0.934934520087655,0.135,0.021,2.48583019710219e-244,"9","gsk-2"
7.28069500828976e-245,0.176637871904813,0.548,0.19,1.57998362374896e-240,"9","ahpC-5"
2.63136966884807e-244,0.67471011837402,0.178,0.034,5.7103353183672e-240,"9","sdhC-5"
7.74998255528781e-244,0.534408560391169,0.195,0.041,1.68182371432301e-239,"9","yeeZ-4"
5.39590049882449e-240,0.263701158542512,0.333,0.096,1.1709643672499e-235,"9","pgk-1"
2.33209760717037e-239,0.563639868317728,0.202,0.044,5.06088501732041e-235,"9","tolQ-2"
1.06895264262064e-236,0.911975753714672,0.145,0.025,2.31973412975105e-232,"9","yeeY-5"
5.15180886674507e-235,1.65339897802841,0.083,0.008,1.11799404217235e-230,"9","yohC-6"
9.39345510256178e-233,0.703757934009064,0.162,0.03,2.03847369180693e-228,"9","acnA-3"
1.3366241881769e-231,1.10041421052421,0.121,0.018,2.90060815076269e-227,"9","sdhA-2"
6.02281261024223e-230,0.531448705400815,0.182,0.037,1.30701056454867e-225,"9","sufB-3"
1.88564014710264e-226,0.242010028710433,0.267,0.071,4.09202768322745e-222,"9","lpd-1"
7.09555886905845e-226,0.486211724696145,0.193,0.042,1.53980723017437e-221,"9","pdxH-2"
3.20721542313235e-224,0.18487099754877,0.22,0.052,6.95997818973952e-220,"9","yebA-2"
8.0157300100412e-224,0.158778312814546,0.258,0.067,1.73949356947904e-219,"9","dapA-1"
6.15253142645246e-223,0.364715118449215,0.206,0.047,1.33516084485445e-218,"9","znuA-2"
2.70825750143246e-222,0.156209782476012,0.565,0.205,5.87718960385858e-218,"9","purA-5"
5.20038357959743e-215,0.296787263298768,0.238,0.061,1.12853524060844e-210,"9","exbD-2"
8.85384605010179e-215,0.366931953111659,0.235,0.06,1.92137313133259e-210,"9","rhlB-2"
1.36119573187808e-212,0.354254508343362,0.209,0.05,2.95393085774862e-208,"9","trxC-5"
5.77479124518565e-211,0.668871127861298,0.139,0.025,1.25318744811774e-206,"9","pheT-2"
1.21588552131714e-209,0.525115137994957,0.181,0.04,2.63859316981033e-205,"9","speA-4"
6.11817550399991e-206,1.29426349111947,0.085,0.01,1.32770526612302e-201,"9","yeaG-2"
2.04122431903383e-205,0.624278069392491,0.144,0.027,4.42966089473532e-201,"9","betT-1"
7.14701958699637e-204,0.483995577973381,0.185,0.042,1.55097472057408e-199,"9","gltA-4"
7.56825452329381e-201,0.946395286694836,0.106,0.016,1.64238691409999e-196,"9","fbaB-1"
1.50065574381075e-200,0.442578206462166,0.183,0.042,3.25657302964371e-196,"9","nagA-1"
2.90665978389915e-200,1.04968668647867,0.088,0.011,6.30774239703956e-196,"9","ydjN-2"
2.23691161819833e-199,0.599915476950577,0.126,0.022,4.85432190265219e-195,"9","glk-3"
7.64077077454421e-198,0.404770178626114,0.192,0.046,1.65812366578384e-193,"9","cysB-5"
9.57087988011976e-198,0.344440477473208,0.152,0.031,2.07697664278479e-193,"9","sufD-2"
2.7238156085102e-196,0.20203785096365,0.212,0.054,5.91095225202799e-192,"9","lpxP-2"
3.14883838770177e-191,0.828003726231195,0.111,0.018,6.83329418515161e-187,"9","gss-1"
6.13529220830963e-191,0.285970104410016,0.171,0.039,1.33141976212527e-186,"9","def-2"
7.01087581958109e-191,0.446727965201808,0.189,0.046,1.52143016160729e-186,"9","aceA-5"
5.2453993367995e-190,0.112863971850357,0.244,0.068,1.13830411007886e-185,"9","fabF-3"
5.07520825672987e-188,0.33880845270435,0.151,0.031,1.10137094379295e-183,"9","phoH-1"
6.5585983294355e-188,0.471317436546737,0.127,0.023,1.4232814234708e-183,"9","parC-1"
7.62924836586684e-188,0.195157919941867,0.211,0.055,1.65562318787676e-183,"9","zipA-1"
1.51515817761214e-186,0.501322806386691,0.151,0.032,3.28804476123611e-182,"9","nagC-2"
1.31735788099647e-185,1.06653697371398,0.088,0.012,2.85879833755045e-181,"9","yqjF-4"
5.31073213312909e-185,0.425647050746553,0.166,0.037,1.15248198021034e-180,"9","moaA-4"
2.63938691603724e-181,0.518934757852558,0.142,0.029,5.7277335464924e-177,"9","trxB-1"
3.69681509411563e-181,0.223240277316838,0.18,0.044,8.02245843574033e-177,"9","ycbZ-5"
6.18787823813928e-181,0.410772739374116,0.151,0.032,1.34283145645861e-176,"9","rne-5"
6.30260874719659e-180,0.273018418255946,0.196,0.05,1.36772912422913e-175,"9","leuS-3"
7.71782126346425e-179,0.949504607677495,0.088,0.013,1.67484439238438e-174,"9","mglB-1"
7.93430264023359e-178,0.182627491900296,0.203,0.053,1.72182301595709e-173,"9","yjgI-4"
8.03993210615681e-178,0.587708441698696,0.133,0.026,1.74474566635709e-173,"9","surA-5"
8.21335297427387e-178,0.344451312431512,0.164,0.038,1.78237972894717e-173,"9","aceB-1"
2.65181063611664e-177,0.184278541068542,0.193,0.05,5.75469426143673e-173,"9","nrdR-2"
5.95355363864205e-176,0.576337749177047,0.132,0.026,1.29198067512171e-171,"9","puuC-5"
3.66525861359611e-175,0.688082260183064,0.125,0.024,7.95397771736492e-171,"9","ubiD-2"
7.34401529322923e-173,0.397721495096089,0.144,0.031,1.59372475878367e-168,"9","thiI-2"
1.01450887104901e-172,0.314124655850518,0.161,0.037,2.20158570106347e-168,"9","yqjC-6"
7.00098673464335e-172,0.330552199669359,0.178,0.044,1.51928413128495e-167,"9","accC-5"
2.33489520464618e-170,1.04223915178698,0.086,0.013,5.06695608360267e-166,"9","yqjG-5"
1.02622591662607e-168,0.219901672110973,0.156,0.036,2.22701286167023e-164,"9","yjgP-4"
1.68529122991514e-168,0.322368243466203,0.148,0.033,3.65725049803885e-164,"9","guaA-5"
4.35769169246542e-168,0.393157496690455,0.147,0.033,9.45662674181922e-164,"9","insE-4-3"
2.11087319741481e-167,0.539580004925873,0.118,0.023,4.58080592570988e-163,"9","yggJ-1"
4.43083129850979e-166,1.11566393118609,0.079,0.011,9.61534700089609e-162,"9","yccJ-2"
1.03630274243626e-165,0.517267334572971,0.121,0.024,2.24888058136093e-161,"9","yeaP-4"
1.74474493849948e-165,0.362949552098851,0.136,0.029,3.78627099103772e-161,"9","glnL-3"
5.10351912767757e-164,0.448127779751579,0.144,0.032,1.10751468589731e-159,"9","ybfE-3"
1.85113967976168e-162,0.312289653110708,0.158,0.038,4.01715821905082e-158,"9","ychQ-5"
4.66254018893747e-161,0.846545219000631,0.097,0.016,1.01181784640132e-156,"9","yieG-4"
1.86393301860371e-160,1.0208660858942,0.087,0.013,4.0449210436719e-156,"9","tktB-2"
1.79135953832331e-159,0.347496547131727,0.145,0.033,3.88742933411542e-155,"9","exuR-5"
4.74642193772885e-159,0.554047429850677,0.112,0.021,1.03002102470654e-154,"9","phoQ-3"
2.17674078765595e-158,-0.136991203879402,0.33,0.115,4.72374518329217e-154,"9","yidC-1"
2.19947909237042e-158,0.188209300310462,0.177,0.046,4.77308957835306e-154,"9","icdC-3"
6.19449761548309e-158,0.686365716800796,0.103,0.019,1.34426792753599e-153,"9","holB-5"
1.46038142509232e-157,-0.124449308864989,0.328,0.115,3.16917373059284e-153,"9","proP-1"
8.54028448139225e-157,1.74934905054386,0.052,0.005,1.85332713530693e-152,"9","aroP-2"
4.60317499116398e-156,0.325009204159179,0.137,0.031,9.98935004832495e-152,"9","fur-1"
5.98848225338487e-156,1.27541271395984,0.06,0.007,1.29956053380705e-151,"9","artM-5"
4.57200764269276e-155,0.92648238909347,0.096,0.017,9.92171378540756e-151,"9","deoD-1"
7.27737157476553e-155,0.923298856923421,0.076,0.011,1.57926240543987e-150,"9","yaaA-3"
8.40721127958181e-155,0.544343280993495,0.113,0.022,1.82444891978205e-150,"9","sodA-1"
8.69895747140228e-154,0.510689911104291,0.11,0.021,1.88776076086901e-149,"9","yrbL-1"
1.14562314931574e-153,0.730545549648553,0.082,0.012,2.48611679633008e-149,"9","gntK-1"
3.18835433687355e-153,1.29527989923522,0.059,0.007,6.91904774644929e-149,"9","ygiD-1"
3.95314104523474e-152,0.888015692904483,0.083,0.013,8.57871138226391e-148,"9","fepA-1"
5.01754308388756e-152,1.01418048602112,0.077,0.011,1.08885702463444e-147,"9","yohL-6"
5.32170362338846e-152,-0.121541446691166,0.303,0.105,1.15486290331153e-147,"9","insL-3-4"
1.17106385451176e-151,0.385658752186788,0.132,0.03,2.54132567067597e-147,"9","rseP-4"
1.48640935485829e-151,0.184702335711114,0.144,0.034,3.22565694097797e-147,"9","yejG-5"
1.67961175448942e-151,1.15855008978152,0.077,0.011,3.64492546841748e-147,"9","uidR-4"
1.04616001308408e-150,0.814063718892364,0.085,0.014,2.27027184439377e-146,"9","gpp-1"
4.91512473739668e-150,0.950683822250965,0.077,0.011,1.06663121926245e-145,"9","asnB-5"
2.40742292561433e-149,-0.127811986701502,0.238,0.075,5.22434849087565e-145,"9","thrS-1"
3.33740831687257e-149,0.127440910976675,0.183,0.05,7.24250978844516e-145,"9","uspE-1"
7.42856287556613e-149,0.666640189838738,0.09,0.015,1.61207242962661e-144,"9","hspQ-4"
8.70534125157091e-149,0.134971073397061,0.185,0.052,1.8891461050034e-144,"9","rsuA-4"
1.85059098518005e-148,0.708057030462212,0.092,0.016,4.01596749693924e-144,"9","dinG-5"
2.23631408960728e-148,0.476376055369915,0.129,0.029,4.85302520585676e-144,"9","cyaA-4"
3.49791600777242e-148,0.232269404807033,0.155,0.039,7.59082752846693e-144,"9","damX-5"
8.52216656962817e-148,0.57019324677275,0.107,0.021,1.84939536727501e-143,"9","avtA-2"
1.12244061477876e-145,-0.212178534918103,0.521,0.211,2.43580837813139e-141,"9","dnaA-3"
1.61350600993e-145,0.986471632316405,0.075,0.011,3.50146939214909e-141,"9","gntT-4"
1.32624333917183e-143,0.448266718988255,0.112,0.023,2.87808067033679e-139,"9","bssS-1"
1.48015593265271e-143,0.261200365932973,0.136,0.032,3.21208638944965e-139,"9","yjgX-16"
1.41026836975743e-141,0.489807543010104,0.118,0.026,3.0604233892106e-137,"9","gor-5"
2.36093607238116e-141,-0.208129979879136,0.26,0.087,5.12346737067435e-137,"9","marR-3"
1.05043295350288e-140,0.277908414709229,0.152,0.039,2.2795445523966e-136,"9","pflB-3"
2.27333367418448e-140,0.141792858565174,0.144,0.036,4.93336140634774e-136,"9","miaB-3"
5.88261121972065e-140,0.824611467687975,0.087,0.015,1.27658546079158e-135,"9","cpxA-5"
6.56184274014951e-140,-0.200080139339848,0.472,0.19,1.42398549303984e-135,"9","glpD-2"
8.11363496995703e-140,-0.178910433091682,0.273,0.094,1.76073992483037e-135,"9","dnaG-2"
2.36587943212777e-139,0.412879723228342,0.121,0.027,5.13419495566046e-135,"9","ftsK-5"
4.62870294272772e-139,0.889540035216489,0.079,0.013,1.00447482560134e-134,"9","sdaA-5"
6.74201797366129e-139,0.133292531669396,0.159,0.042,1.46308532046424e-134,"9","pepP-5"
1.16206375660752e-138,-0.191170503272078,0.531,0.219,2.52179455821398e-134,"9","ftsH-2"
1.40720168684672e-138,0.959977130838533,0.071,0.01,3.05376838062606e-134,"9","yaiA-4"
1.68411325978671e-138,0.741010822808482,0.084,0.014,3.65469418506313e-134,"9","sdhB-3"
9.56550508767012e-137,-0.225052870268081,0.245,0.082,2.07581025907529e-132,"9","fimI-4"
3.91306588486535e-136,0.936097889744421,0.076,0.012,8.49174427674629e-132,"9","betA-5"
4.50264397565031e-136,0.206117653656865,0.137,0.034,9.77118769155874e-132,"9","yciM-2"
6.97026172395369e-136,0.514437318910006,0.093,0.018,1.51261649671519e-131,"9","ydfH-5"
3.45817929567863e-135,0.305178272988616,0.13,0.031,7.50459488955219e-131,"9","gapC-4"
5.00568631037565e-135,0.846424748571222,0.087,0.016,1.08628398621462e-130,"9","ygdH-4"
7.18039477416618e-135,-0.171756972342163,0.256,0.087,1.5582174699418e-130,"9","aceE-1"
3.08681782156954e-134,0.509517599878205,0.09,0.017,6.69870335458806e-130,"9","frmB-1"
3.34087027329461e-134,-0.14382540706731,0.182,0.053,7.25002258007664e-130,"9","msbA-4"
4.61600954048054e-134,0.4587736514844,0.101,0.02,1.00172023037968e-129,"9","prc-1"
7.28043355435537e-134,-0.167243796783804,0.222,0.071,1.57992688563066e-129,"9","ptsI-1"
5.60651519016021e-133,0.92387906744766,0.075,0.012,1.21666986141667e-128,"9","phr-3"
2.20041493045873e-132,0.487617438238739,0.116,0.026,4.77512044058849e-128,"9","gltB-3"
7.19829453256796e-132,0.125315314473076,0.143,0.037,1.56210189651257e-127,"9","gpmA-2"
2.24316762589702e-131,-0.279856142299682,0.267,0.093,4.86789806495912e-127,"9","rpmD-2"
2.81783685751924e-131,0.197453353278701,0.144,0.037,6.11498776450251e-127,"9","nagB-3"
3.50172469442432e-131,0.171520132046263,0.148,0.039,7.59909275937022e-127,"9","ybiP-1"
6.2925898724262e-131,0.381149934154132,0.128,0.031,1.36555492821521e-126,"9","tyrS-1"
1.78896796930557e-130,-0.237105365075974,0.243,0.082,3.88223939019003e-126,"9","nudB-2"
2.24775940804397e-130,-0.278462922264728,0.281,0.101,4.87786269139622e-126,"9","tig-1"
3.52088387110262e-130,0.393135255204997,0.107,0.023,7.6406700886798e-126,"9","rnb-1"
6.63288307668301e-130,0.164093335989111,0.134,0.034,1.43940195647098e-125,"9","nuoC-2"
7.89399002772918e-130,0.121296458505432,0.16,0.045,1.71307477591751e-125,"9","aspS-5"
8.74671389686329e-130,0.351477129555707,0.118,0.027,1.8981243827583e-125,"9","aspC-1"
2.43039318721946e-129,0.606442936600156,0.094,0.019,5.27419625558496e-125,"9","yoaG-2"
1.4090786780926e-128,0.35841324928596,0.101,0.021,3.05784163932876e-124,"9","guaC-1"
7.7864331702772e-128,-0.325412316645193,0.414,0.167,1.68973386228185e-123,"9","rpoB-1"
9.41518948973707e-128,0.360501483805834,0.107,0.023,2.04319027116784e-123,"9","sfcA-5"
1.04664263813374e-127,0.139865219162778,0.133,0.033,2.27131918901403e-123,"9","potA-3"
1.36932841031239e-127,1.27467332730491,0.045,0.005,2.97157958321892e-123,"9","yeeE-5"
3.63218421428672e-127,0.149258876792002,0.149,0.04,7.88220296342361e-123,"9","ybgC-5"
2.08816294715757e-126,0.979735889761098,0.065,0.01,4.53152241162665e-122,"9","fecI-5"
5.04033511638108e-126,0.475981902024039,0.089,0.017,1.09380312360586e-121,"9","yecJ-2"
5.19196744747257e-126,0.353619243122015,0.092,0.018,1.12670885577602e-121,"9","ybiT-2"
1.1293188173981e-125,-0.266290551239315,0.38,0.151,2.45073476563563e-121,"9","nusG-4"
1.31227060292462e-125,0.156181283007635,0.125,0.031,2.84775843540673e-121,"9","yfgA-3"
3.84627270716727e-125,0.863356948028849,0.069,0.011,8.34679640182369e-121,"9","ygjG-1"
4.27328717054655e-125,0.300330592018587,0.117,0.027,9.27346048880306e-121,"9","ldhA-5"
4.82802277277707e-125,-0.325507808680237,0.362,0.142,1.04772922192035e-120,"9","rpsI-1"
6.6794993515629e-125,1.05744065325114,0.055,0.007,1.44951815428267e-120,"9","yhjY-4"
3.61889246933078e-124,1.00161961194327,0.066,0.01,7.85335854769474e-120,"9","mrcB-3"
7.84487779951633e-124,0.301448068265497,0.116,0.027,1.70241693127304e-119,"9","truA-4"
2.88333377030644e-123,0.82234371445071,0.075,0.013,6.25712261494201e-119,"9","ydaN-1"
3.44208104246353e-123,1.32542422271973,0.059,0.008,7.4696600702501e-119,"9","ybhF-5"
2.12953582737747e-122,0.704290372669423,0.071,0.012,4.62130569899184e-118,"9","yedQ-3"
2.17265901610268e-121,-0.192458283056649,0.574,0.249,4.71488733084443e-117,"9","rpsE-2"
2.40004076693873e-121,0.780383982031693,0.067,0.011,5.20832846833374e-117,"9","nuoF-1"
4.71009153605845e-121,0.877974318695877,0.071,0.012,1.02213696424004e-116,"9","pitA-3"
5.44161012276197e-121,-0.236200992022256,0.254,0.091,1.18088381274057e-116,"9","ybeX-4"
1.47998898985743e-120,-0.203296939523386,0.192,0.061,3.21172410688962e-116,"9","ffh-5"
2.56618951709247e-120,0.768242893164656,0.072,0.012,5.56888787104238e-116,"9","yajQ-2"
3.07748851324757e-120,0.14830373543419,0.12,0.03,6.67845782259856e-116,"9","bfr-3"
7.67484830697001e-120,0.763606181207014,0.078,0.014,1.66551883109556e-115,"9","apaG-5"
8.55274137901732e-120,0.190478990524394,0.131,0.034,1.85603040666055e-115,"9","psd-1"
9.82714562159273e-120,0.221602319816564,0.121,0.03,2.13258887134184e-115,"9","gidB-4"
4.14997593213226e-119,0.409752896767971,0.098,0.021,9.00586277032022e-115,"9","birA-1"
7.89468572012629e-119,0.859682702304206,0.062,0.009,1.71322574812461e-114,"9","yeiH-3"
1.0959873840156e-118,0.69670021269026,0.058,0.008,2.37840222205226e-114,"9","ycgB-2"
1.37930973925335e-118,0.552838460086858,0.08,0.015,2.9932400651537e-114,"9","yiaF-3"
2.30974906835445e-118,-0.14094600541186,0.167,0.05,5.01238645323599e-114,"9","rpoD-1"
2.60821024432415e-118,1.07912950514583,0.055,0.007,5.66007705120784e-114,"9","ybhG-1"
6.15747782938732e-118,0.798095763919194,0.075,0.013,1.33623426375534e-113,"9","talA-5"
4.97421828829473e-117,-0.188448727910994,0.206,0.069,1.07945511074284e-112,"9","hns-2"
5.92208764942112e-117,0.180122871674082,0.11,0.026,1.28515224080088e-112,"9","dacA-4"
1.09212836629246e-116,0.650196994415196,0.076,0.014,2.37002776769127e-112,"9","ycfQ-5"
3.84936518139798e-116,-0.122524252561713,0.17,0.052,8.35350738015176e-112,"9","exbB-5"
6.13548454392937e-116,0.185996350103583,0.112,0.027,1.33146150087811e-111,"9","metG-4"
1.07294171692941e-115,0.490115255254914,0.084,0.017,2.32839081990851e-111,"9","ydcM-1"
4.06767544597727e-115,0.199448494300578,0.126,0.033,8.82726248531527e-111,"9","ygaP-2"
6.48219891802875e-115,-0.378905820599608,0.268,0.099,1.40670198720142e-110,"9","yafQ-3"
1.50889405713637e-114,0.700113389067512,0.074,0.013,3.27445099339163e-110,"9","katE-2"
4.53546109772238e-114,-0.273635429228916,0.211,0.072,9.84240412816735e-110,"9","pnp-1"
5.3510108466677e-114,0.542414076767105,0.072,0.013,1.16122286383536e-109,"9","tolA-1"
1.35877885533378e-113,-0.133235386984831,0.154,0.045,2.94868599395983e-109,"9","gmk-3"
1.41034718377079e-113,-0.389131105226413,0.25,0.091,3.06059442350099e-109,"9","nlpD-4"
4.86006832158846e-113,1.30473821414225,0.041,0.004,1.05468342646791e-108,"9","ysgA-6"
4.86407371317273e-113,0.639572162742544,0.072,0.013,1.05555263649561e-108,"9","gntU-4"
5.95534513883341e-113,0.400672400239722,0.093,0.02,1.29236944857824e-108,"9","rpsT-2"
7.65923177269047e-113,0.469789101603079,0.079,0.015,1.66212988699156e-108,"9","frmA-3"
8.94354327600788e-113,-0.356543362499637,0.398,0.166,1.94083832632647e-108,"9","rplT-4"
1.65878889041914e-112,1.10249391292784,0.049,0.006,3.59973777109857e-108,"9","uspB-5"
1.72130457233454e-112,0.263044371231723,0.106,0.025,3.73540305242318e-108,"9","pepD-1"
1.88208950120936e-112,0.547004084770726,0.081,0.016,4.08432242657443e-108,"9","envC-3"
3.17445902736774e-112,0.713749857547585,0.072,0.013,6.88889353529074e-108,"9","trkA-1"
4.21704326317698e-112,-0.258611534582443,0.228,0.081,9.15140558542036e-108,"9","rseB-2"
7.14671717016374e-112,-0.397430501800693,0.256,0.095,1.55090909309723e-107,"9","cyoA-5"
1.20682370919749e-111,0.294803358151712,0.102,0.024,2.61892813132947e-107,"9","pepN-1"
1.32863615347737e-111,0.13381916065034,0.116,0.029,2.88327331666124e-107,"9","ybaB-1"
1.64325416480387e-111,0.583502593762581,0.076,0.014,3.56602586304088e-107,"9","potD-5"
4.0528141026902e-111,-0.410479671196284,0.236,0.085,8.795011884248e-107,"9","lepA-2"
4.24540167365839e-111,-0.205762718444737,0.182,0.059,9.21294617200607e-107,"9","frr-4"
3.82253476332447e-110,0.112374308300093,0.119,0.031,8.29528268989044e-106,"9","yjgK-4"
4.660297787488e-110,-0.161128737202973,0.641,0.29,1.01133122286277e-105,"9","rpsA-3"
4.85723591327946e-110,0.25868201100101,0.097,0.022,1.05406876554078e-105,"9","rpoN-3"
1.02400795224868e-109,0.426735004793555,0.097,0.022,2.22219965717485e-105,"9","lolD-3"
1.96103592603868e-109,0.121393000670216,0.124,0.033,4.25564406309655e-105,"9","rfe-4"
2.50325724285303e-109,0.6146820286708,0.079,0.016,5.43231854271535e-105,"9","yggW-5"
3.99825136657404e-109,0.932489594437207,0.056,0.008,8.67660529060232e-105,"9","pbpG-4"
7.37375093493634e-109,1.50909970299943,0.041,0.005,1.60017769039053e-104,"9","fiu-2"
1.31732879098647e-108,0.463442763609131,0.093,0.021,2.85873520931974e-104,"9","prmC-3"
3.89068044453389e-108,0.306396863906881,0.097,0.022,8.443165632683e-104,"9","kdsD-1"
4.50218360907682e-108,0.210957443766704,0.117,0.03,9.7701886500576e-104,"9","yeaC-1"
5.02289131466486e-108,0.335169616120196,0.088,0.019,1.09001764419542e-103,"9","aaeA-1"
9.62602361869594e-108,0.31205957513355,0.094,0.021,2.0889433854932e-103,"9","nuoA-3"
1.03931817672821e-107,0.259667657899159,0.097,0.023,2.25542437531788e-103,"9","yheO-4"
1.04753350037966e-107,0.121759601458654,0.106,0.026,2.2732524491739e-103,"9","phoR-3"
1.24272443782704e-107,0.284577446906301,0.108,0.027,2.69683630252847e-103,"9","purR-4"
1.28406795739612e-107,0.408423941778766,0.082,0.017,2.78655587434531e-103,"9","mdtG-5"
1.63728666333368e-107,0.538448527735969,0.073,0.014,3.55307578810043e-103,"9","yojI-6"
5.05455271984871e-107,-0.471607304256855,0.316,0.126,1.09688848573437e-102,"9","kgtP-4"
1.50346397741826e-106,0.77764510679091,0.059,0.009,3.26266717739536e-102,"9","yggL-5"
1.83637966342013e-106,-0.318554538395559,0.2,0.069,3.98512750758803e-102,"9","ydcQ-3"
1.92410846208173e-106,0.215089437944636,0.111,0.028,4.17550777356355e-102,"9","aroB-2"
2.32378273193945e-106,0.368798292536827,0.087,0.019,5.0428409065818e-102,"9","ribE-3"
1.36173363163309e-105,0.696805099180033,0.055,0.008,2.95509815400698e-101,"9","yfiE-1"
1.70396894186633e-105,0.307860100187881,0.1,0.024,3.69778300074411e-101,"9","gltX-3"
2.71804112519696e-105,-0.151257321849362,0.136,0.039,5.89842104578992e-101,"9","hscB-5"
5.90682714456312e-105,-0.160752786764419,0.135,0.038,1.28184055864164e-100,"9","fhuF-3"
7.14586537222685e-105,0.790550124057447,0.054,0.008,1.55072424442695e-100,"9","glnE-2"
1.36832852078029e-104,0.806861519014585,0.059,0.01,2.96940972294532e-100,"9","fdhD-4"
2.06311462039351e-104,0.147416849666628,0.114,0.03,4.47716503771595e-100,"9","argS-1"
2.48260950556429e-104,0.986529727848164,0.04,0.004,5.38751088802506e-100,"9","yfhD-2"
3.14367366089352e-104,-0.361518324088378,0.28,0.11,6.82208621150504e-100,"9","eno-2"
3.289345950291e-104,-0.20484899933425,0.155,0.048,7.13820964672651e-100,"9","fimA-4"
8.0230464588796e-104,-0.142260624771213,0.147,0.044,1.74108131204146e-99,"9","hslR-2"
9.11877562890288e-104,0.416308863391028,0.079,0.016,1.97886549922821e-99,"9","yrbD-6"
2.46502309608275e-103,0.879507231822547,0.055,0.008,5.34934662080918e-99,"9","yieF-3"
3.12784852804706e-103,0.367253940141818,0.091,0.021,6.78774409071493e-99,"9","yggE-4"
6.13304837205352e-103,0.200707544679899,0.105,0.026,1.33093282721933e-98,"9","dnaB-5"
1.54102433515379e-102,-0.179710460916956,0.156,0.049,3.34417690971723e-98,"9","gyrB-3"
3.63005219258051e-102,1.18601652578596,0.039,0.004,7.87757626311897e-98,"9","ltaE-5"
6.27811206008375e-102,0.279299078741346,0.094,0.022,1.36241309815877e-97,"9","ycfH-2"
1.0699113664945e-101,0.249539952555309,0.109,0.028,2.32181465642972e-97,"9","hepA-1"
1.50855947739397e-101,0.529048384145645,0.073,0.014,3.27372492189265e-97,"9","cycA-4"
2.00974637576153e-101,-0.21273974784635,0.144,0.044,4.3613506100401e-97,"9","lon-5"
2.56166508347778e-101,0.48414307501223,0.074,0.015,5.55906939765512e-97,"9","acrA-5"
2.93513881284528e-101,0.617911978140771,0.061,0.011,6.36954473775555e-97,"9","yeaH-4"
3.2092208092973e-101,0.360939014806422,0.092,0.021,6.96433007825608e-97,"9","sufA-2"
3.5766444605285e-101,0.627546408988035,0.063,0.011,7.7616761437929e-97,"9","ynhG-2"
4.35112196940362e-101,0.563347338426343,0.067,0.013,9.4423697858028e-97,"9","lpxM-4"
4.69512762997462e-101,-0.289538298261395,0.184,0.063,1.01888964698079e-96,"9","yfgL-2"
5.11553386560584e-101,0.904979281739446,0.051,0.007,1.11012200417512e-96,"9","yohM-6"
1.49775479453225e-100,0.479167013455784,0.054,0.008,3.25027767961443e-96,"9","pstS-5"
1.66603003439734e-100,0.511223061216536,0.075,0.015,3.61545177764567e-96,"9","yjeK-3"
3.04512299010886e-100,0.395980696428655,0.079,0.016,6.60822140083523e-96,"9","ydhJ-3"
5.71356017842687e-100,0.448115223732048,0.079,0.017,1.23989969432041e-95,"9","miaA-1"
7.27038034830406e-100,0.465645716305064,0.078,0.016,1.57774523938546e-95,"9","proA-3"
1.82681721216669e-99,0.198517896365765,0.098,0.024,3.96437603212292e-95,"9","rssA-4"
3.58822689411778e-99,-0.220759585182687,0.139,0.042,7.78681118292499e-95,"9","nlpB-4"
5.06264722912749e-99,0.437137556324636,0.088,0.02,1.09864507519296e-94,"9","pyrC-5"
1.49737866676686e-98,-0.329261498958766,0.182,0.062,3.24946144475077e-94,"9","iscA-1"
1.90403937578828e-98,0.147406466037262,0.099,0.025,4.13195584939815e-94,"9","serA-5"
3.43196063983232e-98,0.178701372126099,0.102,0.026,7.44769778450012e-94,"9","fabA-4"
4.45345624903563e-98,0.685915107360135,0.056,0.009,9.66444540603221e-94,"9","glcC-5"
7.09064379684762e-98,0.384510964175551,0.075,0.016,1.5387406103539e-93,"9","gshB-5"
9.23317640316538e-98,0.118781798997511,0.104,0.027,2.00369161125092e-93,"9","murI-2"
1.15476021521588e-97,0.322562510544579,0.088,0.021,2.50594514303998e-93,"9","dcrB-5"
1.1991108914149e-97,0.179869146999245,0.096,0.024,2.60219054545948e-93,"9","recQ-4"
3.82622661563888e-97,-0.548908625544387,0.285,0.115,8.30329437859793e-93,"9","obgE-4"
4.34523675549814e-97,0.50657714296727,0.069,0.013,9.4295982831065e-93,"9","chpR-5"
4.87382531953896e-97,0.272858451587831,0.084,0.019,1.05766883259315e-92,"9","dnaC-4"
8.25298758307589e-97,0.320618544935161,0.084,0.019,1.7909808354033e-92,"9","ptsP-4"
8.84841824571436e-97,-0.307904712305076,0.169,0.057,1.92019524350247e-92,"9","ydcR-2"
1.11397253244587e-96,0.50879039417929,0.073,0.015,2.41743179266079e-92,"9","yabI-4"
3.24006057860881e-96,-0.434418833745636,0.231,0.088,7.03125546163898e-92,"9","dnaJ-2"
4.61713047312117e-96,0.494409576328044,0.08,0.018,1.00196348397203e-91,"9","lolB-5"
5.26455644238799e-96,-0.410003172604127,0.514,0.232,1.14246139356262e-91,"9","rplR-2"
5.66056290127014e-96,-0.266525249470059,0.171,0.058,1.22839875520463e-91,"9","topA-5"
6.66079815054164e-96,0.599542259582702,0.063,0.011,1.44545980664904e-91,"9","nagZ-1"
9.39839066678259e-96,0.20481971231799,0.089,0.021,2.03954475859849e-91,"9","fliY-3"
1.06514332227203e-95,0.431940512890034,0.087,0.02,2.31146752366253e-91,"9","pepQ-5"
1.58587349588581e-95,0.2229201998654,0.096,0.024,3.4415040734218e-91,"9","purB-2"
2.46220833007503e-95,0.256794757051404,0.087,0.02,5.34323829709582e-91,"9","rsxC-5"
2.4803116996273e-95,-0.136395621081807,0.114,0.031,5.38252441936121e-91,"9","lpxA-1"
2.57656651094141e-95,0.20954093708497,0.092,0.022,5.59140698539395e-91,"9","yeaR-5"
3.05487131656742e-95,0.161844927567126,0.081,0.018,6.62937624408295e-91,"9","yegW-3"
4.30866070756802e-95,0.753610705757078,0.055,0.009,9.35022460149335e-91,"9","ycfP-1"
4.47750900880895e-95,0.495745348375613,0.073,0.015,9.71664230001631e-91,"9","yrdB-1"
5.55621968376759e-95,0.573643307810899,0.061,0.011,1.2057552335744e-90,"9","rnhB-5"
7.26690018789678e-95,-0.267819021094227,0.165,0.055,1.57699000977548e-90,"9","secG-2"
8.59278317363434e-95,1.01836473707247,0.04,0.005,1.86471987651039e-90,"9","amyA-3"
1.00307575975843e-94,0.379999043704937,0.07,0.014,2.17677470625177e-90,"9","glpF-5"
1.03969780536577e-93,-0.351847560394207,0.182,0.064,2.25624820742426e-89,"9","iscU-4"
1.45500297494443e-93,0.507044868931756,0.08,0.018,3.15750195592691e-89,"9","acrB-5"
1.90473457074154e-93,-0.505334196321944,0.271,0.109,4.13346449196622e-89,"9","nusA-2"
2.81398418668153e-93,0.165039785137155,0.084,0.019,6.1066270835176e-89,"9","grxD-2"
3.71790218126328e-93,0.48875489344772,0.061,0.011,8.06821952355945e-89,"9","fruA-4"
3.87440690214771e-93,-0.163994184104256,0.131,0.04,8.40785041835074e-89,"9","ybeZ-2"
1.76586204883061e-92,0.616113732263464,0.066,0.013,3.83209723216732e-88,"9","yhbN-4"
2.00705484810067e-92,0.711557918064837,0.052,0.008,4.35550972586327e-88,"9","rnt-3"
3.52930042777361e-92,0.22439175280633,0.087,0.021,7.6589348583115e-88,"9","ycdZ-4"
7.79217324605991e-92,0.636468996445418,0.058,0.01,1.69097951612746e-87,"9","dacC-2"
1.68104669885812e-91,0.345391117865737,0.071,0.015,3.64803944119201e-87,"9","nlpE-5"
1.46895407939545e-90,0.324993922681977,0.076,0.017,3.18777724769607e-86,"9","ftsX-2"
3.27707382484664e-90,0.170937248456718,0.09,0.022,7.11157790729969e-86,"9","dedA-1"
4.85530760546379e-90,0.52643641023901,0.056,0.01,1.0536503034617e-85,"9","yohN-3"
6.02492462529568e-90,-0.520494561342373,0.351,0.153,1.30746889293542e-85,"9","iscR-2"
1.15947493171522e-89,0.159799578656809,0.088,0.021,2.51617654931519e-85,"9","slyD-4"
1.44737752125695e-89,0.29321473350438,0.079,0.018,3.1409539588797e-85,"9","secB-4"
1.51090510518053e-89,-0.199054699979451,0.121,0.036,3.27881516875227e-85,"9","yfgB-2"
2.24281702034362e-89,1.04673949491594,0.042,0.006,4.86713721584769e-85,"9","yraQ-5"
2.31168536718805e-89,1.05628819980107,0.042,0.006,5.01658841533478e-85,"9","holA-4"
2.40412613977089e-89,1.66317328261114,0.027,0.002,5.2171941359168e-85,"9","kefC-2"
3.33718294029815e-89,0.135211308038343,0.099,0.026,7.24202069874102e-85,"9","yccA-2"
4.58769847108316e-89,-0.470637538384973,0.203,0.076,9.95576445209756e-85,"9","fusA-2"
6.31217951425139e-89,0.263899149922312,0.067,0.014,1.36980607638769e-84,"9","pgpB-3"
6.61850429860722e-89,-0.492491977644628,0.232,0.091,1.43628161784075e-84,"9","yafK-3"
1.25333377641743e-88,1.04461153177407,0.04,0.005,2.71985962820347e-84,"9","artI-3"
5.09288400446359e-88,0.413038498421194,0.071,0.015,1.10520675780864e-83,"9","ribF-3"
7.12135733887455e-88,0.696766402810303,0.056,0.01,1.54540575610917e-83,"9","queA-2"
1.26827558215312e-87,0.772746323848639,0.045,0.007,2.75228484083049e-83,"9","nudC-3"
2.57277839259018e-87,0.213801418311622,0.085,0.021,5.58318638975995e-83,"9","ispE-5"
4.53586994966388e-87,-0.145109089693979,0.115,0.034,9.84329137776558e-83,"9","ompX-5"
5.47214705615763e-87,0.317293856550141,0.07,0.015,1.18751063265677e-82,"9","tpiA-3"
5.70511423518335e-87,0.197301278469834,0.084,0.021,1.23806684017714e-82,"9","glmM-1"
6.3306184790677e-87,0.140600668696405,0.088,0.022,1.37380751614248e-82,"9","bssR-3"
6.78576046649738e-87,0.738479932718834,0.047,0.007,1.4725778788346e-82,"9","yfcY-1"
7.4298010275261e-87,1.02022646646271,0.04,0.006,1.61234112098344e-82,"9","ypfH-1"
8.89838002146678e-87,0.568717844443998,0.055,0.01,1.93103744845851e-82,"9","sra-5"
9.9277907422035e-87,-0.497246034314742,0.209,0.08,2.15442986896558e-82,"9","rpsN-3"
1.21952880569391e-86,-0.119723351051797,0.121,0.037,2.64649946123636e-82,"9","cld-5"
1.23337745510753e-86,0.657464475947382,0.05,0.008,2.67655241532884e-82,"9","pntB-2"
1.32282355511152e-86,0.766089829836643,0.046,0.007,2.87065939694751e-82,"9","dacD-3"
4.82830878142936e-86,0.834952442310099,0.058,0.011,1.04779128865799e-81,"9","ubiE-1"
5.30677494555697e-86,0.276997534181063,0.079,0.019,1.15162323093532e-81,"9","yfbQ-3"
6.61782662992148e-86,0.492044595494792,0.049,0.008,1.43613455695926e-81,"9","pabC-4"
7.29408643440698e-86,0.422596507304698,0.066,0.014,1.58288969713066e-81,"9","yheM-1"
7.78706447511834e-86,-0.589894954833942,0.338,0.148,1.68987086174543e-81,"9","infB-3"
9.64232661613249e-85,0.419878986377238,0.06,0.012,2.09248129896691e-80,"9","yjhU-1"
1.24228091377737e-84,0.553461234586005,0.056,0.011,2.69587381098826e-80,"9","cho-3"
1.39441937782643e-84,-0.54877927519358,0.194,0.073,3.02602949182114e-80,"9","rplC-3"
3.03155492858007e-84,0.162010413529537,0.072,0.016,6.5787773505116e-80,"9","ribD-4"
3.84901316807599e-84,0.805528310911467,0.047,0.008,8.3527434760417e-80,"9","dld-1"
4.54093817301501e-84,0.654847458015975,0.051,0.009,9.85428992925987e-80,"9","hemF-4"
5.18433713244656e-84,-0.661524991854641,0.314,0.136,1.12505300111223e-79,"9","rpsK-2"
1.2012798028262e-83,-0.11468295507872,0.103,0.029,2.60689730011313e-79,"9","smg-2"
1.44949706567306e-83,0.67218286211052,0.061,0.012,3.14555358221711e-79,"9","ydcL-4"
1.48146676005917e-83,-0.204058398043011,0.112,0.033,3.2149310160044e-79,"9","ecfK-5"
1.53156821752213e-83,0.304984099261859,0.077,0.018,3.32365618884478e-79,"9","rraA-5"
3.19261014710466e-83,0.123681750397422,0.083,0.021,6.92828328023182e-79,"9","asmA-3"
3.93764936894473e-83,0.703165958413296,0.052,0.009,8.54509289554695e-79,"9","vsr-2"
4.30093025205857e-83,0.59432461622372,0.05,0.009,9.3334487399923e-79,"9","helD-1"
1.05551253472981e-82,0.303228733852455,0.067,0.014,2.29056775161715e-78,"9","ylaC-5"
1.21726431517181e-82,-0.362514831637533,0.154,0.054,2.64158529035435e-78,"9","rplS-1"
1.42866555631397e-82,0.362591015539492,0.066,0.014,3.10034712375694e-78,"9","ygaU-2"
1.66692692032995e-82,0.110503952194273,0.086,0.022,3.61739810980802e-78,"9","ybeB-4"
1.7089136115539e-82,0.387466572610802,0.084,0.021,3.70851342843312e-78,"9","ndh-5"
2.59694246284893e-82,-0.288172552292494,0.146,0.05,5.63562483862847e-78,"9","suhB-5"
3.02952267348005e-82,0.306234599781032,0.053,0.01,6.57436715371906e-78,"9","rtcB-1"
4.13782301619789e-82,0.320098742234963,0.067,0.015,8.97948972745104e-78,"9","ydcI-5"
4.86989340395443e-82,-0.233431637184969,0.115,0.035,1.05681556759215e-77,"9","infA-1"
9.42829839052204e-82,0.203952018287681,0.079,0.019,2.04603503372719e-77,"9","mrp-3"
1.29806267191721e-81,0.271331167046489,0.074,0.017,2.81692580432754e-77,"9","ycfD-3"
2.25934824648913e-81,-0.158310481909497,0.106,0.031,4.90301162970606e-77,"9","ygaW-3"
3.14805191443461e-81,0.607615229597971,0.05,0.009,6.83158745951454e-77,"9","yebF-3"
3.25032395659175e-81,0.50153295600547,0.057,0.011,7.05352801819975e-77,"9","yhjK-1"
5.57170778961823e-81,-0.216189702251107,0.148,0.051,1.20911630742505e-76,"9","hflX-2"
6.30949537756212e-81,0.64827899706287,0.061,0.012,1.36922359188475e-76,"9","ybiR-2"
6.84168618571594e-81,1.35848165046618,0.034,0.004,1.48471431916222e-76,"9","yqjK-3"
2.24192292362026e-80,-0.558624703714244,0.438,0.203,4.86519693654833e-76,"9","rplA-1"
3.41833376003827e-80,-0.538307107657274,0.256,0.108,7.41812609265905e-76,"9","clpX-4"
3.92919318299627e-80,0.164185107324807,0.07,0.016,8.5267421264202e-76,"9","mrdB-1"
4.33110385895469e-80,0.572340306578369,0.046,0.008,9.39892848431756e-76,"9","csiE-3"
8.79236185716837e-80,0.158710591942325,0.092,0.025,1.90803044662411e-75,"9","adhE-2"
9.60549740066264e-80,0.633689150645286,0.055,0.01,2.0844889909178e-75,"9","mdtK-4"
9.71885612761069e-80,0.679717137975771,0.049,0.008,2.1090889682528e-75,"9","ydfG-5"
1.1837370712258e-79,0.206512980583794,0.063,0.013,2.56882781826711e-75,"9","glnP-4"
1.7171925744161e-79,-0.18811029715053,0.104,0.031,3.72647960574039e-75,"9","grxA-4"
1.75039632285721e-79,0.410527912808296,0.069,0.016,3.79853506023243e-75,"9","hemC-4"
1.85046586206021e-79,-0.633543332109474,0.275,0.118,4.01569596725687e-75,"9","rplF-3"
3.82112749669836e-79,0.419096983271123,0.068,0.015,8.29222878058512e-75,"9","hrpA-5"
4.39666334303406e-79,0.356035230637534,0.063,0.013,9.54119912071821e-75,"9","mazG-1"
6.30306112662554e-79,-0.166776442979922,0.1,0.029,1.36782729508901e-74,"9","yjjG-5"
6.44822867004028e-79,0.666265424042598,0.052,0.009,1.39933010368544e-74,"9","dsbB-1"
7.52686126146372e-79,0.234648757356827,0.068,0.015,1.63340416235024e-74,"9","yecP-1"
1.3250740988076e-78,0.290428338734771,0.056,0.011,2.87554330182238e-74,"9","nadC-1"
1.90228169298552e-78,0.560833965827152,0.054,0.01,4.12814150194788e-74,"9","pldB-5"
2.44739700015098e-78,0.122466552678781,0.074,0.018,5.31109623002765e-74,"9","nudH-4"
2.94670604480537e-78,0.27878428124921,0.07,0.016,6.39464678783213e-74,"9","nagE-4"
4.58038724850728e-78,-0.373397718649592,0.142,0.049,9.93989836798566e-74,"9","fabZ-2"
5.22607402174967e-78,0.96341019877319,0.036,0.005,1.1341103234599e-73,"9","nfo-1"
6.68475178077885e-78,0.253548561422552,0.065,0.014,1.45065798394682e-73,"9","accD-3"
1.16277693458788e-77,0.181887483864577,0.076,0.019,2.52334222574917e-73,"9","seqA-5"
1.54657447957564e-77,-0.164569248730466,0.089,0.024,3.3562212781271e-73,"9","tktA-4"
1.96242235008462e-77,-0.13007192024634,0.089,0.024,4.25865274191863e-73,"9","adhP-1"
2.31634397910021e-77,0.338219759921471,0.051,0.009,5.02669806904537e-73,"9","raiA-1"
2.60429619327316e-77,0.417950657730597,0.054,0.01,5.65158316902208e-73,"9","yojL-3"
3.77745712068584e-77,-0.171269738220524,0.106,0.032,8.19745969760033e-73,"9","msrB-2"
4.3055055149443e-77,0.647277227896583,0.039,0.006,9.34337751798062e-73,"9","maeB-4"
4.91895229433172e-77,0.284357528559559,0.066,0.015,1.06746183739293e-72,"9","yeeX-4"
5.53675821089186e-77,-0.584122209308733,0.222,0.091,1.20153189934564e-72,"9","lpxC-2"
9.38338519496276e-77,-0.175434979093824,0.102,0.03,2.03628842115887e-72,"9","secD-3"
4.27075303747481e-76,0.250938016991395,0.054,0.01,9.26796116662409e-72,"9","yebT-1"
4.84771355110773e-76,0.286434205310082,0.068,0.016,1.05200231772589e-71,"9","recF-1"
5.59996204132811e-76,0.209753703259677,0.066,0.015,1.21524776258861e-71,"9","rpe-4"
6.06393292502096e-76,0.167271984171002,0.066,0.015,1.3159340840588e-71,"9","ycjG-1"
1.05009172408556e-75,0.274624332661724,0.054,0.01,2.27880405043808e-71,"9","yigI-5"
3.68670387001484e-75,0.518461740033615,0.044,0.007,8.0005160683192e-71,"9","lysP-1"
3.99532615794677e-75,0.440096369390353,0.062,0.014,8.67025729536028e-71,"9","trkH-4"
4.71036517107656e-75,0.61953388252777,0.041,0.007,1.02219634577532e-70,"9","yeiB-3"
8.41693495530721e-75,0.260614077263138,0.064,0.014,1.82655905465122e-70,"9","bcsE-5"
1.16494673240285e-74,0.380141338591551,0.063,0.014,2.52805090398742e-70,"9","ygeR-2"
2.89917446616653e-74,0.206633569049812,0.058,0.012,6.29149850902799e-70,"9","yceG-2"
7.93921532862088e-74,0.11596745944995,0.085,0.023,1.72288911846402e-69,"9","ygiC-3"
2.14485885056299e-73,0.341648714782288,0.054,0.011,4.65455819160674e-69,"9","dmsD-1"
4.54421709306293e-73,0.654786387441901,0.049,0.009,9.86140551365586e-69,"9","cydC-4"
8.23563420092395e-73,0.563067258403639,0.042,0.007,1.78721497794251e-68,"9","ispF-2"
1.11736201506378e-72,0.433363640227189,0.057,0.012,2.4247873088899e-68,"9","glpK-3"
2.83616583737587e-72,0.284619417590124,0.065,0.015,6.15476348368938e-68,"9","smtA-4"
3.28002621477802e-72,0.871953495468266,0.035,0.005,7.11798488868978e-68,"9","ytfN-4"
3.69669312383373e-72,0.368314176705884,0.063,0.015,8.02219374803158e-68,"9","yejK-5"
5.23674432004505e-72,0.562606665665074,0.054,0.011,1.13642588489298e-67,"9","nfnB-4"
6.94255538118419e-72,-0.580350649718733,0.148,0.054,1.50660394327078e-67,"9","rpsD-1"
7.04073844959824e-72,0.585351121714538,0.054,0.011,1.52791065094731e-67,"9","ybiV-3"
8.13994587278506e-72,0.627422627063485,0.035,0.005,1.76644965385309e-67,"9","xthA-1"
9.43367628750206e-72,0.462577308769412,0.043,0.007,2.04720209115082e-67,"9","thiC-1"
2.03552577960428e-71,0.16565824952748,0.057,0.012,4.41729449431924e-67,"9","yncE-1"
2.37788193844419e-71,0.702981657974505,0.04,0.006,5.16024159461773e-67,"9","yegX-4"
2.52017347995189e-71,0.647940004776818,0.037,0.006,5.4690284688436e-67,"9","ytfK-5"
4.59470874278342e-71,-0.437481762328077,0.14,0.05,9.97097744271431e-67,"9","plsX-2"
5.47757652301501e-71,-0.175299664657718,0.083,0.023,1.18868888125949e-66,"9","thiL-1"
8.73490117024206e-71,-0.732009311887962,0.278,0.124,1.89556090295423e-66,"9","rplI-2"
1.02401117541725e-70,0.252885753709012,0.059,0.013,2.22220665177297e-66,"9","yrbG-4"
1.35940292580001e-70,0.509401541131014,0.054,0.011,2.95004028927861e-66,"9","ygiQ-4"
1.56955331622978e-70,0.466824658546525,0.045,0.008,3.40608765155024e-66,"9","glmS-1"
1.68492642056122e-70,-0.176634350297265,0.084,0.023,3.6564588252599e-66,"9","dsbC-5"
1.8434256129318e-70,0.740154010322928,0.038,0.006,4.00041792262331e-66,"9","ycbB-1"
2.85888811794042e-70,0.278501661014594,0.059,0.013,6.2040731047425e-66,"9","pdxB-5"
3.20168283353525e-70,0.19977568477981,0.056,0.012,6.94797191705484e-66,"9","ansA-1"
3.61852184757362e-70,0.266151544845452,0.048,0.009,7.8525542614195e-66,"9","dctA-4"
8.13942857777984e-70,0.85397488051174,0.033,0.005,1.766337395664e-65,"9","yagV-3"
1.02702747009101e-69,-0.3876971866637,0.15,0.056,2.22875231284449e-65,"9","ycgE-3"
1.20224838376394e-69,-0.149869214362795,0.084,0.023,2.60899921760613e-65,"9","fdx-2"
1.61957392684101e-69,0.356517197712024,0.05,0.01,3.51463737863767e-65,"9","yfhH-5"
1.6513288516142e-69,0.904481010917646,0.036,0.005,3.58354874088798e-65,"9","yagJ-4"
2.11898849110656e-69,0.469984089964421,0.053,0.011,4.59841692455034e-65,"9","arcB-2"
4.50924711682089e-69,-0.411131224689363,0.122,0.042,9.78551716821302e-65,"9","ispU-3"
5.5915633902857e-69,1.17369710185102,0.027,0.003,1.2134251713259e-64,"9","yeeD-5"
7.1476932584227e-69,0.769493722647874,0.036,0.005,1.55112091401031e-64,"9","ydbJ-4"
7.28938273086603e-69,0.981127663042303,0.039,0.006,1.58186894642524e-64,"9","yaeQ-5"
8.24662841074109e-69,0.647011264926093,0.038,0.006,1.78960083141492e-64,"9","rnd-5"
3.36701784243927e-68,0.185277558597331,0.049,0.01,7.30676541987747e-64,"9","recO-3"
4.07018805383709e-68,0.959302140581463,0.026,0.003,8.83271509563188e-64,"9","asnA-5"
5.0234809751422e-68,0.696670279367578,0.032,0.004,1.09014560641561e-63,"9","yjjZ-3"
5.9624491751926e-68,0.399432596962924,0.053,0.011,1.29391109550855e-63,"9","ybgA-3"
1.03526282560357e-67,0.20395818468895,0.068,0.017,2.2466238578423e-63,"9","glyA-5"
1.05325732360812e-67,-0.203335165855298,0.086,0.025,2.28567371796197e-63,"9","crl-3"
1.21936011094376e-67,1.14701977570503,0.028,0.003,2.64613337675906e-63,"9","narZ-4"
1.53285867568551e-67,-0.188239571320381,0.096,0.03,3.32645661210513e-63,"9","ybaJ-2"
1.74546111922606e-67,0.648009261828635,0.041,0.007,3.78782517483248e-63,"9","znuB-6"
1.87521634585654e-67,0.572667894481529,0.047,0.009,4.06940699214329e-63,"9","yjaG-5"
2.0792259673521e-67,0.259170103234956,0.058,0.013,4.51212827175079e-63,"9","mscS-4"
2.83044494056148e-67,0.860908374509545,0.035,0.005,6.14234856551248e-63,"9","yjiV-2"
3.00200057138155e-67,1.16191550596223,0.023,0.002,6.5146414399551e-63,"9","ymdF-4"
3.03467131797258e-67,0.430047273242529,0.047,0.009,6.5855402271323e-63,"9","cirA-1"
3.63456007339328e-67,0.239150769577095,0.06,0.014,7.88735881527077e-63,"9","pgi-2"
4.20509800856013e-67,0.222220058136567,0.055,0.012,9.12548318837635e-63,"9","truD-2"
4.91248089995165e-67,0.761862087553503,0.04,0.007,1.06605748009851e-62,"9","fepB-1"
6.32436031973713e-67,-0.139629210960688,0.083,0.024,1.37244943298615e-62,"9","yqhA-6"
1.15835477714501e-66,0.850412881952603,0.031,0.004,2.51374570188238e-62,"9","yniA-3"
1.33919689897143e-66,0.598207086226953,0.038,0.006,2.9061911904579e-62,"9","ebgR-5"
1.95229751446528e-66,0.540681017640077,0.043,0.008,4.23668083614109e-62,"9","yejH-3"
2.1754245241874e-66,-0.161664916926971,0.097,0.03,4.72088875993908e-62,"9","osmY-4"
2.50170829005255e-66,0.19893542302287,0.064,0.016,5.42895716024305e-62,"9","aroE-3"
2.65947435660823e-66,0.271347962821434,0.069,0.018,5.77132530127552e-62,"9","ydjA-1"
4.43248893108063e-66,0.380471666346356,0.046,0.009,9.61894422933808e-62,"9","dcyD-5"
4.711556349405e-66,0.715679800698445,0.036,0.006,1.02245484338438e-61,"9","polB-2"
8.35712961429385e-66,-0.255342195117533,0.697,0.349,1.81358069759791e-61,"9","deaD-2"
1.02588670644093e-65,0.307516090972986,0.054,0.012,2.22627674164745e-61,"9","ybdR-2"
1.74765661352858e-65,0.390133792036411,0.04,0.007,3.79258961701837e-61,"9","sseA-1"
2.00416696625305e-65,0.417527684434864,0.055,0.012,4.34924273346575e-61,"9","galU-5"
2.11397705007616e-65,-0.340485102849006,0.115,0.039,4.58754159637028e-61,"9","ytfL-3"
2.3350421254132e-65,0.145514410234989,0.068,0.018,5.06727491635919e-61,"9","yfhA-2"
2.35736701013028e-65,-0.358039716051343,0.088,0.026,5.11572214868372e-61,"9","nhaB-4"
2.43635032286773e-65,0.280431629684597,0.054,0.012,5.28712383565526e-61,"9","ftsA-5"
5.30969404399584e-65,-0.787538191523123,0.268,0.122,1.15225670448754e-60,"9","fis-1"
5.59790785128297e-65,0.269339523141831,0.055,0.012,1.21480198280692e-60,"9","rbsK-3"
7.96715253925115e-65,-0.378797891985047,0.105,0.034,1.72895177254289e-60,"9","fimC-5"
8.99297767962026e-65,0.354923234819868,0.049,0.01,1.95156608625439e-60,"9","osmC-3"
9.26680667211219e-65,0.249669685774357,0.053,0.012,2.01098971591507e-60,"9","hemY-4"
1.3095378351833e-64,0.580409411357867,0.037,0.006,2.84182805613129e-60,"9","caiB-4"
1.59312266314182e-64,0.688298298174616,0.035,0.005,3.45723549128406e-60,"9","fecA-1"
1.63834699054787e-64,0.367079101469121,0.038,0.007,3.55537680418794e-60,"9","fadJ-5"
2.13338611079008e-64,0.309605945226941,0.044,0.008,4.62966119902556e-60,"9","cdd-4"
3.17500188879123e-64,-0.129517815154877,0.073,0.02,6.89007159886585e-60,"9","panC-4"
3.69382696242981e-64,0.844798224977685,0.03,0.004,8.01597389116893e-60,"9","yaaJ-4"
3.86932818976436e-64,0.544497122497525,0.037,0.006,8.39682910460764e-60,"9","prkB-1"
3.87688456054466e-64,0.440217646801986,0.047,0.009,8.41322718483796e-60,"9","elbB-4"
3.88718491703761e-64,0.612913538451056,0.04,0.007,8.43557998846332e-60,"9","yfjL-1"
4.20202726163041e-64,0.591044082144259,0.041,0.008,9.11881936046416e-60,"9","yfbB-1"
5.09627519123492e-64,0.166612320101839,0.05,0.011,1.10594267924989e-59,"9","nudE-4"
9.54357699645204e-64,0.674910245470813,0.028,0.004,2.07105164400006e-59,"9","prfH-4"
1.1182469558288e-63,-0.254326022744967,0.128,0.047,2.42670771884408e-59,"9","lrhA-1"
1.38905019663606e-63,0.395675268042233,0.047,0.009,3.01437783171992e-59,"9","yeaY-4"
1.51068245836064e-63,-0.585420488358234,0.234,0.105,3.27833200288842e-59,"9","ybeD-3"
1.94743702838781e-63,0.681905224938113,0.037,0.006,4.22613309530438e-59,"9","yecC-2"
2.36126090220011e-63,0.131960805405167,0.058,0.014,5.12417228386446e-59,"9","nagK-2"
2.40441156209308e-63,0.660053588150184,0.038,0.007,5.21781353089819e-59,"9","yjcD-5"
3.52191082958737e-63,0.25166351431959,0.057,0.013,7.64289869128756e-59,"9","aaeB-1"
6.52200162356287e-63,-0.191358987752507,0.083,0.025,1.41533957232938e-58,"9","rfaD-2"
6.99349869089195e-63,-0.124187726641541,0.081,0.023,1.51765915091046e-58,"9","feoB-2"
9.27516644367445e-63,-0.112314421925331,0.062,0.015,2.01280386994179e-58,"9","luxS-1"
9.82739253400685e-63,0.575041218101733,0.042,0.008,2.13264245380483e-58,"9","yafE-1"
1.35893191002691e-62,0.509657154708476,0.04,0.007,2.94901813794941e-58,"9","fadD-3"
1.4238493279977e-62,-0.512700828998685,0.149,0.058,3.08989542668782e-58,"9","hfq-4"
1.69072629381175e-62,-0.289857869532384,0.088,0.027,3.66904513020087e-58,"9","rluB-4"
1.82826638258462e-62,0.534109649859431,0.042,0.008,3.96752087684688e-58,"9","potF-1"
2.47806393454403e-62,0.690944639312281,0.04,0.007,5.37764654435399e-58,"9","recB-1"
4.57978610528622e-62,0.814459467998194,0.034,0.005,9.93859382708163e-58,"9","poxB-4"
6.61148773427754e-62,-0.203707904193182,0.089,0.028,1.43475895321557e-57,"9","ptsN-2"
7.51579847110597e-62,0.356377667516119,0.052,0.012,1.63100342621471e-57,"9","dam-4"
1.08925947244721e-61,0.454969609892239,0.042,0.008,2.36380198115769e-57,"9","yzcX-1"
1.12146979982772e-61,0.616197092911778,0.036,0.006,2.43370161260613e-57,"9","dkgA-1"
1.37852350203458e-61,0.146283369292691,0.056,0.013,2.99153385176523e-57,"9","prfC-2"
2.38945475813692e-61,0.338693903160366,0.039,0.007,5.18535577063294e-57,"9","alkB-2"
2.72048258891803e-61,0.777538367028037,0.027,0.004,5.90371926621102e-57,"9","yedA-1"
4.37064640150229e-61,0.100975741725338,0.052,0.012,9.48473975590012e-57,"9","sulA-5"
5.35402522828482e-61,0.613155326594306,0.036,0.006,1.16187701479009e-56,"9","queC-3"
5.6241214760625e-61,0.15499174675207,0.047,0.01,1.22049060152032e-56,"9","ydhA-4"
7.98179528139437e-61,0.381035196376468,0.045,0.009,1.73212939401539e-56,"9","ptrB-3"
9.95564615828e-61,0.63518420997611,0.037,0.006,2.16047477280834e-56,"9","artQ-5"
2.09541065089613e-60,-0.140584448653676,0.066,0.017,4.54725065350968e-56,"9","yciS-1"
3.95930192056841e-60,0.355951450578926,0.056,0.013,8.59208109782551e-56,"9","pdxA-5"
4.69733150149405e-60,0.206563020051905,0.056,0.013,1.01936790913922e-55,"9","sohB-3"
8.39536553022817e-60,0.645293144408151,0.037,0.007,1.82187827371481e-55,"9","dbpA-1"
9.17341424529467e-60,0.439447557349195,0.045,0.009,1.9907226253714e-55,"9","hrpB-3"
2.13407800354959e-59,-0.212563159222739,0.078,0.023,4.63116267550297e-55,"9","serS-1"
2.23900376193389e-59,-0.150515799981969,0.087,0.027,4.85886206377273e-55,"9","yegQ-1"
3.66447553242369e-59,0.564896722507535,0.042,0.008,7.95227835291266e-55,"9","ruvC-3"
4.26025933831237e-59,0.991678230075864,0.021,0.002,9.24518879007168e-55,"9","yqjI-1"
5.16486392114757e-59,-0.202734643898054,0.076,0.022,1.12082711952823e-54,"9","parE-4"
5.21157624931285e-59,0.234477247969013,0.049,0.011,1.13096416186338e-54,"9","lpxL-1"
6.32804323549824e-59,-0.157259400815764,0.081,0.025,1.37324866253547e-54,"9","fkpA-1"
6.70955216369696e-59,0.603932048382254,0.037,0.007,1.45603991504388e-54,"9","yhhF-1"
7.09198239045678e-59,0.110359180375888,0.059,0.015,1.53903109855303e-54,"9","speE-4"
7.14822788208222e-59,0.219162008644953,0.048,0.011,1.55123693269066e-54,"9","frsA-1"
7.49634166448089e-59,0.729274880165282,0.034,0.006,1.626781104609e-54,"9","ytjB-5"
7.72429598935372e-59,0.729956199789415,0.038,0.007,1.67624947264965e-54,"9","fumA-4"
1.03471444662251e-58,-0.510251288582673,0.125,0.047,2.2454338206155e-54,"9","rseA-3"
1.61811883688076e-58,0.669968230363511,0.028,0.004,3.51147968791493e-54,"9","ydbK-5"
2.320083993337e-58,1.34738599431905,0.022,0.002,5.03481427394062e-54,"9","yehW-5"
2.34559286456224e-58,0.528260200339649,0.03,0.004,5.09017107538652e-54,"9","glnD-3"
2.52242992680017e-58,-0.273423943809616,0.082,0.025,5.47392518414904e-54,"9","rcsD-1"
4.17374074718735e-58,0.260263436258916,0.045,0.009,9.05743479547127e-54,"9","asd-1"
4.20869165115933e-58,0.494981797972752,0.039,0.007,9.13328175218085e-54,"9","mnmC-1"
5.37425916297354e-58,0.560861160782102,0.039,0.007,1.16626798095689e-53,"9","gltJ-4"
7.41424978605844e-58,-0.61005033053394,0.143,0.056,1.60896634607254e-53,"9","yfjO-5"
9.06863323923231e-58,0.133255416022981,0.047,0.01,1.9679840992458e-53,"9","ptrA-5"
1.72153793935539e-57,0.306243853742172,0.05,0.011,3.73590948219513e-53,"9","yebY-2"
1.74020577978219e-57,0.77845309777627,0.027,0.004,3.77642056270532e-53,"9","hchA-3"
1.76982733647904e-57,0.396405735055524,0.032,0.005,3.84070230289316e-53,"9","yeiI-5"
2.17509587790167e-57,0.137041222319974,0.053,0.013,4.72017556463441e-53,"9","znuC-4"
2.23368815080186e-57,0.208656057542111,0.048,0.011,4.84732665605512e-53,"9","ftsB-4"
2.68858456012497e-57,-0.532068191162481,0.085,0.027,5.8344973539272e-53,"9","glnH-5"
2.91991822339015e-57,0.107004667352886,0.052,0.012,6.33651453657897e-53,"9","ubiC-4"
5.28377782836129e-57,0.952861718291542,0.025,0.003,1.14663262653268e-52,"9","acrD-3"
6.78030829975525e-57,-0.723047696137342,0.164,0.068,1.47139470412989e-52,"9","bax-4"
8.32035023645985e-57,0.2599619359566,0.047,0.01,1.80559920481415e-52,"9","yqaA-5"
8.50705924314051e-57,0.106471018355756,0.052,0.012,1.84611692635392e-52,"9","murB-2"
2.88671111081281e-56,-0.130524918584012,0.053,0.013,6.26445178157489e-52,"9","ruvA-1"
3.51344400406553e-56,0.380737845097836,0.045,0.01,7.6245248332226e-52,"9","cydA-1"
3.61217188738193e-56,0.678277423789057,0.032,0.005,7.83877421280752e-52,"9","macB-1"
3.61281196784473e-56,0.195481398606559,0.051,0.012,7.84016325141984e-52,"9","ygaZ-1"
4.57525420523718e-56,0.581208652625785,0.028,0.004,9.92875915078521e-52,"9","yhjG-4"
6.57249638225964e-56,-0.644830950499246,0.136,0.054,1.42629743991417e-51,"9","rplO-1"
6.6532421742185e-56,-0.29596485855079,0.066,0.018,1.44382008422716e-51,"9","ruvB-4"
6.67192215472343e-56,-0.206195989369327,0.073,0.022,1.44787382679653e-51,"9","emrA-1"
6.84861248097155e-56,0.458552544861515,0.046,0.01,1.48621739449564e-51,"9","ydgA-3"
6.90178942773284e-56,0.63040961955892,0.034,0.006,1.4977573237123e-51,"9","ldcC-3"
1.27353386051573e-55,-0.140292260785285,0.074,0.022,2.76369583070519e-51,"9","yciB-2"
1.60122612157033e-55,0.477891651536774,0.041,0.008,3.47482080641977e-51,"9","glgB-5"
2.43137280298738e-55,0.876888741563459,0.024,0.003,5.27632211976291e-51,"9","mug-2"
3.01130336857747e-55,-0.195900098695884,0.072,0.021,6.53482944014997e-51,"9","gltI-1"
3.03571683263364e-55,0.963260442395515,0.022,0.003,6.58780909849827e-51,"9","nfrB-5"
3.13623723582021e-55,-0.326499317185558,0.072,0.021,6.80594842545344e-51,"9","amiB-3"
3.28733596389476e-55,-0.747173030973411,0.33,0.163,7.13384777524801e-51,"9","rplE-3"
3.86127565095564e-55,0.475241855379567,0.042,0.009,8.37935429013884e-51,"9","amn-3"
4.3426946350646e-55,0.410889784476658,0.035,0.006,9.4240816275537e-51,"9","cls-4"
5.32718373109363e-55,-0.163797439145098,0.056,0.014,1.15605214148463e-50,"9","sufC-5"
6.45440458070248e-55,0.848302324462345,0.028,0.004,1.40067033805825e-50,"9","yieP-1"
8.26705198423952e-55,-0.128148265972358,0.066,0.019,1.79403295109982e-50,"9","dusA-4"
8.79982307331369e-55,0.44971511589457,0.035,0.006,1.9096496051398e-50,"9","hofB-3"
9.35518040998887e-55,0.500956862358052,0.04,0.008,2.03016770077169e-50,"9","hemG-3"
1.33644957401439e-54,0.791039242791647,0.026,0.004,2.90022922056863e-50,"9","tldD-4"
1.35615084010562e-54,0.789676779731165,0.026,0.004,2.94298293811321e-50,"9","treA-2"
1.59496850030568e-54,0.844031037505902,0.027,0.004,3.46124114251335e-50,"9","yodD-5"
1.68441179086444e-54,0.310150417576198,0.038,0.007,3.65534202735491e-50,"9","manZ-3"
1.70328686757523e-54,0.208794425067734,0.04,0.008,3.696302831325e-50,"9","cytR-1"
1.82629203250061e-54,0.605175503698652,0.038,0.008,3.96323633972957e-50,"9","sfsA-4"
2.69661706099808e-54,-0.164145710967926,0.074,0.022,5.85192868407194e-50,"9","hybO-4"
6.49691096084304e-54,0.391888008774402,0.035,0.006,1.40989464761255e-49,"9","yejA-5"
1.06671940912397e-53,0.672621114165202,0.027,0.004,2.31488778973993e-49,"9","kdpD-2"
1.41349219338711e-53,0.270935132861092,0.043,0.009,3.06741940886937e-49,"9","pgsA-1"
1.57180006358124e-53,-0.195595857621444,0.066,0.019,3.41096331797766e-49,"9","yebG-4"
1.7761180508887e-53,0.631544025267781,0.037,0.007,3.85435378223357e-49,"9","ymdC-3"
2.18243345416755e-53,-0.350232344829899,0.069,0.02,4.736098838889e-49,"9","ygjN-4"
5.53540375307414e-53,0.512240175724097,0.032,0.006,1.20123796845462e-48,"9","coaE-1"
6.01276294051101e-53,0.591844690057779,0.034,0.006,1.30482968572029e-48,"9","yihA-2"
6.43698334806066e-53,-0.542047437737198,0.098,0.035,1.39688975636264e-48,"9","cdsA-1"
8.30279814736193e-53,0.182169479573411,0.049,0.012,1.80179022595901e-48,"9","nuoB-1"
8.82706836753922e-53,0.433724334609311,0.04,0.008,1.91556210643969e-48,"9","fliC-5"
8.83237627233242e-53,-0.119853631158056,0.065,0.019,1.91671397485886e-48,"9","efp-5"
9.99296522446681e-53,0.521878496407901,0.031,0.005,2.16857338336154e-48,"9","caiC-5"
4.34715634885089e-52,-0.843301977253191,0.268,0.13,9.43376399264131e-48,"9","dnaK-4"
4.4342746060102e-52,0.445906238217691,0.04,0.008,9.62281932250273e-48,"9","ydiJ-4"
5.04686474312316e-52,0.365441525493228,0.048,0.011,1.09522011790516e-47,"9","folK-3"
6.51572009014707e-52,0.493465099591811,0.033,0.006,1.41397641676281e-47,"9","gadB-3"
7.86286895205874e-52,0.566766801968845,0.025,0.004,1.70632119128627e-47,"9","ymbA-5"
8.44708819400177e-52,-0.229137834466884,0.067,0.02,1.83310260898032e-47,"9","pncB-4"
8.88154847927154e-52,-0.476024339253468,0.086,0.029,1.92738483548672e-47,"9","rpsH-3"
1.31425548655868e-51,0.747165752083801,0.025,0.004,2.85206583138099e-47,"9","aspA-4"
1.44332113957624e-51,0.78592957822858,0.03,0.005,3.13215120499441e-47,"9","gdhA-2"
1.55921035693036e-51,0.343400192990404,0.04,0.008,3.38364239557456e-47,"9","gpsA-1"
5.23726064236508e-51,0.519656984940757,0.034,0.006,1.13653793199965e-46,"9","yfgO-3"
7.61258744025236e-51,0.526459114180607,0.036,0.007,1.65200760040916e-46,"9","secF-1"
7.69654259359138e-51,-0.127823828623671,0.057,0.016,1.67022670823527e-46,"9","rep-3"
9.67637463974078e-51,-0.674219649382185,0.101,0.037,2.09987006057015e-46,"9","secY-2"
1.01331878037863e-50,-0.103375623588118,0.051,0.013,2.19900308529967e-46,"9","hisJ-2"
1.27006616765412e-50,0.155429780212935,0.039,0.008,2.7561705904262e-46,"9","yeiP-5"
1.27934106563033e-50,1.94191866993427,0.013,0.001,2.77629804652437e-46,"9","cysP-5"
2.1771876633169e-50,0.214154145654959,0.041,0.009,4.72471494816399e-46,"9","xerC-5"
2.82189129838006e-50,1.05421604203634,0.022,0.003,6.12378630661456e-46,"9","mngB-2"
3.34298494210815e-50,0.425438294487895,0.032,0.006,7.2546116228689e-46,"9","yegE-4"
3.69693102356159e-50,-0.265475319791823,0.065,0.019,8.022710014231e-46,"9","ycbL-3"
4.15457462784318e-50,-0.701512736760542,0.185,0.084,9.01584239988248e-46,"9","clpB-5"
4.8630169443957e-50,0.298118332155308,0.047,0.011,1.05532330710331e-45,"9","rfaC-2"
4.94050059197325e-50,0.140007086815197,0.049,0.012,1.07213803346412e-45,"9","ptsG-5"
5.053937263017e-50,0.127800382753208,0.043,0.01,1.09675492544732e-45,"9","mdlB-2"
7.55359045682267e-50,0.587821523787056,0.034,0.007,1.63920466503509e-45,"9","yfdG-4"
1.0093396615748e-49,1.36338912720007,0.021,0.003,2.19036799958347e-45,"9","ybjP-3"
1.22417230967047e-49,-0.169472888736752,0.066,0.02,2.65657632921589e-45,"9","yejM-5"
1.33603563401219e-49,0.552946373780585,0.03,0.005,2.89933092936986e-45,"9","yeeA-4"
1.35993015635633e-49,0.466271767462878,0.029,0.005,2.95118443230887e-45,"9","yjcE-4"
1.42382204854804e-49,0.487361927688309,0.037,0.008,3.08983622755411e-45,"9","tyrB-5"
2.04515250661254e-49,-0.620564058688212,0.15,0.065,4.43818545459988e-45,"9","clpP-3"
2.17151753052438e-49,0.506963383265849,0.037,0.008,4.71241019299096e-45,"9","ycfL-1"
2.28230705414104e-49,-0.90895850646147,0.225,0.107,4.95283453819148e-45,"9","rplX-1"
2.79277810606048e-49,-0.10629366925901,0.061,0.018,6.06060776796184e-45,"9","fadR-2"
2.92635686049191e-49,-0.579277074809696,0.081,0.027,6.3504870229535e-45,"9","mqsR-4"
3.33608168713822e-49,-0.188644205876242,0.051,0.013,7.23963086925865e-45,"9","lolA-2"
3.72776576672413e-49,0.349858358791888,0.04,0.009,8.08962449036804e-45,"9","dgsA-5"
3.98484194411317e-49,-0.357374123984579,0.079,0.026,8.64750550292e-45,"9","rluD-3"
4.37391240973762e-49,0.259264785005227,0.03,0.005,9.49182732037162e-45,"9","rhsC-2"
8.03675364458425e-49,0.332626821983507,0.043,0.01,1.74405590841123e-44,"9","bglA-3"
1.11269586772621e-48,0.384297435405655,0.039,0.008,2.41466130255265e-44,"9","sgrR-1"
1.22711132257347e-48,-0.141342420915107,0.056,0.015,2.66295428111669e-44,"9","cpxR-4"
1.57147581499619e-48,-0.286663332504241,0.079,0.026,3.41025966612323e-44,"9","yjgJ-3"
1.68018187654537e-48,1.0985142387668,0.025,0.004,3.64616269029111e-44,"9","hyaC-4"
1.77600392331965e-48,-0.94930984485499,0.196,0.091,3.85410611399597e-44,"9","cspA-3"
2.26501518072235e-48,-0.105261247529835,0.058,0.017,4.91530944368556e-44,"9","mdoH-1"
2.55585951802782e-48,-0.173888607123251,0.07,0.022,5.54647074007217e-44,"9","tyrR-3"
3.48276723438548e-48,-0.171184149911217,0.067,0.021,7.55795317533994e-44,"9","uvrC-4"
3.86879496553889e-48,0.186127214565314,0.039,0.008,8.39567195471595e-44,"9","yebU-2"
3.8952558856481e-48,0.465064617167664,0.031,0.006,8.45309479744495e-44,"9","yeaM-2"
5.32457723159526e-48,0.411605469629998,0.03,0.005,1.15548650502849e-43,"9","pqiB-5"
6.59460669334664e-48,0.30646350815426,0.04,0.009,1.43109559852315e-43,"9","iap-1"
6.72108184853998e-48,0.624469207451983,0.028,0.005,1.45854197195166e-43,"9","glmU-4"
6.889067962612e-48,0.33013367253649,0.033,0.006,1.49499663856643e-43,"9","yniC-1"
6.99375578231253e-48,0.348751776782629,0.039,0.009,1.51771494231964e-43,"9","narX-5"
8.17033618484229e-48,1.41468829359519,0.012,0.001,1.77304465547262e-43,"9","nanT-2"
8.45268883487356e-48,0.444397284410473,0.034,0.007,1.83431800405591e-43,"9","yfhM-4"
8.86642197098569e-48,0.447271929545015,0.032,0.006,1.9241022319236e-43,"9","nfrA-4"
9.0174706329199e-48,0.597152702385537,0.027,0.004,1.95688130204995e-43,"9","hipA-3"
1.56455969289505e-47,0.177725496689927,0.047,0.012,3.39525098955155e-43,"9","rssB-2"
1.93808307417764e-47,0.340367300240594,0.034,0.007,4.2058340792729e-43,"9","yggD-5"
2.3130203885422e-47,0.269992260047696,0.039,0.009,5.01948554517542e-43,"9","argT-5"
2.72186723534449e-47,0.943227401928568,0.018,0.002,5.90672408742107e-43,"9","yneL-3"
2.77339543556667e-47,-0.660042383740552,0.14,0.06,6.01854543472323e-43,"9","cyoC-1"
2.89561930172869e-47,0.858883555229793,0.023,0.003,6.28378344668144e-43,"9","ilvC-5"
3.4633215904195e-47,0.232331868711381,0.038,0.008,7.51575418336935e-43,"9","cobB-1"
5.28361888765416e-47,-0.476243127265489,0.091,0.033,1.14659813480983e-42,"9","rpoE-4"
7.2551626498743e-47,0.202164064633334,0.033,0.006,1.57444284664922e-42,"9","yqjB-5"
7.55680084459062e-47,0.386566552445278,0.032,0.006,1.63990135128461e-42,"9","yciQ-3"
8.66616621816648e-47,0.256419168226127,0.04,0.009,1.88064473100431e-42,"9","bcp-2"
1.17125347636116e-46,-0.12634959976542,0.054,0.015,2.54173716905136e-42,"9","yciX-3"
1.22665314620691e-46,-0.23407215054812,0.058,0.017,2.66195999258362e-42,"9","ihfB-4"
1.24152928429691e-46,0.37486696746678,0.035,0.007,2.69424269985272e-42,"9","exoX-3"
1.32724109285081e-46,-0.294716376131567,0.059,0.017,2.88024589559553e-42,"9","puuR-5"
1.50424219675436e-46,-0.49819267587807,0.081,0.028,3.26435599117665e-42,"9","rplN-4"
1.71958155830378e-46,-0.337598662274639,0.081,0.028,3.73166393967504e-42,"9","ackA-4"
2.36547668739059e-46,-0.223338647671606,0.049,0.013,5.13332095930633e-42,"9","ybjN-5"
2.37365232584259e-46,1.06045550212731,0.021,0.003,5.151062912311e-42,"9","flhC-2"
3.15858379285679e-46,0.18172087046151,0.043,0.01,6.85444268887852e-42,"9","lolC-3"
3.17308231219576e-46,0.134369227346169,0.041,0.01,6.88590592569602e-42,"9","ymgA-2"
3.90024314098892e-46,-0.12862825563703,0.049,0.013,8.46391764026006e-42,"9","lpxD-4"
4.17764352164383e-46,0.699479958713967,0.025,0.004,9.06590420631927e-42,"9","yaiT-11"
4.97491499369089e-46,0.562212799357911,0.032,0.006,1.07960630278086e-41,"9","yhgF-4"
6.93774533256653e-46,-0.274960420904798,0.745,0.395,1.50556011462026e-41,"9","rplL-3"
7.67576262272821e-46,-0.13002592840111,0.056,0.016,1.66571724675825e-41,"9","cmk-1"
7.84273744031261e-46,-0.189574962897641,0.061,0.018,1.70195245192224e-41,"9","recA-5"
8.0320233275188e-46,0.187966342818372,0.044,0.011,1.74302938230486e-41,"9","ychJ-5"
2.42876302452998e-45,0.319414715008267,0.04,0.01,5.2706586395325e-41,"9","ydgK-1"
2.5418171509984e-45,0.128115114682176,0.041,0.01,5.51599739938162e-41,"9","rsxA-4"
2.57476820701924e-45,0.103856280453235,0.056,0.016,5.58750448605245e-41,"9","prmB-5"
2.84042196399043e-45,0.217588543286815,0.036,0.008,6.16399970405564e-41,"9","pgpA-2"
2.87845796268097e-45,0.84102336791224,0.02,0.003,6.24654162481398e-41,"9","ykfJ-5"
2.89219965632297e-45,-0.413029578642177,0.088,0.032,6.27636247418647e-41,"9","glnS-5"
3.09032088404044e-45,0.135160897579031,0.035,0.007,6.70630535045616e-41,"9","yfgD-4"
3.81506645830907e-45,0.307265399484212,0.036,0.008,8.27907572117651e-41,"9","gcvR-1"
4.59100149920169e-45,1.03117212779298,0.018,0.002,9.96293235341758e-41,"9","yjfY-3"
5.6711445141381e-45,0.179297120687376,0.038,0.009,1.23069507101311e-40,"9","panE-3"
6.39341012050035e-45,0.226014042385345,0.042,0.01,1.38743393024978e-40,"9","diaA-4"
7.12033361491933e-45,1.32774452702439,0.017,0.002,1.54518359777364e-40,"9","iaaA-2"
7.8668812049914e-45,0.235079338872778,0.032,0.007,1.70719189029518e-40,"9","mrr-5"
9.42730224376208e-45,0.674625561533036,0.026,0.004,2.04581885991881e-40,"9","bisC-5"
1.07835874839412e-44,-0.511140356494842,0.082,0.029,2.34014631989008e-40,"9","fldA-4"
1.12836980770897e-44,-0.208636512588377,0.05,0.014,2.44867531970923e-40,"9","mltC-3"
1.38231631511032e-44,-0.321104072948182,0.063,0.02,2.99976463542091e-40,"9","rfbD-4"
1.39728372755991e-44,0.518134943534617,0.034,0.007,3.03224541717777e-40,"9","insN-2-4"
1.4643621340849e-44,0.701015842761012,0.027,0.005,3.17781226717763e-40,"9","surE-3"
1.49886554339129e-44,0.122210242677605,0.04,0.009,3.25268811571343e-40,"9","yjtD-2"
1.60710909581944e-44,0.207763777082421,0.032,0.006,3.48758744883776e-40,"9","anmK-3"
1.6178359294964e-44,0.653132901734389,0.026,0.004,3.51086575060013e-40,"9","yfgC-3"
1.92610367787529e-44,0.580489764567136,0.031,0.006,4.17983759135717e-40,"9","yadI-1"
2.86453560277599e-44,-0.488879218215179,0.102,0.04,6.21632871158417e-40,"9","ygiT-1"
2.98902828633594e-44,0.989989774473068,0.02,0.003,6.48649028417762e-40,"9","setB-2"
3.92092292518726e-44,0.444105359682333,0.029,0.005,8.50879483994887e-40,"9","ydaY-2"
4.34559925096899e-44,0.619819979203431,0.023,0.004,9.43038493452781e-40,"9","yjiN-5"
4.92883215235226e-44,0.204849487318237,0.037,0.008,1.06960586538196e-39,"9","syd-5"
6.31404058696474e-44,0.333420407992719,0.035,0.008,1.37020994777722e-39,"9","hybC-2"
6.96586431976564e-44,0.911632595023825,0.016,0.002,1.51166221603234e-39,"9","yidL-2"
7.13280713521329e-44,0.812475814280199,0.027,0.005,1.54789047641264e-39,"9","yjjJ-4"
8.08014063182234e-44,-0.164741025898319,0.039,0.009,1.75347131851177e-39,"9","murA-1"
8.52598595156006e-44,-0.224740624603662,0.047,0.013,1.85022421134805e-39,"9","slyB-2"
9.7603813459404e-44,0.114819542291222,0.036,0.008,2.11810035588253e-39,"9","ylaB-4"
1.15234167410242e-43,0.127625896040072,0.042,0.01,2.50069666696966e-39,"9","rpsR-4"
1.32966080215061e-43,0.270967105944209,0.035,0.008,2.88549690674704e-39,"9","purL-2"
1.46642997425909e-43,0.1980341421285,0.025,0.004,3.18229968713964e-39,"9","nikA-1"
1.70393380765458e-43,0.323820475213692,0.04,0.009,3.6977067559912e-39,"9","yliJ-3"
1.76273832510953e-43,0.312441797213683,0.043,0.011,3.82531843932018e-39,"9","arsC-4"
2.30728382007266e-43,0.353467663579282,0.033,0.007,5.00703661793968e-39,"9","dcp-5"
2.45997288201046e-43,-0.488669905016212,0.073,0.025,5.33838715125091e-39,"9","hslJ-2"
2.46685458688547e-43,0.328750771368413,0.038,0.009,5.35332113900016e-39,"9","cysS-4"
2.51346187124794e-43,0.683050238797444,0.025,0.004,5.45446360679515e-39,"9","yegH-1"
3.01398441878735e-43,-0.241058827782909,0.056,0.017,6.54064758721043e-39,"9","zwf-1"
3.02034150822233e-43,0.235822543028695,0.04,0.01,6.55444310699327e-39,"9","mrdA-4"
3.23645347151855e-43,-0.492503505949306,0.079,0.028,7.0234276785424e-39,"9","yfjN-5"
3.57700900917486e-43,0.53499185886734,0.027,0.005,7.76246725081036e-39,"9","mdoB-3"
3.91713814319756e-43,0.620859032732113,0.027,0.005,8.50058148455302e-39,"9","yebO-3"
5.00082568802529e-43,0.256310550340287,0.032,0.007,1.08522918255837e-38,"9","yhhN-3"
5.21962118353202e-43,0.154022651014698,0.034,0.007,1.13270999303828e-38,"9","nadR-2"
5.45005346413136e-43,0.668530233094516,0.021,0.003,1.18271610225115e-38,"9","emtA-4"
5.46756198659734e-43,1.03903502724477,0.018,0.002,1.18651562671149e-38,"9","narU-1"
6.08664069239306e-43,-0.108125650088735,0.063,0.02,1.32086189665622e-38,"9","gpmI-2"
6.21553425069062e-43,-0.388356292512453,0.055,0.016,1.34883308774237e-38,"9","cspB-3"
6.46192780892049e-43,0.485590634665448,0.029,0.006,1.40230295381384e-38,"9","csrA-1"
7.18236665393604e-43,0.361998680602307,0.033,0.007,1.55864538757066e-38,"9","rfbA-1"
7.44349904629847e-43,0.440891479905632,0.033,0.007,1.61531372803723e-38,"9","erfK-3"
1.20163549838029e-42,-0.650428138378072,0.065,0.021,2.60766919503506e-38,"9","dinJ-5"
1.29663022152125e-42,-0.255766432113895,0.054,0.016,2.81381724372327e-38,"9","yrdD-1"
1.34846078287353e-42,0.669438657390802,0.025,0.004,2.92629474491384e-38,"9","cbpA-2"
1.37054975115525e-42,0.378922143862448,0.024,0.004,2.974230014982e-38,"9","fhuE-1"
1.67925615426525e-42,0.22768180997086,0.04,0.01,3.64415378037103e-38,"9","ydiY-1"
1.89165566880282e-42,-0.2204918864119,0.052,0.015,4.10508196686899e-38,"9","ispB-5"
2.13955991450745e-42,0.248033119996973,0.038,0.009,4.64305897047261e-38,"9","lolE-1"
2.24656147214113e-42,-0.114537353260873,0.045,0.012,4.87526305069347e-38,"9","cydD-2"
2.30131299919385e-42,-0.760463736193021,0.179,0.086,4.99407933955057e-38,"9","hslV-1"
2.48101701343949e-42,0.585200443485488,0.025,0.004,5.38405502086504e-38,"9","yraM-6"
2.58057336041112e-42,0.387486339264545,0.029,0.006,5.60010224942816e-38,"9","selA-5"
3.58525081312709e-42,0.396538311857981,0.03,0.006,7.7803527895671e-38,"9","gadW-2"
3.65967401030115e-42,-0.288715709826032,0.06,0.019,7.94185856975452e-38,"9","yhbE-5"
4.27940118110533e-42,0.622960478490208,0.025,0.004,9.28672850311667e-38,"9","ybjS-1"
4.54777673337528e-42,0.124312915254842,0.038,0.009,9.8691302890977e-38,"9","plsC-5"
4.87489624106243e-42,-0.285229334906562,0.063,0.02,1.05790123327296e-37,"9","yfiN-2"
5.87443421620904e-42,0.20335164997258,0.037,0.009,1.27481096925952e-37,"9","ydiU-5"
6.27761305394596e-42,-0.285497674218145,0.063,0.02,1.36230480883681e-37,"9","ybgF-2"
7.99729599238419e-42,-0.28259286435642,0.039,0.01,1.73549320330729e-37,"9","yfiC-4"
8.41808141378558e-42,-0.142843237830468,0.047,0.013,1.82680784760561e-37,"9","puuP-5"
1.03060832501892e-41,0.80971751079943,0.018,0.002,2.23652312612355e-37,"9","yccX-1"
1.17246219624107e-41,0.861907348119625,0.02,0.003,2.54436021206275e-37,"9","rbsA-1"
1.20753148553121e-41,0.61399013731758,0.02,0.003,2.62046407675127e-37,"9","ggt-5"
1.30206162769367e-41,-0.538534291443775,0.081,0.029,2.82560393825803e-37,"9","racR-4"
1.37405201201558e-41,-0.109987589613441,0.048,0.013,2.98183027127502e-37,"9","rfaF-1"
1.55488795937994e-41,0.153415912534658,0.038,0.009,3.37426236065041e-37,"9","ydaF-2"
1.9034403822761e-41,-0.167184765678008,0.076,0.027,4.13065597357737e-37,"9","yqfA-6"
2.1201852179144e-41,0.377810573340723,0.028,0.005,4.60101394139603e-37,"9","cusR-5"
2.25166182571172e-41,-0.315928915686356,0.048,0.013,4.88633132797701e-37,"9","ytjC-3"
2.2895841948222e-41,-0.356825814346624,0.061,0.019,4.96862666118365e-37,"9","ymjA-2"
2.30845150560533e-41,0.479364063768892,0.024,0.004,5.00957061231412e-37,"9","metQ-1"
2.46601164773061e-41,0.351838238853054,0.027,0.005,5.35149187674019e-37,"9","poxA-4"
3.07731887527573e-41,-0.387145179575583,0.059,0.018,6.67808969123585e-37,"9","atpA-3"
3.14184511137302e-41,0.457773714131591,0.03,0.006,6.81811807619058e-37,"9","nudJ-1"
3.68180858332551e-41,0.741534488401253,0.025,0.004,7.9898928066747e-37,"9","fumC-4"
3.76695051785547e-41,0.161811052271916,0.032,0.007,8.17465931879816e-37,"9","rcsC-4"
4.72120080464803e-41,0.598497052312405,0.03,0.006,1.02454778661667e-36,"9","ymgB-2"
4.9018697581527e-41,-0.430210093923812,0.069,0.024,1.06375475621672e-36,"9","oppB-4"
5.43569275744675e-41,0.747597055875804,0.018,0.002,1.17959968529352e-36,"9","ydhB-5"
8.0287248357942e-41,0.178324713450847,0.034,0.008,1.7423135766157e-36,"9","yniB-5"
8.20575452564951e-41,0.584593497832843,0.02,0.003,1.7807307896112e-36,"9","ybiC-1"
1.18693439291602e-40,0.878286649130876,0.018,0.002,2.57576632606705e-36,"9","yheN-1"
1.25235040378362e-40,-0.241852398439474,0.043,0.011,2.71772561125083e-36,"9","yoeB-6"
1.26135572772069e-40,1.15645616135705,0.02,0.003,2.73726806472666e-36,"9","yajO-4"
1.26296819486908e-40,0.422370137202279,0.024,0.004,2.74076727968538e-36,"9","pabA-3"
1.91025437877939e-40,0.564248416452322,0.026,0.005,4.14544302738916e-36,"9","bolA-4"
1.96901159192635e-40,0.231915236295928,0.029,0.006,4.27295205563938e-36,"9","uxuA-1"
2.06921485005369e-40,0.345009537384407,0.034,0.008,4.49040314610152e-36,"9","mnmA-5"
2.32904307156479e-40,-0.386555608455666,0.065,0.022,5.05425636960275e-36,"9","rpsF-5"
2.58012628238728e-40,0.128977023287836,0.036,0.008,5.59913204540864e-36,"9","mutS-5"
3.02616716849537e-40,0.478006238168595,0.025,0.004,6.5670853723518e-36,"9","uvrD-5"
3.16406565537407e-40,0.255660070608764,0.038,0.009,6.86633887872727e-36,"9","ygdQ-1"
3.42767053526699e-40,0.521565669910293,0.027,0.005,7.4383878285829e-36,"9","pqiA-1"
4.40974204444672e-40,0.457259130866307,0.027,0.005,9.56958121065384e-36,"9","yghY-5"
5.09466770484568e-40,-0.228108051199961,0.067,0.023,1.10559383862856e-35,"9","phnA-5"
5.31945842086411e-40,-0.260279987796529,0.044,0.012,1.15437567191172e-35,"9","yabP-5"
7.76510345493922e-40,0.479140056272924,0.031,0.007,1.68510510075636e-35,"9","sstT-1"
8.15425620879032e-40,1.58651596989547,0.013,0.001,1.76955513986959e-35,"9","ybiX-4"
8.16852770966276e-40,1.48638466349736,0.013,0.001,1.77265219827392e-35,"9","astA-2"
1.05759335228413e-39,0.553686339548521,0.027,0.005,2.29508333379178e-35,"9","yddM-1"
1.06866216694474e-39,-0.283566763710836,0.054,0.016,2.31910376848679e-35,"9","ycaO-3"
1.07251552858478e-39,0.171687932555766,0.032,0.007,2.32746594858183e-35,"9","ygiB-3"
1.22709493894692e-39,0.310160917391708,0.024,0.004,2.66291872700872e-35,"9","yggX-1"
1.89214176198621e-39,0.732071627456097,0.022,0.004,4.10613683768628e-35,"9","yaiX-4"
1.89611607789378e-39,1.31978313395425,0.016,0.002,4.1147615006373e-35,"9","ydcK-2"
2.551014347792e-39,0.228210762068947,0.037,0.009,5.53595623614341e-35,"9","ydcN-1"
2.59116789719666e-39,-0.577463731688337,0.063,0.021,5.62309345370647e-35,"9","insJ-2"
2.78784045430618e-39,0.398269596565122,0.025,0.004,6.04989256988984e-35,"9","entC-5"
2.98395727150472e-39,0.124165847538346,0.041,0.011,6.47548567489238e-35,"9","ydhS-1"
3.55695056329301e-39,-0.195063172474618,0.053,0.016,7.71893841740217e-35,"9","ygdK-3"
4.13920491276036e-39,-0.131004755127892,0.046,0.013,8.98248858118125e-35,"9","yfeA-5"
4.89097323058441e-39,1.20658269526033,0.016,0.002,1.06139010076912e-34,"9","uxuB-4"
5.24367519590849e-39,0.329291003506532,0.028,0.006,1.1379299542641e-34,"9","folD-4"
7.27414546510922e-39,-0.161576399845562,0.042,0.011,1.57856230738335e-34,"9","insF-4-4"
1.0561484403112e-38,0.922490726451025,0.015,0.002,2.29194773031934e-34,"9","ybdD-5"
1.1922411725882e-38,0.27846888781484,0.034,0.008,2.58728256863365e-34,"9","kefG-5"
1.44954204352556e-38,0.391727875011374,0.025,0.005,3.14565118865481e-34,"9","coaA-1"
1.46154107084421e-38,0.111897433899833,0.034,0.008,3.17169027783901e-34,"9","yjgH-2"
1.77869548348383e-38,-0.387064088304387,0.061,0.02,3.85994706870827e-34,"9","rlmL-3"
2.43835608685378e-38,0.821852616577333,0.024,0.004,5.29147654408139e-34,"9","fpr-2"
2.74511991809944e-38,-0.220477948826977,0.044,0.012,5.95718473426759e-34,"9","tatC-3"
2.89617344102158e-38,-0.306174227974865,0.043,0.012,6.28498598436092e-34,"9","ydbA-12"
3.56033498982332e-38,1.0123873360847,0.016,0.002,7.72628296141559e-34,"9","hipB-3"
3.76922084704664e-38,1.2976832995369,0.013,0.001,8.17958616017591e-34,"9","cobC-1"
3.966217076164e-38,0.22976407776617,0.025,0.005,8.60708767698349e-34,"9","tolR-4"
4.09129779610863e-38,-0.540539784034121,0.072,0.026,8.87852534733533e-34,"9","relB-2"
5.0677195547866e-38,-0.253152496905448,0.039,0.01,1.09974582058424e-33,"9","mukF-1"
1.09109010628999e-37,0.608521528634178,0.02,0.003,2.3677746396599e-33,"9","entF-3"
1.13991912906328e-37,0.426129372119786,0.02,0.003,2.47373850198022e-33,"9","hisB-2"
1.14850340507269e-37,0.249242742950574,0.039,0.01,2.49236723934824e-33,"9","yjjU-5"
1.20606710133842e-37,-0.142716006980563,0.036,0.009,2.61728621661451e-33,"9","ygbI-5"
1.23772669142953e-37,1.88255806599691,0.012,0.001,2.68599069307121e-33,"9","btuE-4"
1.34386271615332e-37,0.681292582534456,0.02,0.003,2.91631648032432e-33,"9","dxs-3"
2.26233063829008e-37,-0.296924668609431,0.061,0.021,4.9094837181533e-33,"9","srmB-4"
2.3486598895029e-37,-0.159620504767926,0.039,0.01,5.09682682621025e-33,"9","moeA-3"
2.38787225544078e-37,-0.331915888261776,0.061,0.02,5.18192158153204e-33,"9","oppD-3"
2.752091700775e-37,0.909575857532945,0.018,0.003,5.97231419985183e-33,"9","hemL-1"
3.153904402289e-37,0.53996360887031,0.026,0.005,6.84428794340736e-33,"9","citA-2"
3.78357887759642e-37,0.422218367808843,0.03,0.007,8.21074452227198e-33,"9","hda-2"
4.09519406414985e-37,0.152180258011287,0.027,0.005,8.88698063861158e-33,"9","rstA-4"
4.52024792546008e-37,0.774102096399229,0.019,0.003,9.80939002304093e-33,"9","fliD-1"
4.57469667975123e-37,-0.176093758106969,0.048,0.014,9.92754926472814e-33,"9","speD-1"
4.5993133933576e-37,-0.263036296653024,0.04,0.011,9.98096999492532e-33,"9","yhdA-3"
4.97081030584988e-37,0.428335139868814,0.026,0.005,1.07871554447248e-32,"9","pykA-2"
5.78041987952307e-37,0.442073945845691,0.024,0.004,1.2544089180553e-32,"9","rhlE-5"
6.17285945953236e-37,0.546749723075837,0.02,0.003,1.33957223131312e-32,"9","yjgR-5"
6.50978116063792e-37,0.616773229587248,0.026,0.005,1.41268760967003e-32,"9","yjiO-3"
9.63009025864123e-37,0.495337945065554,0.025,0.005,2.08982588702773e-32,"9","purK-3"
1.42562514316007e-36,-0.60674903813546,0.102,0.043,3.09374912317167e-32,"9","mdoG-4"
1.63712146978961e-36,-0.407917696237231,0.06,0.02,3.55271730159044e-32,"9","mraZ-2"
2.14095338977932e-36,0.656509741232356,0.017,0.002,4.6460829511601e-32,"9","ypeB-3"
2.57565613435304e-36,0.536805375483414,0.019,0.003,5.58943137715953e-32,"9","flk-2"
2.65388516833227e-36,0.187954344771725,0.025,0.005,5.75919620379786e-32,"9","glgC-5"
2.71407646082719e-36,0.665368034346128,0.02,0.003,5.88981732764108e-32,"9","ybbB-2"
3.68167856427648e-36,-0.200330148662569,0.049,0.015,7.98961065233639e-32,"9","ydeA-5"
3.91750468794088e-36,0.838094790168615,0.017,0.002,8.5013769233005e-32,"9","glpQ-2"
4.04648450454188e-36,0.40211905815478,0.024,0.004,8.78127602330633e-32,"9","torS-1"
4.83246893792315e-36,0.609716740749039,0.02,0.003,1.0486940842187e-31,"9","yfcU-3"
4.88456500698603e-36,-0.139436905431347,0.034,0.008,1.05999945216604e-31,"9","rumA-4"
6.6940069197932e-36,0.133132789995039,0.035,0.009,1.45266644166432e-31,"9","kefB-4"
7.22038489214401e-36,-0.162365087705552,0.049,0.015,1.56689572544417e-31,"9","oxyR-1"
9.23049470276716e-36,-0.612947629418782,0.058,0.019,2.0031096554475e-31,"9","mipA-1"
1.03990193780304e-35,0.161832900399259,0.034,0.008,2.25669119522638e-31,"9","ompR-5"
1.24170323923134e-35,0.952194712861526,0.018,0.003,2.69462019945592e-31,"9","hypB-1"
1.36783029301675e-35,0.436764226132825,0.026,0.005,2.96832851887564e-31,"9","rbsB-3"
1.72550660637222e-35,0.681012841143716,0.019,0.003,3.74452188648835e-31,"9","yhjA-4"
1.97872180990141e-35,-0.322332215648738,0.052,0.017,4.29402419966705e-31,"9","kdsC-4"
2.32056576130035e-35,0.551443790384106,0.022,0.004,5.03585975859789e-31,"9","sbp-1"
2.36494810146078e-35,0.479602704542088,0.03,0.007,5.13217387498004e-31,"9","yfeY-4"
2.6096187734929e-35,0.390543962054927,0.024,0.005,5.66313370035694e-31,"9","mutY-3"
2.62419691403247e-35,0.744215563659383,0.02,0.003,5.69476972314187e-31,"9","trpC-5"
2.6741658596182e-35,0.9539163232509,0.016,0.002,5.80320733195747e-31,"9","caiA-5"
2.78219433334414e-35,0.700744975196602,0.016,0.002,6.03763992279012e-31,"9","ydhM-1"
3.04082811593553e-35,0.407098646386101,0.022,0.004,6.59890109439168e-31,"9","yejB-5"
3.36089526664724e-35,-0.585462050061319,0.08,0.032,7.29347881815116e-31,"9","rpoC-5"
3.3801613762485e-35,0.26558354912858,0.027,0.006,7.33528820259687e-31,"9","trpH-5"
3.41095631545719e-35,0.264199572906496,0.023,0.004,7.40211630017364e-31,"9","fadL-4"
3.52437970173735e-35,-0.458052509179399,0.072,0.027,7.64825639074023e-31,"9","gnd-1"
4.25519940417796e-35,0.27912082910275,0.025,0.005,9.2342082270066e-31,"9","cutC-1"
4.35928851262298e-35,0.514854893482199,0.025,0.005,9.46009200124314e-31,"9","proC-3"
4.37133678846169e-35,-0.866897105099798,0.133,0.062,9.48623796464072e-31,"9","rpmG-2"
4.58706596735716e-35,0.172803516019993,0.025,0.005,9.95439185576178e-31,"9","pssA-5"
4.66697770577833e-35,0.230802929063831,0.028,0.006,1.01278083193095e-30,"9","pyrD-5"
6.45477361782245e-35,-0.634459790608576,0.065,0.024,1.40075042280365e-30,"9","yfiR-3"
6.77057520368705e-35,0.21956759521386,0.023,0.004,1.46928252495213e-30,"9","ubiF-3"
7.43324575118928e-35,-0.201173419737726,0.056,0.019,1.61308866046558e-30,"9","mfd-4"
8.00613381618048e-35,0.381282334724053,0.022,0.004,1.73741109944933e-30,"9","yjiR-1"
8.16157196042453e-35,-0.129673422910721,0.044,0.013,1.77114273113173e-30,"9","yfbU-3"
8.98663278202612e-35,0.137776603892935,0.029,0.006,1.95018918002749e-30,"9","pfkB-2"
9.78180947945245e-35,-0.254553030047704,0.053,0.017,2.12275047513598e-30,"9","pck-2"
1.07010187390771e-34,-0.369199790992328,0.038,0.01,2.32222807656711e-30,"9","yhhX-1"
1.11501489872594e-34,0.190535262689915,0.027,0.006,2.41969383172517e-30,"9","bcsG-1"
1.66672156628857e-34,1.60712352688821,0.01,0.001,3.61695247100283e-30,"9","speF-1"
1.7600317525813e-34,0.166695298142809,0.027,0.006,3.81944490627669e-30,"9","rsd-1"
2.28028149769957e-34,0.543829942029418,0.021,0.004,4.94843887815784e-30,"9","yadD-2"
2.3400819068845e-34,0.442740294605637,0.021,0.004,5.07821174613005e-30,"9","mtlD-3"
2.78065702429299e-34,-0.222826057595307,0.036,0.009,6.03430380841823e-30,"9","smpB-1"
2.95847274656301e-34,-0.399444048420109,0.056,0.019,6.42018170731639e-30,"9","rraB-5"
3.11871388363737e-34,0.356642489066722,0.025,0.005,6.76792099888146e-30,"9","fhlA-2"
3.69140236467431e-34,-0.163822422037203,0.047,0.014,8.01071227157972e-30,"9","pinR-2"
3.74559390417272e-34,-0.2955329182085,0.037,0.01,8.12831333144522e-30,"9","modA-5"
3.78255935847081e-34,0.27174330239617,0.026,0.005,8.20853206381751e-30,"9","ydfT-5"
3.90948238211283e-34,0.217219272319841,0.021,0.004,8.48396771742305e-30,"9","yacG-4"
3.96146087571446e-34,-0.156736530418609,0.039,0.011,8.59676624638796e-30,"9","argR-1"
4.13090813231658e-34,0.13703026530937,0.021,0.004,8.96448373794021e-30,"9","metE-3"
4.906916228042e-34,0.332089167657415,0.022,0.004,1.06484989064739e-29,"9","fsr-4"
5.21372315966255e-34,0.265941289339395,0.025,0.005,1.13143006287837e-29,"9","yaiL-3"
5.38566351016118e-34,-0.205659516772285,0.049,0.015,1.16874283834008e-29,"9","uvrY-5"
5.63173741584702e-34,-0.207347734650736,0.038,0.01,1.22214333661296e-29,"9","trpS-4"
6.22690503260801e-34,0.514945152567598,0.018,0.003,1.35130066112626e-29,"9","mtlR-5"
7.06147444022662e-34,0.831032558470214,0.019,0.003,1.53241056827358e-29,"9","hyfA-1"
7.45650830899378e-34,0.98739364104188,0.017,0.002,1.61813686813474e-29,"9","hcaC-1"
7.56719375968772e-34,0.596732364762654,0.02,0.003,1.64215671778983e-29,"9","ydgD-3"
8.69159232588538e-34,0.219845387077887,0.025,0.005,1.88616245064039e-29,"9","folX-5"
9.65139496875503e-34,0.527578165068849,0.018,0.003,2.09444922216953e-29,"9","fldB-4"
1.10606555425937e-33,0.154780780105695,0.034,0.009,2.40027285929826e-29,"9","thiF-1"
1.1440508989422e-33,-0.584529733598318,0.045,0.014,2.48270485579448e-29,"9","accB-2"
1.71953800492685e-33,0.3997251727671,0.026,0.006,3.73156942449176e-29,"9","ydiZ-5"
1.94416927188735e-33,0.800286053419665,0.013,0.002,4.21904173692273e-29,"9","rffM-1"
2.2614361301966e-33,0.179980428807129,0.022,0.004,4.90754254613963e-29,"9","yhdP-4"
2.57146196110173e-33,-0.214103258824063,0.038,0.011,5.58032960178686e-29,"9","yfhL-1"
2.58710816676454e-33,0.540037022308982,0.023,0.005,5.61428343269572e-29,"9","yqiB-2"
3.03255291742827e-33,1.00175984345337,0.016,0.002,6.58094308611109e-29,"9","purE-3"
4.17072327624648e-33,0.608746985292411,0.017,0.003,9.05088658178249e-29,"9","gadC-1"
4.19042296873374e-33,0.512553486546921,0.021,0.004,9.0936368844491e-29,"9","recE-3"
4.95397823441999e-33,0.140588222779565,0.03,0.007,1.07506281665148e-28,"9","yhcM-3"
6.3900025085298e-33,0.284440199247277,0.027,0.006,1.38669444437605e-28,"9","paaX-4"
6.77081656894573e-33,0.686974474956906,0.018,0.003,1.46933490362691e-28,"9","paaK-4"
7.18853307642534e-33,0.197641483532916,0.027,0.006,1.55998356291506e-28,"9","menA-5"
1.01556708501863e-32,0.205849949120995,0.029,0.007,2.20388213119892e-28,"9","ybaT-4"
1.01929643703354e-32,0.171222885595194,0.033,0.008,2.2119751980065e-28,"9","yobA-1"
1.03762114862515e-32,0.693928673638749,0.02,0.004,2.25174165463143e-28,"9","aphA-2"
1.09637749151177e-32,0.828465360726726,0.016,0.002,2.3792487943297e-28,"9","nei-5"
1.22539328632092e-32,0.499003460188713,0.025,0.005,2.65922597064504e-28,"9","yibT-1"
1.25143996148805e-32,1.64894708263488,0.011,0.001,2.71574986042523e-28,"9","dtd-1"
1.2760518441278e-32,0.108374225810268,0.026,0.006,2.76916010694174e-28,"9","aaeR-2"
1.41079289298517e-32,0.139852014497812,0.027,0.006,3.06156165706711e-28,"9","dapD-1"
1.57189106473593e-32,-0.325761791253911,0.035,0.009,3.41116079958345e-28,"9","bfd-2"
1.63024157784131e-32,0.364182762359332,0.02,0.004,3.53778724807342e-28,"9","blr-5"
1.67817450442429e-32,0.76975990294208,0.015,0.002,3.64180649205116e-28,"9","htgA-5"
1.68292604531422e-32,0.280699981237233,0.028,0.007,3.65211781093638e-28,"9","nadK-4"
1.68627685268216e-32,0.88558495884646,0.015,0.002,3.65938939800557e-28,"9","ebgA-3"
1.78457240859323e-32,0.818641438823657,0.018,0.003,3.87270058388817e-28,"9","pspF-3"
1.85622599958758e-32,0.324998478634694,0.02,0.004,4.02819604170501e-28,"9","perR-5"
2.04414217050084e-32,-0.121481856987392,0.025,0.005,4.43599292420388e-28,"9","ucpA-2"
2.08455689267292e-32,0.618514949845407,0.019,0.003,4.5236969127895e-28,"9","yhdH-2"
2.18678031681843e-32,-0.295329778713047,0.054,0.018,4.74553196552767e-28,"9","lysS-1"
2.23038416761104e-32,0.382999929048866,0.018,0.003,4.84015668213272e-28,"9","purM-5"
2.43910041672372e-32,1.25977067296923,0.013,0.002,5.29309181433214e-28,"9","yhjX-1"
2.60399315487582e-32,-0.525748563193125,0.078,0.031,5.65092554539602e-28,"9","hslU-3"
2.69800260625244e-32,-0.231979846442788,0.035,0.009,5.85493545582843e-28,"9","fabR-3"
2.74072132984562e-32,0.324048463187865,0.028,0.006,5.94763935789798e-28,"9","ydiI-4"
2.78744088176477e-32,0.245166725819791,0.024,0.005,6.04902545751772e-28,"9","uraA-2"
2.81811204715963e-32,0.44569469939324,0.025,0.005,6.11558495354111e-28,"9","hsdR-3"
3.27173377563438e-32,0.707180826174687,0.018,0.003,7.09998946650416e-28,"9","ilvM-2"
3.73565995932103e-32,0.386468179598847,0.019,0.003,8.10675567772256e-28,"9","nirB-4"
3.75493996357192e-32,-0.240456223910963,0.035,0.009,8.14859521494743e-28,"9","yjgF-1"
3.90004601380112e-32,0.457714101155645,0.019,0.003,8.46348985454981e-28,"9","fepC-3"
3.9130701464403e-32,0.275171219354334,0.025,0.006,8.49175352479009e-28,"9","ybfF-4"
4.17364648802257e-32,-0.810279973031103,0.509,0.28,9.05723024365777e-28,"9","nlpI-3"
7.07910375099646e-32,-0.566045153173916,0.049,0.016,1.53623630500374e-27,"9","map-3"
7.89386199315857e-32,0.202753550021064,0.022,0.005,1.71304699113534e-27,"9","xni-1"
8.01621356596493e-32,-0.767910414674966,0.074,0.029,1.73959850595005e-27,"9","rpsU-3"
8.26333252971368e-32,0.438358046869443,0.017,0.003,1.79322579227317e-27,"9","yobF-2"
8.73168780097646e-32,0.395585292058366,0.022,0.004,1.8948635696899e-27,"9","trkD-4"
9.82698560571323e-32,0.197446150007843,0.02,0.004,2.13255414629583e-27,"9","malT-2"
1.14294421449964e-31,0.715747343434739,0.012,0.001,2.48030323988568e-27,"9","xapR-4"
1.24126771259054e-31,0.248165717558474,0.027,0.006,2.69367506309273e-27,"9","metK-1"
1.33387924992095e-31,0.261789858744413,0.025,0.005,2.89465136025345e-27,"9","ompF-3"
1.40884482668282e-31,0.241892187088614,0.024,0.005,3.05733415838438e-27,"9","rfaH-5"
2.03276666796121e-31,0.127369793654526,0.026,0.006,4.41130694614261e-27,"9","ybhT-3"
2.47775624049653e-31,-0.275998379709735,0.037,0.011,5.37697881750152e-27,"9","mdlA-2"
4.73963817614924e-31,0.155682032778647,0.029,0.007,1.02854888060615e-26,"9","thrA-3"
5.98994730276682e-31,-0.535276813105909,0.074,0.03,1.29987846417343e-26,"9","ycjX-2"
8.05553988807069e-31,-0.198660616908803,0.04,0.012,1.74813271111022e-26,"9","degP-2"
8.18132346304987e-31,-0.366027347952211,0.042,0.013,1.77542900471645e-26,"9","ybjX-3"
9.85045051371108e-31,0.12419106173968,0.027,0.006,2.13764626598044e-26,"9","atpD-2"
9.98584578606126e-31,0.238974995675583,0.031,0.008,2.16702839403315e-26,"9","yeaJ-5"
1.18103133089948e-30,0.283730241665096,0.02,0.004,2.56295609118497e-26,"9","ybdK-1"
1.18954910616184e-30,-0.174459849091476,0.032,0.009,2.5814405152818e-26,"9","ygfZ-3"
1.40385172334397e-30,0.217700139000689,0.024,0.005,3.04649862482875e-26,"9","gph-3"
1.524943596694e-30,0.554803578002405,0.02,0.004,3.30928009918566e-26,"9","nupC-2"
1.81656817932886e-30,-0.260883227141695,0.038,0.011,3.94213460596155e-26,"9","rpsQ-3"
1.83323918524721e-30,0.784207168026048,0.018,0.003,3.97831235590497e-26,"9","cedA-1"
1.95625771820581e-30,0.357255431597097,0.018,0.003,4.24527487427843e-26,"9","dicA-2"
2.40027092390449e-30,1.20872359348687,0.013,0.002,5.20882793196513e-26,"9","aidB-2"
2.52873532690471e-30,-0.504529227948203,0.044,0.014,5.48760853291591e-26,"9","atpH-5"
2.54106836592957e-30,0.719416187322782,0.015,0.002,5.51437246090376e-26,"9","leuB-4"
2.60419047173696e-30,-0.317215645161225,0.031,0.008,5.65135374271638e-26,"9","yjgA-3"
2.97221899817688e-30,0.700042310210101,0.02,0.004,6.45001244794364e-26,"9","ygbN-3"
3.29264749239271e-30,0.738122929866228,0.017,0.003,7.14537432324143e-26,"9","yidH-5"
3.32654956132132e-30,0.180862649769624,0.018,0.003,7.21894520302339e-26,"9","cof-5"
3.33630714797733e-30,0.118710887355282,0.025,0.006,7.24012014182561e-26,"9","ygeD-5"
3.53974460505048e-30,0.493639413908879,0.016,0.002,7.68159976742005e-26,"9","yjbH-4"
3.73319926658642e-30,1.32472242743747,0.011,0.001,8.10141572841919e-26,"9","aroD-2"
3.75918637004489e-30,-0.231856985936869,0.028,0.007,8.15781034163443e-26,"9","yedZ-4"
4.05272178433028e-30,0.135727291111303,0.029,0.007,8.79481154417514e-26,"9","yejO-5"
5.0381604058624e-30,0.836622668264512,0.012,0.002,1.0933311896762e-25,"9","yhhT-3"
5.05493423789787e-30,1.11052371714048,0.012,0.002,1.09697127896622e-25,"9","ybaW-5"
5.12269982688214e-30,0.314022533858278,0.018,0.003,1.11167708943169e-25,"9","tag-3"
5.90759492100584e-30,-0.474756419492284,0.043,0.014,1.28200717380748e-25,"9","ygeQ-3"
6.15330796279549e-30,1.00843630499662,0.013,0.002,1.33532936100625e-25,"9","yncB-1"
7.70780688789301e-30,1.27417736868242,0.01,0.001,1.67267117274166e-25,"9","yegS-4"
7.7117932248213e-30,1.52135309839776,0.01,0.001,1.67353624771847e-25,"9","ydaM-1"
7.96300396532316e-30,0.896676386576878,0.016,0.003,1.72805149051478e-25,"9","yhcH-3"
9.65068557348865e-30,0.457320895982688,0.016,0.003,2.09429527630277e-25,"9","ascG-1"
9.91949300071099e-30,0.440759577894919,0.019,0.004,2.15262917608429e-25,"9","purH-4"
1.01413963479951e-29,0.239277901265515,0.023,0.005,2.20078442147842e-25,"9","ybaL-5"
1.06181800294764e-29,-0.261060831573132,0.034,0.009,2.30425124819668e-25,"9","insK-5"
1.07453818006458e-29,0.193334348379032,0.025,0.006,2.33185530455815e-25,"9","malY-2"
1.26443305938528e-29,0.774293003137923,0.012,0.002,2.743946182172e-25,"9","torC-3"
1.29576650843566e-29,0.237017820403092,0.02,0.004,2.81194289995623e-25,"9","potG-3"
1.30721202706293e-29,-0.153109374680129,0.029,0.007,2.83678081992926e-25,"9","yneJ-1"
1.32573489821101e-29,0.863168563605127,0.013,0.002,2.87697730260771e-25,"9","astC-1"
1.39633994178751e-29,0.323871503313979,0.018,0.003,3.03019730767308e-25,"9","lsrK-4"
1.44083011756533e-29,0.697890563338859,0.02,0.004,3.12674543812853e-25,"9","xseA-5"
2.43242102828226e-29,1.03006433942445,0.012,0.001,5.27859687347533e-25,"9","hsdM-4"
2.62841034596586e-29,0.417132960445353,0.019,0.004,5.70391329178052e-25,"9","glgX-3"
2.66165803827764e-29,-0.314388019083179,0.038,0.011,5.7760641088663e-25,"9","ycdY-3"
2.82412237164377e-29,0.800816624360556,0.013,0.002,6.12862795870416e-25,"9","ydcH-3"
3.10188239051623e-29,-0.368835539274488,0.044,0.014,6.73139497565928e-25,"9","intF-5"
3.26574678813758e-29,0.70294631786011,0.017,0.003,7.08699710493737e-25,"9","yedP-1"
4.44922374726448e-29,0.21812048897477,0.023,0.005,9.65526045393866e-25,"9","dsbG-3"
4.49467247571331e-29,0.530858582449706,0.016,0.002,9.75388873954546e-25,"9","pepT-2"
4.63607659705805e-29,1.45333803676688,0.011,0.001,1.00607498232757e-24,"9","sgcR-5"
5.18558822756898e-29,0.384014745071523,0.019,0.004,1.12532450126475e-24,"9","hsdS-5"
6.50471442649247e-29,0.435097120911526,0.019,0.004,1.41158807769313e-24,"9","nudK-3"
6.61874360900935e-29,-0.239324875919902,0.025,0.006,1.43633355059112e-24,"9","mscL-2"
7.30291702786181e-29,0.558646426101177,0.018,0.003,1.58480602421629e-24,"9","ompW-5"
7.68914092725484e-29,-0.252808201059509,0.031,0.008,1.66862047262357e-24,"9","sbmA-3"
8.21592781624822e-29,0.32353493316559,0.019,0.004,1.78293849540403e-24,"9","murG-5"
9.34067921308653e-29,-0.234685623086661,0.04,0.013,2.02702079603191e-24,"9","chaC-1"
9.43658388776479e-29,0.750437072314975,0.017,0.003,2.04783306948384e-24,"9","ascB-1"
9.56112942510767e-29,0.848746575621766,0.017,0.003,2.07486069654262e-24,"9","yhjE-5"
1.00634453846185e-28,0.587038190746649,0.018,0.003,2.18386828291606e-24,"9","ilvG-2"
1.04400728227302e-28,0.282065482155072,0.026,0.006,2.26560020326069e-24,"9","sbcD-5"
1.22965360618405e-28,1.02228736922666,0.011,0.001,2.66847129078001e-24,"9","mobA-5"
1.32817578558854e-28,-0.109496440636004,0.029,0.007,2.88227427230569e-24,"9","narQ-1"
1.39717480344264e-28,-0.756794815943305,0.051,0.018,3.03200904095087e-24,"9","yqaB-3"
1.54155525888297e-28,0.50937684855565,0.013,0.002,3.34532906730194e-24,"9","argD-4"
1.81059352706271e-28,-0.523656056012199,0.051,0.018,3.92916901307879e-24,"9","purU-5"
1.83901645435376e-28,0.630411669021818,0.02,0.004,3.99084960759309e-24,"9","yedY-4"
1.85460758601915e-28,-0.235774088222607,0.028,0.007,4.02468392242016e-24,"9","mutL-5"
1.90433000746134e-28,0.249422227624822,0.026,0.006,4.13258654919185e-24,"9","dcuA-4"
2.12798602723582e-28,0.32381939562767,0.02,0.004,4.61794247770446e-24,"9","yeaL-4"
2.18507972104879e-28,1.45758142104699,0.011,0.001,4.74184150264799e-24,"9","ydfB-2"
2.47273876645052e-28,0.200932350211589,0.022,0.005,5.36609039707428e-24,"9","yijD-2"
2.5287926314681e-28,-0.2479770232468,0.028,0.007,5.48773288954893e-24,"9","rimL-2"
2.62830222883308e-28,0.541649009774344,0.017,0.003,5.70367866679067e-24,"9","manY-5"
2.93179583446304e-28,0.535616244677776,0.02,0.004,6.36229014036824e-24,"9","folC-5"
3.08512847394703e-28,0.510525165299616,0.016,0.003,6.69503730131246e-24,"9","malP-1"
3.15470838672638e-28,0.262907812574304,0.025,0.006,6.84603267003492e-24,"9","yadB-5"
3.36687141195404e-28,0.126098676955902,0.026,0.006,7.30644765108145e-24,"9","pldA-4"
3.38299990649793e-28,0.18800173758726,0.026,0.006,7.34144809709116e-24,"9","ygiH-1"
3.5913060726715e-28,0.650094095428569,0.021,0.004,7.79349330830443e-24,"9","pabB-1"
4.01332976659561e-28,0.100481435458928,0.018,0.003,8.70932692648912e-24,"9","bcr-3"
4.32539349341718e-28,-0.718347997508249,0.093,0.043,9.38653642006461e-24,"9","pinQ-2"
4.38731484533075e-28,0.138207521485347,0.018,0.004,9.52091194585227e-24,"9","uxaC-1"
4.53094298421376e-28,-0.124343090731773,0.033,0.009,9.83259937004227e-24,"9","rfbB-2"
5.13010904531067e-28,0.331995007467847,0.02,0.004,1.11328496392287e-23,"9","ybhB-1"
5.18507777582457e-28,0.222165363488022,0.024,0.006,1.12521372813169e-23,"9","intA-3"
5.26154777373762e-28,0.52185389927561,0.021,0.004,1.1418084823788e-23,"9","nrdE-4"
6.09280062689757e-28,-0.404553756208739,0.048,0.017,1.32219866404304e-23,"9","nhaR-1"
7.38983935547531e-28,-0.109708167122055,0.031,0.009,1.6036690385317e-23,"9","rof-3"
8.70408982164915e-28,0.444033127809488,0.018,0.003,1.88887453219608e-23,"9","pdxJ-1"
8.7466741234804e-28,0.156248722114512,0.025,0.006,1.89811575153648e-23,"9","mnmE-3"
9.61440580318505e-28,-0.11811381532705,0.029,0.008,2.08642220334919e-23,"9","kdtA-5"
9.71844554060428e-28,-0.868052486003717,0.123,0.061,2.10899986676654e-23,"9","yfiD-3"
9.89132808609866e-28,-0.692908060516233,0.06,0.023,2.14651710796427e-23,"9","fabB-5"
1.08940471440324e-27,0.526968674689288,0.014,0.002,2.36411717072647e-23,"9","rbsC-1"
1.2214091543193e-27,0.413332074586278,0.017,0.003,2.65058000578832e-23,"9","tas-4"
1.22425244114602e-27,-0.865790267986335,0.108,0.052,2.65675022253098e-23,"9","hupB-4"
1.32915174121454e-27,-0.226635988744606,0.029,0.008,2.88439219360967e-23,"9","yibQ-1"
1.79783293840975e-27,1.19417815354089,0.011,0.001,3.90147725964301e-23,"9","cysJ-5"
1.93291588296433e-27,-0.671685071791007,0.049,0.017,4.1946207576209e-23,"9","infC-3"
2.49038323208763e-27,0.647254748761849,0.015,0.002,5.40438065195338e-23,"9","dmsA-3"
2.69760309660109e-27,0.40714780462615,0.018,0.004,5.85406847993403e-23,"9","dgoK-1"
2.79341213763302e-27,0.226606651060402,0.018,0.003,6.06198367987742e-23,"9","dadA-3"
3.31725514724572e-27,0.625051129797679,0.017,0.003,7.19877539503793e-23,"9","ycaM-4"
3.742044055871e-27,-0.445875229256146,0.053,0.02,8.12060980564565e-23,"9","plsB-5"
3.81318227925114e-27,0.313860819020723,0.02,0.004,8.27498686420289e-23,"9","yfjM-2"
3.93877419205211e-27,0.308179941738584,0.02,0.004,8.54753387417229e-23,"9","citB-4"
3.96046360827996e-27,0.365445949172904,0.017,0.003,8.59460207632833e-23,"9","ypdB-3"
4.43929343672338e-27,0.320601536589663,0.016,0.003,9.6337106870334e-23,"9","yfhB-1"
4.52352237799308e-27,0.277207158900066,0.023,0.005,9.81649591248279e-23,"9","inaA-3"
4.61802003923996e-27,-0.611722368468009,0.061,0.024,1.00215652871546e-22,"9","groS-4"
4.78831252942851e-27,0.219890717620086,0.019,0.004,1.03911170201128e-22,"9","yafP-4"
5.49074870665072e-27,0.317279007515392,0.018,0.003,1.19154737683027e-22,"9","aer-1"
5.86815747497197e-27,0.15364410875718,0.02,0.004,1.27344885364367e-22,"9","msrA-1"
5.89492915306956e-27,-0.537441492269488,0.055,0.021,1.27925857550762e-22,"9","yihE-1"
6.45452787085666e-27,0.224834043122863,0.017,0.003,1.4006970932546e-22,"9","ampH-1"
6.9628132598605e-27,-0.420002364023174,0.038,0.012,1.51100010552233e-22,"9","yfhJ-4"
7.32838467624751e-27,-0.127555548566482,0.018,0.003,1.59033275859247e-22,"9","nfsA-4"
7.55663681331044e-27,-0.124657994375262,0.03,0.008,1.6398657548565e-22,"9","yggS-5"
7.72026401372728e-27,0.240751437033643,0.022,0.005,1.67537449361896e-22,"9","yehZ-3"
8.03398486652534e-27,-0.111872926626252,0.022,0.005,1.74345505588467e-22,"9","yfcL-4"
8.13287925409602e-27,0.418475696001862,0.019,0.004,1.76491612693138e-22,"9","ybjT-2"
8.14985111841428e-27,-0.531391877490815,0.051,0.019,1.76859919120708e-22,"9","yhbC-5"
9.49993048554746e-27,-0.348334000809901,0.02,0.004,2.06157991466865e-22,"9","cstA-5"
1.02971228093695e-26,0.543435028145192,0.012,0.002,2.23457862086127e-22,"9","ygbE-4"
1.08154352659536e-26,0.457304556372839,0.017,0.003,2.34705760706458e-22,"9","glgP-1"
1.408933745215e-26,-0.711909517444927,0.089,0.041,3.05752712049108e-22,"9","htpG-2"
1.55505684888457e-26,-0.248698125706522,0.022,0.005,3.3746288677644e-22,"9","glgA-1"
1.60378749687607e-26,0.244861016887993,0.021,0.005,3.48037924697075e-22,"9","yggC-1"
2.21926861330598e-26,0.955389531280314,0.012,0.002,4.81603481773532e-22,"9","yphA-3"
2.22627236629997e-26,-0.338343250585308,0.025,0.006,4.83123366210757e-22,"9","truC-3"
2.75379507191378e-26,0.743469095557615,0.017,0.003,5.9760106855601e-22,"9","yneE-2"
2.83105715399505e-26,0.229205044504687,0.022,0.005,6.14367712988467e-22,"9","mreD-4"
3.34684924840011e-26,0.55989069485577,0.016,0.003,7.26299755395309e-22,"9","proB-3"
3.78680209285554e-26,0.248228767949747,0.017,0.003,8.2177392217058e-22,"9","elaA-5"
4.57915531050622e-26,0.967976235106888,0.013,0.002,9.93722493932954e-22,"9","ymdB-1"
4.71462855988801e-26,0.305895541815552,0.015,0.003,1.0231215437813e-21,"9","yjiM-5"
5.38533330531882e-26,-0.156617560164321,0.032,0.01,1.16867118058724e-21,"9","yccK-3"
6.51255504821433e-26,0.642379509017248,0.013,0.002,1.41328957101299e-21,"9","glcB-2"
7.45231982789651e-26,0.341482078790082,0.016,0.003,1.61722792585182e-21,"9","yeeO-1"
7.94337616044057e-26,-0.724032022630221,0.074,0.033,1.72379206057721e-21,"9","yhdN-3"
8.45462847012086e-26,0.409798293998223,0.02,0.004,1.83473892430093e-21,"9","yecO-5"
9.06150474941634e-26,0.412996175936287,0.016,0.003,1.96643714567084e-21,"9","cbl-1"
9.48168438228738e-26,0.219104454836494,0.017,0.003,2.05762032780018e-21,"9","psiE-1"
1.07880156868179e-25,0.422168282763133,0.018,0.003,2.34110728419636e-21,"9","ybaS-2"
1.12096604229297e-25,1.12608617007261,0.011,0.001,2.43260840837997e-21,"9","mmuP-5"
1.18637927404473e-25,0.697626176151445,0.011,0.002,2.57456166260447e-21,"9","ybhO-1"
1.30945808899536e-25,-0.428064760025265,0.039,0.013,2.84165499892884e-21,"9","rffD-5"
1.76046781192217e-25,0.474537743523911,0.021,0.005,3.8203911986523e-21,"9","yiiX-3"
2.32104193197228e-25,0.623535011645509,0.01,0.001,5.03689309657305e-21,"9","yidX-4"
3.39213745444544e-25,1.26505381699478,0.012,0.002,7.36127748989205e-21,"9","yfaY-4"
3.73917271803469e-25,0.340378898107438,0.016,0.003,8.11437871540709e-21,"9","yfjK-3"
3.82791237204987e-25,-0.268331885133835,0.032,0.01,8.30695263858543e-21,"9","rlpB-2"
3.96248891077768e-25,0.515827300834387,0.02,0.004,8.59899718527864e-21,"9","yidR-5"
4.11481528425012e-25,-0.280038758707738,0.034,0.011,8.92956064835119e-21,"9","hpt-3"
5.15373553148317e-25,-0.250575068037831,0.024,0.006,1.11841214768716e-20,"9","alx-1"
5.2215600836408e-25,-0.231401999993275,0.02,0.005,1.13313075375089e-20,"9","aceK-5"
5.52026772882876e-25,0.24165687851995,0.017,0.003,1.19795329983313e-20,"9","kdgR-1"
6.13023168168941e-25,0.122323866475027,0.02,0.004,1.33032157724342e-20,"9","yraN-6"
9.03449622804361e-25,-0.402443851510486,0.043,0.015,1.96057602644774e-20,"9","relE-5"
9.11887360559444e-25,-0.529527416237933,0.041,0.014,1.97888676115005e-20,"9","pfkA-2"
9.3834023756878e-25,0.413198569170773,0.016,0.003,2.03629214954801e-20,"9","cobT-3"
9.39666196258287e-25,0.621773156045699,0.016,0.003,2.03916961250011e-20,"9","yliB-4"
1.04053974796361e-24,-0.206168372450035,0.026,0.007,2.25807530705583e-20,"9","ycdW-4"
1.10568022319079e-24,0.484435512553034,0.015,0.003,2.39943665234634e-20,"9","rng-4"
1.20543335288029e-24,-1.02198345695683,0.064,0.027,2.61591091908552e-20,"9","rpoS-1"
1.21921244634512e-24,-0.877596905781771,0.062,0.026,2.64581292981355e-20,"9","greA-4"
1.32865760897373e-24,-0.12177087273649,0.02,0.004,2.88331987723389e-20,"9","sapB-4"
1.37834643250943e-24,0.867711141454707,0.012,0.002,2.99114959318872e-20,"9","fecB-5"
1.38444665356341e-24,0.641304005653975,0.01,0.001,3.00438768289796e-20,"9","malM-4"
1.50851184851363e-24,0.333954272506149,0.022,0.005,3.27362156245943e-20,"9","ycdX-3"
1.73337633132334e-24,-0.274412326461251,0.034,0.011,3.76159997660478e-20,"9","proY-5"
1.82510275718106e-24,0.234533215137108,0.017,0.003,3.96065549335863e-20,"9","folP-5"
1.95722694488006e-24,0.115330728701286,0.019,0.004,4.24737819308421e-20,"9","yifK-4"
2.04811178624686e-24,-0.132754874444288,0.025,0.006,4.44460738733431e-20,"9","yneF-5"
2.07994298540541e-24,0.451597746773717,0.018,0.004,4.51368427262829e-20,"9","nadE-3"
2.1350654196041e-24,0.323575355288082,0.022,0.005,4.63330546708285e-20,"9","polA-5"
2.41836601529692e-24,0.29058061835198,0.014,0.002,5.24809608979585e-20,"9","zraR-6"
2.86171579637146e-24,0.993721202534497,0.01,0.001,6.2102094497057e-20,"9","tqsA-1"
3.09481443985337e-24,0.530650858322828,0.02,0.005,6.7160568159258e-20,"9","uxaB-1"
4.09413815049768e-24,0.399620970880114,0.019,0.004,8.88468920039501e-20,"9","yejE-3"
5.14867183125379e-24,-0.306351412267695,0.027,0.007,1.11731327410038e-19,"9","yqhC-4"
6.06481159611351e-24,-0.214020483730333,0.025,0.006,1.31612476447259e-19,"9","ykfA-1"
6.41663010283758e-24,0.429311044553728,0.016,0.003,1.39247289861678e-19,"9","ycgV-3"
7.29728238040649e-24,0.778211598524898,0.011,0.001,1.58358324937201e-19,"9","etk-3"
8.24814511976653e-24,0.186124626940133,0.023,0.006,1.78992997244053e-19,"9","galR-1"
1.11468959716415e-23,0.638157819546013,0.014,0.003,2.41898789480592e-19,"9","frdC-5"
1.23009408626389e-23,0.531255661002536,0.014,0.002,2.66942717660128e-19,"9","lplA-1"
1.28713157776962e-23,1.03935142989729,0.011,0.002,2.79320423691785e-19,"9","yhhA-5"
1.56406733273675e-23,0.90013686021027,0.011,0.001,3.39418251877201e-19,"9","nanR-5"
1.65152850687815e-23,0.938578022957374,0.01,0.001,3.58398201277627e-19,"9","ybiW-1"
2.37943107814651e-23,0.362801976183495,0.02,0.005,5.16360338268574e-19,"9","sppA-2"
3.11150877593285e-23,-0.765316839211712,0.058,0.024,6.75228519465188e-19,"9","mdtI-4"
3.6739398530137e-23,-0.421468978535297,0.029,0.009,7.97281687502502e-19,"9","yfcO-3"
3.94600355835097e-23,0.346016925424029,0.01,0.001,8.56322232197745e-19,"9","rarD-1"
4.05131444860033e-23,0.149163171383391,0.02,0.005,8.79175748490757e-19,"9","rsmB-5"
4.74438856044076e-23,0.186253758335021,0.016,0.003,1.02957976150125e-18,"9","yaiW-1"
4.79339947678212e-23,-0.191038038978792,0.023,0.006,1.04021562045649e-18,"9","hcaT-1"
6.25818022981928e-23,-0.724923026619095,0.04,0.014,1.35808769167308e-18,"9","yhdL-5"
6.4899848743717e-23,0.532050980055377,0.013,0.002,1.4083916175874e-18,"9","yjiT-5"
6.92370562753984e-23,-0.225034366751953,0.024,0.007,1.50251335823242e-18,"9","ychE-4"
7.17519700627127e-23,0.743920392808411,0.011,0.002,1.55708950233093e-18,"9","cusA-4"
7.17655839038204e-23,0.502230241904671,0.011,0.002,1.55738493629681e-18,"9","rfaL-2"
7.2022929407909e-23,-0.585322326099862,0.027,0.008,1.56296959108103e-18,"9","queF-3"
7.44139580422479e-23,0.163461648421489,0.018,0.004,1.61485730347482e-18,"9","yebZ-2"
9.02127239192836e-23,0.528676448454967,0.01,0.001,1.95770632177237e-18,"9","yccU-1"
1.11334919183478e-22,0.359010831932729,0.013,0.002,2.41607908120065e-18,"9","sanA-3"
1.12876890657271e-22,0.381918141990102,0.013,0.002,2.44954140415344e-18,"9","yciU-3"
1.13306590436673e-22,0.147726808433625,0.017,0.004,2.45886631906624e-18,"9","arnB-5"
1.13674969478886e-22,0.145040617331934,0.017,0.004,2.46686051266131e-18,"9","yjgB-4"
1.1446912216455e-22,-0.494292481028694,0.032,0.01,2.48409442009289e-18,"9","eptB-2"
1.14702316713166e-22,0.286623271136283,0.012,0.002,2.48915497499241e-18,"9","yfjV-20"
1.14918793622402e-22,0.110768912255976,0.017,0.004,2.49385274039976e-18,"9","ycjZ-2"
1.19667565605462e-22,0.354422124123819,0.023,0.006,2.59690584120412e-18,"9","yhhK-4"
1.2211191726075e-22,-0.292553538938967,0.028,0.008,2.64995071647555e-18,"9","ybhK-3"
1.23609572920625e-22,-1.16478799487636,0.139,0.075,2.68245134195049e-18,"9","rplD-2"
1.29154418272967e-22,-0.46306080475378,0.029,0.009,2.80278003094165e-18,"9","hpf-2"
1.34922059928085e-22,-0.16507458290142,0.019,0.005,2.92794362249938e-18,"9","ykfC-2"
1.40017367559646e-22,-0.310232178468299,0.02,0.005,3.03851689341189e-18,"9","mngR-2"
1.49865611007673e-22,0.385362128617365,0.011,0.002,3.2522336244775e-18,"9","ybdM-3"
1.52489538420493e-22,0.164309828226753,0.019,0.004,3.30917547326312e-18,"9","hinT-4"
1.52983203947526e-22,-0.384104080454588,0.027,0.008,3.31988850886526e-18,"9","modB-3"
1.61988332267492e-22,-0.294054415582912,0.031,0.01,3.51530879853685e-18,"9","yfdH-4"
1.71801084758939e-22,0.308080495751181,0.015,0.003,3.72825534035374e-18,"9","araG-2"
2.01496243278472e-22,0.637354340116695,0.01,0.001,4.37266997538613e-18,"9","yhbX-5"
2.17012248681503e-22,-0.231425264527294,0.027,0.008,4.70938280863729e-18,"9","argF-3"
2.21833750656917e-22,0.122002314851105,0.014,0.003,4.81401422300576e-18,"9","yncD-4"
2.2799818273655e-22,-1.09915949135298,0.326,0.193,4.94778856356587e-18,"9","cspG-3"
2.42623567494461e-22,0.272375702877919,0.017,0.004,5.2651740381973e-18,"9","yecR-3"
2.51846208494939e-22,0.305614138931138,0.016,0.003,5.46531457054868e-18,"9","ygiW-4"
2.58188379755311e-22,0.365837973287999,0.016,0.003,5.60294602906999e-18,"9","yfjI-2"
2.82788810103647e-22,-0.616487726777692,0.038,0.014,6.13679996805925e-18,"9","fimD-2"
2.91112644025345e-22,0.621176631596448,0.011,0.002,6.317435487994e-18,"9","yffR-3"
3.178968218584e-22,-0.232848397109371,0.019,0.004,6.89867893114914e-18,"9","yfgM-4"
3.20842049128547e-22,-0.129703642381419,0.027,0.008,6.9625933081386e-18,"9","gmhB-5"
3.21887617054456e-22,0.534885591495251,0.015,0.003,6.98528317769876e-18,"9","ogt-3"
3.26269138816593e-22,-0.356167134058639,0.026,0.008,7.08036658145888e-18,"9","ubiA-1"
3.52552644854117e-22,0.201445537760126,0.018,0.004,7.65074494597919e-18,"9","yfbR-3"
4.11328803103385e-22,-0.183991333538417,0.023,0.006,8.92624635614656e-18,"9","pstA-2"
4.97761313461632e-22,-0.27345789767678,0.026,0.008,1.08019182634309e-17,"9","yqcA-1"
5.80008186437397e-22,0.167845732349342,0.018,0.004,1.25867576538779e-17,"9","barA-1"
6.6774175797183e-22,-0.299073529723826,0.027,0.008,1.44906638897467e-17,"9","ssb-1"
8.4206726992927e-22,0.193835993887906,0.011,0.002,1.82737018247351e-17,"9","kduI-4"
8.60898607927384e-22,0.439041473972292,0.013,0.002,1.86823606906322e-17,"9","insO-2-5"
9.65712689908653e-22,0.693831386218642,0.01,0.001,2.09569310837077e-17,"9","argA-3"
1.04096163151399e-21,-0.239969638509682,0.028,0.008,2.25899083654852e-17,"9","sufS-2"
1.09122210696392e-21,-0.115496961771147,0.021,0.005,2.3680610943224e-17,"9","degS-2"
1.16405760109843e-21,0.440515084345006,0.012,0.002,2.52612140014371e-17,"9","ycgN-2"
1.20742592831398e-21,0.420820265775474,0.016,0.004,2.62023500703418e-17,"9","slt-4"
1.21977674383232e-21,-0.370049083909892,0.027,0.008,2.64703751179052e-17,"9","rna-4"
1.48476055835818e-21,0.323696944594628,0.017,0.004,3.22207888769309e-17,"9","hisQ-2"
1.64462212926285e-21,-0.19952961053928,0.033,0.011,3.56899448271332e-17,"9","otsA-4"
2.02804131663734e-21,0.746608715047337,0.012,0.002,4.40105246123468e-17,"9","feaB-1"
2.18788021333442e-21,0.430409911623834,0.018,0.004,4.74791885095703e-17,"9","rhsB-4"
2.6295790945333e-21,-0.19092381332804,0.02,0.005,5.70644959304671e-17,"9","argG-2"
2.75778372404454e-21,0.428465402115935,0.013,0.002,5.98466645954906e-17,"9","aroH-4"
3.0042913700341e-21,0.913364749966759,0.011,0.002,6.519612702111e-17,"9","manX-4"
3.01543246699629e-21,0.503623641765625,0.011,0.002,6.54378999662865e-17,"9","ygjO-3"
3.03883552424004e-21,-0.139383172912273,0.019,0.005,6.5945769711533e-17,"9","dipZ-2"
3.13269525796908e-21,0.187908810828733,0.017,0.004,6.7982619793187e-17,"9","gmr-3"
3.24643484934968e-21,1.05820413911365,0.01,0.002,7.04508826657373e-17,"9","ybhM-1"
3.66169926290966e-21,-0.224280018426497,0.023,0.006,7.94625357044026e-17,"9","yciO-4"
3.80505253863812e-21,-0.393048221195324,0.018,0.004,8.25734451409859e-17,"9","ycaP-5"
3.87306029116739e-21,0.213571853753431,0.015,0.003,8.40492813786236e-17,"9","cdh-1"
5.3571761756967e-21,0.389888851743276,0.014,0.003,1.16256080188794e-16,"9","yhhL-2"
5.36108650834071e-21,0.151793645614787,0.013,0.002,1.16340938317502e-16,"9","recD-3"
8.54905601189492e-21,0.499665019660768,0.011,0.002,1.85523064514132e-16,"9","ddlB-5"
1.11326489789115e-20,0.199735165857349,0.011,0.002,2.41589615491359e-16,"9","ybhN-5"
1.31203644893777e-20,-0.231002014194892,0.031,0.011,2.84725029783986e-16,"9","pstC-5"
1.58460234948544e-20,-0.936928396530079,0.07,0.033,3.43874555861836e-16,"9","lipB-4"
1.82450277377183e-20,0.184799390350248,0.02,0.005,3.95935346936225e-16,"9","yhbJ-1"
1.93587174313415e-20,0.500335978199955,0.015,0.003,4.20103526977543e-16,"9","ravA-2"
2.01980489832346e-20,-0.272387217562135,0.019,0.005,4.38317860985174e-16,"9","yajR-5"
2.39251514859045e-20,-0.257118018272499,0.016,0.004,5.19199712395614e-16,"9","rimJ-4"
2.82840968908477e-20,0.448600723820215,0.012,0.002,6.13793186628285e-16,"9","ynfE-3"
3.02499839757858e-20,0.599675418441205,0.013,0.003,6.56454902258527e-16,"9","yeiU-2"
3.03907588984946e-20,0.841141661886069,0.011,0.002,6.59509858856232e-16,"9","yebR-1"
3.4542468885815e-20,-0.863979408866133,0.04,0.015,7.49606117291071e-16,"9","spr-5"
4.42991533579257e-20,0.226136574362622,0.015,0.003,9.61335927020345e-16,"9","ynfM-5"
4.58079495544825e-20,-0.123231681682889,0.021,0.006,9.94078313281825e-16,"9","yeeN-3"
5.02066079440463e-20,-0.36623381920216,0.028,0.009,1.08953359899375e-15,"9","rrmA-1"
6.19561349124187e-20,-0.189778924765128,0.024,0.007,1.3445100837344e-15,"9","yjfO-5"
6.70588839965156e-20,-0.102738386189326,0.016,0.004,1.45524484160838e-15,"9","yrhB-2"
7.78762724721281e-20,0.341296113512642,0.012,0.002,1.68999298891765e-15,"9","torR-5"
8.12176591235376e-20,-0.358385030678738,0.032,0.011,1.76250442063989e-15,"9","yeaK-5"
8.67155407851547e-20,0.119641993199735,0.02,0.005,1.88181395057864e-15,"9","mdoD-5"
9.02605284593625e-20,0.252492484532259,0.012,0.002,1.95874372809663e-15,"9","wcaM-3"
9.61271036116614e-20,-0.673613468560462,0.037,0.014,2.08605427547666e-15,"9","pth-4"
1.00951039476198e-19,0.667866671535732,0.011,0.002,2.19073850767297e-15,"9","yjeF-1"
1.03162577547881e-19,0.740935076990298,0.011,0.002,2.23873109536657e-15,"9","pgl-1"
1.21124787674734e-19,0.307608058978905,0.013,0.003,2.62852901732941e-15,"9","paaJ-4"
1.26823393200909e-19,-0.126656851703221,0.022,0.006,2.75219445585294e-15,"9","cysZ-3"
1.2888309167763e-19,-0.464356260424893,0.024,0.007,2.79689197249625e-15,"9","ytfE-2"
1.41385982923229e-19,0.506682360003186,0.014,0.003,3.06821721541699e-15,"9","mdaB-1"
1.54707808860511e-19,-0.328262606919643,0.025,0.008,3.35731416008196e-15,"9","uspG-3"
1.83194199681718e-19,-0.256576701092646,0.02,0.005,3.97549732729295e-15,"9","glnG-3"
1.8550910350191e-19,0.534333344901097,0.013,0.003,4.02573305509495e-15,"9","norV-1"
2.05791712048931e-19,0.144311249225041,0.017,0.004,4.46588594317385e-15,"9","yebQ-1"
2.10133411549765e-19,-1.18558363989632,0.12,0.066,4.56010516404146e-15,"9","truB-2"
2.47101006922544e-19,-0.460004995279319,0.027,0.009,5.36233895122613e-15,"9","btuB-2"
2.57513076484646e-19,-0.93455019217658,0.043,0.017,5.58829127279331e-15,"9","kefA-3"
2.87013319537762e-19,0.393127682467404,0.011,0.002,6.22847604728897e-15,"9","sgcC-1"
3.05721631000227e-19,0.361692497767077,0.017,0.004,6.63446511433593e-15,"9","afuB-5"
3.08878632420261e-19,0.869459216621722,0.011,0.002,6.70297520215208e-15,"9","frdB-2"
3.29997041488912e-19,-0.389482123311204,0.021,0.006,7.16126579735087e-15,"9","rcsF-5"
3.35243118124736e-19,-0.189418705527614,0.024,0.007,7.27511090642489e-15,"9","ydgJ-5"
3.46318443168644e-19,-0.39393600400722,0.029,0.01,7.51545653520274e-15,"9","insI-1-1"
3.49937697336947e-19,-0.169309319376999,0.025,0.007,7.5939979699091e-15,"9","yfjG-2"
4.07988709821635e-19,0.277508070518525,0.016,0.004,8.85376299183929e-15,"9","ygbT-1"
4.22120578527291e-19,0.186909765547456,0.016,0.004,9.16043867462075e-15,"9","yjbB-4"
5.51091197664484e-19,0.771427751281799,0.01,0.002,1.1959230080517e-14,"9","osmE-2"
5.57255180683822e-19,0.359176932108305,0.01,0.002,1.20929946760196e-14,"9","ybcH-4"
6.3386610559643e-19,0.145526875299224,0.015,0.003,1.37555283575481e-14,"9","rstB-3"
6.88621609434563e-19,0.338070916321375,0.013,0.003,1.49437775463395e-14,"9","yncC-3"
9.04115750578245e-19,0.145601703497107,0.015,0.003,1.96202159032985e-14,"9","yjgM-5"
9.09657543444931e-19,0.288221523737483,0.011,0.002,1.97404783502984e-14,"9","hsrA-3"
9.25455082739077e-19,0.501857662593711,0.013,0.003,2.00833007505207e-14,"9","ydbL-5"
1.0363780933575e-18,-0.42160242260133,0.022,0.007,2.2490441003951e-14,"9","gltK-1"
1.08733260036113e-18,-0.178695657314291,0.02,0.006,2.35962047604368e-14,"9","tatA-3"
1.11385330643693e-18,-0.637631379990999,0.04,0.016,2.41717306029878e-14,"9","yeeF-3"
1.17279959771186e-18,-0.254414354507092,0.022,0.006,2.54509240699451e-14,"9","yhcG-4"
1.19863561296948e-18,-0.366171684891105,0.019,0.005,2.60115914370508e-14,"9","speC-3"
1.22815306474355e-18,-0.836198220720575,0.042,0.017,2.66521496579998e-14,"9","kbl-2"
1.29497148269079e-18,0.754154149137992,0.011,0.002,2.81021761458728e-14,"9","bacA-1"
1.29847217632409e-18,0.230066005859337,0.012,0.002,2.81781446984091e-14,"9","ypjA-5"
1.3085209207099e-18,0.69552373224755,0.011,0.002,2.83962125003255e-14,"9","yheL-5"
1.3460008055852e-18,-0.42214572001025,0.021,0.006,2.92095634820044e-14,"9","dinF-4"
1.35185592246414e-18,-0.148165518315384,0.018,0.005,2.93366253733944e-14,"9","dcuR-3"
1.50823977682547e-18,0.445281483431729,0.014,0.003,3.27303113968894e-14,"9","dsdA-5"
1.73060086515319e-18,1.05576722361198,0.01,0.002,3.75557693746894e-14,"9","deoC-2"
1.91022670805407e-18,-0.257589311198288,0.017,0.004,4.14538297914813e-14,"9","aslB-4"
2.15014472690597e-18,0.230402247187829,0.011,0.002,4.66602907185864e-14,"9","metC-3"
2.21574505374632e-18,0.511966488263292,0.014,0.003,4.80838834113488e-14,"9","moeB-3"
2.33243196032183e-18,-0.127158297109188,0.022,0.007,5.06161059709441e-14,"9","ispH-4"
2.34811770143086e-18,-0.509210185543561,0.022,0.007,5.09565022387512e-14,"9","rpmC-2"
2.36371258309955e-18,-0.492170646422814,0.023,0.007,5.12949267658434e-14,"9","ribC-4"
2.52193592851476e-18,0.559006238917336,0.011,0.002,5.47285315846989e-14,"9","gcvP-1"
2.63299303279926e-18,-0.233238355073744,0.02,0.006,5.71385818047767e-14,"9","xerD-1"
2.92093926479521e-18,-0.633122525237508,0.032,0.011,6.33873029853208e-14,"9","zntR-6"
2.95120411511984e-18,-0.407327064944901,0.019,0.005,6.40440805022157e-14,"9","ttcA-3"
3.01526950232057e-18,0.801874780890591,0.01,0.002,6.54343634698587e-14,"9","ugpQ-4"
3.03885241093218e-18,0.566265442365558,0.01,0.002,6.59461361696392e-14,"9","yncK-2"
3.81345192912595e-18,-0.508315056211939,0.025,0.008,8.27557203139623e-14,"9","ygfI-3"
4.28247176333819e-18,0.341100087512258,0.011,0.002,9.2933919736202e-14,"9","mak-4"
4.61835732469068e-18,0.384675835518127,0.014,0.003,1.00222972303113e-13,"9","yfeZ-5"
4.72172259598707e-18,0.182307571257334,0.014,0.003,1.02466102055515e-13,"9","melB-3"
4.83057238347627e-18,0.451518969111603,0.012,0.002,1.04828251293819e-13,"9","yciW-5"
4.92688933195841e-18,-0.404418989257125,0.028,0.009,1.06918425392829e-13,"9","rplU-2"
5.46554955378977e-18,0.569111775311676,0.011,0.002,1.18607890866792e-13,"9","ligB-1"
5.93791545367377e-18,-0.295929322949289,0.02,0.006,1.28858703260175e-13,"9","yheV-1"
6.02893114736997e-18,0.1563175893151,0.014,0.003,1.30833834829076e-13,"9","hybB-1"
6.67121409238716e-18,0.148060495202369,0.012,0.002,1.44772017018894e-13,"9","acrR-2"
6.83612480517357e-18,0.201787491267815,0.014,0.003,1.48350744397072e-13,"9","dxr-3"
6.85594567036565e-18,0.296791135804168,0.016,0.004,1.48780876992605e-13,"9","yfbS-2"
7.29609530550194e-18,0.237077588848916,0.015,0.003,1.58332564224698e-13,"9","ybiN-1"
7.40532802683017e-18,-0.163766137300173,0.015,0.003,1.60703023510242e-13,"9","yiiR-3"
8.82727995659938e-18,-0.118949989144568,0.011,0.002,1.91560802338163e-13,"9","arnT-5"
9.93455095758754e-18,-0.605265007090196,0.042,0.017,2.15589690330607e-13,"9","minD-4"
1.12024307063172e-17,0.188899273820713,0.012,0.003,2.43103948757789e-13,"9","ydjF-3"
1.54484415335156e-17,-0.361555806570487,0.022,0.007,3.35246629718822e-13,"9","fbp-3"
1.68627188020233e-17,0.14837078023906,0.014,0.003,3.65937860722708e-13,"9","ybgS-3"
1.82352956619617e-17,-0.203597999263972,0.017,0.005,3.95724151160231e-13,"9","dkgB-3"
2.21969171836954e-17,-0.22977724216746,0.018,0.005,4.81695299803375e-13,"9","ydgC-1"
2.22646071240105e-17,0.286850503379419,0.011,0.002,4.83164239198151e-13,"9","ykfB-4"
2.72644461278827e-17,0.39931939237184,0.014,0.003,5.91665745421182e-13,"9","ydfJ-3"
2.92736975673864e-17,-0.291441074219218,0.011,0.002,6.35268510909852e-13,"9","yafN-3"
2.94809898973611e-17,-0.248647611383517,0.019,0.005,6.39766961762633e-13,"9","bglX-5"
2.97182284925815e-17,-0.420066371504794,0.029,0.01,6.4491527651751e-13,"9","minC-2"
3.03048064864659e-17,0.118163076936543,0.017,0.005,6.57644605562797e-13,"9","yeaZ-2"
3.11737756899224e-17,-0.774296260031416,0.019,0.005,6.76502106247006e-13,"9","yjaH-1"
3.54788376757814e-17,0.193836169507847,0.013,0.003,7.69926256402131e-13,"9","dgoD-5"
3.81781836419982e-17,0.414451572566132,0.012,0.003,8.28504763215003e-13,"9","qor-5"
3.89433896815434e-17,0.235531927189487,0.014,0.003,8.45110499479173e-13,"9","yiaU-4"
4.52681959329764e-17,0.286133914543847,0.014,0.003,9.8236511994152e-13,"9","yaeR-4"
4.95406956260366e-17,-0.369862544936635,0.022,0.007,1.07508263578062e-12,"9","yidA-5"
5.60633642155701e-17,0.225397615318787,0.012,0.002,1.21663106684209e-12,"9","yahA-1"
6.41753278286727e-17,-0.304110462829182,0.018,0.005,1.39266878921003e-12,"9","cobU-5"
7.21659643628801e-17,0.244709922729892,0.01,0.002,1.56607359263886e-12,"9","can-5"
8.02187932301959e-17,0.143207352020642,0.013,0.003,1.74082803188848e-12,"9","tesA-5"
9.55055875693926e-17,-0.479308881351833,0.019,0.006,2.07256675584339e-12,"9","gadX-3"
1.17856468095305e-16,0.397733318462168,0.01,0.002,2.55760321413622e-12,"9","potH-4"
1.19387926142384e-16,-0.517439900621428,0.027,0.009,2.59083738521587e-12,"9","yafO-4"
1.2069442729167e-16,0.120579419468451,0.014,0.003,2.61918976665653e-12,"9","nrdD-1"
1.73030032939509e-16,-0.345915020994598,0.022,0.007,3.75492474482027e-12,"9","ghrB-3"
1.8450246634354e-16,0.25424950665217,0.016,0.004,4.00388802212115e-12,"9","dhaR-2"
1.90339103730486e-16,-0.163252213346783,0.018,0.005,4.13054889005527e-12,"9","dapE-1"
1.98248453975845e-16,-0.623440833794436,0.036,0.014,4.3021896997298e-12,"9","yidE-3"
2.08105326239657e-16,0.128190354802776,0.014,0.003,4.5160936847268e-12,"9","folM-2"
2.39309832585194e-16,0.243355798565979,0.013,0.003,5.19326267693129e-12,"9","dhaK-1"
2.60310390004484e-16,-0.408538899771738,0.013,0.003,5.64899577348731e-12,"9","fdhF-1"
3.19976856085214e-16,0.112240938466064,0.016,0.004,6.94381775390523e-12,"9","ycgG-1"
3.55598174086169e-16,-0.248773743157978,0.019,0.006,7.71683597584395e-12,"9","nac-1"
3.81357408291185e-16,0.275895329037402,0.01,0.002,8.275837117327e-12,"9","frlR-4"
4.29501255036056e-16,-0.157526610124685,0.014,0.004,9.32060673553744e-12,"9","fruB-4"
4.3528179949539e-16,-0.211793682422711,0.019,0.006,9.44605033084947e-12,"9","yrdA-4"
5.49991290404522e-16,-0.286364802440783,0.019,0.006,1.19353609930685e-11,"9","ycbG-1"
5.51493030450249e-16,-0.48221732872322,0.014,0.003,1.19679502538008e-11,"9","trkG-3"
5.90252120610143e-16,-0.809330772040035,0.031,0.012,1.28090612693607e-11,"9","rnpA-2"
5.97169216822312e-16,0.365273428024094,0.012,0.003,1.2959169174261e-11,"9","yhjQ-4"
6.14170225915312e-16,-0.253735016723217,0.018,0.005,1.33281080725882e-11,"9","aldA-4"
6.30676481929887e-16,0.12110360760563,0.011,0.002,1.36863103343605e-11,"9","yfiL-2"
7.96529087617726e-16,0.17522671796548,0.012,0.003,1.72854777303923e-11,"9","yqiK-2"
8.63341472080866e-16,0.559420797885625,0.011,0.002,1.87353732856269e-11,"9","chiA-5"
9.0274251494932e-16,-0.373681931747461,0.023,0.008,1.95904153169152e-11,"9","carB-4"
9.98666481718515e-16,-0.227778696734825,0.013,0.003,2.16720613197735e-11,"9","pmrD-3"
1.0867791135698e-15,-0.223624621603869,0.016,0.004,2.35841935435783e-11,"9","ybaA-4"
1.2101993548845e-15,-0.137733375744488,0.018,0.005,2.62625362003486e-11,"9","ypdA-3"
1.38240625260443e-15,0.456392524267939,0.011,0.002,2.99995980877687e-11,"9","potE-2"
1.56801192601087e-15,-0.341943297434114,0.018,0.005,3.4027426806362e-11,"9","yhiR-4"
1.58622984474985e-15,-0.914411490055259,0.018,0.005,3.44227738609165e-11,"9","fmt-2"
1.81596265771439e-15,0.285659403428369,0.012,0.003,3.940820563506e-11,"9","yciK-4"
2.01095608795638e-15,0.56242814249422,0.011,0.002,4.36397580647413e-11,"9","yfaL-3"
2.52618178548362e-15,0.463912002198162,0.01,0.002,5.482067092678e-11,"9","yjdJ-1"
2.55336916528181e-15,-0.356847407289129,0.016,0.004,5.54106642557805e-11,"9","fdoH-1"
2.62456535984487e-15,-0.24756610698091,0.017,0.005,5.69556928739934e-11,"9","ydfU-3"
2.69697707506377e-15,0.143756911392891,0.013,0.003,5.85270995059588e-11,"9","gcvH-3"
2.89953281854457e-15,-0.502334533212942,0.029,0.011,6.29227616952357e-11,"9","yrfG-3"
3.03629811879241e-15,0.259193861190871,0.011,0.002,6.58907054759141e-11,"9","dhaL-1"
3.05394628366385e-15,-0.34910428651621,0.015,0.004,6.62736883017891e-11,"9","nepI-1"
4.47676575341085e-15,0.116116287516409,0.012,0.003,9.71502936147689e-11,"9","mtgA-3"
4.55253104230711e-15,-0.27266079923373,0.018,0.005,9.87944761491066e-11,"9","creC-2"
4.68655816362329e-15,-0.469834089961686,0.023,0.008,1.01702998708789e-10,"9","yciT-1"
5.23544035045418e-15,-0.290436527608659,0.013,0.003,1.13614291045206e-10,"9","mdtB-5"
5.8294750063361e-15,-0.115811915395472,0.014,0.004,1.265054371125e-10,"9","hdeA-1"
5.93871642028517e-15,-0.680179231518407,0.029,0.011,1.28876085036608e-10,"9","yebC-3"
6.2443342646995e-15,-0.126468973216745,0.019,0.006,1.35508297878244e-10,"9","yebS-3"
6.54571196141831e-15,0.262691634045501,0.011,0.002,1.42048495274739e-10,"9","yhcO-5"
6.86446979656773e-15,0.252863259663416,0.011,0.002,1.48965859055316e-10,"9","yagW-2"
7.77625314613245e-15,-0.571629901022354,0.023,0.008,1.6875246952422e-10,"9","oppC-5"
8.31311095944265e-15,0.105142823180161,0.015,0.004,1.80402820930865e-10,"9","ydcF-2"
9.69912452882043e-15,-0.609722785739803,0.019,0.006,2.10480701399932e-10,"9","treR-1"
1.13554464369929e-14,-0.780624732140128,0.04,0.018,2.46424543129184e-10,"9","htrG-4"
1.23883803650905e-14,-0.547704713774692,0.022,0.008,2.6884024230283e-10,"9","sbcB-2"
1.26212290228842e-14,-0.762327783376851,0.026,0.01,2.7389329102561e-10,"9","ribA-4"
1.38515655435364e-14,-0.233989208754747,0.014,0.004,3.00592823860284e-10,"9","cutA-1"
1.45738836042167e-14,0.319248211790599,0.01,0.002,3.16267848095107e-10,"9","hcaR-1"
1.48566119707445e-14,0.169001430141418,0.01,0.002,3.22403336377127e-10,"9","nuoM-2"
2.01657614747248e-14,-0.278135409603522,0.011,0.002,4.37617189763004e-10,"9","yliA-2"
2.0843540405417e-14,-0.222776671005832,0.012,0.003,4.52325670337955e-10,"9","yaeH-4"
2.35065634671363e-14,-0.623642336499513,0.024,0.009,5.10115933800325e-10,"9","tppB-1"
2.43279228363287e-14,-0.348073086154934,0.017,0.005,5.2794025347117e-10,"9","ycaR-2"
3.08392990464256e-14,-0.372853103343841,0.022,0.008,6.69243628606481e-10,"9","ypfG-3"
3.30517798601149e-14,0.489521429210992,0.01,0.002,7.17256674744354e-10,"9","yhfK-3"
3.31378582654228e-14,-0.404831323154399,0.013,0.004,7.19124662217941e-10,"9","sseB-1"
3.65159272965868e-14,-0.390518764042747,0.018,0.005,7.9243213826323e-10,"9","yohK-5"
4.01326217829308e-14,-0.175113514327968,0.012,0.003,8.70918025311382e-10,"9","yafS-3"
4.5065279022505e-14,-0.297643898640806,0.02,0.007,9.77961620067382e-10,"9","pyrH-1"
5.1533415761664e-14,-1.33248628725945,0.105,0.061,1.11832665544387e-09,"9","oppA-3"
5.23616615993449e-14,-0.107655018411365,0.014,0.004,1.13630041836738e-09,"9","chbG-2"
5.41553091295748e-14,-0.588066623273348,0.018,0.006,1.1752243634209e-09,"9","hha-2"
5.75460415687876e-14,-0.154367935459604,0.011,0.003,1.24880664808426e-09,"9","livK-3"
7.19626531447549e-14,-0.115533250271726,0.01,0.002,1.56166153589433e-09,"9","ccmE-3"
7.90038780272852e-14,-0.128561921719771,0.013,0.003,1.71446315707012e-09,"9","ksgA-5"
7.95154301755241e-14,-0.260899093876034,0.014,0.004,1.72556435023905e-09,"9","livJ-3"
7.99548706510642e-14,0.145118715727738,0.011,0.003,1.73510064799874e-09,"9","argE-3"
8.05140044370103e-14,-0.422619606101505,0.022,0.008,1.74723441028756e-09,"9","mgtA-5"
8.58648825233362e-14,-0.859097906347767,0.034,0.014,1.86335381563892e-09,"9","dps-5"
8.77837872832105e-14,-0.802782311581623,0.017,0.005,1.90499596783295e-09,"9","deoB-5"
8.94263112710021e-14,-1.18383199722491,0.049,0.024,1.94064038089202e-09,"9","rplW-1"
1.2039770496542e-13,-0.445730559537131,0.02,0.007,2.61275059545458e-09,"9","ykgN-3"
1.29878140660614e-13,-0.421521625531094,0.017,0.005,2.81848553047598e-09,"9","murE-5"
1.33365167463238e-13,0.397071373982771,0.012,0.003,2.89415749911973e-09,"9","yhcF-5"
1.42215087930063e-13,-0.314376146430894,0.013,0.003,3.08620962317029e-09,"9","eamA-2"
1.65666777837387e-13,-1.06719025812675,0.038,0.017,3.59513474584913e-09,"9","rem-3"
1.66995941733509e-13,-0.390344300906249,0.02,0.007,3.62397893155889e-09,"9","yqeG-2"
2.05777528732048e-13,-0.838459492098454,0.02,0.007,4.46557815101417e-09,"9","ytfM-4"
2.49438866378205e-13,0.167874557444374,0.012,0.003,5.41307283927343e-09,"9","elaB-3"
3.19467573018854e-13,-0.275044806477682,0.02,0.007,6.93276580208215e-09,"9","dnaE-4"
4.15151779846527e-13,-0.647493099692596,0.024,0.009,9.00920877444949e-09,"9","hupA-1"
4.459720088791e-13,-0.605852363947511,0.027,0.011,9.67803856468534e-09,"9","yfiB-1"
4.62017086685495e-13,-0.462966531937714,0.018,0.006,1.00262327981619e-08,"9","ubiX-2"
4.76864438264189e-13,-0.582091748987284,0.015,0.004,1.03484351747712e-08,"9","malZ-5"
5.01275883835464e-13,-0.310180609301633,0.018,0.006,1.08781879551134e-08,"9","arnA-2"
6.04900639326737e-13,-0.298213878060261,0.012,0.003,1.31269487740295e-08,"9","ydfK-3"
6.15247928834474e-13,0.25472010633143,0.01,0.002,1.33514953036369e-08,"9","yhbS-1"
6.53434438713545e-13,-0.110420098488585,0.013,0.004,1.41801807545226e-08,"9","ygaV-2"
6.74440534208459e-13,-0.350104516045339,0.014,0.004,1.46360340328578e-08,"9","edd-1"
6.83087135563758e-13,-0.436050923363,0.016,0.005,1.48236739288691e-08,"9","ytfG-6"
7.11999892184378e-13,-0.209763265282166,0.015,0.004,1.54511096602932e-08,"9","gfcD-3"
7.84176389033849e-13,0.258442181133581,0.012,0.003,1.70174118184236e-08,"9","ydeU-2"
9.35959316723929e-13,-0.283964463789974,0.013,0.003,2.0311253132226e-08,"9","yieH-5"
1.08006680871874e-12,-0.281870462331959,0.013,0.004,2.34385298160053e-08,"9","ybbL-5"
1.18288629853541e-12,-0.195401215535387,0.013,0.003,2.56698155645169e-08,"9","mdtA-1"
1.30800274141303e-12,0.453630624263744,0.011,0.003,2.83849674914041e-08,"9","blc-5"
1.42872691625975e-12,0.188198165387537,0.01,0.002,3.10048028097528e-08,"9","yghZ-5"
1.43833728589843e-12,-0.378949853524419,0.011,0.003,3.12133574412818e-08,"9","cybB-4"
2.6958512867177e-12,-0.65483671225511,0.03,0.013,5.85026687730608e-08,"9","otsB-1"
2.83346728424664e-12,-0.13440081053935,0.012,0.003,6.14890735354363e-08,"9","sixA-4"
3.21524674598823e-12,-0.612583112676191,0.01,0.002,6.97740696346906e-08,"9","sucD-5"
3.42971393124779e-12,-0.285695567437269,0.011,0.003,7.44282220220083e-08,"9","tus-3"
4.77328607206388e-12,-0.283392785870269,0.017,0.006,1.03585081049858e-07,"9","htpX-5"
5.31048669473769e-12,-0.892041712159741,0.048,0.024,1.15242871762503e-07,"9","hslO-4"
5.87161571457449e-12,-0.355317886814489,0.015,0.005,1.27419932621981e-07,"9","intB-2"
6.00665324577179e-12,0.145502574098046,0.011,0.003,1.30350382086494e-07,"9","cmr-1"
7.5221101225712e-12,-0.783201010303393,0.02,0.007,1.63237311769918e-07,"9","ygaC-5"
9.7196948291849e-12,-0.107520176576229,0.011,0.003,2.10927097488142e-07,"9","appA-5"
1.14726796296063e-11,-0.237994588752143,0.013,0.004,2.48968620642086e-07,"9","hybF-3"
1.43948994941349e-11,-0.431006700403504,0.016,0.005,3.12383713922221e-07,"9","proX-4"
1.51165666015533e-11,-0.64225144674602,0.02,0.007,3.28044611820308e-07,"9","trmD-3"
1.57561835588027e-11,-0.159097200730288,0.012,0.003,3.41924939409577e-07,"9","yoeA-5"
1.57642812770496e-11,-0.1211493809803,0.012,0.003,3.42100667993254e-07,"9","ypaA-4"
1.66127288934527e-11,-0.647456658402327,0.017,0.006,3.60512829716816e-07,"9","ytjA-3"
1.67569657855212e-11,-0.630807649491522,0.022,0.008,3.63642914511595e-07,"9","emrD-5"
1.88976314597446e-11,0.142449734472449,0.011,0.003,4.10097500307918e-07,"9","yaeI-3"
2.0469333859327e-11,-0.224225514634047,0.016,0.005,4.44205014081256e-07,"9","yhiP-2"
2.17656341278551e-11,-0.621273276811643,0.013,0.004,4.72336026208584e-07,"9","ymgC-3"
2.62416392909542e-11,-0.679704282706266,0.016,0.006,5.69469814252997e-07,"9","ypdH-5"
2.62416398465953e-11,-0.757207708950952,0.016,0.006,5.69469826310964e-07,"9","rpmI-4"
2.72319369922529e-11,-0.655745914347769,0.011,0.003,5.9096026466888e-07,"9","essQ-5"
3.18996021130086e-11,-0.791586689752423,0.014,0.004,6.92253265454399e-07,"9","dinD-1"
3.75212473943744e-11,-0.157475818484238,0.012,0.003,8.14248589705318e-07,"9","rbsR-1"
3.98419979949724e-11,-0.393156587934802,0.013,0.004,8.64611198488897e-07,"9","leuC-2"
4.4070047112035e-11,-0.319893550914897,0.011,0.003,9.56364092378272e-07,"9","dmsB-4"
6.33529251515372e-11,-0.339124068207602,0.012,0.004,1.37482182871351e-06,"9","cysE-1"
7.0292820615728e-11,-0.717502196146278,0.02,0.007,1.52542450018191e-06,"9","yhjV-3"
7.7743053885821e-11,-1.17584186881772,0.031,0.014,1.6871020123762e-06,"9","tufA-5"
8.11134230641492e-11,0.157188436549682,0.01,0.003,1.7602423939151e-06,"9","ybaO-3"
8.40895640567268e-11,-0.749072378652615,0.014,0.004,1.82482762959503e-06,"9","usg-5"
8.72338317869717e-11,-0.289797471885759,0.013,0.004,1.89306138360907e-06,"9","ydgH-4"
8.89160384035792e-11,-0.838081914925949,0.025,0.01,1.92956694939607e-06,"9","iscS-5"
9.87439683565666e-11,-0.53514241127987,0.018,0.007,2.14284285730585e-06,"9","sirA-2"
1.05186157016206e-10,-0.747383442132601,0.027,0.012,2.28264479340869e-06,"9","upp-2"
1.12513840955724e-10,-2.82006620195251,0.03,0.06,2.44166286258017e-06,"9","yhaO-1"
1.34985087335625e-10,-1.00811265832512,0.047,0.025,2.9293113802704e-06,"9","grpE-4"
1.35734189794628e-10,-0.646757130761408,0.011,0.003,2.94556765273323e-06,"9","holC-3"
1.43322727213379e-10,-0.140803290772242,0.01,0.003,3.11024650325754e-06,"9","yagU-1"
1.78831379609318e-10,-0.10599830172825,0.012,0.004,3.88081976890181e-06,"9","ydbC-1"
2.10168431954269e-10,-0.422524968223223,0.016,0.006,4.56086514183959e-06,"9","ppiA-4"
2.22056059579832e-10,-0.559951348625705,0.01,0.003,4.81883854894192e-06,"9","ydeE-1"
2.24716283392287e-10,-0.559263324860815,0.012,0.004,4.87656806589602e-06,"9","pntA-1"
2.93833029618579e-10,-1.2431418689451,0.055,0.03,6.37647057575277e-06,"9","ompA-4"
3.63681037016573e-10,-0.262188875962025,0.01,0.003,7.89224218429664e-06,"9","mukB-2"
4.04795706508788e-10,-0.87905306299106,0.028,0.013,8.78447162694722e-06,"9","galF-4"
5.31073068846066e-10,-0.493696154274694,0.011,0.003,1.15248166670285e-05,"9","setA-5"
5.37288311645253e-10,-0.402460319687902,0.01,0.003,1.16596936510136e-05,"9","galP-5"
6.01122936396184e-10,-0.469517041490478,0.01,0.003,1.30449688427336e-05,"9","recX-4"
6.26785915101299e-10,-0.526979185443394,0.013,0.004,1.36018811436133e-05,"9","yeaS-1"
6.27352866898685e-10,-0.504021942588663,0.013,0.004,1.36141845645684e-05,"9","ilvI-4"
6.83953759117795e-10,-1.00373999224867,0.016,0.006,1.48424805266153e-05,"9","fdhE-3"
7.44638336356391e-10,-0.812142330261488,0.018,0.007,1.615939653727e-05,"9","fnr-5"
7.44802707560155e-10,-0.696162422180169,0.017,0.006,1.61629635567629e-05,"9","apaH-5"
7.86714135171977e-10,-0.34446835535813,0.012,0.004,1.70724834473671e-05,"9","tsf-3"
8.15313484249678e-10,-0.528685121440987,0.016,0.006,1.76931179217023e-05,"9","rplP-4"
8.31664298353599e-10,-0.238228153648244,0.014,0.005,1.80479469385715e-05,"9","yagN-3"
8.65645776901342e-10,-0.543194375825987,0.015,0.005,1.8785379004536e-05,"9","rpsB-5"
1.11841411373544e-09,-0.173914036293536,0.01,0.003,2.42707046821728e-05,"9","rdgC-3"
1.58944616814146e-09,-0.61455853988625,0.012,0.004,3.44925712948378e-05,"9","ydiK-3"
1.65434853316307e-09,-0.596704052699329,0.016,0.006,3.59010175181718e-05,"9","ygdI-2"
1.76958140988875e-09,0.33206585633366,0.01,0.003,3.84016861759958e-05,"9","yfdY-2"
2.21479251947521e-09,-0.503866671103249,0.011,0.004,4.80632124651315e-05,"9","dgt-1"
2.38970624786209e-09,-0.642696821108181,0.022,0.01,5.18590152848553e-05,"9","rfaQ-1"
2.4122930331855e-09,-0.855742123676807,0.011,0.003,5.23491711131586e-05,"9","ypeC-5"
2.42641906702785e-09,-1.06055640070312,0.025,0.012,5.26557201735714e-05,"9","yceD-2"
2.8416404486498e-09,-0.169799190460466,0.011,0.003,6.16664393761492e-05,"9","treF-1"
2.9429157341427e-09,-0.319671145765984,0.01,0.003,6.38642143466307e-05,"9","fruR-5"
3.4578284645829e-09,-0.565023142799229,0.013,0.004,7.50383355099134e-05,"9","ydfR-5"
3.46813935088176e-09,-0.489783873777015,0.011,0.003,7.52620920534851e-05,"9","yecD-3"
3.56579393512856e-09,-0.771741670221339,0.016,0.006,7.7381294186225e-05,"9","yibD-3"
4.13300551716855e-09,-1.177808749172,0.067,0.04,8.96903527280746e-05,"9","fxsA-1"
4.22631575997449e-09,-0.321372753624574,0.011,0.003,9.17152783072064e-05,"9","nrdB-5"
5.25087345154134e-09,-1.07020441685682,0.011,0.003,0.000113949204771899,"9","entD-5"
6.92761218435219e-09,-0.462222247457124,0.011,0.004,0.000150336112012627,"9","galE-3"
8.47226421952919e-09,-0.605273498271111,0.01,0.003,0.000183856605828003,"9","ydaL-5"
8.60027469063891e-09,-0.176624412514888,0.01,0.003,0.000186634561061555,"9","yfcC-1"
1.0812851280908e-08,-0.616492904907376,0.01,0.003,0.000234649685646985,"9","cusS-3"
1.10132106394382e-08,-0.58495938124855,0.013,0.005,0.000238997684086448,"9","yibN-1"
1.28722084216009e-08,-3.37807936505465,0.017,0.039,0.00027933979495716,"9","yhaM-1"
1.29078311875949e-08,-0.769110566530176,0.021,0.009,0.000280112844601996,"9","ybbN-3"
1.4222156314914e-08,-0.380576176916778,0.013,0.005,0.000308635014189948,"9","iclR-4"
1.73040105394953e-08,-0.599049923995685,0.016,0.006,0.000375514332717588,"9","yedE-1"
1.7596263558151e-08,-0.501322831350667,0.013,0.004,0.000381856515475435,"9","yijP-3"
2.09531240715591e-08,-0.738751926044223,0.012,0.004,0.000454703745476904,"9","ydfQ-2"
2.13041538278214e-08,-0.964217157791778,0.024,0.011,0.000462321442217553,"9","rpsC-2"
2.51118625918647e-08,-0.302651650702244,0.011,0.003,0.000544952530106056,"9","yicR-1"
2.78532351249965e-08,-0.728602205333143,0.013,0.005,0.000604443055447549,"9","yhfG-5"
2.95169576633397e-08,-0.295817733895626,0.01,0.003,0.000640547498252135,"9","fkpB-2"
3.61034143156084e-08,-0.679876994784459,0.013,0.005,0.000783480194063017,"9","gatZ-4"
3.82946725603866e-08,-0.785089423758123,0.011,0.004,0.000831032689232949,"9","psiF-3"
4.36644881790744e-08,-0.35913173093959,0.01,0.003,0.000947563057974093,"9","yqeF-4"
5.27593292758417e-08,-0.412672059336871,0.01,0.003,0.00114493020461504,"9","dnaQ-2"
5.66004035359228e-08,-0.621938706426089,0.014,0.006,0.00122828535713306,"9","yecS-4"
8.0898065701127e-08,-0.433089029304216,0.014,0.006,0.00175556892378016,"9","chaA-4"
1.10708488240159e-07,-0.539027047231771,0.01,0.003,0.00240248490329969,"9","yecM-5"
1.11869914178777e-07,-0.7769162015594,0.01,0.003,0.00242768900759364,"9","yhdJ-3"
1.65309284824322e-07,-0.54926308780808,0.013,0.005,0.00358737678997261,"9","rfaP-5"
1.71689118412635e-07,-0.943155460599652,0.014,0.006,0.00372582555867258,"9","rtn-1"
1.7448738209595e-07,-0.889493396678654,0.021,0.01,0.00378655067886422,"9","pspE-5"
1.9048018823527e-07,-0.563474746515529,0.011,0.004,0.00413361056489358,"9","lpcA-2"
2.202009412832e-07,-1.11343686639854,0.023,0.011,0.00477858062678673,"9","fdoI-4"
2.45137821134185e-07,-1.23062551627446,0.031,0.017,0.00531973585643295,"9","yrfF-4"
2.48976127000728e-07,-0.532620779542057,0.016,0.007,0.0054030309320428,"9","ybdG-1"
4.16774484844278e-07,-0.450796074281093,0.011,0.004,0.00904442309560567,"9","rfaE-5"
4.45463042416798e-07,-1.40397519558131,0.037,0.021,0.00966699348348693,"9","ymcE-3"
5.09930709961614e-07,-0.514003733696697,0.01,0.003,0.011066006336877,"9","ydaG-5"
6.20007589249032e-07,-0.76740328719692,0.011,0.004,0.0134547846942932,"9","yfaA-2"
6.76765637661426e-07,-0.429949004406222,0.01,0.004,0.0146864911028906,"9","recC-5"
7.1104062900151e-07,-0.685515182256297,0.013,0.005,0.0154302926899618,"9","ybfA-5"
7.381966761198e-07,-1.00196311218127,0.018,0.009,0.0160196060684758,"9","ycgF-5"
9.85595917182663e-07,-1.02249836694453,0.011,0.004,0.021388416998781,"9","ybaZ-1"
1.14945922760539e-06,-0.553093397150171,0.011,0.004,0.0249444146982646,"9","eco-1"
3.65116354517736e-06,-0.547148844580223,0.012,0.005,0.0792339000938938,"9","ycaI-3"
6.39602647301508e-06,-1.44647275827505,0.039,0.024,0.1388001704909,"9","rpsG-5"
7.7216878201848e-06,-0.584366153324444,0.01,0.004,0.16756834738583,"9","lpxB-5"
1.20008882734619e-05,-0.482839165905311,0.014,0.006,0.260431276422397,"9","rfaG-4"
1.45803367209336e-05,-1.25127886374349,0.018,0.009,0.316407887180979,"9","evgS-4"
1.8103876984823e-05,-0.561371435720346,0.01,0.004,0.392872234447643,"9","yfgJ-2"
2.98422720348244e-05,-0.89419498612694,0.012,0.005,0.647607145427724,"9","ydiV-3"
6.90129003131357e-05,-0.972813831660187,0.02,0.011,1,"9","ftn-5"
0.000124000489015914,-1.24377126296044,0.014,0.007,1,"9","ulaR-5"
0.000256777045713001,-0.565167338210902,0.01,0.005,1,"9","yeaD-2"
0.00028449117069298,-0.758063537334976,0.016,0.009,1,"9","ybeF-4"
0.000334503024102962,-1.63920198197872,0.047,0.032,1,"9","rplV-5"
0.00378529398401595,-1.47978926352929,0.03,0.021,1,"9","mdtJ-2"
0.00611565968454228,-1.68603774023163,0.013,0.008,1,"9","rpmB-1"
0.00921670717878358,-1.32658285018572,0.015,0.009,1,"9","proV-2"
0,0.572117188640732,0.414,0.14,0,"4","groL-5"
0,0.521512216232878,0.217,0.061,0,"4","pspA-1"
0,0.846377559411732,0.19,0.047,0,"4","yfiD-3"
0,0.76573093436115,0.183,0.042,0,"4","yhaO-1"
0,1.34792383281211,0.151,0.026,0,"4","fxsA-1"
0,1.12269346051227,0.14,0.03,0,"4","htpG-2"
2.65332874286596e-304,1.37757157560255,0.112,0.021,5.75798870489342e-300,"4","ycjX-2"
6.31785964025761e-298,0.891292171787696,0.125,0.025,1.3710387205323e-293,"4","yhaM-1"
7.01252525917263e-285,0.576647406915693,0.217,0.069,1.52178810649305e-280,"4","pykF-2"
3.1404105787915e-279,0.32181849295863,0.375,0.152,6.81500499703544e-275,"4","bipA-2"
5.94588660988934e-270,0.48800967076687,0.25,0.088,1.29031685321208e-265,"4","pgk-1"
1.37334641378478e-252,0.790589740585159,0.135,0.034,2.98029905255436e-248,"4","mdoG-4"
6.88158826069958e-250,1.31340882213473,0.09,0.016,1.49337346845442e-245,"4","fabB-5"
1.02190748722023e-246,1.22627106964369,0.092,0.017,2.21764143801662e-242,"4","grpE-4"
1.58434875427491e-244,0.817549993607588,0.146,0.04,3.43819523165198e-240,"4","icdC-3"
1.07173584858023e-243,0.764001406044569,0.152,0.043,2.32577396500396e-239,"4","rrmJ-4"
7.80157872306136e-243,1.00026744892443,0.11,0.024,1.69302059869155e-238,"4","yhdN-3"
6.86529053492681e-235,0.190171124757384,0.365,0.156,1.48983669898447e-230,"4","prfA-1"
7.30296481878678e-229,0.309367557918956,0.211,0.073,1.58481639532492e-224,"4","hslV-1"
1.0156435098266e-224,0.154899167162138,0.436,0.199,2.2040479806747e-220,"4","guaB-2"
5.0785965239557e-218,0.294361459208729,0.216,0.078,1.10210623166363e-213,"4","dnaJ-2"
3.859029355307e-216,0.325536861411072,0.206,0.073,8.37447960395173e-212,"4","clpB-5"
3.1514701062141e-214,0.124073593319288,0.286,0.116,6.83900527749521e-210,"4","dnaK-4"
8.99691697375534e-211,0.415640359240899,0.169,0.055,1.95242095247465e-206,"4","clpP-3"
3.92355240118825e-207,0.868636927328557,0.104,0.025,8.51450106581863e-203,"4","glnS-5"
2.22840141519412e-205,0.260726512053703,0.249,0.099,4.83585391111276e-201,"4","acpP-1"
5.23429011814273e-201,0.906510641514267,0.109,0.028,1.13589329853815e-196,"4","ygaP-2"
9.52703107023283e-192,0.154532427546755,0.241,0.097,2.06746101255123e-187,"4","insL-3-4"
3.8018919771043e-186,0.941764193178644,0.089,0.021,8.25048577951405e-182,"4","gnd-1"
2.03455813777371e-182,0.405867918623269,0.173,0.062,4.41519461478272e-178,"4","gcd-2"
8.92864464795396e-181,0.121486410496188,0.239,0.098,1.93760517505249e-176,"4","clpX-4"
1.10258668023737e-180,0.318692526373075,0.175,0.063,2.39272335478312e-176,"4","fabF-3"
1.2884689649634e-180,0.351159343300034,0.148,0.049,2.79610650086708e-176,"4","ycgE-3"
3.85621425414445e-180,0.445957547763958,0.146,0.048,8.36837055291887e-176,"4","pta-5"
8.45388769098975e-180,0.104091337045372,0.252,0.106,1.83457816782169e-175,"4","gapA-3"
7.52349196350827e-179,0.451732625872533,0.161,0.056,1.63267299100093e-174,"4","rhlB-2"
2.14364630284967e-175,1.4995347833941,0.058,0.01,4.65192684181407e-171,"4","yidE-3"
1.26043880843508e-172,0.124598477275737,0.21,0.083,2.73527825818498e-168,"4","ybeX-4"
3.78826916341144e-172,0.109734846182699,0.23,0.095,8.22092291151917e-168,"4","ybeD-3"
4.22303999412323e-172,0.408122490263797,0.159,0.056,9.16441909124682e-168,"4","valS-4"
2.67926886927936e-171,0.247829627118401,0.174,0.064,5.81428137322315e-167,"4","zapA-1"
3.65031029456563e-168,0.371185623152366,0.136,0.045,7.92153837023686e-164,"4","hflX-2"
1.77095158163759e-163,0.881751227931706,0.091,0.024,3.84314202731172e-159,"4","hepA-1"
3.5936883334116e-163,0.381877135895402,0.166,0.062,7.79866305233651e-159,"4","uvrA-4"
3.69424429627145e-163,0.872131255740098,0.091,0.024,8.01687954733866e-159,"4","ldhA-5"
1.05730301886178e-162,0.458731747623141,0.116,0.035,2.29445328123196e-158,"4","pinQ-2"
2.25764627500421e-162,0.666437194886538,0.111,0.033,4.89931818138663e-158,"4","nagB-3"
1.79962562798844e-161,1.09759133876398,0.078,0.018,3.90536757529771e-157,"4","yeaR-5"
7.44560203028523e-161,0.963845462052736,0.088,0.023,1.6157700965922e-156,"4","gltB-3"
9.67654078964506e-161,1.08590925534049,0.078,0.018,2.09990611676087e-156,"4","bssR-3"
3.89795114558462e-160,0.917636389169501,0.083,0.021,8.45894378103319e-156,"4","adhE-2"
8.12839901926572e-160,0.544654182351554,0.114,0.035,1.76394387117085e-155,"4","pflB-3"
3.04650775373971e-157,0.242341678136157,0.199,0.081,6.61122647639054e-153,"4","ihfA-5"
2.76763368604926e-156,0.112028567525566,0.187,0.074,6.0060418620955e-152,"4","rseB-2"
4.80570413682061e-155,0.449363778752527,0.127,0.042,1.04288585473144e-150,"4","aceA-5"
6.22654925739413e-153,0.169038240774758,0.166,0.063,1.3512234543471e-148,"4","hns-2"
1.12342524197825e-152,0.645346395383493,0.096,0.027,2.43794511761699e-148,"4","msrB-2"
3.79558988056443e-151,0.377354559521518,0.153,0.057,8.23680959981288e-147,"4","clpA-3"
1.24507567245996e-149,0.755021780448343,0.087,0.023,2.70193871680536e-145,"4","prlC-1"
8.60705223346816e-149,0.28878719920335,0.151,0.056,1.86781640518492e-144,"4","talB-5"
2.01165600715678e-148,0.955545496040151,0.074,0.018,4.36549470113093e-144,"4","hybO-4"
2.04538857393896e-145,0.421557465060304,0.119,0.04,4.43869774430494e-141,"4","hslR-2"
2.09423553877912e-144,0.435586448131427,0.125,0.043,4.54470054270457e-140,"4","cysB-5"
7.00946040345864e-144,0.790401994152769,0.087,0.024,1.52112300215456e-139,"4","gcvA-4"
1.26316159863993e-142,0.296801031982338,0.121,0.041,2.74118698520852e-138,"4","lrhA-1"
8.57595795245885e-142,0.377782610033663,0.132,0.047,1.86106863526309e-137,"4","leuS-3"
2.28793728961483e-139,1.03723961489692,0.072,0.018,4.96505271219315e-135,"4","ndh-5"
3.21163182729283e-139,0.948695648875968,0.065,0.015,6.96956222840818e-135,"4","mfd-4"
8.0943153585733e-137,0.150544145537396,0.14,0.052,1.75654737596399e-132,"4","hfq-4"
8.46900482229666e-137,0.727918117841201,0.077,0.02,1.8378587364866e-132,"4","hslJ-2"
9.06643978114867e-128,-0.134398298796906,0.363,0.186,1.96750809690707e-123,"4","ahpC-5"
2.42886718383595e-127,0.204048529328975,0.158,0.064,5.27088467564239e-123,"4","pcnB-3"
2.91575237092934e-127,0.423293296286988,0.114,0.04,6.32747422015377e-123,"4","nagA-1"
1.74225245424074e-126,0.46152239166516,0.114,0.04,3.78086205094783e-122,"4","gltA-4"
1.49728443289314e-124,0.556529838440588,0.088,0.027,3.2492569478214e-120,"4","yeaC-1"
1.13377688450177e-123,-0.178146023652221,0.315,0.158,2.46040921705729e-119,"4","rplT-4"
1.90279712619353e-123,0.549064107594499,0.081,0.024,4.12926004355258e-119,"4","ackA-4"
3.4496808784561e-120,0.407110822206033,0.109,0.038,7.48615247433759e-116,"4","speA-4"
2.51118637373702e-118,0.580277825059169,0.089,0.028,5.44952554964671e-114,"4","tyrS-1"
2.15245532986183e-117,0.653901226904653,0.079,0.024,4.67104331133316e-113,"4","murI-2"
7.9261331778215e-116,0.596115734948034,0.076,0.022,1.72005016091904e-111,"4","thyA-3"
8.40229498745365e-116,0.149379072555902,0.14,0.056,1.82338203522732e-111,"4","gyrA-4"
6.40068973906438e-115,0.476814189991889,0.093,0.031,1.38901368027436e-110,"4","hemB-5"
6.39043527964956e-114,0.232322960180765,0.124,0.048,1.38678836003675e-109,"4","uspE-1"
7.92988377806411e-114,0.377082181219633,0.085,0.027,1.72086407867769e-109,"4","hslU-3"
1.91989161147361e-111,0.42718432086672,0.077,0.023,4.16635678605889e-107,"4","yqfA-6"
3.51892076764852e-111,0.681348982744438,0.069,0.02,7.63640995787405e-107,"4","yafD-3"
3.52197421969979e-111,0.551053935502709,0.08,0.025,7.64303625417051e-107,"4","aspC-1"
3.3376826914442e-110,0.178881285513986,0.115,0.044,7.24310520870305e-106,"4","yrbK-1"
1.49583401340971e-109,0.602953261303676,0.075,0.023,3.24610939250042e-105,"4","pepD-1"
2.20033152725487e-109,-0.168911248149282,0.348,0.184,4.7749394472958e-105,"4","glpD-2"
2.53168510290869e-109,-0.127565673909384,0.194,0.09,5.49400984182214e-105,"4","dnaG-2"
7.03033371898552e-109,0.319163358780655,0.096,0.033,1.52565272035705e-104,"4","cld-5"
3.2051407782708e-108,0.326766489301859,0.11,0.041,6.95547600292545e-104,"4","pdxH-2"
5.49606636381544e-108,0.13391762194022,0.129,0.052,1.19270136161159e-103,"4","alaS-2"
2.26498837507608e-107,0.157985817528527,0.118,0.046,4.91525127275261e-103,"4","gyrB-3"
5.88197940384193e-107,1.06042130190386,0.04,0.008,1.27644835042774e-102,"4","ftn-5"
4.18246386945579e-106,0.492192227553085,0.09,0.031,9.07636484310602e-102,"4","ybfE-3"
4.44074733644683e-106,0.740220382967633,0.06,0.016,9.63686579482327e-102,"4","plsB-5"
4.44248960973394e-106,0.906080958830586,0.045,0.01,9.64064670208362e-102,"4","otsB-1"
4.75850439394345e-106,0.314036230162284,0.104,0.038,1.03264303852967e-101,"4","icd-4"
4.23170023111366e-105,0.6672323478564,0.068,0.02,9.18321267153975e-101,"4","lolD-3"
7.02259322786985e-105,0.396077180552115,0.085,0.028,1.52397295638004e-100,"4","yjgK-4"
7.4476983382554e-105,0.10286573937479,0.141,0.06,1.6162250163848e-100,"4","exbD-2"
8.47588043843715e-105,0.641770647338606,0.069,0.02,1.83935081394525e-100,"4","feoB-2"
8.33281749664752e-104,0.463323975784131,0.089,0.031,1.80830472494748e-99,"4","nagC-2"
2.13883858497283e-102,0.80570686202448,0.061,0.017,4.64149361324954e-98,"4","mrp-3"
2.50465578044229e-102,-0.229764528998801,0.307,0.161,5.43535350913782e-98,"4","rpoB-1"
3.59480782905909e-102,0.57147812752865,0.071,0.021,7.80109246984114e-98,"4","accA-4"
2.18765407855629e-101,-0.105277524526683,0.165,0.075,4.74742811587501e-97,"4","puuD-1"
3.72408182921313e-101,1.10087771524746,0.041,0.008,8.08162997757542e-97,"4","arsC-4"
8.68456578349712e-101,0.173185166857548,0.111,0.044,1.88463762067671e-96,"4","tolQ-2"
9.84437124817996e-101,0.630630238110884,0.071,0.022,2.13632700456753e-96,"4","pepN-1"
1.22085659794789e-100,0.196271024731779,0.109,0.042,2.64938090320671e-96,"4","ycbZ-5"
1.77066450052726e-100,0.477303918490949,0.062,0.017,3.84251903259421e-96,"4","yihE-1"
2.2754992477915e-99,0.423045032389302,0.094,0.034,4.93806091763233e-95,"4","sdhC-5"
7.11026312850462e-99,0.211136372191925,0.105,0.04,1.54299820151679e-94,"4","pepP-5"
1.35321009234018e-98,-0.127254817827785,0.596,0.334,2.93660122138742e-94,"4","deaD-2"
5.22549316277688e-98,0.409740191883674,0.089,0.032,1.13398427125421e-93,"4","guaA-5"
9.32064141391038e-98,0.477570887049143,0.081,0.027,2.02267239323269e-93,"4","cyaA-4"
1.26249324223115e-97,-0.193288727792821,0.19,0.091,2.73973658496583e-93,"4","cyoA-5"
2.82234604650631e-97,0.287139455099227,0.08,0.027,6.12477315552335e-93,"4","osmY-4"
4.81001661638455e-97,0.299162813237579,0.085,0.029,1.04382170592161e-92,"4","fbaA-4"
6.64633664066204e-97,0.17611598873216,0.125,0.052,1.44232151439007e-92,"4","arcA-2"
9.01205149071581e-97,-0.117259912509949,0.176,0.083,1.95570529400024e-92,"4","cyoB-5"
1.94526394987022e-96,-0.25562886909581,0.239,0.122,4.22141729761336e-92,"4","kgtP-4"
4.92285671303353e-96,0.805684042388981,0.055,0.015,1.06830913529541e-91,"4","speG-3"
2.33059066266759e-95,0.778263941126798,0.062,0.018,5.05761479705493e-91,"4","pepQ-5"
2.74445406881191e-95,0.761571671785032,0.06,0.017,5.95573977472873e-91,"4","yoaG-2"
1.80770406046613e-94,-0.281277704739436,0.376,0.206,3.92289858161754e-90,"4","dnaA-3"
5.83040037046662e-94,0.421935187010342,0.073,0.024,1.26525518439496e-89,"4","yccA-2"
9.95803467437257e-94,0.360251435872882,0.078,0.027,2.16099310468559e-89,"4","ybaJ-2"
2.52356491473978e-93,0.149580701970172,0.108,0.043,5.4763882214768e-89,"4","accC-5"
2.84084027211511e-93,0.490967754276717,0.072,0.024,6.164907474517e-89,"4","fabA-4"
4.64920715139026e-93,0.391842792310115,0.078,0.026,1.0089244439232e-88,"4","tolC-1"
2.33988606968791e-92,1.05848308481062,0.039,0.008,5.07778675982973e-88,"4","yfiB-1"
1.44331833593451e-91,-0.211663751492157,0.5,0.281,3.13214512081147e-87,"4","rpsA-3"
1.79769302031322e-91,0.122691079078825,0.104,0.041,3.90117362338172e-87,"4","lon-5"
2.18667925885781e-91,0.225653342250351,0.095,0.036,4.74531265964733e-87,"4","yqjC-6"
1.2631306359625e-90,0.105918945502313,0.122,0.052,2.74111979310222e-86,"4","yjgI-4"
4.86885577328791e-90,-0.17015421811244,0.212,0.108,1.05659039136121e-85,"4","ybjL-1"
2.54435014908853e-89,1.02937629196062,0.039,0.009,5.52149425853701e-85,"4","upp-2"
4.04862731339811e-89,0.572316231279411,0.056,0.016,8.78592613280524e-85,"4","rraB-5"
4.5726507639187e-89,0.331230815939009,0.087,0.032,9.92310942277998e-85,"4","exuR-5"
9.60856736561037e-89,0.657018390473686,0.055,0.015,2.08515520401111e-84,"4","ydjA-1"
1.18962233493339e-88,-0.146486361036603,0.144,0.066,2.58159942903895e-84,"4","ydcQ-3"
2.04171270345322e-88,0.652745981021684,0.055,0.016,4.43072073776382e-84,"4","grxB-5"
2.50731159777158e-88,0.171872281921123,0.098,0.038,5.4411168983241e-84,"4","rluE-2"
2.692999338068e-88,0.312384993103616,0.079,0.028,5.84407786354137e-84,"4","bfr-3"
3.58376460774275e-88,0.610807183348168,0.052,0.014,7.77712757526253e-84,"4","yfiO-4"
4.99462448387937e-88,-0.256012270922802,0.17,0.082,1.08388345924666e-83,"4","lepA-2"
5.1550986278781e-88,0.155559441486689,0.096,0.037,1.11870795323583e-83,"4","ybeZ-2"
6.64704589130208e-88,0.571492352057348,0.056,0.016,1.44247542887147e-83,"4","acrB-5"
2.66056515523305e-87,0.221581017680494,0.087,0.032,5.77369244337124e-83,"4","psd-1"
3.51919634782389e-87,-0.259101364728337,0.431,0.243,7.63700799441262e-83,"4","rpsE-2"
3.59192787647902e-87,-0.237029503934213,0.198,0.099,7.79484268474712e-83,"4","ycbK-2"
9.22536799345815e-87,-0.325093807131593,0.26,0.138,2.00199710826035e-82,"4","rpsI-1"
3.78447230380835e-86,0.646385879546915,0.058,0.017,8.21268334649451e-82,"4","ptsP-4"
2.20623976762805e-85,0.291508008872339,0.079,0.029,4.78776091972964e-81,"4","gidB-4"
1.38686501451529e-84,0.159567890580903,0.089,0.034,3.00963576799963e-80,"4","ppiD-4"
1.52664318572458e-84,0.134862082895479,0.097,0.039,3.31296837734091e-80,"4","ybgC-5"
2.44385574112295e-84,0.234286754833719,0.078,0.028,5.30341134381092e-80,"4","ygaW-3"
5.95442209617518e-84,-0.288530173320249,0.218,0.113,1.29216913909098e-79,"4","yidC-1"
6.62409754928825e-84,0.196454736184859,0.082,0.03,1.43749540917104e-79,"4","pgm-3"
6.82421986280278e-84,-0.432836425743848,0.33,0.181,1.48092395242683e-79,"4","cspG-3"
2.30185420828699e-83,0.200828022486224,0.098,0.04,4.9952538174036e-79,"4","hscA-1"
5.75630172771366e-83,0.1634232939561,0.095,0.038,1.24917503793114e-78,"4","damX-5"
1.64125720409315e-82,-0.16058981858319,0.174,0.086,3.56169225860254e-78,"4","gidA-3"
7.26970558686323e-82,0.164773886602164,0.078,0.028,1.57759880940519e-77,"4","lipB-4"
9.97290379505151e-82,-0.233909735928891,0.202,0.104,2.16421985256413e-77,"4","rpoA-2"
3.66819253157963e-81,0.473718088135043,0.061,0.02,7.96034461278096e-77,"4","slyD-4"
1.33594380791185e-80,-0.284850794318936,0.177,0.088,2.8991316575495e-76,"4","nlpD-4"
1.37111317382623e-80,0.498242116028922,0.057,0.018,2.97545269852029e-76,"4","grxD-2"
1.60351717746392e-80,-0.356998321656401,0.271,0.147,3.47979262681446e-76,"4","iscR-2"
1.61636472702654e-80,0.760494722037993,0.049,0.014,3.5076730941203e-76,"4","hemC-4"
1.75088788482878e-80,0.264706726286815,0.068,0.023,3.79960179886694e-76,"4","yjgJ-3"
3.19748896458446e-80,0.460282538730104,0.063,0.021,6.93887080204473e-76,"4","dedA-1"
4.24328386302886e-80,0.254822668676646,0.08,0.03,9.20835031115893e-76,"4","fur-1"
7.18407155482401e-80,0.690109499035322,0.054,0.016,1.55901536811236e-75,"4","lolB-5"
1.07636328645143e-79,0.195590610213037,0.062,0.02,2.33581596792825e-75,"4","hslO-4"
1.85954340092849e-79,0.320288571296043,0.066,0.023,4.03539513435492e-75,"4","serC-2"
2.24350790070448e-79,0.305381086014214,0.081,0.031,4.8686364953188e-75,"4","acnA-3"
2.65253325735844e-79,0.217766460306596,0.082,0.031,5.75626242179354e-75,"4","rfe-4"
6.3115150763864e-78,-0.257405177921894,0.146,0.07,1.36966188672661e-73,"4","pnp-1"
9.56705047790776e-78,0.281524432687753,0.092,0.037,2.07614562421076e-73,"4","moaA-4"
1.19881057788545e-77,0.928277652491982,0.043,0.011,2.60153883506922e-73,"4","pdxA-5"
1.95967735714636e-77,-0.150344025367934,0.151,0.073,4.25269583274333e-73,"4","thrS-1"
2.35272998590673e-77,0.325314705945396,0.065,0.022,5.1056593424162e-73,"4","gltX-3"
9.02298368835051e-77,0.140363040076477,0.092,0.038,1.95807769020894e-72,"4","aceB-1"
2.04624514459638e-76,0.238302649110948,0.081,0.031,4.4405565882886e-72,"4","yjgX-16"
2.67183190545418e-76,0.146695858339243,0.079,0.03,5.7981424180261e-72,"4","ygdE-4"
5.94727058157337e-76,0.714279252819614,0.047,0.013,1.29061718890724e-71,"4","yeeX-4"
1.45028062013491e-75,0.368821871590969,0.072,0.027,3.14725397375476e-71,"4","aroB-2"
2.20525057220819e-75,0.504854844863811,0.058,0.019,4.78561426674898e-71,"4","pyrC-5"
2.60714873163321e-75,-0.261124117135896,0.169,0.085,5.65777346251723e-71,"4","aceE-1"
4.34902387843938e-75,0.296859480837481,0.063,0.021,9.4378167186013e-71,"4","yqhA-6"
4.41646283395568e-75,0.28182758784341,0.082,0.032,9.58416599596722e-71,"4","insE-4-3"
1.44353337071103e-74,0.12079009001691,0.088,0.036,3.13261176778e-70,"4","gpmA-2"
8.62628731219588e-74,0.355421530125926,0.071,0.026,1.87199060961963e-69,"4","surA-5"
1.00814599202029e-73,0.307010485325045,0.055,0.017,2.18777761728323e-69,"4","gpmI-2"
1.31409072692343e-73,-0.317468595176677,0.212,0.113,2.85170828649653e-69,"4","proP-1"
2.6327735799674e-73,0.284975578546728,0.067,0.024,5.71338194588727e-69,"4","gshA-4"
2.67886827182214e-73,-0.439162739722353,0.26,0.143,5.81341203668122e-69,"4","infB-3"
3.46390777620731e-73,-0.334746004477428,0.186,0.097,7.51702626514747e-69,"4","yafQ-3"
5.27248536719029e-73,0.184823801798061,0.081,0.032,1.14418204953397e-68,"4","ompX-5"
1.5188943482236e-71,0.420352352441091,0.061,0.021,3.29615262508003e-67,"4","rpoN-3"
1.5391377646668e-71,0.31329055738866,0.059,0.02,3.34008286310342e-67,"4","phnA-5"
5.60270433097536e-71,0.123235236844836,0.083,0.033,1.21584286686496e-66,"4","maa-2"
6.22978504581985e-71,0.131682680280825,0.096,0.042,1.35192565279337e-66,"4","yeeZ-4"
1.0353524299892e-70,-0.130728857539478,0.112,0.051,2.24681830831956e-66,"4","rplS-1"
1.14707402482841e-70,0.944577316323742,0.038,0.01,2.48926534128014e-66,"4","rfaC-2"
1.43245515601228e-70,0.212563019030285,0.077,0.03,3.10857093406225e-66,"4","gapC-4"
1.88815954326927e-70,0.16946025581315,0.081,0.033,4.09749502484864e-66,"4","nuoC-2"
5.4206678827381e-70,-0.104419588935257,0.12,0.056,1.176339137233e-65,"4","asnS-4"
5.79783425380746e-70,0.598612618936218,0.053,0.017,1.25818801141876e-65,"4","seqA-5"
1.01728127351103e-69,0.258753637408303,0.064,0.023,2.20760209164629e-65,"4","folE-2"
3.66543716965645e-69,0.322146377133286,0.065,0.024,7.95436520187147e-65,"4","yeaP-4"
1.39626419727966e-68,0.33381773821927,0.067,0.025,3.03003293451658e-64,"4","gor-5"
1.49997013113219e-68,-0.15351085048701,0.11,0.05,3.25508518156996e-64,"4","exbB-5"
2.06892165490133e-68,0.66664524318681,0.042,0.012,4.48976688330138e-64,"4","ygeQ-3"
3.71895539963773e-68,0.89164159999867,0.038,0.01,8.07050511275384e-64,"4","folK-3"
3.98173921654886e-68,0.423058853537344,0.055,0.018,8.64077227383268e-64,"4","uvrC-4"
1.08739101011485e-67,-0.443484280578039,0.342,0.197,2.35974723105024e-63,"4","rplA-1"
1.29605122626499e-67,0.469756205652518,0.054,0.018,2.81256076611766e-63,"4","aaeA-1"
2.29998549373244e-67,0.412244047005296,0.06,0.021,4.99119851994876e-63,"4","phoQ-3"
2.87161414325108e-67,0.31416016195959,0.064,0.023,6.23168985226917e-63,"4","serA-5"
4.18041138902942e-67,-0.393635270415516,0.197,0.106,9.07191075533275e-63,"4","nusA-2"
7.34667156809921e-67,-0.275503879465516,0.125,0.06,1.59430119699321e-62,"4","iscA-1"
7.46745611793374e-67,0.397645596142008,0.057,0.02,1.6205126521528e-62,"4","yggE-4"
8.50847454695745e-67,0.406915754743145,0.062,0.023,1.84642406143524e-62,"4","bssS-1"
1.29262128011922e-66,1.10670432884714,0.028,0.006,2.80511743998672e-62,"4","carB-4"
1.60215984736572e-66,0.446831009001107,0.048,0.015,3.47684708476834e-62,"4","htrG-4"
2.3772148603061e-66,0.761463328379395,0.038,0.01,5.15879396835027e-62,"4","ygaZ-1"
3.42734662243048e-66,0.524112472939928,0.043,0.013,7.43768490533638e-62,"4","pgi-2"
5.59473419244092e-66,0.122944787776115,0.063,0.023,1.2141132671016e-61,"4","rcsD-1"
6.02798601652169e-66,0.335678271588121,0.053,0.018,1.30813324544537e-61,"4","yfiN-2"
1.25689067135778e-65,0.289982461016954,0.06,0.022,2.72757844591351e-61,"4","ygiC-3"
1.42063830487071e-65,-0.259810642421519,0.146,0.074,3.08292718539993e-61,"4","ahpF-1"
1.46011006204065e-65,0.161933912785122,0.06,0.022,3.16858484563441e-61,"4","groS-4"
2.53422014146819e-65,0.213323952244599,0.062,0.023,5.49951112900012e-61,"4","phoP-2"
2.9564638469029e-65,0.794886688796355,0.03,0.007,6.41582219416399e-61,"4","proV-2"
3.37849740300789e-65,0.616090736747237,0.047,0.015,7.33167721426741e-61,"4","nagE-4"
3.86290599824222e-65,0.870778320774402,0.035,0.009,8.38289230678543e-61,"4","ychJ-5"
1.01316715306198e-64,0.304051595747338,0.069,0.027,2.19867403885981e-60,"4","puuC-5"
1.1005495491422e-64,0.897109192711497,0.037,0.01,2.38830257659349e-60,"4","ybgA-3"
1.32145241847732e-64,0.113968939033984,0.08,0.033,2.86768389333762e-60,"4","yciM-2"
5.39633674875278e-64,0.371380827536044,0.056,0.02,1.17105903784684e-59,"4","ycdZ-4"
1.17910244245691e-63,-0.247361369037231,0.126,0.062,2.55877021037575e-59,"4","iscU-4"
4.43216147241291e-63,0.127396779680301,0.059,0.022,9.61823361128325e-59,"4","mdtI-4"
4.79669956605309e-63,0.928049188092437,0.031,0.008,1.04093177282918e-58,"4","ydcN-1"
7.32355539144301e-63,0.502573770990223,0.039,0.011,1.58928475549705e-58,"4","slyB-2"
8.26801562733436e-63,-0.225549397311612,0.103,0.048,1.79424207128783e-58,"4","suhB-5"
5.80776887806015e-62,0.513266716614198,0.044,0.014,1.26034392422783e-57,"4","smtA-4"
1.21505222544913e-61,0.640002990620371,0.039,0.011,2.63678483444715e-57,"4","dppA-3"
1.78873084846651e-61,0.730543853291953,0.037,0.01,3.88172481425718e-57,"4","ppx-3"
2.41292912953369e-61,0.892591539356413,0.031,0.008,5.23629750400105e-57,"4","yccK-3"
2.70537451295998e-61,0.485406466099263,0.046,0.015,5.87093323057445e-57,"4","prmB-5"
1.30267044033973e-60,1.25013129705129,0.028,0.006,2.82692512258124e-56,"4","yeaJ-5"
2.85296918504224e-60,0.265163011633909,0.063,0.024,6.19122842846016e-56,"4","ubiD-2"
7.07043009173975e-60,-0.359304445823334,0.153,0.081,1.53435403420844e-55,"4","fimI-4"
8.25271616977437e-60,-0.276581114748106,0.123,0.061,1.79092193600274e-55,"4","yfgL-2"
1.19205939929634e-59,0.511830655313405,0.047,0.015,2.58688810241298e-55,"4","envC-3"
1.75274407518426e-59,-0.378719182322332,0.129,0.065,3.80362991755735e-55,"4","bax-4"
1.89526696390779e-59,0.220377640684835,0.045,0.015,4.1129188383763e-55,"4","nhaR-1"
2.46149720779869e-59,0.2165093687835,0.067,0.027,5.34169509064394e-55,"4","truA-4"
4.33069776575466e-59,0.838745652189322,0.028,0.007,9.3980472214642e-55,"4","ybeF-4"
4.86921283712132e-59,0.254324466613041,0.052,0.018,1.0566678777837e-54,"4","rffE-1"
5.90911794504041e-59,0.229968605306299,0.06,0.023,1.28233768525322e-54,"4","sohA-3"
7.15671607151352e-59,-0.412407503289433,0.381,0.227,1.55307895467915e-54,"4","rplR-2"
7.17884675028399e-59,0.299027106529635,0.05,0.017,1.55788153327913e-54,"4","efp-5"
1.09765093102944e-58,-0.242213105532402,0.102,0.048,2.38201228542698e-54,"4","plsX-2"
1.21027346208025e-58,0.178294921979571,0.051,0.018,2.62641444006035e-54,"4","rfbD-4"
1.3231248351884e-58,0.314237660887288,0.055,0.02,2.87131320484235e-54,"4","fliY-3"
1.76886052902944e-58,0.384714285624253,0.055,0.02,3.83860423404678e-54,"4","prmC-3"
1.78453930280757e-58,-0.386574079193813,0.165,0.089,3.8726287410227e-54,"4","yafK-3"
2.92863882485647e-58,0.420931549740704,0.041,0.013,6.35543911382102e-54,"4","dsbA-2"
4.48114601871592e-58,-0.377529050342004,0.153,0.081,9.72453497521543e-54,"4","nudB-2"
6.06972500729342e-58,0.764120778044751,0.038,0.011,1.31719102383274e-53,"4","galU-5"
2.32257598416771e-57,-0.199191132219813,0.103,0.049,5.04022214324234e-53,"4","rpoD-1"
3.08584939309168e-57,0.940653199437195,0.028,0.007,6.69660176794827e-53,"4","sfsA-4"
5.30449463246002e-57,0.387641192087251,0.051,0.018,1.15112838019015e-52,"4","dnaC-4"
6.84365583882031e-57,0.407346067519552,0.047,0.016,1.48514175358239e-52,"4","glyA-5"
8.38353011281757e-57,0.320485390570137,0.049,0.017,1.81930986978254e-52,"4","rraA-5"
9.579394998986e-57,0.193953175024193,0.052,0.019,2.07882450872995e-52,"4","panC-4"
1.21043329857394e-56,0.31828849327734,0.046,0.015,2.62676130123531e-52,"4","pck-2"
1.7023420839731e-56,0.314724647378105,0.042,0.014,3.69425255643002e-52,"4","uvrY-5"
1.9318050850969e-56,0.367966381402112,0.054,0.02,4.19221021516878e-52,"4","rpsT-2"
3.46017609918704e-56,-0.120321275119015,0.066,0.027,7.50892815284579e-52,"4","fldA-4"
5.52687984083362e-56,0.554031616793396,0.048,0.017,1.1993881942593e-51,"4","deoD-1"
7.31503732257943e-56,0.154917902993457,0.066,0.027,1.58743624937296e-51,"4","ftsK-5"
1.28319337839582e-55,-0.123193214928509,0.094,0.044,2.78465795045676e-51,"4","fdoG-5"
1.32387883516627e-55,0.14166285302874,0.065,0.027,2.87294946019432e-51,"4","metG-4"
1.49459130675864e-55,0.233465865247544,0.065,0.026,3.24341259479693e-51,"4","pheT-2"
1.68159027270447e-55,0.789632393924759,0.035,0.01,3.64921905079598e-51,"4","ubiE-1"
3.66559911118223e-55,0.537156290792475,0.043,0.014,7.95471663117655e-51,"4","acrA-5"
6.72791083414038e-55,0.56269345921558,0.045,0.015,1.4600239301168e-50,"4","yggW-5"
8.41596746630536e-55,0.469824964437608,0.047,0.017,1.82634909986293e-50,"4","yieG-4"
1.16532986573267e-54,-0.129380738907381,0.086,0.039,2.52888234162647e-50,"4","amiA-4"
1.1848836323807e-54,0.439875443579451,0.04,0.013,2.57131597062936e-50,"4","pinR-2"
1.6483831952861e-54,-0.323800472610956,0.121,0.062,3.57715637209036e-50,"4","ychA-4"
1.76135907289415e-54,0.762339761333256,0.034,0.01,3.8223253240876e-50,"4","aroA-3"
2.61048483239003e-54,0.155974771817112,0.068,0.028,5.66501313476961e-50,"4","betT-1"
3.57421525567563e-54,-0.260226664042471,0.106,0.052,7.75640452634168e-50,"4","zntA-6"
5.32418873785428e-54,0.245226252610857,0.058,0.023,1.15540219800176e-49,"4","sodA-1"
5.41024147936103e-54,0.226557386024053,0.053,0.02,1.17407650343614e-49,"4","yjeS-3"
1.11467194688316e-53,-0.41231161148178,0.14,0.074,2.41894959193115e-49,"4","fusA-2"
1.32635415736201e-53,-0.441150746719405,0.168,0.093,2.87832115689129e-49,"4","rpmD-2"
1.38779623896248e-53,0.426827208186702,0.045,0.015,3.01165661817247e-49,"4","ygdH-4"
2.46033483312179e-53,0.419799200275434,0.041,0.014,5.33917262135759e-49,"4","bcsE-5"
3.32441333838646e-53,0.751571167249815,0.032,0.009,7.21430938563246e-49,"4","yjjU-5"
3.75107669045827e-53,0.307401894745242,0.047,0.016,8.1402115259635e-49,"4","ycfD-3"
8.90813259820248e-53,0.30901379495678,0.041,0.014,1.93315385513592e-48,"4","yciX-3"
1.27471903562279e-52,0.447286982630021,0.037,0.012,2.76626777920501e-48,"4","ycgZ-3"
1.52786467178076e-52,0.310761578782105,0.045,0.016,3.31561912423143e-48,"4","yigL-1"
1.76286206271713e-52,0.896861709116047,0.024,0.006,3.82558696230245e-48,"4","ydgJ-5"
1.87089008591506e-52,0.741648118361569,0.023,0.005,4.06001857544428e-48,"4","ulaR-5"
2.7512542151783e-52,-0.430426997407501,0.116,0.059,5.97049677235842e-48,"4","rpmG-2"
3.42404214115219e-52,-0.546088365689022,0.21,0.121,7.43051385051436e-48,"4","rplI-2"
4.28651877565193e-52,0.643543226304927,0.028,0.007,9.30217439504226e-48,"4","evgS-4"
5.2830993156825e-52,0.382099086012791,0.038,0.012,1.14648538249626e-47,"4","rfaF-1"
6.79104389492097e-52,0.769139621110045,0.026,0.006,1.4737244356368e-47,"4","rna-4"
8.49607083032103e-52,0.228465806364061,0.044,0.015,1.84373233088797e-47,"4","mdoH-1"
2.4583688925021e-51,0.446860371973043,0.051,0.019,5.3349063336188e-47,"4","sdhA-2"
2.62401560377404e-51,0.192469033006367,0.052,0.02,5.69437626175005e-47,"4","rsxC-5"
7.07100018362565e-51,0.343617765085826,0.043,0.015,1.5344777498486e-46,"4","yrdB-1"
7.63344239242998e-51,0.258594747404954,0.047,0.017,1.65653333358123e-46,"4","nudH-4"
1.12660080486937e-50,0.205160576960082,0.057,0.023,2.44483640664701e-46,"4","recQ-4"
1.56940811962119e-50,-0.402144813586857,0.144,0.078,3.40577256038995e-46,"4","rpsN-3"
1.7691762866487e-50,-0.285612245232387,0.093,0.045,3.83928945965635e-46,"4","rseA-3"
2.17753218222149e-50,0.161989740027245,0.058,0.023,4.72546258863884e-46,"4","sfcA-5"
5.72238899395199e-50,0.193631126332791,0.046,0.017,1.24181563557752e-45,"4","lysS-1"
5.94977893706479e-50,0.103548190555032,0.058,0.023,1.29116152713243e-45,"4","rssA-4"
6.93566574781254e-50,0.307423737660502,0.047,0.017,1.5051088239328e-45,"4","yecJ-2"
7.26669932564207e-50,0.718479663928198,0.032,0.009,1.57694642065759e-45,"4","otsA-4"
7.97472144668641e-50,-0.130209718673536,0.062,0.026,1.73059430114542e-45,"4","ptsN-2"
1.81479985005131e-49,0.34751665380175,0.058,0.024,3.93829715459635e-45,"4","yeaQ-5"
3.44688576977415e-49,0.155088914964987,0.055,0.022,7.48008680898689e-45,"4","kdsD-1"
5.02593125226536e-49,-0.206260227569755,0.106,0.054,1.09067734105411e-44,"4","yebA-2"
6.53735551520948e-49,0.422385259474797,0.038,0.013,1.41867152035561e-44,"4","yceB-5"
7.04967787278926e-49,0.186362835198077,0.052,0.021,1.529850595174e-44,"4","prc-1"
1.10649402847065e-48,1.03573970407537,0.02,0.004,2.40120269118416e-44,"4","chaA-4"
1.2018715114347e-48,-0.413606499569058,0.217,0.129,2.60818136696445e-44,"4","yhhQ-4"
3.00789262831436e-48,0.529753105016736,0.038,0.012,6.52742779270498e-44,"4","yhbN-4"
3.30304916098087e-48,0.959779491305143,0.021,0.004,7.16794698424459e-44,"4","ygdI-2"
3.80180546102518e-48,0.325387881372852,0.042,0.015,8.25029803097074e-44,"4","tpiA-3"
6.76799730781094e-48,0.162664288774936,0.053,0.021,1.46872309576805e-43,"4","avtA-2"
3.49419614237516e-47,0.169718360649163,0.056,0.023,7.58275504856833e-43,"4","rnb-1"
5.35663469348145e-47,0.191822689613574,0.048,0.018,1.16244329483241e-42,"4","yfbQ-3"
6.1413748813764e-47,0.281647253843346,0.039,0.014,1.33273976300749e-42,"4","dacB-2"
1.11957274333244e-46,0.385095490291046,0.038,0.013,2.42958481030572e-42,"4","proS-4"
2.05580255339878e-46,0.647479893064708,0.029,0.008,4.46129712113069e-42,"4","mrdA-4"
2.24405151208274e-46,0.561740090570881,0.038,0.013,4.86981618637075e-42,"4","tyrP-1"
2.34827631285954e-46,0.795384084853222,0.028,0.008,5.09599442653648e-42,"4","cysS-4"
3.37630145952973e-46,0.129271595377696,0.061,0.026,7.32691179732548e-42,"4","yeeY-5"
3.82095228188497e-46,0.477299140036265,0.038,0.013,8.29184854691857e-42,"4","trkH-4"
4.02196893176207e-46,-0.110363349010317,0.067,0.03,8.72807477881687e-42,"4","grxA-4"
5.47851955393521e-46,0.641118075490264,0.025,0.007,1.18889352839948e-41,"4","yciC-4"
7.36223186291547e-46,0.365868446585249,0.039,0.014,1.59767793657129e-41,"4","ygeR-2"
1.36722949410126e-45,-0.204029323459955,0.059,0.025,2.96702472514914e-41,"4","nhaB-4"
1.50167526501871e-45,-0.135621105744801,0.078,0.037,3.2587854926171e-41,"4","yjgP-4"
1.69553831315357e-45,0.158879643634406,0.043,0.016,3.67948769337457e-41,"4","lrp-2"
3.0200797136838e-45,0.387777471037589,0.038,0.013,6.5538749866652e-41,"4","nagK-2"
3.33536514080913e-45,-0.559730761969779,0.155,0.088,7.2380758920699e-41,"4","cspA-3"
3.33888634756934e-45,0.14386303142081,0.048,0.019,7.24571726286023e-41,"4","ribE-3"
3.4619492809324e-45,0.339771096101147,0.038,0.013,7.51277613455141e-41,"4","nhaA-1"
3.82620887868503e-45,-0.199987637960893,0.065,0.029,8.30325588763437e-41,"4","secD-3"
4.04244708597817e-45,-0.550001704331633,0.131,0.072,8.77251442128122e-41,"4","rplC-3"
4.82421246359498e-45,-0.518162912117053,0.156,0.089,1.04690234672475e-40,"4","lpxC-2"
5.18406476729227e-45,-0.125168791683365,0.076,0.036,1.12499389515009e-40,"4","uvrB-5"
5.4907166463365e-45,0.419841908832688,0.032,0.01,1.19154041942148e-40,"4","lpxL-1"
9.21788530391877e-45,0.656001573589532,0.03,0.009,2.00037328980341e-40,"4","ydgA-3"
1.09900580361258e-44,-0.42991277898002,0.094,0.048,2.38495249441966e-40,"4","fabZ-2"
2.44621154350131e-44,-0.177572174640141,0.077,0.037,5.3085236705522e-40,"4","yefM-3"
3.58326090841141e-44,0.210261364669001,0.041,0.015,7.77603449734361e-40,"4","aroE-3"
3.65187340865029e-44,0.734350255206423,0.035,0.012,7.924930484112e-40,"4","yohL-6"
3.85785743308045e-44,0.496701578006479,0.026,0.007,8.37193641552787e-40,"4","ybbN-3"
4.42712556155033e-44,-0.585638550404876,0.13,0.071,9.60730518112037e-40,"4","rplD-2"
5.66185384277042e-44,0.692572037443131,0.027,0.008,1.22867890241961e-39,"4","ydiJ-4"
1.14934959245688e-43,0.464688748775933,0.042,0.016,2.49420355059067e-39,"4","hspQ-4"
2.25349953847884e-43,0.270699519346752,0.043,0.016,4.89031934845294e-39,"4","ftsX-2"
2.8441526582329e-43,0.164156523204312,0.042,0.016,6.17209568363121e-39,"4","evgA-4"
5.32899646856027e-43,0.705043671221885,0.021,0.005,1.15644552364226e-38,"4","dapD-1"
7.0905966471664e-43,-0.256368474759092,0.095,0.049,1.53873037840158e-38,"4","znuA-2"
9.76567763943556e-43,-0.263437011961842,0.089,0.045,2.11924970453391e-38,"4","mioC-3"
1.44114572964802e-42,0.306656447901624,0.045,0.018,3.12743034790918e-38,"4","secB-4"
3.50553953440799e-42,0.434181671840574,0.035,0.012,7.60737134361878e-38,"4","ybiR-2"
6.71222729592064e-42,0.111325757277488,0.044,0.017,1.45662044548774e-37,"4","recA-5"
7.87218629947093e-42,0.806914327912899,0.022,0.006,1.70834314884819e-37,"4","nadK-4"
1.34612286001729e-41,0.358243220661632,0.03,0.009,2.92122121852352e-37,"4","yhcB-1"
1.40070453836179e-41,0.379438112195756,0.037,0.013,3.03966891869891e-37,"4","yheM-1"
3.03103761228125e-41,0.213310899470241,0.04,0.015,6.57765472241154e-37,"4","hrpA-5"
3.14341157636013e-41,0.843715134251949,0.02,0.005,6.82151746185911e-37,"4","bcsG-1"
3.37123982104592e-41,0.2788603442038,0.04,0.015,7.31592753565174e-37,"4","ribF-3"
3.79997640988443e-41,0.294259538631325,0.041,0.015,8.2463288070902e-37,"4","gshB-5"
4.85837420629411e-41,-0.440685181599638,0.099,0.052,1.05431578650788e-36,"4","rplO-1"
6.30360681668647e-41,0.145026368319235,0.043,0.017,1.36794571528913e-36,"4","fadR-2"
6.77840879922147e-41,-0.266699903902651,0.086,0.044,1.47098249351905e-36,"4","imp-4"
6.81013675431944e-41,0.560611359878758,0.029,0.009,1.47786777705486e-36,"4","cydA-1"
7.20408692525345e-41,0.219180279037186,0.04,0.015,1.56335890364925e-36,"4","cmk-1"
7.60266052430708e-41,0.732093474575719,0.025,0.007,1.64985336037988e-36,"4","tyrB-5"
1.23367147518747e-40,0.387119770722754,0.036,0.013,2.67719046830433e-36,"4","mazG-1"
1.30911194070822e-40,-0.218278167918193,0.061,0.028,2.8409038225309e-36,"4","racR-4"
1.80394662640968e-40,0.332262420077205,0.037,0.013,3.91474457397164e-36,"4","talA-5"
2.0587683397511e-40,-0.20470474168482,0.055,0.024,4.46773317409385e-36,"4","fkpA-1"
2.07279580812298e-40,0.29913456834918,0.032,0.011,4.49817418320767e-36,"4","ybiV-3"
2.1324218232631e-40,0.451224728453065,0.032,0.011,4.62756859866325e-36,"4","yhjK-1"
2.92209864308507e-40,0.305757694791131,0.039,0.015,6.3412462653589e-36,"4","sdhB-3"
3.41042399209934e-40,0.610111414407494,0.027,0.008,7.40096110525479e-36,"4","yjgF-1"
4.07531116724839e-40,-0.217305500245053,0.07,0.034,8.84383276404573e-36,"4","potA-3"
6.00579181466999e-40,0.727772607852678,0.027,0.008,1.30331688170153e-35,"4","ydaF-2"
8.14309577379685e-40,0.487070085720312,0.032,0.011,1.76713321387165e-35,"4","ygjG-1"
1.99077834638184e-39,-0.312242325841062,0.621,0.383,4.32018808948322e-35,"4","rplL-3"
2.03762224068328e-39,-0.233345512973267,0.052,0.022,4.42184402450678e-35,"4","yfiR-3"
2.41537624659858e-39,0.741916870357658,0.024,0.007,5.24160799274359e-35,"4","exoX-3"
2.82089272312367e-39,0.195119626484148,0.036,0.013,6.12161929845068e-35,"4","speD-1"
3.18712142379822e-39,0.181546508890775,0.042,0.017,6.91637220178452e-35,"4","miaA-1"
5.07512275776538e-39,0.550469751392248,0.024,0.007,1.10135238966267e-34,"4","yceF-5"
5.57464665814e-39,0.576839132014932,0.032,0.011,1.20975407128296e-34,"4","rssB-2"
5.61698188627521e-39,-0.159371451129854,0.051,0.022,1.21894123914058e-34,"4","ybeB-4"
6.35126865849511e-39,0.39428338459111,0.027,0.008,1.37828881158002e-34,"4","ygdQ-1"
6.37407490362053e-39,0.516495622537417,0.024,0.007,1.38323799483469e-34,"4","ybhK-3"
8.26234398521422e-39,1.01842818031283,0.018,0.004,1.79301126823134e-34,"4","ycgL-1"
9.4491803105172e-39,-0.126786416508816,0.079,0.04,2.05056661918534e-34,"4","sufB-3"
9.74725149864316e-39,0.848968952443614,0.017,0.004,2.11525104772055e-34,"4","pheA-2"
1.73886590652393e-38,0.33631084122496,0.042,0.016,3.77351290374758e-34,"4","ydhJ-3"
3.05163734574484e-38,0.184079526892638,0.038,0.015,6.62235820400087e-34,"4","rpe-4"
3.20836139959015e-38,0.253132136564222,0.027,0.008,6.96246507325059e-34,"4","yfdH-4"
3.21509459692968e-38,0.302826505172283,0.031,0.01,6.9770767847971e-34,"4","ubiG-1"
5.64724414826896e-38,0.293062674022003,0.033,0.012,1.22550845261585e-33,"4","ydhC-3"
5.95606803191178e-38,0.35312114464409,0.038,0.014,1.29252632360518e-33,"4","apaG-5"
7.19128577783298e-38,0.119630953844842,0.036,0.013,1.56058092664754e-33,"4","intF-5"
9.40369269174599e-38,0.185014206464382,0.033,0.012,2.0406953510358e-33,"4","yecA-3"
1.06446572515906e-37,0.161666431665943,0.046,0.019,2.30999707016768e-33,"4","ileS-1"
1.14953183401772e-37,0.289450871860732,0.035,0.013,2.49459903300185e-33,"4","sohB-3"
1.30143211036443e-37,0.737988306518862,0.022,0.006,2.82423782270184e-33,"4","yidA-5"
1.5018628139387e-37,0.318353611064095,0.025,0.008,3.25919249252836e-33,"4","rrmA-1"
1.53778660891643e-37,-0.180549277156126,0.064,0.031,3.33715072000955e-33,"4","yjgQ-2"
1.73082740996648e-37,0.271591964972771,0.037,0.014,3.75606856236826e-33,"4","yejK-5"
2.34862557966458e-37,-0.429177693554102,0.072,0.036,5.09675237043011e-33,"4","secY-2"
3.76394459420397e-37,0.288484166632249,0.034,0.012,8.16813616388205e-33,"4","ybjN-5"
5.19757616485499e-37,-0.108482171969682,0.058,0.027,1.12792600353518e-32,"4","yfjN-5"
5.90144173538286e-37,-0.175371866247918,0.066,0.032,1.28067187099543e-32,"4","thiI-2"
7.68826343334214e-37,0.626024102255258,0.023,0.007,1.66843004766958e-32,"4","yfgD-4"
9.16808258248779e-37,-0.351012655592051,0.077,0.039,1.98956560122567e-32,"4","hscB-5"
9.52834806325138e-37,0.626526134300379,0.024,0.007,2.06774681320618e-32,"4","pgpA-2"
9.67166534518254e-37,0.195711526783776,0.035,0.013,2.09884809655806e-32,"4","aaeB-1"
1.09533518759798e-36,0.11741544145388,0.038,0.015,2.37698689060638e-32,"4","yrdD-1"
1.21078633078917e-36,0.585424746896101,0.025,0.008,2.62752741644557e-32,"4","sgrR-1"
1.40798520114181e-36,0.619447033647787,0.019,0.005,3.05546868499784e-32,"4","rfaG-4"
2.2950851067741e-36,0.21614118379364,0.029,0.01,4.98056419021048e-32,"4","yeaK-5"
2.4648370781752e-36,0.242968539851386,0.037,0.014,5.348942943348e-32,"4","gpp-1"
2.61658873202196e-36,0.419262317750963,0.031,0.011,5.67825920736085e-32,"4","nfnB-4"
3.29057515904518e-36,0.792293068559052,0.017,0.004,7.14087715264395e-32,"4","proX-4"
3.83997561105835e-36,0.187775270196331,0.03,0.01,8.33313107355772e-32,"4","ycdY-3"
4.52934389290353e-36,-0.641283478301021,0.254,0.16,9.82912918198995e-32,"4","rplE-3"
5.81407526563378e-36,0.647357000142634,0.027,0.009,1.26171247339519e-31,"4","dctA-4"
7.11514747717797e-36,0.832843154451873,0.021,0.006,1.54405815402239e-31,"4","hda-2"
7.34717173423736e-36,0.143150415221818,0.04,0.016,1.59440973804685e-31,"4","proA-3"
9.77061713729286e-36,0.3073547161735,0.027,0.009,2.12032162496392e-31,"4","insI-1-1"
1.25498318054756e-35,0.444651532300468,0.025,0.008,2.72343900010627e-31,"4","btuB-2"
1.27162557231369e-35,0.96877574692812,0.019,0.005,2.75955465447795e-31,"4","ydiZ-5"
1.60081225184254e-35,0.423619449242125,0.028,0.009,3.4739226677235e-31,"4","hpt-3"
1.65088236071215e-35,-0.653550098014907,0.189,0.117,3.58257981098144e-31,"4","rplF-3"
3.5917360338849e-35,0.81986329344993,0.015,0.003,7.79442636713362e-31,"4","yfgH-5"
4.31907763268149e-35,0.258245032826992,0.034,0.013,9.3728303706821e-31,"4","pdxB-5"
4.90530186274995e-35,0.365157426747124,0.03,0.011,1.06449955723537e-30,"4","dmsD-1"
6.72125937239699e-35,-0.217585497761363,0.051,0.023,1.45858049640387e-30,"4","fdx-2"
7.48128005477652e-35,-0.296057327803676,0.078,0.041,1.62351258468705e-30,"4","def-2"
7.67468834878544e-35,-2.42246808949943,0.019,0.056,1.66548411856993e-30,"4","aroF-1"
7.68632338707908e-35,-0.127437286617334,0.045,0.019,1.66800903823003e-30,"4","oppD-3"
8.16849546420822e-35,0.710731472948621,0.019,0.005,1.77264520068783e-30,"4","ychF-1"
8.42981948369752e-35,-0.694346377204087,0.215,0.135,1.8293551261572e-30,"4","rpsK-2"
9.03610527352675e-35,-0.681355120015874,0.171,0.105,1.96092520540804e-30,"4","rplX-1"
9.94994426134588e-35,0.391063594372106,0.026,0.009,2.15923740415467e-30,"4","rfbB-2"
1.25095993944868e-34,0.163374455949477,0.033,0.012,2.71470816459758e-30,"4","znuC-4"
1.45035793546327e-34,-0.480302371886069,0.1,0.055,3.14742175574885e-30,"4","yfjO-5"
1.46721792289629e-34,0.188323379834659,0.036,0.014,3.18400961447723e-30,"4","accD-3"
1.77086390267354e-34,0.658916673725061,0.021,0.006,3.84295175519185e-30,"4","thrA-3"
1.93573535590918e-34,0.253413035404042,0.032,0.012,4.2007392958585e-30,"4","ubiC-4"
2.50138937881143e-34,-0.463398867011755,0.132,0.079,5.42826509095868e-30,"4","mntH-3"
2.55229754210363e-34,0.47105625317574,0.025,0.008,5.53874089611909e-30,"4","narX-5"
2.95293162704231e-34,0.222594290482283,0.038,0.016,6.40815692384452e-30,"4","frmA-3"
4.77390506021214e-34,0.418240805306327,0.028,0.009,1.03598513711664e-29,"4","trpS-4"
5.04676653989191e-34,0.167661517733855,0.029,0.01,1.09519880682194e-29,"4","zntR-6"
5.07801249297189e-34,0.359599066817568,0.024,0.008,1.10197949109983e-29,"4","mutS-5"
5.10620698757857e-34,0.342704930351215,0.029,0.01,1.10809797837442e-29,"4","rhtC-5"
7.23951914594855e-34,0.642568558372535,0.021,0.006,1.57104804986229e-29,"4","yhgF-4"
8.7716230122312e-34,0.614088898523128,0.024,0.007,1.90352990988429e-29,"4","yejH-3"
1.5261927088684e-33,-0.261020212578756,0.058,0.028,3.31199079751532e-29,"4","fabG-1"
1.59800171199402e-33,-0.18817465044711,0.062,0.031,3.46782351519822e-29,"4","glnL-3"
1.62618849121926e-33,0.285313081945407,0.036,0.015,3.52899164479493e-29,"4","cycA-4"
1.68995178733134e-33,0.641504073952033,0.021,0.006,3.66736437368775e-29,"4","yfdG-4"
1.9188956256182e-33,0.156176715705124,0.033,0.012,4.16419539715404e-29,"4","hisJ-2"
2.3142789445523e-33,0.138026674671553,0.039,0.016,5.02221673757294e-29,"4","yrbD-6"
2.57761818687171e-33,0.539218435244272,0.026,0.009,5.5936892273303e-29,"4","yjaG-5"
2.88168858240468e-33,0.498855193371135,0.022,0.007,6.2535523926764e-29,"4","glyS-3"
2.94644885005453e-33,0.220304365609318,0.032,0.012,6.39408864950333e-29,"4","chaC-1"
3.05476844233555e-33,0.259865427025523,0.028,0.01,6.62915299671237e-29,"4","rsmC-4"
3.29001932416223e-33,0.334464998404591,0.027,0.009,7.13967093536445e-29,"4","diaA-4"
3.53631779465833e-33,0.7560601170862,0.02,0.006,7.67416324618805e-29,"4","dcuA-4"
4.03302008502289e-33,0.602663496993944,0.021,0.006,8.75205688650817e-29,"4","yjbD-5"
5.06616664474451e-33,0.70102085641703,0.021,0.006,1.09940882357601e-28,"4","ytfE-2"
5.59803104333909e-33,-0.223768228348089,0.052,0.024,1.21482871671502e-28,"4","tktA-4"
6.15199006241661e-33,0.272945205050124,0.03,0.011,1.33504336344503e-28,"4","arcB-2"
6.44247446152115e-33,-0.439130974812446,0.078,0.041,1.3980813828947e-28,"4","ispU-3"
8.72685619641158e-33,0.253611020968017,0.03,0.011,1.89381506318328e-28,"4","ydcP-3"
1.18185219128965e-32,0.178869580253656,0.037,0.015,2.56473744031767e-28,"4","nlpE-5"
1.40548652108384e-32,0.614169854051331,0.023,0.007,3.05004629940405e-28,"4","kefG-5"
1.4576880720094e-32,0.819821125362122,0.016,0.004,3.16332888506759e-28,"4","yagN-3"
1.51532460615779e-32,0.547428822978525,0.02,0.006,3.28840592782302e-28,"4","intD-2"
1.70612803364139e-32,0.580043314892226,0.022,0.007,3.70246844580519e-28,"4","ymdC-3"
1.7983672514561e-32,0.692827412302167,0.018,0.005,3.90263677238488e-28,"4","yebS-3"
2.32149515221484e-32,0.562754561682225,0.025,0.008,5.03787662982142e-28,"4","amn-3"
2.96752616841678e-32,0.31020363983076,0.026,0.009,6.43982853808126e-28,"4","yjtD-2"
3.41008578111566e-32,0.401990701839576,0.026,0.009,7.40022715359909e-28,"4","pgsA-1"
4.6889317201857e-32,0.114601288347835,0.038,0.016,1.0175450725975e-27,"4","yiaF-3"
5.39071664374485e-32,0.436344350723054,0.026,0.009,1.16983941885907e-27,"4","yebF-3"
6.1306494556638e-32,0.283249608306794,0.028,0.01,1.3304122383736e-27,"4","yfhL-1"
6.41448336291838e-32,0.642644055099201,0.018,0.005,1.39200703458692e-27,"4","yedE-1"
6.58331573652271e-32,-0.463636476801955,0.094,0.053,1.42864534798279e-27,"4","yhaV-1"
8.6750108148942e-32,0.718450658135832,0.02,0.006,1.88256409694019e-27,"4","metK-1"
9.96446624618385e-32,-0.473760425320872,0.096,0.054,2.16238882008436e-27,"4","msbA-4"
1.0957349382258e-31,-0.176043895312819,0.047,0.021,2.3778543894438e-27,"4","emrA-1"
1.30122387030909e-31,0.252383366702641,0.022,0.007,2.82378592095775e-27,"4","ypfG-3"
1.83077799118835e-31,-0.157370549208558,0.042,0.018,3.97297131867784e-27,"4","mipA-1"
1.92384623059894e-31,-0.290413529791783,0.068,0.036,4.17493870502276e-27,"4","yejG-5"
2.73023033265723e-31,-0.729802404235341,0.183,0.115,5.92487284489946e-27,"4","obgE-4"
3.07494476579037e-31,0.545464409292758,0.021,0.006,6.67293763624168e-27,"4","sstT-1"
3.41576562183175e-31,0.422505124337994,0.025,0.008,7.41255297593708e-27,"4","iap-1"
3.97801714017821e-31,0.356106769815203,0.029,0.011,8.63269499590074e-27,"4","cho-3"
4.32525015365616e-31,0.18546171077521,0.032,0.012,9.38622535844923e-27,"4","ydcL-4"
5.53419741199328e-31,0.150966074637396,0.035,0.014,1.20097618037666e-26,"4","tktB-2"
5.63395297467634e-31,0.321191429258696,0.023,0.008,1.22262413503451e-26,"4","yobA-1"
6.21835659212229e-31,0.254050347974883,0.031,0.012,1.34944556405646e-26,"4","nagZ-1"
7.41297481655118e-31,-0.104096949117608,0.047,0.022,1.60868966493977e-26,"4","nuoA-3"
8.72411704557899e-31,0.388253218240598,0.027,0.01,1.8932206400611e-26,"4","yggL-5"
9.41524780112435e-31,-0.416072610170859,0.069,0.036,2.043202925322e-26,"4","yfgB-2"
9.57443233016102e-31,0.148537434399347,0.031,0.012,2.07774755996824e-26,"4","ymcC-4"
1.10688109666004e-30,-0.103873690225736,0.037,0.015,2.40204266786195e-26,"4","yecP-1"
1.15045350747925e-30,-0.377481057830657,0.057,0.028,2.49659915658073e-26,"4","rpsU-3"
1.20629691548332e-30,0.217795880479035,0.03,0.011,2.61778493629035e-26,"4","nagD-4"
1.22123654367277e-30,0.260463998842182,0.028,0.01,2.65020542342427e-26,"4","ydhK-4"
1.3048770105362e-30,0.241031244678296,0.03,0.011,2.83171360056461e-26,"4","dam-4"
1.37497938568041e-30,0.138850642709811,0.028,0.01,2.98384276486506e-26,"4","yrfG-3"
1.57944618938313e-30,0.342466966788354,0.025,0.009,3.42755617558032e-26,"4","bcp-2"
1.61874855539152e-30,0.137604224051121,0.033,0.013,3.51284624005514e-26,"4","yrbG-4"
2.00169130085369e-30,0.351431983202767,0.027,0.01,4.34387029198258e-26,"4","lolC-3"
2.19888869777329e-30,0.173281379863354,0.027,0.01,4.77180836303781e-26,"4","moeA-3"
2.38645852199364e-30,0.271646262731873,0.029,0.011,5.1788536385784e-26,"4","yebY-2"
2.61827218216696e-30,0.876226133378417,0.015,0.004,5.68191246252052e-26,"4","yfbR-3"
2.67701370683553e-30,0.271859726697089,0.026,0.009,5.80938744520378e-26,"4","ddlA-4"
2.72021202759858e-30,1.37828886662768,0.013,0.003,5.90313212109167e-26,"4","ygaV-2"
3.35358055592557e-30,0.463412981932854,0.02,0.006,7.27760516441409e-26,"4","ghrB-3"
3.85062624098029e-30,-0.118650147679267,0.042,0.019,8.35624400555133e-26,"4","der-3"
4.13203166010755e-30,0.527938715908175,0.019,0.006,8.96692190559939e-26,"4","yqeG-2"
6.81957244633994e-30,0.300273533233554,0.022,0.007,1.47991541658023e-25,"4","gmhB-5"
6.98572713012129e-30,0.202977633042096,0.04,0.018,1.51597264450762e-25,"4","fbaB-1"
9.98789636968105e-30,0.678249390472606,0.019,0.006,2.16747339118448e-25,"4","nudJ-1"
1.00284586434336e-29,0.340406843044373,0.032,0.013,2.17627581021152e-25,"4","yajQ-2"
1.61856983044954e-29,0.115016358520974,0.03,0.012,3.51245838905854e-25,"4","yjhU-1"
2.20732706137106e-29,0.41585995557617,0.02,0.006,4.79012045588134e-25,"4","ybaT-4"
2.29511451089498e-29,0.123912262594923,0.035,0.015,4.98062800009319e-25,"4","potD-5"
2.32048534661947e-29,-0.130749468602371,0.041,0.018,5.0356852506989e-25,"4","ruvB-4"
2.73653405414513e-29,0.404347394459157,0.02,0.006,5.93855255090034e-25,"4","ribC-4"
3.17268489852571e-29,-0.757417758510481,0.189,0.121,6.88504349829065e-25,"4","fis-1"
3.48814228179114e-29,0.5122934847815,0.022,0.007,7.56961756571496e-25,"4","mnmC-1"
3.8201510914267e-29,-0.150493421991406,0.042,0.019,8.29010988350509e-25,"4","ycbL-3"
4.16473498457694e-29,0.401733925401355,0.023,0.008,9.03789139003041e-25,"4","gcvR-1"
4.30574690459539e-29,0.596126350064698,0.017,0.005,9.34390135766245e-25,"4","ycdX-3"
4.58152354727727e-29,0.46097661392544,0.02,0.006,9.94236424994641e-25,"4","yhjV-3"
4.81705880661968e-29,0.17983931939529,0.027,0.01,1.04534993162454e-24,"4","ydhS-1"
4.89540038035297e-29,-0.169848395412235,0.041,0.018,1.0623508365404e-24,"4","yebG-4"
5.4274229053385e-29,0.303794912846197,0.022,0.007,1.17780504468751e-24,"4","purL-2"
5.67571459209464e-29,0.416835824623936,0.025,0.009,1.23168682363046e-24,"4","ymgA-2"
6.29170018353037e-29,-0.492628967573714,0.065,0.034,1.36536185682793e-24,"4","cdsA-1"
6.48079107544964e-29,0.135985301355612,0.029,0.011,1.40639647128333e-24,"4","nuoB-1"
7.53875878915558e-29,0.375880236043802,0.023,0.008,1.63598604483465e-24,"4","gpsA-1"
1.12723866679755e-28,-0.188035739490709,0.042,0.019,2.44622063081736e-24,"4","rlmL-3"
1.21301644399033e-28,0.423671820916205,0.019,0.006,2.63236698510342e-24,"4","truC-3"
1.21398496863342e-28,0.382582178417125,0.024,0.008,2.63446878043139e-24,"4","panE-3"
1.23674298666796e-28,0.494853436438772,0.025,0.009,2.68385595536813e-24,"4","vsr-2"
1.2382187961228e-28,0.453453638148814,0.023,0.008,2.68705860946608e-24,"4","yzcX-1"
1.33548277597416e-28,0.390636708501767,0.021,0.007,2.89813117214152e-24,"4","yejO-5"
1.52994579638855e-28,0.212441661264201,0.031,0.012,3.32013537274279e-24,"4","glpK-3"
1.53305204762605e-28,-0.29287241519278,0.045,0.021,3.32687624855328e-24,"4","rpsF-5"
1.79502517037646e-28,0.847765972611745,0.014,0.003,3.89538412223395e-24,"4","ycgG-1"
2.60507272018165e-28,0.654914928090383,0.017,0.005,5.65326831006621e-24,"4","htpX-5"
2.97074371832151e-28,0.264129285824542,0.027,0.01,6.44681094312951e-24,"4","pldB-5"
3.0365309414155e-28,0.244124488619403,0.032,0.013,6.58957579596578e-24,"4","betA-5"
3.16722965007708e-28,0.285636191948055,0.029,0.011,6.87320506363228e-24,"4","nuoF-1"
3.45432498857099e-28,0.206499783557715,0.023,0.008,7.49623065769791e-24,"4","dcd-4"
3.57973843402911e-28,0.301558947417359,0.028,0.01,7.76839037568656e-24,"4","yebT-1"
4.12533126258135e-28,0.413840215745017,0.025,0.009,8.95238137292779e-24,"4","dcyD-5"
4.97841061780426e-28,-0.224133415128981,0.04,0.018,1.0803648881697e-23,"4","yegW-3"
5.00851317186289e-28,0.35204722836026,0.024,0.009,1.08689744342597e-23,"4","pntB-2"
5.05201051354829e-28,0.124423064907202,0.026,0.01,1.09633680154511e-23,"4","arsB-2"
5.18405708916297e-28,0.524332782886996,0.021,0.007,1.12499222891926e-23,"4","yhcM-3"
6.0531202262327e-28,0.767553559505526,0.017,0.005,1.31358762029476e-23,"4","bglX-5"
6.3459971818635e-28,0.562843528790116,0.015,0.004,1.3771448484362e-23,"4","yeaD-2"
6.44057257437646e-28,-0.358470719841625,0.056,0.029,1.39766865436544e-23,"4","yjjG-5"
6.52585518361185e-28,0.402818638090819,0.022,0.007,1.41617583339561e-23,"4","mnmA-5"
6.84130022677942e-28,0.568213218101701,0.02,0.006,1.4846305622134e-23,"4","ycdW-4"
1.08149255921792e-27,0.423643616631127,0.027,0.01,2.34694700275881e-23,"4","sra-5"
1.11711193840957e-27,0.102826613821676,0.029,0.012,2.42424461754261e-23,"4","cydD-2"
1.54598164927437e-27,-0.253846788286141,0.034,0.014,3.3549347770903e-23,"4","yeeF-3"
1.58542610946981e-27,0.325477646266344,0.022,0.007,3.44053320016044e-23,"4","modB-3"
1.59087214021663e-27,-0.107351505227433,0.039,0.017,3.45235163148411e-23,"4","fieF-3"
1.81879774027142e-27,-0.282358381857981,0.036,0.016,3.946972976163e-23,"4","rem-3"
1.83867836158679e-27,0.630540217393997,0.017,0.005,3.99011591247949e-23,"4","pykA-2"
1.8452963294814e-27,-0.110496841588705,0.03,0.012,4.00447756460758e-23,"4","rbsK-3"
1.88452387039102e-27,0.240651793625789,0.02,0.006,4.08960525113554e-23,"4","yiiD-2"
1.9330044098929e-27,0.347102568240625,0.022,0.008,4.19481286990859e-23,"4","potF-1"
2.02246342756107e-27,0.487164283769283,0.019,0.006,4.38894788415028e-23,"4","araF-4"
2.12689713283447e-27,0.198814366786113,0.022,0.008,4.61557946796408e-23,"4","yggS-5"
2.60402931272129e-27,0.57653720024139,0.016,0.005,5.65100401153646e-23,"4","sbcC-2"
2.8873346685121e-27,0.634747925750736,0.017,0.005,6.26580496413812e-23,"4","yibT-1"
3.56241132288478e-27,0.431801006022752,0.018,0.006,7.73078881179227e-23,"4","gadB-3"
3.75100942321791e-27,0.508663446476143,0.017,0.005,8.14006554932518e-23,"4","tdh-3"
4.38594966633564e-27,0.951718272276895,0.012,0.003,9.51794937091498e-23,"4","idi-5"
4.49227373427334e-27,0.168277365195667,0.034,0.014,9.74868323074658e-23,"4","ycfQ-5"
5.46921778226269e-27,0.853018319890303,0.013,0.003,1.18687495092883e-22,"4","ymgC-3"
5.73124934593528e-27,0.391246937396158,0.023,0.008,1.24373842056142e-22,"4","glgB-5"
5.75882310197122e-27,0.69878102784208,0.016,0.004,1.24972220135877e-22,"4","mppA-1"
7.40876961566613e-27,0.128225274997883,0.025,0.009,1.60777709429571e-22,"4","minC-2"
7.56564274181624e-27,0.836516098881659,0.016,0.005,1.64182013140154e-22,"4","dsbG-3"
1.00159990421513e-26,0.825787300701962,0.019,0.006,2.17357195213726e-22,"4","yihA-2"
1.05252632619239e-26,-0.257025515158869,0.035,0.015,2.2840873804701e-22,"4","yrfF-4"
1.05795225788628e-26,0.230045163051174,0.033,0.014,2.29586219483902e-22,"4","katE-2"
1.41538604806782e-26,0.188616021318762,0.02,0.006,3.07152926291197e-22,"4","yjfO-5"
1.48495605090187e-26,0.679595758644506,0.016,0.004,3.22250312606214e-22,"4","yhiP-2"
1.68595999682156e-26,0.170085596506514,0.028,0.011,3.65870178910247e-22,"4","ygiQ-4"
1.74874419362102e-26,0.353740910025532,0.025,0.009,3.79494977457697e-22,"4","ydiY-1"
1.88598394312935e-26,0.580757677373686,0.016,0.005,4.092773754985e-22,"4","yjgL-4"
2.0008335844756e-26,0.240164901269585,0.032,0.014,4.34200896167051e-22,"4","sdaA-5"
2.83827880275687e-26,0.723058844487871,0.015,0.004,6.15934882986267e-22,"4","fpr-2"
3.08757744478158e-26,0.396949516400683,0.014,0.004,6.70035181292051e-22,"4","ulaG-5"
3.17504428553186e-26,0.352189885147221,0.022,0.008,6.89016360403268e-22,"4","hemG-3"
3.5589138738471e-26,0.516988146102624,0.022,0.008,7.7231989976356e-22,"4","ylaB-4"
3.99015583752498e-26,-0.159475801683155,0.046,0.022,8.65903718301295e-22,"4","birA-1"
4.31490387203338e-26,0.451395516864453,0.017,0.005,9.36377289269965e-22,"4","yajL-2"
4.31983586456094e-26,0.356862410726948,0.025,0.009,9.3744758096837e-22,"4","ydgK-1"
4.58050679009184e-26,-0.688082741411991,0.099,0.059,9.94015778517831e-22,"4","oppA-3"
4.79392958196262e-26,0.46154433335286,0.021,0.007,1.04033065858171e-21,"4","ycfL-1"
5.66787110432908e-26,0.14499327184333,0.027,0.01,1.22998470835045e-21,"4","trmA-2"
6.86667070436535e-26,0.646960751845788,0.017,0.005,1.49013620955432e-21,"4","hdfR-2"
6.91387469170068e-26,0.414488076974498,0.022,0.008,1.50037994684596e-21,"4","yohM-6"
7.66637757247814e-26,-0.102200026198251,0.032,0.014,1.66368059700348e-21,"4","yhdL-5"
1.15030130840645e-25,0.183436922113836,0.027,0.011,2.49626886937284e-21,"4","ftsB-4"
1.17292084623712e-25,0.25165614025258,0.025,0.01,2.54535552841917e-21,"4","dsbB-1"
1.19138146161413e-25,0.422250739184043,0.019,0.006,2.58541690984883e-21,"4","yadI-1"
1.71527967463685e-25,0.112324479401305,0.023,0.008,3.72232842192943e-21,"4","hpf-2"
2.34535228208085e-25,0.586523842918597,0.012,0.003,5.08964898734364e-21,"4","yjeM-4"
3.77234481592668e-25,0.208897279865374,0.022,0.008,8.18636548504248e-21,"4","uspA-1"
4.41098901270391e-25,0.223291059994285,0.024,0.009,9.57228725646875e-21,"4","ychO-5"
5.0453331127133e-25,-0.613764801893601,0.417,0.274,1.09488773878991e-20,"4","nlpI-3"
5.30645891055865e-25,0.420256788068931,0.016,0.005,1.15155464818033e-20,"4","yibD-3"
5.48042280503914e-25,-0.328252961625049,0.04,0.019,1.18930655292154e-20,"4","ymjA-2"
5.50727058817708e-25,0.641965904147489,0.019,0.006,1.19513279034031e-20,"4","artQ-5"
6.03319271849683e-25,0.105284212030274,0.028,0.011,1.309263151841e-20,"4","degP-2"
6.04175556129247e-25,0.201513165396256,0.026,0.01,1.31112137435608e-20,"4","ubiB-1"
6.07548818830275e-25,0.755511184889208,0.015,0.004,1.31844169174358e-20,"4","yebO-3"
6.10563887525997e-25,-0.384334466978304,0.039,0.018,1.32498469232017e-20,"4","yhbC-5"
6.82214869868455e-25,-0.236746208050693,0.041,0.02,1.48047448910153e-20,"4","pncB-4"
6.95372188432624e-25,0.386837511790492,0.018,0.006,1.50902718611764e-20,"4","cysZ-3"
7.88567902233894e-25,-0.34506455705047,0.046,0.023,1.71127120463777e-20,"4","oppB-4"
9.37686232691632e-25,0.12978570129493,0.028,0.011,2.03487289356411e-20,"4","ydbA-12"
1.27969579833211e-24,0.1126868758647,0.026,0.01,2.77706785196052e-20,"4","yggT-4"
1.30033647325442e-24,-0.329997186891897,0.048,0.024,2.82186018060942e-20,"4","tolB-4"
1.32222966833268e-24,-0.298965962349864,0.042,0.021,2.86937060324875e-20,"4","dinJ-5"
1.5867312406778e-24,0.422553628271823,0.015,0.004,3.44336546539489e-20,"4","rfaP-5"
1.77640899776964e-24,0.217760691000434,0.026,0.01,3.85498516605989e-20,"4","osmC-3"
1.91961788030946e-24,0.305470121106855,0.023,0.008,4.16576276205957e-20,"4","argT-5"
1.95884726801564e-24,0.405115159861335,0.022,0.008,4.25089445632074e-20,"4","ompR-5"
1.98330349393674e-24,0.355726156593849,0.018,0.006,4.30396691219213e-20,"4","recN-2"
2.48779902139469e-24,0.421320546771233,0.022,0.008,5.39877265632861e-20,"4","rumA-4"
2.71340445905021e-24,-0.138937930868308,0.037,0.017,5.88835901658486e-20,"4","ydhR-5"
2.73107778330262e-24,0.484539858988973,0.018,0.006,5.92671189754502e-20,"4","pyrD-5"
2.89789650654077e-24,0.423024155104163,0.023,0.009,6.28872520884413e-20,"4","ydfG-5"
3.50878569033326e-24,0.427169888096068,0.019,0.006,7.61441582659221e-20,"4","yqjB-5"
4.67497826046741e-24,0.451550369315518,0.023,0.009,1.01451703230403e-19,"4","ybhF-5"
4.68877174988559e-24,0.18807398756315,0.023,0.009,1.01751035744267e-19,"4","lolE-1"
5.53935098102538e-24,-0.11926848475356,0.038,0.018,1.20209455639232e-19,"4","alr-5"
5.79912481825838e-24,0.180956860954704,0.027,0.011,1.25846807681025e-19,"4","insF-4-4"
6.65007382833317e-24,0.141269388137819,0.022,0.008,1.44313252148658e-19,"4","ydiU-5"
6.79239752451573e-24,0.112083003740567,0.021,0.007,1.47401818679516e-19,"4","argF-3"
8.60481555909335e-24,0.134213447603588,0.021,0.007,1.86733102447885e-19,"4","kdtA-5"
8.83698941456184e-24,0.200431994811712,0.017,0.006,1.91771507285406e-19,"4","ybdG-1"
9.14044196434259e-24,0.466584272608314,0.019,0.007,1.98356731068199e-19,"4","dcp-5"
1.17615204089055e-23,-0.657813168319167,0.069,0.039,2.55236754393658e-19,"4","ygiT-1"
1.20701216686032e-23,0.160543642147488,0.032,0.014,2.61933710330359e-19,"4","yqjG-5"
1.57191247377652e-23,0.224099104796435,0.024,0.01,3.41120725934242e-19,"4","rsxA-4"
1.57748777747213e-23,0.511490198376663,0.018,0.006,3.42330622589228e-19,"4","pfkB-2"
1.81973172724643e-23,0.170287809969049,0.029,0.012,3.94899982129747e-19,"4","murB-2"
1.83958627949983e-23,0.39477240449713,0.019,0.006,3.99208618514258e-19,"4","cls-4"
1.9758294886524e-23,0.323474047538823,0.022,0.008,4.28774757332457e-19,"4","yafE-1"
2.01438077731224e-23,-0.239385316094226,0.033,0.015,4.37140772484529e-19,"4","slyA-2"
2.90568623146342e-23,-0.262290759068024,0.033,0.015,6.30562969089877e-19,"4","relE-5"
3.58000595928979e-23,-0.311376304397749,0.05,0.026,7.76897093225477e-19,"4","ynaJ-4"
3.59018916871132e-23,0.648170176151258,0.015,0.005,7.79106951502043e-19,"4","polA-5"
3.91595289937656e-23,0.479033384870056,0.018,0.006,8.49800938693708e-19,"4","ychE-4"
5.38787623027132e-23,-0.232467286937416,0.028,0.012,1.16922302073118e-18,"4","hemX-4"
5.393422024717e-23,0.115668525883118,0.029,0.013,1.17042651358384e-18,"4","pitA-3"
6.64193608630783e-23,0.696452879562318,0.016,0.005,1.44136655008966e-18,"4","gdhA-2"
6.73907305769777e-23,0.426703510373511,0.018,0.006,1.46244624425099e-18,"4","kdsB-2"
6.84967022867264e-23,0.568947338710988,0.016,0.005,1.48644693632425e-18,"4","citA-2"
8.9875334957901e-23,-0.227026157941937,0.039,0.019,1.95038464392141e-18,"4","puuB-5"
9.62428937992228e-23,-0.161850564744345,0.034,0.015,2.08856703833693e-18,"4","rep-3"
1.14132766185875e-22,0.538951036056177,0.014,0.004,2.47679515899966e-18,"4","hinT-4"
1.18897682985035e-22,0.286298796390552,0.019,0.007,2.58019861845825e-18,"4","yfjG-2"
1.52166471063599e-22,0.448916189225503,0.016,0.005,3.30216458855117e-18,"4","yheV-1"
1.76795557362956e-22,0.585952387740255,0.015,0.005,3.8366403903335e-18,"4","bolA-4"
1.79610398271201e-22,0.729921884150261,0.013,0.004,3.89772525288333e-18,"4","yebQ-1"
1.93100814465602e-22,0.34223502181212,0.02,0.008,4.19048077471804e-18,"4","yniB-5"
2.13763742799804e-22,0.378290320581465,0.018,0.006,4.63888698249854e-18,"4","yecC-2"
2.25254348317402e-22,-0.209205740679404,0.029,0.013,4.88824461283594e-18,"4","pth-4"
2.90849620883976e-22,0.899075467047445,0.013,0.004,6.31172762280317e-18,"4","hyaC-4"
3.47086387485443e-22,0.226795180122201,0.021,0.008,7.5321216948216e-18,"4","cvrA-4"
3.56647870517581e-22,0.888712306862024,0.01,0.002,7.73961543810203e-18,"4","yhcF-5"
3.70177362834582e-22,0.483042328683948,0.018,0.006,8.03321895087326e-18,"4","ymgB-2"
3.857210735862e-22,0.173393337720032,0.023,0.009,8.37053301789412e-18,"4","insK-5"
4.7563726484268e-22,0.730140359985108,0.011,0.003,1.0321804284351e-17,"4","ivy-4"
5.23681414482066e-22,0.331961718872739,0.015,0.005,1.13644103756753e-17,"4","inaA-3"
5.5159869600157e-22,0.407707585809661,0.02,0.008,1.19702433019301e-17,"4","dacD-3"
5.91986787679965e-22,0.111374914356668,0.021,0.008,1.28467052794429e-17,"4","yfcO-3"
6.19373337921172e-22,0.369116527443668,0.015,0.005,1.34410208062274e-17,"4","yecS-4"
6.23431988781995e-22,0.549684634783549,0.014,0.004,1.35290975885581e-17,"4","gloB-1"
7.64905159122074e-22,0.340306128878162,0.016,0.005,1.65992068581081e-17,"4","yceH-4"
8.21908701327378e-22,0.338650533694717,0.016,0.005,1.78362407275054e-17,"4","yaiL-3"
8.99776272009127e-22,-0.100966158185818,0.037,0.018,1.95260448788701e-17,"4","mdtG-5"
9.28992159121925e-22,0.185070683593901,0.019,0.007,2.01600588451049e-17,"4","ygfI-3"
9.67973993722849e-22,-0.124401402187388,0.027,0.012,2.10060036377795e-17,"4","yfjD-4"
9.9887367053768e-22,0.563924067213047,0.011,0.003,2.16765575243382e-17,"4","recC-5"
1.02882291782669e-21,0.526670182116218,0.019,0.007,2.2326486139757e-17,"4","yaeQ-5"
1.08428042330951e-21,-0.464495990768738,0.047,0.025,2.35299694662397e-17,"4","greA-4"
1.11627537479296e-21,0.366046940669949,0.014,0.004,2.42242919083821e-17,"4","ydiV-3"
1.51793809560077e-21,0.840984627031353,0.011,0.003,3.29407746126323e-17,"4","hyfA-1"
1.5523353924703e-21,0.261516263264006,0.019,0.007,3.36872303519981e-17,"4","yceA-5"
1.72090098157381e-21,-0.552362111206482,0.043,0.022,3.73452722011331e-17,"4","rplW-1"
2.23660339681806e-21,0.866815504008759,0.012,0.003,4.85365303143488e-17,"4","yacG-4"
2.50327884873266e-21,0.206867760449314,0.025,0.01,5.43236542963474e-17,"4","yqaA-5"
2.71967359593867e-21,0.168716572263238,0.03,0.014,5.90196367054651e-17,"4","gntU-4"
3.1946719068569e-21,0.30797616770361,0.016,0.005,6.93275750507015e-17,"4","galR-1"
3.71491808978515e-21,0.63283471361114,0.014,0.004,8.06174374664276e-17,"4","rsmB-5"
3.8012933481842e-21,0.624604946019835,0.017,0.006,8.24918669489453e-17,"4","yraQ-5"
3.87957687417137e-21,0.509441700071412,0.015,0.005,8.4190697746393e-17,"4","yqaE-5"
3.90512572483478e-21,0.183268449431134,0.028,0.012,8.47451333546395e-17,"4","yccJ-2"
4.88529061758439e-21,0.512727546898188,0.013,0.004,1.06015691692199e-16,"4","yeaS-1"
4.96174536475559e-21,0.51075726993511,0.013,0.004,1.07674836160561e-16,"4","yidR-5"
7.27155636786637e-21,0.154764059462937,0.026,0.011,1.57800044739068e-16,"4","dacC-2"
8.57057310079988e-21,0.605017585149842,0.015,0.005,1.85990006860458e-16,"4","hsdR-3"
9.23195035424474e-21,0.333931500674275,0.016,0.006,2.00342554637465e-16,"4","menA-5"
1.30230376662459e-20,0.246742467933507,0.021,0.008,2.82612940395203e-16,"4","cytR-1"
1.48466177349191e-20,0.38668990389197,0.015,0.005,3.22186451465479e-16,"4","proC-3"
1.60002096643419e-20,0.102034548502898,0.021,0.008,3.47220549925883e-16,"4","sbmA-3"
1.73417525473569e-20,0.595699688688594,0.014,0.005,3.76333372030192e-16,"4","yiiX-3"
1.76192905200431e-20,0.3347533934691,0.02,0.007,3.82356223575454e-16,"4","znuB-6"
1.82946954479486e-20,0.653651545903534,0.015,0.005,3.97013185915932e-16,"4","rfaH-5"
1.9309147556899e-20,0.440999681016785,0.015,0.005,4.19027811132265e-16,"4","yhiR-4"
2.10943595094633e-20,0.533280797852757,0.012,0.004,4.57768695714863e-16,"4","nrdG-2"
2.8719236728426e-20,-0.230318002872006,0.044,0.023,6.23236156243573e-16,"4","yrbL-1"
3.32231446142437e-20,0.354863314173246,0.016,0.006,7.20975461273703e-16,"4","ampG-4"
3.65187692898878e-20,0.220547622164087,0.017,0.006,7.92493812359855e-16,"4","yniC-1"
3.85456270359406e-20,0.465457855704421,0.014,0.004,8.36478652306948e-16,"4","yaeF-2"
4.46494754328383e-20,0.494454118206105,0.015,0.005,9.68938266368023e-16,"4","fhlA-2"
4.90802657873949e-20,0.468334909923594,0.012,0.004,1.06509084785226e-15,"4","xseA-5"
5.56157516491716e-20,0.520329313575572,0.014,0.004,1.20691742653867e-15,"4","sppA-2"
6.16837219586969e-20,0.167830699332831,0.016,0.006,1.33859845022568e-15,"4","dinF-4"
6.5465680018812e-20,0.86432423077172,0.01,0.002,1.42067072208824e-15,"4","tus-3"
6.85387134396915e-20,0.764646774083767,0.011,0.003,1.48735862035475e-15,"4","yoeA-5"
8.57204452733149e-20,0.292940678722107,0.018,0.006,1.86021938287621e-15,"4","yejA-5"
9.00917588430021e-20,0.181854356535415,0.018,0.007,1.95508125865199e-15,"4","yhhN-3"
1.08401828157028e-19,0.143369847289732,0.023,0.009,2.35242807283565e-15,"4","yliJ-3"
1.12935919136495e-19,0.579897011612813,0.012,0.004,2.45082238118107e-15,"4","nepI-1"
1.27622774196141e-19,0.556299431907536,0.016,0.005,2.76954182283046e-15,"4","pqiB-5"
1.75351999426241e-19,0.505875602684381,0.015,0.005,3.80531373954885e-15,"4","yehZ-3"
1.78094255394911e-19,-0.202319744117229,0.03,0.014,3.86482343632496e-15,"4","yiiU-4"
2.03324689596141e-19,-0.5807245415883,0.052,0.029,4.41234908892585e-15,"4","rpsH-3"
2.07192357599381e-19,0.436350037587275,0.015,0.005,4.49628135226417e-15,"4","mdoD-5"
2.08273009459764e-19,0.554263773590325,0.012,0.003,4.51973257828634e-15,"4","ygbT-1"
2.60462375051944e-19,0.164513375109404,0.018,0.007,5.65229400100223e-15,"4","ytfQ-3"
3.03436421588563e-19,0.695508042426245,0.013,0.004,6.5848737848934e-15,"4","pabB-1"
3.1190555944714e-19,-0.159905576246947,0.028,0.013,6.76866254556238e-15,"4","ruvA-1"
3.11909978000484e-19,0.178012170919193,0.027,0.012,6.7687584325885e-15,"4","gntT-4"
3.17185262119324e-19,-0.280285927011364,0.036,0.018,6.88323737325145e-15,"4","ydcM-1"
3.20027504340683e-19,0.122154948094961,0.023,0.009,6.94491687169716e-15,"4","asd-1"
3.53584299141314e-19,-0.19232343330943,0.028,0.013,7.67313287566566e-15,"4","proQ-3"
3.78861559017138e-19,0.309502704347489,0.016,0.006,8.2216746922309e-15,"4","yfcH-2"
4.53864531722347e-19,0.82165634838544,0.011,0.003,9.84931420290666e-15,"4","ybaS-2"
4.84013348210332e-19,0.143923080277673,0.022,0.009,1.05035736695124e-14,"4","hemF-4"
5.14332510652201e-19,0.34134539081435,0.017,0.006,1.11615298136634e-14,"4","ykgN-3"
6.1950982955584e-19,0.360787766028858,0.011,0.003,1.34439828111913e-14,"4","lpcA-2"
7.25623863106867e-19,-0.20802682178292,0.023,0.01,1.57467634532821e-14,"4","eptB-2"
7.93554031987478e-19,0.103239135418315,0.018,0.007,1.72209160481603e-14,"4","htrL-1"
8.24544379433644e-19,0.475476821723287,0.013,0.004,1.78934375780895e-14,"4","yecO-5"
8.25916896505967e-19,-0.345408825050392,0.063,0.038,1.7923222571076e-14,"4","hemH-3"
9.23043113333584e-19,0.171465603219656,0.016,0.006,2.00309586024521e-14,"4","rcsF-5"
9.57534528580726e-19,0.304679365193218,0.016,0.006,2.07794568047303e-14,"4","ygiH-1"
1.13447328324831e-18,-0.167299552208632,0.023,0.01,2.46192047197716e-14,"4","modA-5"
1.14987620616233e-18,0.123577609862609,0.015,0.005,2.49534635499287e-14,"4","tatA-3"
1.17951396566461e-18,-0.156582795511273,0.032,0.016,2.55966325688877e-14,"4","yabI-4"
1.21327527965014e-18,0.485232934145008,0.012,0.004,2.63292868436878e-14,"4","yijP-3"
1.48744168274508e-18,0.352961954729546,0.017,0.006,3.2278971957251e-14,"4","dkgA-1"
1.66485978599928e-18,-0.168226540474931,0.026,0.012,3.61291222159703e-14,"4","yfhJ-4"
1.7287379821398e-18,0.309402193863144,0.018,0.007,3.75153429504157e-14,"4","yhhF-1"
1.95244273683692e-18,-0.301251493384445,0.046,0.026,4.2369959832098e-14,"4","yfiP-4"
2.26074387919794e-18,0.239643169007562,0.018,0.007,4.90604029224746e-14,"4","erfK-3"
2.5705436319784e-18,-0.461069154925587,0.04,0.021,5.57833673575633e-14,"4","amiB-3"
2.99773537660732e-18,-0.20029645375818,0.028,0.013,6.50538554077555e-14,"4","lpxD-4"
3.24129291393206e-18,0.114317820941341,0.023,0.01,7.03392975252397e-14,"4","ycfP-1"
3.38147137490145e-18,0.224591799108162,0.021,0.009,7.33813103067363e-14,"4","dgsA-5"
3.54458205702828e-18,-0.100188513514139,0.021,0.009,7.69209752195707e-14,"4","ycbJ-2"
3.68263821208145e-18,0.468953334713756,0.015,0.006,7.99169318403796e-14,"4","macB-1"
3.94642119973544e-18,0.124819284784401,0.021,0.009,8.56412864554589e-14,"4","yebU-2"
4.14906172635914e-18,0.708696717758674,0.01,0.003,9.00387885237196e-14,"4","yheT-4"
4.4345996306009e-18,0.394915600856332,0.017,0.006,9.62352465836701e-14,"4","yfgO-3"
4.92695060247482e-18,-0.228489561894414,0.023,0.01,1.06919755024306e-13,"4","proY-5"
4.96513967263025e-18,0.197587537471249,0.025,0.011,1.07748496035749e-13,"4","yeaH-4"
5.47626774685144e-18,0.313925258423453,0.014,0.005,1.18840486374423e-13,"4","surE-3"
5.9354321617952e-18,0.536520574760589,0.011,0.003,1.28804813343118e-13,"4","yjiG-3"
6.28411431076361e-18,-0.276758194569872,0.032,0.016,1.36371564657881e-13,"4","ydhQ-4"
6.43570008620251e-18,0.356321429649544,0.015,0.005,1.39661127570681e-13,"4","ompF-3"
6.51414764895991e-18,-0.522325566793862,0.048,0.027,1.41363518130079e-13,"4","rluB-4"
6.58422146053886e-18,0.34929287305948,0.012,0.004,1.42884189915154e-13,"4","fsr-4"
6.90634569314066e-18,-0.103620094840635,0.026,0.012,1.49874607886846e-13,"4","sulA-5"
7.31390986800207e-18,0.148247263409411,0.018,0.007,1.58719158045513e-13,"4","nadR-2"
8.07546007052029e-18,-0.271408282120685,0.031,0.016,1.75245558990361e-13,"4","cpxR-4"
9.18456348520824e-18,-0.122377266132496,0.026,0.012,1.99314212192504e-13,"4","ynhG-2"
1.23340564990836e-17,-0.407556994508294,0.027,0.012,2.67661360086613e-13,"4","rffD-5"
1.36401987291935e-17,0.384042330115109,0.013,0.004,2.96005952622229e-13,"4","gatZ-4"
1.59570093609603e-17,0.484023614849221,0.015,0.005,3.46283060142199e-13,"4","folX-5"
1.65741586059871e-17,0.361449297031765,0.015,0.005,3.59675815908527e-13,"4","aaeR-2"
2.18136507914069e-17,0.321677043551598,0.016,0.006,4.73378035824322e-13,"4","ybhT-3"
2.22730448349573e-17,-0.869156497417551,0.099,0.065,4.83347345963409e-13,"4","truB-2"
2.58230441976374e-17,0.396287377830036,0.014,0.005,5.6038588213293e-13,"4","uraA-2"
2.75489950795969e-17,-0.334060509119089,0.028,0.014,5.97840742222332e-13,"4","uup-5"
2.80611809406681e-17,-0.843143929019543,0.086,0.055,6.08955687593439e-13,"4","rpsD-1"
2.84544389809682e-17,0.218327651350159,0.016,0.006,6.17489780325991e-13,"4","ytjB-5"
2.91505335695001e-17,0.220440063650934,0.014,0.005,6.32595728991723e-13,"4","yddM-1"
2.91516516677776e-17,0.235939214545643,0.016,0.006,6.32619992842442e-13,"4","trpH-5"
3.63630137284162e-17,0.607532077267672,0.01,0.003,7.8911376092036e-13,"4","ampH-1"
3.79288785782323e-17,0.410723011991486,0.017,0.006,8.2309459402622e-13,"4","caiB-4"
4.41376996316908e-17,0.246491451163581,0.012,0.004,9.57832219707322e-13,"4","ydgH-4"
4.45597803244074e-17,0.181919337957528,0.012,0.004,9.66991792819964e-13,"4","ilvI-4"
4.47885795738732e-17,-0.37509963698258,0.041,0.023,9.71956965332623e-13,"4","guaC-1"
4.58224187298136e-17,-0.198107350615614,0.02,0.008,9.94392308855686e-13,"4","ygfZ-3"
5.50808606819837e-17,0.778254244623703,0.01,0.003,1.19530975765973e-12,"4","elaB-3"
5.63693932281936e-17,-0.176749677368858,0.024,0.011,1.22327220244503e-12,"4","yjbJ-5"
5.90522617677182e-17,0.243128883583085,0.013,0.004,1.28149313262125e-12,"4","dcuR-3"
6.51576299949082e-17,-0.150761110922276,0.018,0.007,1.4139857285195e-12,"4","oppC-5"
6.60541150864744e-17,0.175860810165297,0.016,0.006,1.43344035149158e-12,"4","pldA-4"
6.66716069713699e-17,0.410361724272982,0.014,0.005,1.4468405428857e-12,"4","yjjJ-4"
6.78111470800709e-17,-0.171127888040682,0.019,0.008,1.47156970278462e-12,"4","ycgF-5"
6.98123716734388e-17,0.214779512666896,0.018,0.007,1.5149982776853e-12,"4","yfjL-1"
7.91645518041159e-17,0.125290429069413,0.023,0.011,1.71794993870112e-12,"4","fdhD-4"
1.33664734968841e-16,0.218447356515952,0.018,0.007,2.90065841355882e-12,"4","insN-2-4"
1.49842961566652e-16,-0.124986273133506,0.029,0.014,3.25174210895792e-12,"4","chpR-5"
1.69456711889356e-16,0.328813963390905,0.016,0.006,3.6773801047109e-12,"4","yciQ-3"
1.73386866870881e-16,0.455409582859801,0.012,0.004,3.76266839796499e-12,"4","yeaZ-2"
1.82232288014462e-16,-0.516474375309675,0.043,0.024,3.95462288220185e-12,"4","dsbC-5"
2.6912963421696e-16,-0.182890607837792,0.025,0.012,5.84038219214224e-12,"4","yjeP-4"
2.71671624666249e-16,0.140147236056051,0.018,0.007,5.89554592688227e-12,"4","fumA-4"
3.03339067907351e-16,0.539812380138052,0.01,0.003,6.58276111265742e-12,"4","ybgS-3"
3.47125195861371e-16,-0.465352947070824,0.063,0.039,7.53296387538762e-12,"4","fadE-1"
3.66321279006588e-16,0.472338952984609,0.015,0.005,7.94953807572197e-12,"4","nfo-1"
3.73248325390214e-16,0.649216531207257,0.01,0.003,8.09986190929304e-12,"4","manY-5"
3.75702739947068e-16,0.252353362478822,0.016,0.006,8.15312515959133e-12,"4","hdhA-4"
3.81775589042492e-16,-0.804385317881294,0.078,0.05,8.28491205781111e-12,"4","fimA-4"
4.23019306264775e-16,0.26978211472175,0.016,0.006,9.17994196525188e-12,"4","ldcC-3"
5.09536839909892e-16,0.395028111872066,0.011,0.003,1.10574589628846e-11,"4","rfaE-5"
5.11848340527304e-16,0.52934480160006,0.012,0.004,1.1107620837783e-11,"4","afuB-5"
5.29337819916606e-16,0.115711047794353,0.017,0.007,1.14871600300103e-11,"4","yfhM-4"
6.00507113342346e-16,0.471598548073088,0.011,0.004,1.30316048666423e-11,"4","ydcF-2"
7.00217784910105e-16,-0.185551718963276,0.024,0.011,1.51954261503342e-11,"4","tehB-5"
7.20670852507058e-16,0.37518992653062,0.013,0.005,1.56392781702557e-11,"4","elaC-4"
7.56273318256878e-16,0.11199485066484,0.014,0.005,1.64118872794925e-11,"4","arnA-2"
8.52255137958216e-16,0.379422667575139,0.011,0.003,1.84947887488312e-11,"4","hmp-4"
9.54834591144285e-16,-0.185398560835557,0.025,0.012,2.07208654624221e-11,"4","sdiA-4"
9.71271086734675e-16,-0.397560741699726,0.037,0.02,2.10775538532292e-11,"4","ygjN-4"
1.09960159556908e-15,-0.429365760064418,0.026,0.013,2.38624542254447e-11,"4","ftsI-2"
1.25911152179754e-15,0.237472129884512,0.013,0.004,2.73239791345284e-11,"4","uvrD-5"
1.26217896919454e-15,0.746087055170068,0.01,0.003,2.73905458104907e-11,"4","ybiC-1"
1.28630293545784e-15,0.507932159848426,0.011,0.004,2.79140600023706e-11,"4","aphA-2"
1.44973811816833e-15,0.251632032814071,0.015,0.006,3.14607669023709e-11,"4","folD-4"
1.49186084815417e-15,0.22857466378173,0.018,0.008,3.23748722657937e-11,"4","manZ-3"
1.63567561266946e-15,-0.279945094047882,0.022,0.01,3.54957964705399e-11,"4","yjeE-2"
1.74539202228812e-15,0.560280984228547,0.012,0.004,3.78767522756745e-11,"4","recE-3"
1.77842274228927e-15,0.6731065145631,0.012,0.004,3.85935519304194e-11,"4","udp-2"
2.0001317203625e-15,0.15803698091285,0.015,0.006,4.34048584635867e-11,"4","mnmE-3"
2.02264485507009e-15,0.499349998031209,0.011,0.004,4.38934159998759e-11,"4","yheS-1"
2.15330496570563e-15,-0.199355507292315,0.026,0.013,4.6728871060778e-11,"4","ansA-1"
2.15997680099578e-15,0.312963270673953,0.012,0.004,4.68736565584095e-11,"4","yegH-1"
2.19066775703584e-15,-0.173828347732274,0.017,0.007,4.75396809954348e-11,"4","ndk-5"
2.34910397319754e-15,0.186380514131643,0.016,0.006,5.09779053223598e-11,"4","ydiI-4"
2.43489050255472e-15,-0.236955977276643,0.021,0.009,5.283955879594e-11,"4","fabR-3"
2.44249640574518e-15,0.5221282672358,0.012,0.004,5.30046145010761e-11,"4","yeaL-4"
3.4741525495825e-15,-0.126601578414371,0.024,0.012,7.53925844784898e-11,"4","nadC-1"
3.52659877836638e-15,0.355695946602112,0.011,0.003,7.65307200893288e-11,"4","ydiK-3"
4.08107081872277e-15,-0.323568249402522,0.026,0.013,8.85633178371028e-11,"4","ybjX-3"
4.14120047038237e-15,0.265455554993197,0.018,0.007,8.98681914077678e-11,"4","fepB-1"
4.15570541780968e-15,0.377120318040124,0.012,0.004,9.01829632718878e-11,"4","yebK-2"
4.24824054849937e-15,0.582212654216075,0.011,0.004,9.21910681429848e-11,"4","yedY-4"
4.33001214994202e-15,0.582604570405505,0.01,0.003,9.39655936658917e-11,"4","cbl-1"
5.61732353761537e-15,0.190917305852242,0.017,0.007,1.21901538089791e-10,"4","yegX-4"
7.78920755768625e-15,0.102290145334678,0.013,0.005,1.69033593209349e-10,"4","yiiT-1"
9.77650795636449e-15,0.475614733479397,0.013,0.005,2.12159999161066e-10,"4","bisC-5"
1.04883700398526e-14,0.186674157975017,0.013,0.005,2.27608118234841e-10,"4","ycaR-2"
1.05977444601335e-14,0.492091120677981,0.01,0.003,2.29981652529357e-10,"4","yhdH-2"
1.13679957986205e-14,-0.27555691583908,0.056,0.035,2.46696876825863e-10,"4","aroM-4"
1.22944402499794e-14,0.549310806481503,0.011,0.003,2.66801647864803e-10,"4","malT-2"
1.25596637568498e-14,-0.493757419361475,0.032,0.017,2.72557263187397e-10,"4","infC-3"
1.35421932366695e-14,0.16025004918066,0.015,0.006,2.93879135428965e-10,"4","gadW-2"
1.38625390985865e-14,-0.47677620074556,0.033,0.018,3.00830960978425e-10,"4","yqaB-3"
1.53925166575011e-14,-0.147416983623921,0.016,0.006,3.34033003984431e-10,"4","ytfM-4"
1.63584379343883e-14,0.382311233956441,0.013,0.005,3.5499446161416e-10,"4","glmU-4"
1.66683076075517e-14,-0.30182296062415,0.027,0.014,3.6171894339148e-10,"4","atpE-4"
1.75082046391292e-14,0.161796231296336,0.017,0.007,3.79945548873743e-10,"4","yggD-5"
1.760998530818e-14,0.190633263816891,0.013,0.005,3.82154291172815e-10,"4","creC-2"
1.81427409446859e-14,-0.121948857048287,0.023,0.011,3.93715621240628e-10,"4","mrcB-3"
2.13578602347674e-14,0.272825680514106,0.013,0.005,4.63486924954687e-10,"4","yghY-5"
2.32334768513662e-14,0.504227412007937,0.012,0.004,5.04189681151499e-10,"4","ybjS-1"
2.36463821640918e-14,-0.16282715715143,0.017,0.007,5.13150139342957e-10,"4","ubiA-1"
2.78127182094741e-14,0.364712924613668,0.01,0.003,6.03563797863798e-10,"4","lsrK-4"
2.87623929055927e-14,0.510781773166025,0.011,0.004,6.24172688444266e-10,"4","folC-5"
3.16523490207288e-14,0.21716475545274,0.013,0.005,6.86887626098835e-10,"4","ybaN-4"
3.20547509576925e-14,0.166686175352095,0.014,0.006,6.95620150532885e-10,"4","yeeN-3"
4.07814900784325e-14,-0.479810393152794,0.022,0.011,8.84999116192064e-10,"4","argR-1"
4.12207806354737e-14,0.124491965095927,0.016,0.007,8.94532160570416e-10,"4","anmK-3"
4.81666743401156e-14,-0.157275836091076,0.021,0.01,1.04526499985485e-09,"4","hrpB-3"
5.7391245781654e-14,0.400434658190936,0.012,0.004,1.24544742470767e-09,"4","cbpA-2"
5.90651483317401e-14,0.173542029748613,0.014,0.006,1.28177278394709e-09,"4","sbmC-4"
5.97277984949688e-14,0.119633801913815,0.018,0.008,1.29615295513932e-09,"4","lysP-1"
6.06243086008357e-14,-0.103173749032355,0.027,0.014,1.31560812094674e-09,"4","lpxM-4"
6.73664572595472e-14,-0.384798627083274,0.022,0.01,1.46191948898943e-09,"4","yebC-3"
7.70236104722866e-14,-0.410408858455225,0.028,0.015,1.67148937085909e-09,"4","pgpB-3"
9.2840155688787e-14,0.622236532151302,0.01,0.003,2.01472421860237e-09,"4","elaA-5"
1.01521330075895e-13,0.316019672225051,0.012,0.005,2.20311438397699e-09,"4","sapD-1"
1.06355055395214e-13,0.212078069663473,0.011,0.004,2.30801105713154e-09,"4","rhsB-4"
1.13391425068756e-13,-0.161526875437291,0.023,0.011,2.46070731541707e-09,"4","tonB-2"
1.37962154169122e-13,0.300401996032005,0.012,0.004,2.99391670762411e-09,"4","metQ-1"
1.4307089544604e-13,0.206272508490755,0.012,0.004,3.10478150207451e-09,"4","iclR-4"
1.43733655664686e-13,0.41091660267808,0.01,0.003,3.11916406157935e-09,"4","kdgR-1"
1.82362287347258e-13,0.127060156821312,0.016,0.007,3.95744399772284e-09,"4","dbpA-1"
2.27980012313313e-13,0.264361063188017,0.01,0.004,4.9473942472112e-09,"4","nadE-3"
2.31072547733362e-13,0.252676564931925,0.012,0.005,5.01450535836169e-09,"4","yieP-1"
2.37895716066046e-13,0.267434250395583,0.014,0.006,5.16257493434926e-09,"4","relA-4"
2.49683643492785e-13,0.288333641587793,0.014,0.006,5.41838474743692e-09,"4","yjiV-2"
2.71814060908881e-13,-0.292405092747025,0.021,0.01,5.89863693578363e-09,"4","mdlB-2"
2.73382922680186e-13,0.261241212948394,0.014,0.006,5.93268280508272e-09,"4","csrA-1"
2.74863439976466e-13,0.209607437903818,0.015,0.007,5.96481151092929e-09,"4","prkB-1"
2.93739441961921e-13,0.159914090032341,0.01,0.003,6.37443963001565e-09,"4","ydbC-1"
2.99410686471101e-13,-0.724790831250178,0.035,0.02,6.49751130710936e-09,"4","ymcE-3"
3.01998537088565e-13,-0.305730722363305,0.025,0.013,6.55367025335896e-09,"4","yncE-1"
3.33703538255858e-13,0.153411429498854,0.013,0.005,7.24170048369037e-09,"4","cutC-1"
3.49831205515907e-13,-0.148976961853673,0.015,0.006,7.5916869909007e-09,"4","dnaE-4"
3.50638806038968e-13,0.187792029651689,0.015,0.006,7.60921272985164e-09,"4","yegE-4"
3.68832609040204e-13,0.435235218502222,0.01,0.003,8.00403644878147e-09,"4","tag-3"
3.99918943587577e-13,-0.172167086102686,0.017,0.007,8.678640994794e-09,"4","queF-3"
5.48254857871285e-13,0.400425980360488,0.012,0.004,1.18976786706648e-08,"4","yraM-6"
6.28918327014596e-13,0.134430617285764,0.011,0.004,1.36481566145437e-08,"4","barA-1"
8.16864167583354e-13,0.198417824859849,0.01,0.004,1.77267693007264e-08,"4","hisQ-2"
8.39309765972984e-13,0.266743704826723,0.012,0.005,1.82138612313797e-08,"4","yqjK-3"
8.83293600389119e-13,0.358247112060436,0.012,0.005,1.91683544220443e-08,"4","yfgC-3"
9.96879882481128e-13,0.404130910512192,0.011,0.004,2.1633290329723e-08,"4","yaiT-11"
1.04673855179707e-12,0.212218001249705,0.01,0.003,2.27152733125482e-08,"4","chbG-2"
1.08622311313412e-12,-0.214998768434307,0.035,0.02,2.35721277781235e-08,"4","yebV-5"
1.09825472773056e-12,0.268408067004834,0.01,0.004,2.38332258464808e-08,"4","yjiA-5"
1.1928007892878e-12,0.415866172173523,0.012,0.004,2.58849699283346e-08,"4","yaaJ-4"
1.25687253074378e-12,0.474913251781809,0.01,0.003,2.72753907896707e-08,"4","mug-2"
1.41775496354237e-12,0.436568634357166,0.01,0.004,3.0766700463833e-08,"4","ybdK-1"
1.47200396440508e-12,-0.453885070656856,0.02,0.01,3.19439580315545e-08,"4","bfd-2"
1.59235798530797e-12,0.172543019226675,0.012,0.005,3.45557606391683e-08,"4","yijD-2"
1.61300825404047e-12,-0.12486334762052,0.013,0.005,3.50038921209322e-08,"4","yfcL-4"
1.76116477031194e-12,0.404453816787694,0.012,0.005,3.82190366805395e-08,"4","yniA-3"
2.02987599232696e-12,-0.377301291210906,0.031,0.017,4.40503389094873e-08,"4","ribD-4"
2.25898543770337e-12,0.201872465851443,0.016,0.007,4.90222429836008e-08,"4","crcB-3"
2.85332837888423e-12,-0.280724860047514,0.022,0.011,6.19200791501666e-08,"4","yhdA-3"
2.8902538517419e-12,0.169984775067549,0.013,0.006,6.2721398836651e-08,"4","ytfN-4"
3.48643391115312e-12,0.309458604164228,0.014,0.006,7.56591023059339e-08,"4","ydbJ-4"
3.74034152873315e-12,-0.122871000112833,0.027,0.014,8.11691515150381e-08,"4","gntK-1"
3.87964348263908e-12,-0.347102483325794,0.017,0.008,8.41921432167507e-08,"4","yjgH-2"
3.94178990086868e-12,0.225163353317337,0.011,0.004,8.55407826387513e-08,"4","dipZ-2"
4.82699714030365e-12,-0.461842622239963,0.022,0.011,1.04750664941729e-07,"4","yoeB-6"
5.06930426038583e-12,-0.141940229341442,0.013,0.005,1.10008971754633e-07,"4","gadX-3"
5.77192928767721e-12,-0.353515361482052,0.025,0.013,1.25256637471883e-07,"4","lolA-2"
7.68151053302248e-12,0.138085719800186,0.012,0.005,1.66696460077121e-07,"4","mutY-3"
7.89699820866145e-12,0.285330935137367,0.012,0.005,1.71372758126162e-07,"4","aceK-5"
1.0632222135948e-11,0.370396638222825,0.01,0.004,2.30729852572208e-07,"4","yaiX-4"
1.13313698827307e-11,0.382380016101587,0.01,0.003,2.4590205782514e-07,"4","ilvG-2"
1.16458630071447e-11,0.210610961982325,0.013,0.005,2.52726873118048e-07,"4","ucpA-2"
1.580227571247e-11,-0.272235529193811,0.025,0.014,3.4292518523631e-07,"4","mscS-4"
1.7187180318611e-11,-0.560856835432932,0.021,0.011,3.72979000094178e-07,"4","rpsR-4"
2.19900562648005e-11,-0.300775615365451,0.02,0.01,4.77206211002435e-07,"4","yedI-2"
2.30080337164259e-11,-0.147778228704267,0.019,0.009,4.99297339680159e-07,"4","rnt-3"
2.42204123645917e-11,0.189707005255802,0.01,0.004,5.25607168724005e-07,"4","sbp-1"
2.50738880950452e-11,-0.262879347351921,0.024,0.013,5.44128445550576e-07,"4","yedQ-3"
2.53538118900755e-11,0.39825415633281,0.01,0.004,5.50203071826529e-07,"4","yadD-2"
2.62839792932334e-11,0.292767400143289,0.01,0.004,5.70388634642459e-07,"4","dhaR-2"
2.75731162567622e-11,0.165839398301495,0.011,0.004,5.98364195887996e-07,"4","yraN-6"
3.09353646245842e-11,-0.117973113864753,0.016,0.008,6.71328347718102e-07,"4","recB-1"
3.12467622869226e-11,-0.198182962965833,0.022,0.011,6.78085988388506e-07,"4","queA-2"
3.16884986068011e-11,-0.173067654886091,0.014,0.006,6.8767210826619e-07,"4","yneF-5"
3.20773698888743e-11,-0.330524352734176,0.023,0.012,6.9611100395846e-07,"4","fruA-4"
3.50994238885868e-11,0.207012937319106,0.01,0.004,7.61692597806222e-07,"4","nudK-3"
4.40097511081004e-11,-0.346049549631235,0.012,0.005,9.55055608796886e-07,"4","yohK-5"
4.63988622579576e-11,0.201081595910517,0.011,0.004,1.00690170985994e-06,"4","hchA-3"
6.54466349667284e-11,-0.71165810978005,0.053,0.035,1.42025742541297e-06,"4","sufD-2"
7.04466469729606e-11,0.141766372805319,0.01,0.004,1.52876268596022e-06,"4","gfcD-3"
7.3690400565237e-11,0.165216521188144,0.011,0.004,1.59915538266621e-06,"4","ydjZ-3"
7.88421611589466e-11,-0.205610626886928,0.013,0.006,1.7109537393103e-06,"4","yrdA-4"
8.38105929694848e-11,0.110983305782715,0.011,0.004,1.81877367803079e-06,"4","yahK-2"
9.2643051503359e-11,-0.141016402581829,0.019,0.009,2.01044686067439e-06,"4","helD-1"
9.62163456781033e-11,0.38397463762867,0.011,0.004,2.08799091756052e-06,"4","yodD-5"
9.74291662893374e-11,-0.155245244448299,0.01,0.004,2.11431033764491e-06,"4","ybaZ-1"
1.00576300813332e-10,0.24773363742114,0.01,0.004,2.18260630395012e-06,"4","potG-3"
1.26159886113283e-10,-0.335873721855953,0.011,0.005,2.73779568854436e-06,"4","ydfU-3"
1.30700893730111e-10,0.177739036755204,0.01,0.004,2.83634009483713e-06,"4","blr-5"
1.55889320367508e-10,-0.495226894357443,0.024,0.013,3.3829541412953e-06,"4","yfeA-5"
1.56095614694699e-10,-0.136683552948888,0.014,0.006,3.38743093448967e-06,"4","maeB-4"
1.68859325352454e-10,0.129432744876204,0.013,0.006,3.66441621947361e-06,"4","poxB-4"
1.71313662603225e-10,-0.104368305483468,0.016,0.008,3.71767779215259e-06,"4","sseA-1"
1.79070655907752e-10,0.187974458646779,0.017,0.009,3.88601230385413e-06,"4","ybhG-1"
1.8830559354043e-10,-0.534241752266853,0.039,0.025,4.08641968542087e-06,"4","gsk-2"
2.17308224419783e-10,-0.333537879205801,0.019,0.01,4.71580577813371e-06,"4","cydC-4"
2.28242613787629e-10,-0.584833725804333,0.017,0.009,4.95309296180534e-06,"4","hupA-1"
2.31164231701925e-10,0.221474565073693,0.01,0.004,5.01649499216348e-06,"4","yebZ-2"
2.31852370300221e-10,-0.167775789302474,0.016,0.007,5.0314282878851e-06,"4","sbcB-2"
2.57381072650728e-10,-0.169160494213104,0.01,0.004,5.58542665759345e-06,"4","ygiV-1"
2.93559726188882e-10,-0.302518193241604,0.012,0.005,6.37053961802493e-06,"4","pssA-5"
3.1398233823412e-10,0.355210224086778,0.012,0.005,6.81373072201863e-06,"4","glnD-3"
3.16069200015769e-10,-0.64109527320396,0.029,0.017,6.85901770954221e-06,"4","kefA-3"
3.37074346776266e-10,0.114695744452499,0.013,0.006,7.31485039939175e-06,"4","yeeA-4"
3.68509139865767e-10,-0.622602264634161,0.021,0.011,7.997016844227e-06,"4","rnpA-2"
3.88541648051729e-10,-0.131753314300969,0.012,0.005,8.43174230437056e-06,"4","speC-3"
4.12277807614043e-10,0.174136259283062,0.012,0.005,8.94684070303234e-06,"4","poxA-4"
4.63236878739747e-10,0.255203190145542,0.014,0.006,1.00527035055312e-05,"4","ypfH-1"
4.90344223907283e-10,-0.319128005606482,0.018,0.009,1.0640960003012e-05,"4","murA-1"
5.3120920170796e-10,-0.109348588548836,0.012,0.005,1.15277708862644e-05,"4","argG-2"
5.98994231978288e-10,-0.273680853959258,0.015,0.007,1.29987738281608e-05,"4","ftsY-4"
8.23594756594999e-10,-0.411048339238169,0.019,0.01,1.78728298128681e-05,"4","iscS-5"
8.4612202989639e-10,-0.208813663632772,0.01,0.004,1.83616941707816e-05,"4","leuC-2"
9.01004268069838e-10,-0.184154879094268,0.014,0.006,1.95526936213835e-05,"4","yciO-4"
9.08244979504753e-10,-0.300982750305096,0.012,0.005,1.97098243002326e-05,"4","gnsA-5"
1.29272689371639e-09,0.124574940088411,0.012,0.005,2.80534663205393e-05,"4","yjcE-4"
1.53636221201253e-09,0.156463184356913,0.013,0.006,3.33405963628839e-05,"4","amyA-3"
1.79327215041933e-09,-0.505429038043948,0.025,0.015,3.89157989362499e-05,"4","ydaN-1"
2.13799070020679e-09,-0.226473026315624,0.016,0.008,4.63965361851876e-05,"4","alkB-2"
2.14054320757093e-09,-0.163930306417793,0.014,0.007,4.64519281474968e-05,"4","rluA-5"
2.51910976437433e-09,-0.605089040070254,0.021,0.011,5.46672009966873e-05,"4","trmI-4"
2.89704546269123e-09,-0.2942172301248,0.015,0.007,6.28687835858625e-05,"4","secF-1"
3.07115211593452e-09,-1.55737033552344,0.01,0.022,6.6647072067895e-05,"4","tyrA-4"
3.60249005153102e-09,-0.851699506564236,0.042,0.027,7.81776366082746e-05,"4","rpoS-1"
4.03184111289337e-09,0.198033402374358,0.01,0.004,8.74949839908991e-05,"4","aspA-4"
4.20948189783238e-09,-0.44938298441464,0.06,0.042,9.13499666648604e-05,"4","copA-2"
4.42332994175351e-09,-0.439020416854538,0.022,0.013,9.5990683065993e-05,"4","pphA-5"
4.70991644218069e-09,-0.253153508583927,0.013,0.006,0.000102209896711763,"4","yhjJ-1"
4.95042875851198e-09,-0.29525439952705,0.014,0.007,0.000107429254488468,"4","tbpA-5"
5.10471455402733e-09,-0.10929821606833,0.011,0.005,0.000110777410536947,"4","ydgC-1"
5.42724569893618e-09,-0.307755958117681,0.013,0.006,0.000117776658912614,"4","yfbV-1"
5.44401326273763e-09,-0.181523409807196,0.018,0.01,0.000118140531814669,"4","pbpG-4"
5.70018356020048e-09,-0.211137482320291,0.012,0.006,0.000123699683439911,"4","yadE-1"
6.17968196880442e-09,-0.22242323161953,0.014,0.007,0.000134105278405025,"4","mrr-5"
7.20016389559818e-09,-0.414685846043234,0.019,0.01,0.000156250756698376,"4","mukF-1"
7.27947892216473e-09,-0.443411031834225,0.023,0.013,0.000157971972089897,"4","yceG-2"
7.42084050295208e-09,-0.471132625670079,0.026,0.015,0.000161039659754563,"4","yojI-6"
7.60445001478863e-09,-0.313986309577752,0.013,0.007,0.000165024169770928,"4","fhuB-5"
7.9359314842727e-09,-0.138822802009265,0.015,0.007,0.000172217649140202,"4","rimL-2"
1.19526912690176e-08,-0.567912784251258,0.024,0.014,0.000259385353228951,"4","mltA-5"
1.37426843690256e-08,-0.136418239302579,0.011,0.005,0.000298229993492224,"4","hipA-3"
1.45544832469419e-08,-0.949130647676312,0.045,0.03,0.000315846840941886,"4","ompA-4"
1.47046164148645e-08,-0.289770399134366,0.014,0.007,0.000319104880818974,"4","rnd-5"
1.49681304377693e-08,0.24548072491438,0.01,0.004,0.000324823398630031,"4","yggX-1"
1.54307107058516e-08,-0.459730099463376,0.025,0.015,0.000334861853027685,"4","sufC-5"
1.77945240011434e-08,0.391472839888598,0.01,0.004,0.000386158965348812,"4","prfH-4"
2.12065945093916e-08,-0.380455954792766,0.012,0.006,0.000460204307448307,"4","ligA-2"
2.19885290912895e-08,-1.04897014373333,0.035,0.023,0.000477173069810073,"4","rpsG-5"
2.45507959520004e-08,0.113048280153642,0.011,0.005,0.000532776822954361,"4","tolR-4"
2.68331624248226e-08,-0.144578884643274,0.012,0.006,0.000582306457781076,"4","xerD-1"
2.76865496752132e-08,0.118533484411303,0.01,0.004,0.000600825814501801,"4","pabA-3"
2.77288456617168e-08,-0.410257838708901,0.011,0.005,0.000601743679704917,"4","rpsB-5"
2.93475748303759e-08,-0.549895790504856,0.013,0.007,0.000636871721393988,"4","pyrH-1"
3.4291929161467e-08,-0.240057782904436,0.016,0.008,0.000744169154732996,"4","thiC-1"
3.43542373243734e-08,-0.127438642251578,0.011,0.005,0.000745521304176227,"4","mngR-2"
3.51496755523776e-08,-0.343427884834773,0.011,0.005,0.000762783109162146,"4","ushA-1"
4.06554372478137e-08,-0.332463932277787,0.016,0.008,0.000882263643714805,"4","yjgA-3"
4.42779106559377e-08,-0.201143144400371,0.012,0.006,0.000960874939144505,"4","corA-4"
4.73228584668569e-08,-0.523025025106657,0.014,0.007,0.00102695335158926,"4","trmD-3"
4.97030122431247e-08,-0.203641571086468,0.011,0.005,0.00107860506868805,"4","aldA-4"
5.48108279002115e-08,-0.381460514366398,0.012,0.006,0.00118944977626249,"4","ycbG-1"
5.88286348360211e-08,-0.270995943112858,0.016,0.008,0.00127664020457649,"4","yfcY-1"
6.06694085987973e-08,-0.29337823677854,0.017,0.009,0.0013165868360025,"4","pabC-4"
6.10714333841101e-08,-0.133512708800022,0.01,0.005,0.00132531117586857,"4","ycaI-3"
6.24258387537933e-08,-0.675789268937678,0.02,0.011,0.00135470312679607,"4","yceD-2"
7.34733737072741e-08,-0.247487820248183,0.012,0.006,0.00159444568282155,"4","cusR-5"
1.01429575669242e-07,-0.330717195733848,0.012,0.006,0.00220112322159823,"4","nac-1"
1.20263214865618e-07,-0.132780097202355,0.011,0.005,0.00260983202579879,"4","murE-5"
1.23276306335671e-07,-0.37317227374119,0.032,0.021,0.0026752191237904,"4","gntR-5"
1.55016677179357e-07,-0.287789846692624,0.011,0.005,0.00336401691146922,"4","recG-2"
1.59112344953292e-07,-0.148207374804994,0.016,0.009,0.0034528969978314,"4","yhjY-4"
1.60600608001973e-07,-0.832995947826373,0.041,0.028,0.00348519379425081,"4","phoR-3"
1.71147202289034e-07,-0.381915069325637,0.019,0.011,0.00371406543687432,"4","yohN-3"
1.89478854165882e-07,-0.283602059955944,0.012,0.006,0.00411188061425381,"4","ydfT-5"
2.93741055271446e-07,-0.783189562988863,0.026,0.017,0.00637447464044565,"4","ygdK-3"
2.96947941976364e-07,-0.614645108822499,0.048,0.034,0.00644406728882908,"4","yebW-2"
3.22856882249699e-07,-0.195567938608608,0.01,0.004,0.00700631720170071,"4","smf-2"
3.23396729537407e-07,-0.376269233024814,0.014,0.008,0.00701803242769126,"4","uspG-3"
3.32862540071293e-07,-0.662314667153657,0.012,0.006,0.00722344998208712,"4","apaH-5"
3.4375027845561e-07,-0.268298421425708,0.01,0.005,0.00745972479276518,"4","purK-3"
5.0132992552174e-07,-0.415738545556707,0.011,0.005,0.0108793607137473,"4","ybdH-4"
6.31869937964663e-07,-0.338064373142012,0.011,0.005,0.0137122095237712,"4","ppiA-4"
6.3850119516431e-07,-0.119762557676124,0.013,0.007,0.0138561144362607,"4","polB-2"
6.63752017626148e-07,-0.282410114602393,0.012,0.007,0.014404082534505,"4","atpD-2"
9.16226843957717e-07,-0.510211471782511,0.023,0.015,0.0198830387407264,"4","tolA-1"
1.04084831224059e-06,-0.364271302606004,0.012,0.006,0.022587449223933,"4","yhcG-4"
1.17646820337493e-06,-0.682458043084666,0.015,0.009,0.0255305364814393,"4","tppB-1"
1.21065716777153e-06,-0.694611988992709,0.016,0.009,0.0262724711978099,"4","thiF-1"
1.27368749622055e-06,-0.174174046226577,0.01,0.005,0.0276402923554821,"4","ubiF-3"
1.60681254717e-06,0.142174038885937,0.011,0.005,0.0348694390861362,"4","ltaE-5"
1.72289763468601e-06,-0.438162677761126,0.01,0.005,0.0373886015703212,"4","fmt-2"
1.74394243340476e-06,-0.212560167565053,0.011,0.006,0.0378452947473166,"4","ydaY-2"
1.76624302213707e-06,-0.450243110727322,0.012,0.006,0.0383292398233965,"4","yeaM-2"
1.78198573269634e-06,-0.372499690121216,0.014,0.008,0.0386708723852432,"4","ispF-2"
1.79673332010381e-06,-0.607454085022198,0.023,0.015,0.0389909097795728,"4","glnP-4"
2.5375681805997e-06,-1.14930033154178,0.05,0.036,0.0550677670871942,"4","fimC-5"
2.67950884592289e-06,-0.229104341744373,0.015,0.009,0.0581480214653725,"4","artM-5"
3.01262381513779e-06,-0.233784454494174,0.01,0.005,0.0653769494123051,"4","mdoB-3"
3.78130827879928e-06,-0.656566091676027,0.037,0.026,0.0820581709582232,"4","glk-3"
5.48927899837915e-06,-0.656317779142806,0.019,0.012,0.119122843543826,"4","rpsQ-3"
7.75739326843824e-06,-0.304403835590502,0.011,0.006,0.168343191318378,"4","rsd-1"
8.65516760742892e-06,-0.708296558880973,0.01,0.005,0.187825792248815,"4","ycjM-4"
1.68429061944235e-05,-0.347178177095184,0.018,0.011,0.365507907325183,"4","yohC-6"
1.70992590035961e-05,-0.234619446896004,0.011,0.006,0.371071019637039,"4","yeiI-5"
2.37420068894647e-05,-0.77359551874951,0.013,0.008,0.515225291508273,"4","narQ-1"
2.84243585162502e-05,-0.492656849659349,0.012,0.007,0.616837004161145,"4","ygaC-5"
4.2553894553125e-05,-0.591569434782134,0.023,0.015,0.923462065697366,"4","fepA-1"
4.37430182742528e-05,-0.850367734614161,0.011,0.006,0.94926723956956,"4","fdhE-3"
4.51282971767479e-05,-1.0597599828275,0.021,0.014,0.979329177032606,"4","fimD-2"
4.57577835211112e-05,-0.631943238030049,0.01,0.006,0.992989660191634,"4","ubiX-2"
5.20729983359421e-05,-0.703171469946257,0.017,0.011,1,"4","ptrA-5"
5.26122954694615e-05,-0.419890644433289,0.011,0.006,1,"4","xthA-1"
6.21734135845653e-05,-0.487154488684588,0.014,0.008,1,"4","fadD-3"
6.31033397047679e-05,-0.475712874752302,0.01,0.005,1,"4","cobU-5"
6.70279922927263e-05,-0.358848159649352,0.024,0.017,1,"4","cueO-5"
7.44058977486439e-05,-0.645433707594669,0.012,0.007,1,"4","rpmC-2"
0.000128054056342663,-0.661747191744869,0.021,0.014,1,"4","ydjN-2"
0.000142774782136584,-0.672047189786197,0.01,0.006,1,"4","rpmI-4"
0.000146312439450054,-0.585640284825432,0.019,0.013,1,"4","yeaG-2"
0.000152277316697734,-0.676427773388082,0.019,0.013,1,"4","yaaA-3"
0.000171383929873123,-0.784876741335648,0.013,0.008,1,"4","visC-5"
0.000180719970517852,-0.38462599708143,0.011,0.007,1,"4","gltK-1"
0.000245824554230825,-0.462710020996513,0.011,0.006,1,"4","alx-1"
0.000277803909895674,-0.954385521684158,0.024,0.017,1,"4","cspB-3"
0.000462466590361644,-0.878821710882185,0.011,0.007,1,"4","fnr-5"
0.000487705786201554,-0.94351712881624,0.017,0.011,1,"4","fdoI-4"
0.000547809817731948,-0.53576839758083,0.014,0.009,1,"4","csiE-3"
0.000608188270457693,-0.451544145140372,0.011,0.007,1,"4","ycbB-1"
0.000615811377779706,-0.549565011218584,0.016,0.011,1,"4","raiA-1"
0.000671592465012565,-0.441655896505713,0.01,0.006,1,"4","fecA-1"
0.000795527490089636,-1.02176913604369,0.132,0.108,1,"4","ygiS-3"
0.000830821995356323,-0.652817014895212,0.01,0.006,1,"4","pstA-2"
0.00272418919477744,-2.15900337455603,0.016,0.021,1,"4","mltD-1"
0.00377599717834551,-0.878044683481664,0.015,0.011,1,"4","trg-1"
0.00440591137407695,-0.57138526811685,0.01,0.007,1,"4","ytfK-5"
0.00471304711048499,-1.13451922454154,0.036,0.029,1,"4","glnH-5"
0.00501814143043964,-1.13670036614106,0.036,0.029,1,"4","mqsR-4"
0.0056659188508914,-1.00716406560867,0.019,0.014,1,"4","tufA-5"
0.00591310326165898,-0.232839121554328,0.01,0.007,1,"4","aroP-2"
