"p_val","avg_log2FC","pct.1","pct.2","p_val_adj","cluster","gene"
3.19125937894234e-287,-0.718150110493399,0.089,0.225,6.92535197824278e-283,"parent","groL-5"
8.48583715711807e-215,-1.12845445394435,0.037,0.123,1.84151152146619e-210,"parent","hslV-1"
3.62378423852803e-213,-0.291393127888045,0.137,0.276,7.86397417602969e-209,"parent","purA-5"
5.37023655081519e-212,-0.746712477540648,0.05,0.143,1.1653950338924e-207,"parent","pgk-1"
1.16311473688659e-198,-1.44973541293426,0.021,0.091,2.52407529051759e-194,"parent","yfiD-3"
1.53511269289042e-179,-1.44474986902201,0.016,0.076,3.33134805484151e-175,"parent","icdC-3"
3.05985128668204e-165,-0.755483045308347,0.041,0.115,6.6401832772287e-161,"parent","pykF-2"
4.41044765204993e-159,-0.612383577709185,0.051,0.128,9.57111244971355e-155,"parent","ybeX-4"
6.93461641614969e-153,-0.674105825466037,0.045,0.117,1.50488110846864e-148,"parent","fimI-4"
2.75246904518826e-138,-1.06542853978258,0.02,0.073,5.97313307496305e-134,"parent","azoR-3"
8.59955474972598e-136,-1.08702959255242,0.018,0.068,1.86618937623803e-131,"parent","nagA-1"
4.21043015927276e-129,-0.140536593506516,0.119,0.217,9.13705448863781e-125,"parent","bipA-2"
8.02683832485487e-129,-0.345091296039615,0.075,0.153,1.74190418487675e-124,"parent","gapA-3"
3.57830588163342e-128,-0.310327897039266,0.07,0.147,7.76528159373268e-124,"parent","acpP-1"
4.01359601993109e-128,-0.594049003960496,0.041,0.104,8.70990472285246e-124,"parent","sthA-3"
5.0922899767903e-125,-0.111496163635154,0.164,0.278,1.10507784786326e-120,"parent","ftsH-2"
1.66362336669539e-123,-1.38203558342855,0.014,0.058,3.61022906806567e-119,"parent","fxsA-1"
5.9024160935818e-123,-0.437552995708993,0.053,0.121,1.28088331646819e-118,"parent","dnaJ-2"
3.92803958554283e-120,-0.385186322067941,0.07,0.143,8.52423870458649e-116,"parent","clpX-4"
8.29838683340924e-120,-1.32408634871289,0.012,0.054,1.80083292671814e-115,"parent","nagC-2"
1.22294907165942e-119,-1.14009208710671,0.015,0.059,2.65392178040812e-115,"parent","nagB-3"
1.68908960111042e-118,-0.428463716802889,0.065,0.136,3.66549334336971e-114,"parent","ibpA-2"
5.96521216671356e-117,-0.384423278842427,0.055,0.121,1.29451069229851e-112,"parent","ihfA-5"
2.42200807269962e-116,-0.367512707578943,0.067,0.138,5.25599971856545e-112,"parent","ybeD-3"
1.57818112004416e-109,-0.422794930630565,0.041,0.097,3.42481084860784e-105,"parent","gcd-2"
1.63939641263263e-109,-0.401081432202496,0.035,0.089,3.55765415505408e-105,"parent","clpA-3"
2.5921084453306e-109,-0.483582491420148,0.051,0.113,5.62513453721194e-105,"parent","clpB-5"
7.23708771863242e-109,-0.770990890999627,0.022,0.069,1.57052040582042e-104,"parent","aroF-1"
1.79964472605183e-108,2.78629687262209,0.039,0.01,3.90540902000508e-104,"parent","mltD-1"
9.28562424118062e-106,-0.289907502322171,0.09,0.166,2.01507331657861e-101,"parent","dnaK-4"
2.10533309436026e-104,-0.409162271218419,0.041,0.096,4.56878334807121e-100,"parent","uvrA-4"
3.0838204918092e-101,-0.839236314195126,0.022,0.066,6.69219884927514e-97,"parent","gltA-4"
9.87532838593746e-101,-1.71034912315413,0.006,0.037,2.14304501303229e-96,"parent","fabB-5"
2.70247396556773e-98,-0.37469611053149,0.037,0.088,5.86463875267853e-94,"parent","rhlB-2"
6.81157143070277e-98,-0.764059910580915,0.019,0.06,1.47817911617681e-93,"parent","copA-2"
2.41258465615059e-97,-1.60045141104859,0.006,0.037,5.2355499623124e-93,"parent","yeaR-5"
1.07468706928717e-96,-0.603688068246835,0.028,0.073,2.33217840906009e-92,"parent","hflX-2"
3.4454192855605e-96,-0.169634488561896,0.073,0.14,7.47690439159485e-92,"parent","insL-3-4"
5.56146594740776e-96,-0.414402395803167,0.045,0.1,1.20689372524696e-91,"parent","ptsI-1"
5.42837823804402e-92,-0.513534219082441,0.038,0.088,1.17801236143793e-87,"parent","clpP-3"
1.34816180711813e-91,-0.274838715092457,0.044,0.096,2.92564593762706e-87,"parent","pcnB-3"
5.30510250387038e-91,-0.773737577550005,0.019,0.058,1.15126029436491e-86,"parent","htpG-2"
1.89711794552904e-90,-0.297439209652631,0.038,0.088,4.11693565359256e-86,"parent","valS-4"
3.00532471970423e-90,-0.959245808435978,0.011,0.045,6.52185517423015e-86,"parent","ldhA-5"
1.55959439694497e-89,-0.76832806832919,0.02,0.058,3.38447580081027e-85,"parent","yqjC-6"
6.87197119789019e-89,-0.596448781244236,0.024,0.065,1.49128646965415e-84,"parent","pdxH-2"
1.99159361817694e-88,-0.548535393819401,0.027,0.069,4.32195731080579e-84,"parent","aceA-5"
6.85684874883817e-88,-0.440021488181662,0.025,0.066,1.48800474698537e-83,"parent","ycbZ-5"
2.4193358828574e-87,-0.725158152263732,0.021,0.059,5.25020079938885e-83,"parent","pflB-3"
3.40142900703147e-85,-0.513750036545449,0.035,0.08,7.381441088159e-81,"parent","hfq-4"
6.4803457001569e-85,-0.971406234070596,0.012,0.044,1.40629982039105e-80,"parent","ycjX-2"
1.17499461097253e-84,-1.20393969976483,0.009,0.039,2.5498558052715e-80,"parent","yeaQ-5"
1.67468265619878e-84,-0.367621304525811,0.033,0.077,3.63422883221696e-80,"parent","pta-5"
2.82735640131304e-84,-0.806585436613188,0.016,0.05,6.13564612648942e-80,"parent","acnA-3"
3.04417161590034e-83,-1.32430239058001,0.008,0.036,6.60615682366533e-79,"parent","bssR-3"
3.82844971884953e-83,-0.493876213513048,0.03,0.072,8.30811873487537e-79,"parent","rrmJ-4"
6.61375605470436e-82,-0.776462484705147,0.016,0.051,1.43525120143139e-77,"parent","aroM-4"
7.35930470444359e-82,-0.276369094629027,0.048,0.098,1.5970427139113e-77,"parent","crr-1"
1.64924769391554e-81,-0.360168861027397,0.034,0.078,3.57903242056611e-77,"parent","arcA-2"
2.72701698201354e-80,-0.520348378058448,0.023,0.062,5.91789955266758e-76,"parent","speA-4"
9.30179249505818e-80,-0.596039521898088,0.021,0.058,2.01858198935257e-75,"parent","aceB-1"
1.30976400603619e-79,-0.655417452417383,0.022,0.058,2.84231886949913e-75,"parent","ybeZ-2"
1.3449214909145e-79,-1.44707066881648,0.009,0.037,2.91861412743356e-75,"parent","groS-4"
4.83398776621344e-78,-0.184271681670514,0.047,0.096,1.04902368514598e-73,"parent","fabF-3"
1.32330309252111e-77,-0.467671057659425,0.026,0.064,2.87170004108006e-73,"parent","hslR-2"
1.83813009583697e-77,-1.40905039355812,0.007,0.032,3.98892612097581e-73,"parent","yoaG-2"
1.90996104891459e-77,-0.546611095075869,0.027,0.066,4.14480647224955e-73,"parent","lrhA-1"
2.05948980870574e-77,-0.586155341537563,0.02,0.055,4.46929883387234e-73,"parent","sdhC-5"
3.11317934922975e-77,-0.492489271299675,0.031,0.072,6.75591050576348e-73,"parent","cfa-5"
3.44825783261279e-77,-0.345711155647439,0.034,0.077,7.48306432255302e-73,"parent","ycgE-3"
3.69783583482416e-77,-1.07248196470387,0.01,0.039,8.02467354515191e-73,"parent","serA-5"
6.79102827793481e-77,-0.513415213270018,0.029,0.069,1.47372104659463e-72,"parent","fimA-4"
9.71472685936154e-77,-0.520321467399928,0.023,0.06,2.10819287575005e-72,"parent","mdoG-4"
1.01005508249438e-76,-0.383605442832214,0.032,0.073,2.19192053452106e-72,"parent","trxC-5"
3.57550680005492e-76,-0.639116602214583,0.017,0.05,7.75920730679917e-72,"parent","ygaP-2"
1.98821368257722e-75,-0.994483125944782,0.015,0.046,4.31462251256082e-71,"parent","lipB-4"
5.94634884399651e-75,-0.845000305020957,0.013,0.042,1.29041716263568e-70,"parent","prlC-1"
8.34841634275485e-75,-0.211073212560234,0.062,0.114,1.81168983054123e-70,"parent","cyoB-5"
7.81003654539124e-74,-0.793974049800091,0.015,0.046,1.69485603071535e-69,"parent","hslU-3"
6.6505593034807e-73,-0.83682586953609,0.013,0.042,1.44323787444835e-68,"parent","gltB-3"
1.03657947346362e-72,-0.10426775728076,0.055,0.105,2.2494811153634e-68,"parent","puuD-1"
2.11778315965702e-72,-0.704869099800836,0.018,0.051,4.5958012347717e-68,"parent","nuoC-2"
1.86740742818054e-71,-1.05129716656398,0.011,0.039,4.05246085989458e-67,"parent","adhE-2"
5.30973130525882e-71,-0.344862314871207,0.035,0.076,1.15226479055422e-66,"parent","yjgI-4"
6.25697517184681e-71,-0.543105295135146,0.023,0.057,1.35782618204248e-66,"parent","prsA-1"
2.8386963429899e-70,0.100803536246504,0.155,0.24,6.16025493392237e-66,"parent","ahpC-5"
6.81152711455046e-70,-0.683863083357582,0.019,0.052,1.4781694991286e-65,"parent","maa-2"
7.68615037395996e-70,-0.501761998730212,0.019,0.051,1.66797149265305e-65,"parent","hemB-5"
8.29259077648777e-70,-0.172392676831665,0.041,0.084,1.79957512440561e-65,"parent","talB-5"
1.59786857731631e-69,0.133069757675646,0.159,0.245,3.46753459963412e-65,"parent","spoT-1"
6.33495628452418e-68,-0.661031752620468,0.017,0.047,1.37474886330459e-63,"parent","yjgK-4"
7.37222252158443e-68,-0.770487623494152,0.016,0.045,1.59984600940904e-63,"parent","cyaA-4"
2.37901101271843e-67,-0.818992181511291,0.012,0.04,5.16269179870027e-63,"parent","gnd-1"
5.50380321763088e-67,-0.743576824839804,0.013,0.04,1.19438033625808e-62,"parent","yqfA-6"
1.78172901198741e-66,-0.757561478467599,0.012,0.04,3.86653012891388e-62,"parent","pepD-1"
1.83426063035604e-66,-0.600808705661492,0.017,0.048,3.98052899393563e-62,"parent","fbaA-4"
1.94680298515328e-65,-0.287293739781589,0.033,0.072,4.22475715808113e-61,"parent","uspE-1"
1.01739180025109e-63,-0.628547669761807,0.019,0.049,2.2078419457249e-59,"parent","fimC-5"
1.06692966961556e-61,-0.627653154666669,0.017,0.046,2.31534407603273e-57,"parent","yhdN-3"
1.14818305157876e-61,-0.612960972029777,0.017,0.045,2.49167204023107e-57,"parent","ygaW-3"
1.51101579253124e-61,-0.361811029305391,0.027,0.061,3.27905537137204e-57,"parent","yeeZ-4"
2.6262281841248e-61,-0.188574480289322,0.031,0.067,5.69917778236923e-57,"parent","cysB-5"
1.1857874966887e-60,-0.126341534469953,0.041,0.08,2.57327744656414e-56,"parent","sodB-5"
1.08356089946175e-59,-0.776504892420664,0.012,0.037,2.35143550792194e-55,"parent","hslJ-2"
1.70628588093601e-59,-1.03570632304048,0.009,0.032,3.70281099021924e-55,"parent","uvrC-4"
3.29914208756884e-59,1.92856117258249,0.049,0.023,7.15946824423314e-55,"parent","rplV-5"
3.6909840206955e-59,-0.178466931841432,0.035,0.072,8.0098044233113e-55,"parent","leuS-3"
3.8222660544849e-59,-0.610817277865562,0.015,0.042,8.29469956483768e-55,"parent","gcvA-4"
4.22874924380774e-59,-1.25669565576798,0.007,0.029,9.17680873398717e-55,"parent","frmB-1"
4.47800175887199e-59,-0.859944288723328,0.009,0.032,9.7177116169281e-55,"parent","sdhA-2"
1.35886019218442e-58,-0.34874354518886,0.03,0.063,2.94886250305941e-54,"parent","gmk-3"
4.45249886400824e-58,-0.407542442268261,0.021,0.05,9.66236778478428e-54,"parent","psd-1"
7.2307937119926e-58,-0.542012019829814,0.019,0.047,1.56915454343951e-53,"parent","gapC-4"
1.2257182615716e-57,-0.754346877174268,0.012,0.037,2.65993119943652e-53,"parent","rssA-4"
4.17482771574109e-57,-0.800973008843748,0.013,0.039,9.05979362592973e-53,"parent","yjgJ-3"
7.4454855707929e-56,1.58690736791857,0.09,0.056,1.61574482371777e-51,"parent","truB-2"
8.32724791270721e-56,-0.43999309708458,0.02,0.048,1.80709606953659e-51,"parent","rfe-4"
1.84569414130208e-55,-0.28759776396803,0.034,0.068,4.00534085603965e-51,"parent","hupB-4"
5.03305204122704e-55,-0.342992529362056,0.027,0.058,1.09222262346668e-50,"parent","icd-4"
5.5540292786757e-55,-0.633304315155084,0.014,0.039,1.20527989376541e-50,"parent","fabA-4"
7.14120085977493e-55,-0.128930668182474,0.043,0.081,1.54971199857976e-50,"parent","gyrA-4"
8.0064720850563e-55,-0.472729049324608,0.016,0.042,1.73748450717807e-50,"parent","hepA-1"
1.17430722396127e-54,-0.585208684047912,0.013,0.037,2.54836410671834e-50,"parent","pepN-1"
1.19457879021032e-54,-0.278779346011066,0.026,0.056,2.59235543263541e-50,"parent","ybiP-1"
1.4904545103752e-54,-0.23354289747784,0.028,0.06,3.23443533296522e-50,"parent","pepP-5"
1.58212496595797e-54,-0.818231729406276,0.011,0.033,3.4333693886254e-50,"parent","hybO-4"
2.05017557702368e-54,0.175589398353068,0.146,0.217,4.44908601969909e-50,"parent","pyrG-5"
2.50395414182518e-54,-0.487673160672571,0.015,0.04,5.43383088317482e-50,"parent","murI-2"
5.4269835933346e-54,-0.489346594423485,0.019,0.046,1.17770970958954e-49,"parent","msrB-2"
8.19450631173563e-54,-0.478809269194693,0.016,0.042,1.77828981470975e-49,"parent","aspC-1"
3.42635689252254e-53,0.158326232244711,0.137,0.205,7.43553709246316e-49,"parent","rpoB-1"
4.90129160389574e-53,-0.839060975345685,0.012,0.035,1.06362929096142e-48,"parent","grpE-4"
5.45069545509843e-53,-0.321742336877909,0.02,0.047,1.18285542071091e-48,"parent","cydB-2"
7.00775175104731e-53,-0.102553715192614,0.057,0.098,1.52075220749478e-48,"parent","thrS-1"
1.13604888603634e-52,-0.640855399273321,0.017,0.042,2.46533968758746e-48,"parent","tolC-1"
5.11513388037746e-52,-0.573052578095438,0.015,0.04,1.11003520338071e-47,"parent","gor-5"
6.62032437416618e-52,-0.302705924338792,0.021,0.048,1.4366765924378e-47,"parent","yfiQ-1"
6.66916372670916e-52,-0.413936182529097,0.019,0.045,1.44727522033316e-47,"parent","glnS-5"
3.92106761566355e-51,-0.232590235533447,0.024,0.052,8.50910883275147e-47,"parent","uvrB-5"
4.34015950082404e-51,0.101641890629097,0.125,0.186,9.41858013273824e-47,"parent","iscR-2"
5.12111778535917e-51,-1.50476588579726,0.005,0.023,1.11133377060079e-46,"parent","tyrP-1"
6.56557282534219e-51,-0.682071857242359,0.011,0.033,1.42479495882751e-46,"parent","ndh-5"
7.89404591478614e-51,-0.396926311506249,0.019,0.045,1.71308690396774e-46,"parent","yeaC-1"
1.17620466674092e-50,-0.51069519178789,0.016,0.041,2.55248174729448e-46,"parent","metG-4"
1.6622432224946e-50,-1.09223187412609,0.007,0.025,3.60723401713553e-46,"parent","frmA-3"
2.1219728298085e-50,0.143026430419225,0.21,0.3,4.60489323796743e-46,"parent","rpsE-2"
2.94684248248777e-50,-0.562628599956116,0.012,0.034,6.39494287124671e-46,"parent","yafD-3"
3.80179758304891e-50,-0.538413238337666,0.014,0.037,8.25028093497445e-46,"parent","serC-2"
2.06300707677264e-49,-0.406234219742211,0.02,0.046,4.4769316573043e-45,"parent","tyrS-1"
2.21851819295077e-49,-0.923536095191475,0.007,0.026,4.81440633052246e-45,"parent","nagE-4"
2.41345819347828e-49,-0.87495438870679,0.009,0.028,5.23744562566722e-45,"parent","mfd-4"
4.12648562920598e-49,-0.91853056130608,0.009,0.029,8.95488646393989e-45,"parent","epd-5"
5.95673863168032e-49,-0.213813361080045,0.024,0.052,1.29267185046095e-44,"parent","hemH-3"
2.42072289418363e-48,-0.296329321011583,0.018,0.043,5.2532107526679e-44,"parent","betT-1"
4.89686821367762e-48,-0.696702844308375,0.009,0.029,1.06266937105018e-43,"parent","yfbQ-3"
5.02108867542171e-48,-0.759112836407828,0.01,0.031,1.08962645345327e-43,"parent","gss-1"
9.00731821940916e-48,-1.47818529446717,0.004,0.019,1.95467812679398e-43,"parent","ybgA-3"
1.02114342323602e-47,-0.551171653888534,0.011,0.032,2.21598334276449e-43,"parent","yjeS-3"
2.97805760195875e-47,-0.773931852639374,0.011,0.032,6.46268280201069e-43,"parent","fliY-3"
3.54821773051606e-47,0.232734809791623,0.106,0.161,7.69998729699289e-43,"parent","yhhQ-4"
3.57638967860912e-47,-0.411914208945517,0.017,0.041,7.76112324154965e-43,"parent","puuC-5"
1.70426209897904e-46,-1.10190535291826,0.006,0.023,3.69841918099441e-42,"parent","pgi-2"
2.82442793501757e-46,-0.116908224060862,0.029,0.059,6.12929106178164e-42,"parent","mreC-2"
2.94842089129664e-46,-0.804390116835979,0.009,0.028,6.39836817620283e-42,"parent","yecJ-2"
3.15190300549236e-46,-1.25247524259039,0.005,0.022,6.83994471221898e-42,"parent","yidE-3"
3.41714533309142e-46,-0.251475192821091,0.027,0.054,7.41554708734168e-42,"parent","moaA-4"
8.2679882657554e-46,-0.627507917805798,0.012,0.033,1.79423613355158e-41,"parent","nuoA-3"
1.7814366122688e-45,-0.454377724021018,0.013,0.034,3.86589559228453e-41,"parent","lolD-3"
4.35091219495404e-45,-0.151851789869682,0.032,0.062,9.44191455426977e-41,"parent","aspS-5"
6.44106175911635e-45,-0.811490106155211,0.009,0.028,1.39777481234584e-40,"parent","tyrA-4"
1.15458864669386e-44,-0.255340820343691,0.021,0.045,2.50557282219034e-40,"parent","ygdE-4"
1.60054012627007e-44,-0.434364655890511,0.018,0.042,3.47333212801867e-40,"parent","ybaJ-2"
1.93748002492175e-44,-1.07826649245089,0.006,0.022,4.20452540208269e-40,"parent","intF-5"
2.19664980593831e-44,-0.224655727678988,0.022,0.047,4.76694974386672e-40,"parent","yrdC-4"
2.79956315975067e-44,-0.397930464200839,0.015,0.037,6.07533201297493e-40,"parent","thyA-3"
3.56417371273776e-44,-0.470529967580885,0.014,0.036,7.73461337401221e-40,"parent","bssS-1"
5.01817001875652e-44,-1.07193439960824,0.006,0.022,1.08899307577035e-39,"parent","yqjF-4"
9.85933354871142e-44,-0.574652400011754,0.01,0.029,2.13957397340586e-39,"parent","ptsP-4"
1.08353662579125e-43,-1.04127286239888,0.006,0.022,2.35138283162959e-39,"parent","nhaA-1"
1.22036954641157e-43,-0.188186521083203,0.022,0.047,2.64832395266774e-39,"parent","fhuA-4"
1.51635628572645e-43,-0.27052412550336,0.018,0.04,3.29064477565496e-39,"parent","surA-5"
1.92323779418134e-43,-0.538343055347432,0.011,0.031,4.17361833715293e-39,"parent","pyrC-5"
3.51383925418263e-43,-0.799821535736997,0.007,0.024,7.62538256550172e-39,"parent","sdhB-3"
7.17902649485994e-43,-0.193718895697929,0.022,0.047,1.55792053964955e-38,"parent","era-3"
1.91548895119702e-42,-1.14096098157953,0.005,0.02,4.15680257299265e-38,"parent","yccJ-2"
2.24163899010995e-42,-0.137855430061093,0.032,0.06,4.86458077243761e-38,"parent","aroK-1"
5.44636763997931e-42,-0.262742031295599,0.016,0.038,1.18191624155191e-37,"parent","yccA-2"
9.30929629005316e-42,0.161651010099392,0.071,0.113,2.02021038790444e-37,"parent","gidA-3"
9.56125903307464e-42,0.142552146776667,0.062,0.1,2.07488882276753e-37,"parent","kdsA-1"
9.78802798428385e-42,-0.763653379743402,0.007,0.023,2.12409995286944e-37,"parent","tktB-2"
1.37352961099554e-41,-0.249966642625837,0.016,0.037,2.98069660882143e-37,"parent","yeaP-4"
2.27117052090298e-41,-0.202422760100093,0.023,0.047,4.92866714741155e-37,"parent","ybfE-3"
2.48988318450368e-41,-1.03131214381511,0.005,0.021,5.40329549869143e-37,"parent","fimD-2"
2.92682902567976e-41,-0.452932346973271,0.013,0.033,6.35151166862764e-37,"parent","avtA-2"
3.4042086337297e-41,0.225470590195735,0.082,0.127,7.38747315605681e-37,"parent","rplQ-4"
3.6039665224929e-41,-0.148651394023195,0.023,0.048,7.82096775046183e-37,"parent","yciM-2"
4.77274502701238e-41,-0.56201452541526,0.012,0.031,1.03573339831196e-36,"parent","pepQ-5"
5.68471781197007e-41,-0.405754232660164,0.015,0.035,1.23364061237562e-36,"parent","yadG-2"
8.43352360679839e-41,1.225651892333,0.15,0.117,1.83015895791132e-36,"parent","fis-1"
1.085768677612e-40,-0.110785120776623,0.025,0.05,2.35622660728581e-36,"parent","ppiD-4"
2.60438999135964e-40,-0.505790162886084,0.011,0.029,5.65178672024955e-36,"parent","aaeA-1"
4.13399588699704e-40,-0.217164642705622,0.018,0.039,8.97118447437228e-36,"parent","pheT-2"
5.19928333582566e-40,-0.804329120466463,0.008,0.025,1.12829647670753e-35,"parent","nhaR-1"
5.77619932242121e-40,-0.160303305010932,0.028,0.054,1.25349301495863e-35,"parent","ychQ-5"
9.11721673936708e-40,-0.18157268079255,0.022,0.046,1.97852720461005e-35,"parent","pgm-3"
1.1557293135258e-39,-0.15153572020794,0.023,0.046,2.50804818328233e-35,"parent","yjgX-16"
1.92483123596666e-39,-0.606261908450534,0.009,0.027,4.17707626517125e-35,"parent","ycfD-3"
2.12459912087772e-39,-0.10204850021395,0.027,0.052,4.61059255221674e-35,"parent","gpmA-2"
2.35358107474239e-39,0.168049168316047,0.065,0.103,5.10750629029846e-35,"parent","rseB-2"
4.36195102109052e-39,-0.369994710721139,0.012,0.031,9.46586991086854e-35,"parent","rsxC-5"
6.49835990020049e-39,-0.913955921980166,0.006,0.021,1.41020908194251e-34,"parent","phr-3"
7.11258056012758e-39,-0.517251375484664,0.011,0.029,1.54350110735329e-34,"parent","mrp-3"
8.00713346119531e-39,-0.742788806502226,0.008,0.025,1.73762803241399e-34,"parent","gshB-5"
9.97794983781152e-39,-0.460998854839879,0.01,0.027,2.16531489430348e-34,"parent","lolB-5"
1.21758174915224e-38,-0.313196917926905,0.014,0.033,2.64227415383527e-34,"parent","phoQ-3"
1.32029862130515e-38,-0.633198469716773,0.009,0.025,2.8651800380943e-34,"parent","ygdH-4"
1.5779554364242e-38,-0.609013127117935,0.008,0.025,3.42432109258415e-34,"parent","mdoH-1"
1.6432121900742e-38,0.138055164676035,0.05,0.082,3.56593477368003e-34,"parent","exbD-2"
1.86670476362763e-38,-1.8397539029112,0.002,0.014,4.05093600754833e-34,"parent","ybeF-4"
1.93382214104426e-38,-0.307900077917063,0.015,0.035,4.19658742828014e-34,"parent","lysU-5"
2.6557904540694e-38,-0.535590510036879,0.012,0.031,5.763330864376e-34,"parent","ispE-5"
4.05418835090848e-38,-0.334494406655097,0.011,0.029,8.79799414030649e-34,"parent","yebV-5"
4.73576010988621e-38,-0.332814889471354,0.015,0.035,1.02770730144641e-33,"parent","phoP-2"
5.44955865441042e-38,-0.418383515295317,0.018,0.039,1.18260872359361e-33,"parent","ackA-4"
6.28871896449557e-38,-0.56865718205704,0.01,0.027,1.36471490248518e-33,"parent","fbaB-1"
6.83118773827725e-38,-0.322169962500372,0.015,0.035,1.48243605108355e-33,"parent","accA-4"
7.13537448852696e-38,-0.129699254186628,0.032,0.059,1.54844761775524e-33,"parent","lon-5"
7.27813916762848e-38,-0.24188162161913,0.024,0.048,1.57942898076706e-33,"parent","acnB-5"
7.50301302031803e-38,-0.940742040029514,0.005,0.019,1.62822885553922e-33,"parent","ygaZ-1"
7.99644165927511e-38,-0.725117562906803,0.006,0.021,1.73530780447929e-33,"parent","yhaK-1"
9.23342713082684e-38,-0.944137929380517,0.006,0.02,2.00374602166073e-33,"parent","yohL-6"
1.62265018170865e-37,-0.479854811502962,0.01,0.027,3.52131315932594e-33,"parent","deoD-1"
2.25674690759863e-37,-1.23556421588319,0.004,0.017,4.89736646417979e-33,"parent","arsC-4"
2.8560939761497e-37,-0.603437216306402,0.008,0.023,6.19800953764245e-33,"parent","gpp-1"
2.8659988369066e-37,0.197629738003161,0.098,0.143,6.21950407597101e-33,"parent","yidC-1"
3.06579895708307e-37,-0.336548337180834,0.016,0.035,6.65309031676598e-33,"parent","folE-2"
3.13871269578201e-37,-0.810900513975601,0.005,0.019,6.81132042111655e-33,"parent","ygjG-1"
3.64871393122169e-37,-1.23964444686738,0.004,0.016,7.9180741021442e-33,"parent","ftn-5"
9.74537481520281e-37,0.167726713338347,0.044,0.074,2.11484378864716e-32,"parent","zipA-1"
1.09080688319875e-36,-0.39805312002572,0.013,0.031,2.3671600172296e-32,"parent","ycdZ-4"
2.36370949977679e-36,-1.84487351735932,0.003,0.014,5.12948598546561e-32,"parent","ybbN-3"
2.83526058367725e-36,-0.570869010054963,0.008,0.024,6.15279899263799e-32,"parent","hemC-4"
3.67643875458268e-36,-0.443906070843822,0.015,0.035,7.97823974131987e-32,"parent","sfcA-5"
8.40866248967878e-36,0.249479123628439,0.129,0.183,1.82476384688519e-31,"parent","nusG-4"
9.30006014178891e-36,-0.970960667318023,0.005,0.018,2.01820605136961e-31,"parent","rfaC-2"
2.40594033242067e-35,0.102671554141098,0.062,0.096,5.22113111538609e-31,"parent","ahpF-1"
3.05098253877072e-35,-0.276704871730251,0.015,0.035,6.62093720738634e-31,"parent","yggJ-1"
3.37973828076229e-35,-0.690135192916854,0.007,0.022,7.33437004308225e-31,"parent","yqjG-5"
3.61893623809769e-35,-0.325092932851395,0.013,0.031,7.8534535302958e-31,"parent","rpsT-2"
4.89477333805414e-35,-0.190763147790305,0.022,0.044,1.06221476209113e-30,"parent","rsgA-5"
6.48443277664778e-35,-0.574558225221885,0.011,0.028,1.40718675686033e-30,"parent","seqA-5"
7.12219327273449e-35,-0.213519294864015,0.023,0.044,1.54558716211611e-30,"parent","fur-1"
1.19713416285437e-34,-0.301117915520164,0.017,0.037,2.59790084681026e-30,"parent","ubiD-2"
1.23418693829193e-34,-0.370840458997703,0.015,0.033,2.67830907478732e-30,"parent","yheO-4"
1.59555538067273e-34,-0.658611041636769,0.007,0.022,3.46251473159789e-30,"parent","talA-5"
1.74525247568413e-34,-0.152160090663254,0.025,0.047,3.78737239748212e-30,"parent","infA-1"
2.03297415655485e-34,0.128218460374988,0.076,0.113,4.41175721713969e-30,"parent","nlpD-4"
3.07955586690151e-34,-0.451337508679339,0.01,0.027,6.68294418676296e-30,"parent","yieG-4"
4.19917568285263e-34,-0.771777428724081,0.006,0.02,9.11263114935849e-30,"parent","dppA-3"
6.0788214813812e-34,-0.157598220878457,0.025,0.048,1.31916504967453e-29,"parent","yjcB-3"
7.13075588439565e-34,-0.177907767206726,0.015,0.033,1.5474453344727e-29,"parent","rpoN-3"
1.07444650625456e-33,-0.192227981318991,0.02,0.04,2.33165636322303e-29,"parent","aroB-2"
1.11856554673202e-33,-0.22620610552408,0.012,0.029,2.42739909296315e-29,"parent","gntR-5"
1.58908064449617e-33,-0.415864624561687,0.01,0.026,3.44846390662114e-29,"parent","mdtG-5"
1.59903519972625e-33,-0.951714323030022,0.005,0.018,3.47006628692593e-29,"parent","folK-3"
1.63421051462888e-33,-0.327015732148678,0.016,0.034,3.54640023779613e-29,"parent","rnb-1"
1.7880048616591e-33,-0.111320464957437,0.017,0.035,3.88014935028642e-29,"parent","yfiP-4"
2.17569900846837e-33,-0.581212824741358,0.006,0.019,4.72148441827721e-29,"parent","gntT-4"
2.63920596776741e-33,-0.181648628713791,0.018,0.038,5.72734087065205e-29,"parent","yeeY-5"
4.66166220746375e-33,-0.534072462871027,0.007,0.021,1.01162731564171e-28,"parent","proS-4"
8.35193865274637e-33,-1.16736978755186,0.004,0.015,1.81245420703249e-28,"parent","ybhF-5"
8.6372445508722e-33,0.314890486416771,0.094,0.137,1.87436843998478e-28,"parent","ybjL-1"
8.6392517385283e-33,-1.52723821120109,0.003,0.014,1.87480401977803e-28,"parent","evgS-4"
1.31786417023711e-32,-0.92691669470591,0.004,0.016,2.85989703583156e-28,"parent","yfiB-1"
1.39848319941653e-32,0.175246823824044,0.076,0.112,3.03484839105382e-28,"parent","yafK-3"
1.64846467390057e-32,-0.33703141934006,0.012,0.029,3.57733318883164e-28,"parent","dnaC-4"
1.75162036104029e-32,-0.562052056513293,0.009,0.024,3.80119134549353e-28,"parent","tpiA-3"
3.6786226219451e-32,-0.142014129562804,0.018,0.036,7.98297895188306e-28,"parent","rcsB-4"
4.08164710817778e-32,-0.979816305097391,0.005,0.017,8.8575823894566e-28,"parent","otsA-4"
4.73751018247996e-32,0.159790611831546,0.074,0.11,1.02808708469998e-27,"parent","cspA-3"
6.09107331205865e-32,-0.564831391822814,0.01,0.026,1.32182381944985e-27,"parent","speG-3"
6.42105948647071e-32,-0.482018852962792,0.01,0.025,1.39343411915901e-27,"parent","glyA-5"
1.28257990612928e-31,-0.238794329222999,0.022,0.042,2.78332665429114e-27,"parent","grxA-4"
1.43100576029461e-31,0.139402635604534,0.046,0.075,3.10542560041533e-27,"parent","asnS-4"
1.53302514690733e-31,-0.569407266328229,0.006,0.019,3.32681787130359e-27,"parent","nagZ-1"
1.72739416151161e-31,0.181300367729332,0.301,0.406,3.74861806989636e-27,"parent","deaD-2"
2.10564568919173e-31,0.210846357998746,0.253,0.341,4.56946171011497e-27,"parent","rpsA-3"
2.63096796786212e-31,-0.562759596156057,0.007,0.02,5.70946358705759e-27,"parent","rfaF-1"
2.67273249443279e-31,-0.700505179655997,0.008,0.023,5.80009678616859e-27,"parent","apaG-5"
2.89742688865923e-31,-0.317800590043442,0.013,0.029,6.2877060910794e-27,"parent","grxD-2"
3.3048821962059e-31,-0.437954196668469,0.009,0.024,7.17192485398643e-27,"parent","yiaF-3"
4.50602523142953e-31,-0.475526854751781,0.007,0.021,9.77852535472522e-27,"parent","yhbN-4"
5.9099979590547e-31,0.261876632139846,0.086,0.125,1.28252865709446e-26,"parent","tig-1"
7.75579385849946e-31,-0.341592025591013,0.011,0.026,1.68308482523297e-26,"parent","grxB-5"
8.13566952500249e-31,-0.55284432638036,0.009,0.023,1.76552164362079e-26,"parent","yeeX-4"
9.07365252934153e-31,-0.434983219649749,0.012,0.028,1.9690733353924e-26,"parent","plsB-5"
9.68130161863612e-31,-0.175262048437812,0.019,0.038,2.10093926426022e-26,"parent","ptsN-2"
1.15521530011937e-30,-0.323345687642732,0.012,0.028,2.50693272278904e-26,"parent","gpmI-2"
1.1776741482728e-30,-0.27010957523264,0.011,0.027,2.5556706691668e-26,"parent","acrB-5"
1.29464550444306e-30,-0.108295763607368,0.015,0.032,2.80951020919189e-26,"parent","thiL-1"
1.34825753256242e-30,-0.417780887365437,0.009,0.024,2.9258536714137e-26,"parent","ribF-3"
1.8930274256716e-30,-0.346310940189486,0.01,0.025,4.10805881644995e-26,"parent","proA-3"
2.87951807067787e-30,-0.672936318146596,0.007,0.021,6.24884216517804e-26,"parent","aaeB-1"
2.94675944515765e-30,-0.570781900558452,0.009,0.024,6.39476267193662e-26,"parent","yghB-2"
2.96553701376979e-30,-0.101993335572736,0.016,0.034,6.43551187358181e-26,"parent","sodA-1"
3.09921987895876e-30,0.198529478352971,0.044,0.071,6.72561705932841e-26,"parent","alaS-2"
3.73768743093695e-30,-0.487236912062782,0.01,0.024,8.11115549387628e-26,"parent","evgA-4"
3.84688139779563e-30,-0.934945343218435,0.006,0.018,8.3481173213563e-26,"parent","rssB-2"
4.10819458310394e-30,0.294367573996939,0.08,0.117,8.91519306479386e-26,"parent","dnaG-2"
4.49888053553714e-30,0.21961367729907,0.109,0.153,9.76302065016914e-26,"parent","kgtP-4"
4.66887955569444e-30,-0.393367931615899,0.011,0.027,1.01319355238125e-25,"parent","secB-4"
6.63338593609932e-30,-0.468245636767908,0.008,0.022,1.43951108199291e-25,"parent","katE-2"
6.80202030297979e-30,-0.379040581603186,0.011,0.026,1.47610642594964e-25,"parent","lysS-1"
9.52612823956869e-30,-0.640713662408318,0.007,0.02,2.0672650892688e-25,"parent","pdxA-5"
1.01147727500871e-29,-0.491075590373622,0.011,0.025,2.1950068344964e-25,"parent","yjjK-1"
1.04868300639673e-29,-0.524594338452882,0.008,0.022,2.27574699218154e-25,"parent","yciX-3"
1.20129361596782e-29,-0.709406386929472,0.007,0.019,2.60692727601176e-25,"parent","ycgZ-3"
1.35968274542915e-29,0.14345935614206,0.045,0.072,2.9506475258558e-25,"parent","lpxP-2"
1.38209259716473e-29,0.108653154603639,0.042,0.068,2.99927914510718e-25,"parent","exbB-5"
1.62021352942806e-29,-0.766339164940878,0.005,0.016,3.51602538021184e-25,"parent","moeA-3"
1.81465680135545e-29,-0.457261877451461,0.009,0.023,3.93798672462145e-25,"parent","hrpA-5"
2.11983862004656e-29,-0.382208602282943,0.01,0.025,4.60026178936305e-25,"parent","yigL-1"
2.14905132218929e-29,-1.06879586031647,0.004,0.015,4.66365627428298e-25,"parent","elbB-4"
2.39387063765422e-29,0.249247998691318,0.05,0.078,5.19493867077342e-25,"parent","ffh-5"
2.82567511398011e-29,0.207646963637635,0.036,0.06,6.13199756484824e-25,"parent","accC-5"
2.90090607869792e-29,-1.01899648198134,0.004,0.015,6.29525628138235e-25,"parent","ymgA-2"
3.88189899357752e-29,0.147436096030134,0.051,0.079,8.42410900596257e-25,"parent","glpR-5"
6.35422970559092e-29,-0.751360854825178,0.006,0.018,1.37893138841029e-24,"parent","nagD-4"
7.48303539319847e-29,-0.135491603559648,0.017,0.034,1.623893510678e-24,"parent","tktA-4"
8.03718577964328e-29,-0.351338809791685,0.009,0.023,1.74414968604039e-24,"parent","nlpE-5"
8.19052361412913e-29,-0.432658652670189,0.01,0.024,1.77742552950216e-24,"parent","yggW-5"
8.53444086127098e-29,-0.123470719907658,0.015,0.032,1.85205901130442e-24,"parent","ycfH-2"
8.99018957944896e-29,-0.595442958121457,0.006,0.017,1.95096104063622e-24,"parent","aroA-3"
9.94267105056538e-29,0.257609882843028,0.092,0.131,2.15765904468319e-24,"parent","rpoA-2"
1.0390785792018e-28,-0.746991158433731,0.005,0.016,2.25490442472583e-24,"parent","ydgA-3"
1.07718760120265e-28,-0.588102835950666,0.008,0.021,2.33760481336987e-24,"parent","speD-1"
1.16575666938166e-28,-0.163199108828384,0.014,0.03,2.52980854822514e-24,"parent","yggE-4"
1.24978843796936e-28,-0.398165342102607,0.008,0.021,2.7121658892373e-24,"parent","trkH-4"
1.49492265656976e-28,-0.244190303765245,0.015,0.032,3.24413165702205e-24,"parent","ygfA-2"
1.58215541579164e-28,-0.341375545406758,0.009,0.022,3.43343546780945e-24,"parent","glpF-5"
1.84315566256893e-28,-0.135970102288037,0.017,0.034,3.99983210334084e-24,"parent","adhP-1"
1.93642528309599e-28,-0.321658451119724,0.013,0.028,4.20223650684662e-24,"parent","rffE-1"
5.81466736012724e-28,0.215785378421053,0.242,0.322,1.26184096382121e-23,"parent","nlpI-3"
9.58204751243231e-28,0.215613425497279,0.041,0.066,2.07940013067294e-23,"parent","nrdR-2"
9.64368357459126e-28,-0.280434001514184,0.015,0.031,2.09277577252205e-23,"parent","prmC-3"
1.10157313803387e-27,-0.693822896646318,0.005,0.017,2.3905238668473e-23,"parent","ydhK-4"
1.11433276255415e-27,0.274769455276066,0.075,0.108,2.41821352801877e-23,"parent","marR-3"
1.15690715650426e-27,-0.375819076884347,0.009,0.023,2.5106042203299e-23,"parent","cueO-5"
1.16126594934244e-27,-1.18726321833716,0.003,0.013,2.52006323666804e-23,"parent","yafE-1"
1.50041272368002e-27,-0.259888177459243,0.011,0.025,3.256045651658e-23,"parent","envC-3"
1.51398523734899e-27,-0.631468086057475,0.007,0.019,3.28549936357105e-23,"parent","galU-5"
1.68216961732114e-27,-0.352776216088666,0.008,0.021,3.6504762865486e-23,"parent","gntU-4"
1.99860760449402e-27,0.17301287538264,0.046,0.072,4.33717836251248e-23,"parent","ydcR-2"
2.03328528857897e-27,0.13929505643517,0.053,0.08,4.41243240474522e-23,"parent","iscU-4"
2.30603508877702e-27,-0.392219906156167,0.01,0.024,5.00432674615502e-23,"parent","yfiO-4"
3.31923940659532e-27,-0.254673538083515,0.013,0.029,7.20308143625251e-23,"parent","srmB-4"
3.44148511248416e-27,-1.09059887329982,0.003,0.013,7.46836684260187e-23,"parent","yeaJ-5"
4.28372607170713e-27,-0.426763015890494,0.009,0.023,9.29611394821165e-23,"parent","yrdD-1"
4.32991181258725e-27,-0.253148672040096,0.012,0.027,9.39634162449558e-23,"parent","rraA-5"
4.94199252753081e-27,-0.35782617707163,0.01,0.023,1.07246179839946e-22,"parent","aroE-3"
5.46947482674991e-27,-0.87717875496919,0.004,0.015,1.186930732153e-22,"parent","bcp-2"
5.51333621643949e-27,-0.336408652988946,0.008,0.02,1.19644909232953e-22,"parent","betA-5"
6.70605768189055e-27,-0.497465847320948,0.009,0.022,1.45528157754707e-22,"parent","ygaU-2"
6.71622731069297e-27,-0.739916541398523,0.007,0.019,1.45748848869348e-22,"parent","ptsG-5"
7.19160239793024e-27,-0.377484540066457,0.011,0.024,1.56064963637484e-22,"parent","yrbD-6"
7.44302266581135e-27,-0.711018216385538,0.006,0.017,1.61521034870772e-22,"parent","ychJ-5"
9.31773506288385e-27,0.138532542288626,0.029,0.05,2.02204168599642e-22,"parent","yjgP-4"
1.02813898883164e-26,-0.277523923538195,0.01,0.023,2.23116441966354e-22,"parent","yrdB-1"
1.09960371151616e-26,-0.452763644102103,0.008,0.021,2.38625001436123e-22,"parent","dsbA-2"
1.31581461429234e-26,-0.627297991251594,0.008,0.021,2.8554492944758e-22,"parent","pinR-2"
1.5462852957869e-26,-0.497732384759821,0.006,0.018,3.35559372038714e-22,"parent","yaiA-4"
1.60108545675397e-26,0.26520177924505,0.204,0.272,3.4745155497018e-22,"parent","rplR-2"
1.90428244175576e-26,-0.207846903383984,0.01,0.024,4.13248332685417e-22,"parent","hspQ-4"
2.18225019413503e-26,-0.163266263547994,0.015,0.031,4.73570114629243e-22,"parent","yciB-2"
2.74759645169855e-26,-0.600578210085962,0.006,0.017,5.96255905983102e-22,"parent","yeaH-4"
3.18026976754817e-26,-0.611519666060361,0.006,0.018,6.9015034225563e-22,"parent","nuoB-1"
3.18411378638902e-26,-0.167347480905277,0.016,0.032,6.9098453278428e-22,"parent","serS-1"
3.36438746367837e-26,-0.421903798558825,0.008,0.021,7.30105723492842e-22,"parent","nagK-2"
4.23302730286768e-26,-0.396077772211121,0.009,0.021,9.18609254995316e-22,"parent","yheM-1"
4.26666453242236e-26,0.255261655188542,0.05,0.076,9.25908870180976e-22,"parent","ompC-3"
5.46806955201955e-26,-0.706562625902701,0.004,0.014,1.18662577348376e-21,"parent","ydfG-5"
6.61419082084185e-26,-1.46351176336474,0.002,0.011,1.43534555003089e-21,"parent","ymgB-2"
6.69287097611311e-26,-0.320359143287429,0.009,0.022,1.45241993052631e-21,"parent","ydcI-5"
8.61144133164644e-26,-0.665366091140066,0.006,0.017,1.86876888338059e-21,"parent","cho-3"
9.07915725283429e-26,0.222456655515977,0.054,0.081,1.97026791543757e-21,"parent","dnaX-2"
1.03072284868533e-25,-0.691262634283455,0.005,0.015,2.23677165393203e-21,"parent","ycfP-1"
1.12458326527385e-25,-0.338583784689063,0.012,0.026,2.44045814397078e-21,"parent","nudH-4"
1.3445301398123e-25,-0.747256420130874,0.004,0.014,2.91776485640667e-21,"parent","cysS-4"
1.45654933679078e-25,-0.408637383850944,0.012,0.026,3.16085771576967e-21,"parent","alr-5"
1.46588264689787e-25,-0.380007220223241,0.008,0.02,3.18111193203307e-21,"parent","allR-1"
1.84849800326135e-25,0.186188145135391,0.052,0.078,4.01142551687745e-21,"parent","iscA-1"
2.55565400466198e-25,-0.11439824522077,0.016,0.032,5.54602475551697e-21,"parent","kdsD-1"
3.12741181322506e-25,-0.413095880706779,0.007,0.019,6.7867963758797e-21,"parent","asnB-5"
4.44186996573898e-25,-0.703921233873511,0.007,0.019,9.63930201265016e-21,"parent","glpK-3"
4.44963393754141e-25,-0.229475273611517,0.012,0.026,9.65615060785862e-21,"parent","efp-5"
5.74947080896273e-25,-0.163507457072874,0.014,0.028,1.247692660253e-20,"parent","ileS-1"
7.60664708639799e-25,-0.469134817853917,0.005,0.016,1.65071848421923e-20,"parent","yohC-6"
1.22658683549568e-24,-0.142898277162235,0.013,0.027,2.66181609170918e-20,"parent","ydfH-5"
2.02320727290376e-24,-0.619031988837822,0.007,0.018,4.39056210292846e-20,"parent","ppx-3"
2.04534645534313e-24,1.72338551030272,0.022,0.01,4.43860634274013e-20,"parent","tufB-2"
2.17888614286707e-24,-0.418609939146395,0.009,0.022,4.72840081863583e-20,"parent","uvrY-5"
2.28589772408312e-24,-0.478735661823614,0.007,0.018,4.96062665103278e-20,"parent","yebY-2"
2.28691403674695e-24,-0.376319581558036,0.008,0.019,4.96283215114455e-20,"parent","puuP-5"
2.48467256630442e-24,0.127331884162501,0.034,0.055,5.39198793613721e-20,"parent","hscA-1"
2.50780457137228e-24,-1.17408759064297,0.003,0.011,5.44218670033498e-20,"parent","ybaT-4"
2.52522730042085e-24,-0.462034640967788,0.006,0.016,5.47999576464328e-20,"parent","upp-2"
2.61088059372449e-24,-1.33672273505167,0.002,0.01,5.66587197644152e-20,"parent","aroP-2"
3.44867536932439e-24,-0.576495526241023,0.004,0.013,7.48397041897085e-20,"parent","yohM-6"
3.90217932211626e-24,-1.14700037539519,0.003,0.012,8.46811934692449e-20,"parent","carB-4"
4.25623034554238e-24,0.178062731638868,0.033,0.054,9.23644547286151e-20,"parent","ybgC-5"
4.36302421837624e-24,-0.49325445229999,0.006,0.017,9.46819885629828e-20,"parent","ubiE-1"
5.0336196619544e-24,-0.30530335375453,0.009,0.021,1.09234580284072e-19,"parent","sdaA-5"
5.48154874963945e-24,-0.196201759382018,0.015,0.03,1.18955089415926e-19,"parent","tyrR-3"
6.05393088097951e-24,0.166207866468819,0.024,0.042,1.31376354048136e-19,"parent","gidB-4"
6.07348036083842e-24,-0.5211840647205,0.007,0.018,1.31800597310555e-19,"parent","yaaA-3"
6.63756493284321e-24,1.71527574186804,0.04,0.024,1.4404179660763e-19,"parent","glnH-5"
7.51540072472794e-24,-0.730204425808519,0.003,0.012,1.63091711127321e-19,"parent","yciC-4"
8.23393846250741e-24,-0.169622132241541,0.01,0.023,1.78684698574873e-19,"parent","yecP-1"
8.74241944872062e-24,-0.395630018853149,0.008,0.019,1.89719244456686e-19,"parent","uidR-4"
9.99853222501003e-24,-1.06146798823079,0.004,0.013,2.16978147814943e-19,"parent","artM-5"
1.23719057565995e-23,-0.276045453116232,0.011,0.024,2.68482726823965e-19,"parent","cpxA-5"
1.49878496101857e-23,-0.649638342855425,0.006,0.016,3.2525132439064e-19,"parent","sra-5"
1.55118661081691e-23,-0.618666976545517,0.006,0.016,3.36623006413378e-19,"parent","zntR-6"
1.81292543175612e-23,-0.52825755063144,0.006,0.017,3.93422947945396e-19,"parent","arcB-2"
2.31471106175802e-23,-0.672525903991534,0.005,0.014,5.02315447512108e-19,"parent","ycgB-2"
2.73801801631718e-23,-0.256063315396816,0.01,0.022,5.94177289720992e-19,"parent","rpe-4"
3.43598664488026e-23,-0.259231088306688,0.01,0.022,7.45643461805466e-19,"parent","speE-4"
3.47988826444737e-23,-0.759857053196904,0.004,0.013,7.55170552267724e-19,"parent","sgrR-1"
5.10220581134371e-23,-0.586669703329961,0.006,0.016,1.1072296831197e-18,"parent","arsB-2"
5.73765095585441e-23,-0.500387917651833,0.005,0.015,1.24512763392996e-18,"parent","vsr-2"
9.93404836098996e-23,-0.179491624470725,0.01,0.022,2.15578783481843e-18,"parent","acrA-5"
1.01127448155463e-22,-0.10972255135482,0.012,0.024,2.1945667524217e-18,"parent","ftsX-2"
1.11475682746361e-22,-0.117707914172016,0.01,0.023,2.41913379127878e-18,"parent","yjeK-3"
1.15751800866103e-22,0.104297892834033,0.024,0.041,2.51192983059529e-18,"parent","yjgQ-2"
1.17893338171393e-22,0.127635396971545,0.051,0.075,2.5584033316574e-18,"parent","rpmG-2"
1.28111091878714e-22,-0.246368340548144,0.008,0.019,2.78013880485998e-18,"parent","ydcL-4"
1.29126562074134e-22,-0.109205287436065,0.011,0.023,2.80217552357079e-18,"parent","mrdB-1"
1.34259758857688e-22,-0.361754354467104,0.01,0.022,2.91357102697069e-18,"parent","ylaC-5"
1.35372726190437e-22,-0.250817062492335,0.012,0.024,2.93772353105868e-18,"parent","ydhJ-3"
1.35530199595698e-22,0.347786613873764,0.189,0.25,2.94114086142625e-18,"parent","dnaA-3"
1.36607720607397e-22,-0.53034472547838,0.008,0.019,2.96452414490111e-18,"parent","murB-2"
1.43415460618585e-22,-0.763758992250042,0.004,0.013,3.1122589108839e-18,"parent","dld-1"
1.92999285416817e-22,-0.419731786358056,0.007,0.018,4.18827749283035e-18,"parent","yjhU-1"
3.18614144723728e-22,-0.488538535367415,0.008,0.019,6.91424555464963e-18,"parent","mscS-4"
3.37906957228809e-22,-0.291307792308952,0.008,0.019,7.33291887882239e-18,"parent","yajQ-2"
3.62561635232233e-22,-0.168475587796597,0.01,0.021,7.86795004617469e-18,"parent","bcsE-5"
4.0057421863162e-22,-0.375780185009788,0.008,0.02,8.69286111852479e-18,"parent","ygeQ-3"
4.10507110142749e-22,-0.557243255094411,0.006,0.016,8.9084147972078e-18,"parent","aroG-1"
4.17414673684938e-22,-0.216971725885326,0.012,0.025,9.05831583363684e-18,"parent","purU-5"
4.92417935879782e-22,-0.578865329045262,0.005,0.014,1.06859616265272e-17,"parent","dcyD-5"
5.10341891302155e-22,-0.465683290459063,0.006,0.016,1.10749293831481e-17,"parent","yebT-1"
6.02274326222613e-22,-0.6838898803686,0.005,0.014,1.30699551533569e-17,"parent","pgsA-1"
7.25192431004302e-22,-0.231439638357567,0.008,0.02,1.57374009452244e-17,"parent","yrbG-4"
8.60836007391534e-22,-0.791941672362777,0.005,0.014,1.86810021964037e-17,"parent","yjaG-5"
1.03568368858356e-21,-0.928676788127331,0.003,0.011,2.24753717259519e-17,"parent","artQ-5"
1.32821789473527e-21,-0.275627086161924,0.008,0.018,2.88236565336501e-17,"parent","slyB-2"
1.48295970800375e-21,-0.113650454235203,0.016,0.03,3.21817086233894e-17,"parent","emrA-1"
2.24316440079464e-21,-0.46627134919337,0.007,0.017,4.86789106616446e-17,"parent","yhjK-1"
2.25110623137909e-21,-0.768023142271224,0.003,0.011,4.88512563271577e-17,"parent","yjbD-5"
2.2768801296011e-21,-0.278175348786243,0.007,0.018,4.94105756924735e-17,"parent","otsB-1"
2.30828399904026e-21,0.254034057745869,0.079,0.109,5.00920710631726e-17,"parent","lpxC-2"
2.53558576670247e-21,-0.501093190671712,0.006,0.016,5.50247467232104e-17,"parent","yohN-3"
2.60204573187215e-21,-0.49500891534221,0.004,0.013,5.64669944273575e-17,"parent","yejH-3"
2.97804812694342e-21,-0.363484424070357,0.008,0.019,6.46266224027991e-17,"parent","yneH-5"
2.99896753219185e-21,-0.849729387290113,0.005,0.014,6.50805944160953e-17,"parent","yfiE-1"
3.12509982452158e-21,-0.647031935794916,0.005,0.013,6.78177912919427e-17,"parent","ydiJ-4"
3.45964292714372e-21,-0.610371275378368,0.004,0.012,7.50777111619459e-17,"parent","sfsA-4"
3.63614787123842e-21,-0.343389950819289,0.007,0.018,7.8908044953745e-17,"parent","yeaG-2"
4.03648978997575e-21,-0.299693019802942,0.009,0.02,8.75958649322637e-17,"parent","yceB-5"
4.3609134095985e-21,0.206345892013283,0.041,0.062,9.4636181901697e-17,"parent","suhB-5"
4.74165667933588e-21,-0.955368463888488,0.004,0.013,1.02898691598268e-16,"parent","gcvR-1"
4.83040096348068e-21,0.225487416874018,0.024,0.04,1.04824531308494e-16,"parent","bfr-3"
6.53889330566442e-21,-0.623072533531166,0.006,0.016,1.41900523626223e-16,"parent","yeaK-5"
8.03486154905309e-21,-0.718644698111685,0.005,0.014,1.74364530476001e-16,"parent","amn-3"
8.25192533432309e-21,-0.279912741910928,0.01,0.021,1.79075031680145e-16,"parent","yejK-5"
1.12307398335511e-20,-0.368112310644854,0.005,0.014,2.43718285127893e-16,"parent","rfbB-2"
1.12867092655404e-20,-0.430927313262098,0.006,0.016,2.44932877771492e-16,"parent","fdhD-4"
1.18593961746942e-20,-0.210122668826519,0.008,0.018,2.57360756387039e-16,"parent","ydhC-3"
1.39496009976503e-20,0.137712964955424,0.032,0.051,3.0272029125001e-16,"parent","hscB-5"
1.40133790319263e-20,-0.134925833111435,0.01,0.021,3.04104338371832e-16,"parent","accD-3"
1.65455185461239e-20,-0.674552795535787,0.004,0.013,3.59054297969435e-16,"parent","ybhG-1"
2.84502549745687e-20,-0.743076018710851,0.004,0.012,6.17398983203114e-16,"parent","yceF-5"
2.93930389769227e-20,-0.217179825937382,0.007,0.017,6.37858338838199e-16,"parent","nuoF-1"
3.02916512037085e-20,0.326842010003618,0.088,0.12,6.57359122771678e-16,"parent","yafQ-3"
3.34565823548855e-20,1.31397031778162,0.036,0.023,7.26041293683369e-16,"parent","rplJ-2"
3.37878310929477e-20,-0.570798304377687,0.004,0.013,7.33229722548058e-16,"parent","potF-1"
3.97246853014183e-20,-0.672377676120865,0.004,0.013,8.62065395726078e-16,"parent","yhjY-4"
4.18752116868915e-20,-0.556095041801231,0.005,0.014,9.08733968817233e-16,"parent","ppk-3"
4.95742335296163e-20,-1.31493615854569,0.003,0.01,1.0758104418262e-15,"parent","artI-3"
5.198754580944e-20,-0.845555556110544,0.003,0.011,1.12818173161066e-15,"parent","dkgA-1"
5.98617852869614e-20,-1.13173697696016,0.003,0.01,1.29906060251235e-15,"parent","yqeG-2"
6.1792757437001e-20,-0.107138667782013,0.012,0.023,1.34096462914036e-15,"parent","pck-2"
7.52377329625457e-20,-0.587621557268906,0.006,0.016,1.6327340430202e-15,"parent","lolC-3"
9.24288073426722e-20,-0.3128382629024,0.008,0.019,2.00579754814333e-15,"parent","pitA-3"
1.33312679526489e-19,-0.54542366496337,0.004,0.012,2.89301845840434e-15,"parent","ymdC-3"
1.40663720623474e-19,0.290066914077586,0.06,0.085,3.05254340125001e-15,"parent","ydcQ-3"
1.49073332611004e-19,0.269609003908387,0.047,0.069,3.23504039099139e-15,"parent","secG-2"
1.53853187308914e-19,-0.71693773120723,0.004,0.013,3.33876801779075e-15,"parent","cvrA-4"
1.95628137241128e-19,1.13243492378701,0.135,0.116,4.24532620626971e-15,"parent","obgE-4"
2.03408977072064e-19,-0.235728715639165,0.01,0.021,4.41417821144085e-15,"parent","ygeR-2"
2.10763015730956e-19,-0.234181161889018,0.009,0.02,4.57376820437749e-15,"parent","trkA-1"
2.77156387259165e-19,-0.731029789494861,0.005,0.014,6.01457075991114e-15,"parent","iap-1"
4.18989527437182e-19,-0.837876749894254,0.004,0.011,9.0924917349143e-15,"parent","dcp-5"
4.24541291547327e-19,-0.236067379703566,0.007,0.016,9.21297056786854e-15,"parent","insF-4-4"
4.2468623128121e-19,-0.45277821340647,0.005,0.014,9.21611590503354e-15,"parent","ydcN-1"
4.49134586666171e-19,0.17460138294096,0.022,0.037,9.74666966524258e-15,"parent","truA-4"
4.56008715174699e-19,-0.458170954879746,0.006,0.015,9.89584512800613e-15,"parent","dctA-4"
4.80415462118402e-19,-0.727962071624696,0.003,0.01,1.04254959434314e-14,"parent","yhgF-4"
4.8644220735738e-19,0.265053059773582,0.07,0.096,1.05562823418625e-14,"parent","rpsN-3"
5.42376388764729e-19,-0.508324439381204,0.005,0.013,1.17701100125834e-14,"parent","glgB-5"
5.42630791379637e-19,-0.779935978435701,0.003,0.011,1.17756308037295e-14,"parent","yidA-5"
6.52904175536339e-19,0.184814633856811,0.027,0.043,1.41686735133141e-14,"parent","thiI-2"
7.87569508035337e-19,-0.106001761612984,0.011,0.021,1.70910458938749e-14,"parent","potD-5"
1.05912553836874e-18,1.18161080284223,0.09,0.071,2.298408330814e-14,"parent","rplD-2"
1.13604060969204e-18,0.104668890860867,0.015,0.027,2.4653217270927e-14,"parent","yfiN-2"
1.16602508943678e-18,-0.609408487787415,0.003,0.01,2.53039104658675e-14,"parent","yadI-1"
1.221415851705e-18,0.122699159316786,0.015,0.028,2.65059453978503e-14,"parent","holB-5"
1.47543873220074e-18,0.156478218192664,0.025,0.04,3.20184959274883e-14,"parent","rnc-3"
1.49319459295214e-18,-0.616629716730222,0.003,0.01,3.24038158616544e-14,"parent","yqjB-5"
1.60605973875934e-18,-0.592662770274044,0.004,0.012,3.48531023908165e-14,"parent","znuB-6"
1.66975017338189e-18,0.175852919179534,0.021,0.036,3.62352485125605e-14,"parent","tgt-5"
1.74433640211272e-18,-0.760848604531933,0.004,0.011,3.78538442622481e-14,"parent","yhcM-3"
1.81935640713934e-18,0.199669089576374,0.026,0.041,3.94818533913307e-14,"parent","lpxA-1"
1.83141112111714e-18,-0.152492902489948,0.01,0.02,3.9743452739363e-14,"parent","gntK-1"
1.8419429378976e-18,-0.263320455632001,0.008,0.018,3.99720036953158e-14,"parent","ubiC-4"
1.89022738518645e-18,-0.268396929884945,0.008,0.018,4.10198244859312e-14,"parent","ansA-1"
2.08827538769993e-18,-0.623731487401683,0.004,0.012,4.53176641884761e-14,"parent","ycfL-1"
2.12109471891773e-18,-0.598330029337145,0.003,0.01,4.60298764952336e-14,"parent","yniC-1"
2.35072037150552e-18,0.15687936850072,0.023,0.037,5.10129827820413e-14,"parent","dfp-4"
2.52702512635851e-18,-0.209357698712258,0.009,0.019,5.48389722671061e-14,"parent","pdxB-5"
2.75328091843029e-18,-0.293779609031277,0.007,0.016,5.97489492108557e-14,"parent","rhtC-5"
2.78805317460387e-18,-0.271125443058586,0.006,0.015,6.05035419420786e-14,"parent","yjjU-5"
2.84390392688232e-18,-0.303185671589002,0.007,0.017,6.17155591172732e-14,"parent","dmsD-1"
2.92308336712302e-18,-0.168478815277356,0.01,0.02,6.34338321499366e-14,"parent","ydaN-1"
2.96800405690606e-18,-0.106063929237051,0.015,0.027,6.44086560389185e-14,"parent","oppD-3"
3.04416718691142e-18,-0.29990871417243,0.006,0.014,6.60614721231646e-14,"parent","mrdA-4"
3.25670503517954e-18,-0.733093096026247,0.003,0.01,7.06737559684311e-14,"parent","nadK-4"
3.30405624460019e-18,-0.683607392559396,0.004,0.011,7.17013245640687e-14,"parent","uspB-5"
3.93159117944649e-18,-0.211086504839061,0.009,0.02,8.53194601851682e-14,"parent","mazG-1"
4.8178179103487e-18,0.309331429147597,0.046,0.066,1.04551466472477e-13,"parent","rplS-1"
5.03846942377248e-18,-0.620284562731127,0.004,0.012,1.09339824965287e-13,"parent","hybC-2"
5.42637321473794e-18,-0.445481793027667,0.004,0.012,1.17757725133028e-13,"parent","tyrB-5"
5.66043901104594e-18,-0.139148318999559,0.012,0.023,1.22837186978708e-13,"parent","prmB-5"
6.75524889152057e-18,-0.179908572471065,0.006,0.015,1.46595656194888e-13,"parent","diaA-4"
6.8391624661678e-18,0.337373559442788,0.11,0.145,1.48416664678307e-13,"parent","rplI-2"
6.94283240641487e-18,-0.523370066382163,0.004,0.012,1.50666406051609e-13,"parent","manZ-3"
7.1158165159821e-18,-0.178992005030557,0.01,0.021,1.54420334213328e-13,"parent","slyA-2"
7.26018139282795e-18,-0.956985587548878,0.004,0.011,1.57553196405759e-13,"parent","yfjG-2"
8.02412927010493e-18,-0.263053698332049,0.009,0.019,1.74131629290547e-13,"parent","prfC-2"
8.50918931574508e-18,0.247564860728954,0.028,0.044,1.84657917340984e-13,"parent","potA-3"
8.53978706828232e-18,-0.90212467431405,0.003,0.01,1.85321919168795e-13,"parent","yihA-2"
1.06996723916821e-17,0.371902422872176,0.098,0.13,2.32193590571893e-13,"parent","nusA-2"
1.07485000635536e-17,-0.192046906681842,0.008,0.017,2.33253199879177e-13,"parent","fruA-4"
1.14562039835914e-17,0.125131080843752,0.017,0.03,2.48611082647918e-13,"parent","birA-1"
1.16569038439263e-17,0.3445882940275,0.085,0.113,2.52966470317045e-13,"parent","rpmD-2"
1.21546681089213e-17,-0.571373767557953,0.005,0.012,2.63768452631701e-13,"parent","uspA-1"
1.27878348914666e-17,-0.493338492946291,0.005,0.013,2.77508804979717e-13,"parent","rumA-4"
1.46382718814904e-17,-0.104850722424761,0.011,0.021,3.17665138100224e-13,"parent","cpxR-4"
1.60389684297285e-17,0.374105639422236,0.055,0.078,3.48061653893537e-13,"parent","ychA-4"
1.60912341651501e-17,-0.194227146885714,0.009,0.019,3.49195872617922e-13,"parent","ybjN-5"
1.78009674707517e-17,-0.662855301046639,0.004,0.012,3.86298795082783e-13,"parent","yfgD-4"
1.90957514550512e-17,-0.170843634364043,0.009,0.019,4.14396902326066e-13,"parent","ybbK-5"
1.95968364345821e-17,-0.164080322411581,0.007,0.016,4.25270947466866e-13,"parent","fecI-5"
2.19866839045531e-17,-0.239758476811339,0.009,0.018,4.77133027412707e-13,"parent","znuC-4"
2.23499663824219e-17,-0.510523612014288,0.004,0.011,4.85016620464939e-13,"parent","yegX-4"
2.25677223247063e-17,-0.767469724002379,0.003,0.01,4.89742142168451e-13,"parent","ulaR-5"
2.28520233028691e-17,-0.633376075880669,0.003,0.01,4.95911757695562e-13,"parent","araF-4"
2.37464899128256e-17,-0.472198109605273,0.005,0.013,5.15322577598229e-13,"parent","fliC-5"
2.52953158837519e-17,-0.145030674529824,0.008,0.017,5.48933649993299e-13,"parent","ygiQ-4"
2.55235187045053e-17,0.282907411829788,0.046,0.066,5.5388587940647e-13,"parent","zntA-6"
2.61742457437316e-17,-0.248055541561827,0.008,0.017,5.6800730688472e-13,"parent","rnhB-5"
2.92863339019468e-17,-0.140058392398136,0.007,0.016,6.35542732006147e-13,"parent","ubiG-1"
2.93376618297549e-17,-0.457465639331034,0.005,0.013,6.36656599367512e-13,"parent","yzcX-1"
3.04373582494062e-17,-0.265944018687692,0.007,0.015,6.60521111370364e-13,"parent","yeiH-3"
3.14019318852953e-17,-0.142258534321596,0.012,0.022,6.81453323842794e-13,"parent","kdsC-4"
3.28666405727585e-17,-0.150098340134328,0.012,0.022,7.13238967069433e-13,"parent","cmk-1"
3.52103247792822e-17,-0.253683917213654,0.005,0.013,7.64099258035204e-13,"parent","panE-3"
3.79017624228885e-17,-0.276959793250787,0.006,0.015,8.22506146339104e-13,"parent","cydA-1"
3.98259477468664e-17,-0.408935898219548,0.006,0.015,8.64262892054748e-13,"parent","dsbB-1"
4.21305605288027e-17,-0.537278524789553,0.004,0.011,9.14275294035547e-13,"parent","thrA-3"
4.59381061791779e-17,-0.690149887228621,0.004,0.011,9.96902842194339e-13,"parent","yceA-5"
4.61767739858542e-17,-0.806603053203164,0.004,0.011,1.00208217226702e-12,"parent","yjcD-5"
4.96678003032721e-17,-0.505717940330979,0.005,0.013,1.07784093438131e-12,"parent","gpsA-1"
6.40297249741235e-17,-0.311981231857725,0.005,0.012,1.38950906166345e-12,"parent","lysP-1"
6.59860914500205e-17,-0.340479197918071,0.004,0.012,1.43196417055689e-12,"parent","mnmC-1"
6.73200325765074e-17,-0.671812509917583,0.004,0.012,1.46091202694279e-12,"parent","rna-4"
8.28664568629822e-17,0.313568462918981,0.044,0.063,1.79828498038358e-12,"parent","rpoD-1"
9.28673741355276e-17,-0.164052537866972,0.007,0.016,2.01531488611508e-12,"parent","dacC-2"
9.53991286609007e-17,-0.397718933071682,0.005,0.012,2.07025649107021e-12,"parent","pgpA-2"
1.15169538595954e-16,-0.62293873961608,0.003,0.01,2.49929415707079e-12,"parent","ychE-4"
1.2334860458533e-16,-0.239106360015133,0.006,0.014,2.67678806810625e-12,"parent","yebF-3"
1.36303913317508e-16,-0.279941778054126,0.006,0.014,2.95793122290325e-12,"parent","pbpG-4"
1.75048411080897e-16,-0.323502709353394,0.005,0.012,3.79872556886655e-12,"parent","ygiD-1"
2.03026918964336e-16,-0.57614603606482,0.005,0.012,4.40588716844505e-12,"parent","ylaB-4"
2.14836138261741e-16,-0.416140477905144,0.005,0.012,4.66215903641805e-12,"parent","yfbB-1"
2.21888447432909e-16,-0.309305315726694,0.006,0.014,4.81520119774157e-12,"parent","yjgF-1"
2.26046869274473e-16,-0.428762577110787,0.006,0.014,4.90544311012533e-12,"parent","yccK-3"
2.36200594086546e-16,-0.479276473753369,0.006,0.014,5.12578909227213e-12,"parent","insI-1-1"
2.50137758859343e-16,-0.311539570910812,0.005,0.012,5.42823950500659e-12,"parent","yibQ-1"
2.64629653624725e-16,0.216204485034566,0.024,0.037,5.74272811331016e-12,"parent","yjjG-5"
2.70557840943409e-16,-0.520726495198914,0.004,0.011,5.87137570631292e-12,"parent","ubiA-1"
2.71633957477756e-16,0.363639006965802,0.032,0.048,5.89472851122479e-12,"parent","fadE-1"
4.83738737241507e-16,-0.508696283872297,0.003,0.01,1.04976143368779e-11,"parent","yraQ-5"
5.01284381788085e-16,-0.289949852014299,0.005,0.013,1.08783723691832e-11,"parent","kefB-4"
5.30555593469291e-16,-0.105616449504541,0.013,0.023,1.15135869338771e-11,"parent","lrp-2"
5.72004386559445e-16,-0.511384585989097,0.005,0.012,1.24130671927265e-11,"parent","ompR-5"
5.95150619791604e-16,-0.535819821697072,0.004,0.01,1.29153636000976e-11,"parent","yecC-2"
6.40510400847595e-16,-0.480625858130446,0.005,0.012,1.38997162087937e-11,"parent","kefG-5"
7.95153842593363e-16,0.160640481969393,0.021,0.035,1.72556335381186e-11,"parent","nhaB-4"
8.94120312866479e-16,-0.216561514149891,0.004,0.011,1.94033049095155e-11,"parent","yaeQ-5"
9.21550145032245e-16,-0.622479833158426,0.004,0.011,1.99985596973448e-11,"parent","fadJ-5"
9.73530411362157e-16,-0.161851990598064,0.008,0.017,2.11265834569702e-11,"parent","yjeP-4"
1.15082757945963e-15,-0.426168025308297,0.006,0.013,2.49741093018535e-11,"parent","lolE-1"
1.24817414260555e-15,-0.626670815702068,0.004,0.01,2.7086627068683e-11,"parent","yciA-3"
1.28086191418659e-15,-0.337426029159572,0.004,0.011,2.77959843997632e-11,"parent","exoX-3"
1.37770298085569e-15,-0.341964804945336,0.007,0.015,2.98975323875493e-11,"parent","ddlA-4"
1.38751475357748e-15,-0.330497134683094,0.005,0.012,3.01104576673849e-11,"parent","ybhK-3"
1.39353553195223e-15,-0.340800617515265,0.004,0.011,3.02411145788954e-11,"parent","yfjL-1"
1.43536860012471e-15,-0.306473773723771,0.004,0.011,3.11489339913062e-11,"parent","sstT-1"
1.69157474576994e-15,-0.247372613769007,0.009,0.018,3.67088635579534e-11,"parent","lpxD-4"
1.94598232132039e-15,-0.155158821036808,0.007,0.015,4.22297623549737e-11,"parent","pldB-5"
2.11132416187841e-15,-0.232694999334872,0.004,0.011,4.58178456369235e-11,"parent","ytfQ-3"
2.79682073458325e-15,0.35175216828734,0.146,0.187,6.06938067611912e-11,"parent","rplE-3"
3.49056933989984e-15,-0.204305825709524,0.006,0.013,7.57488452451664e-11,"parent","argT-5"
3.97671278759174e-15,-0.406472860552007,0.006,0.013,8.62986442035283e-11,"parent","ygbI-5"
4.04293018595895e-15,-0.776836414011612,0.004,0.01,8.77356279654952e-11,"parent","pfkB-2"
4.10535037677255e-15,-0.241500026904471,0.004,0.011,8.90902085263411e-11,"parent","nudC-3"
4.22558335195568e-15,-0.188554719016405,0.006,0.014,9.16993843207902e-11,"parent","cirA-1"
5.09205863621249e-15,0.312008980361943,0.026,0.04,1.10502764464447e-10,"parent","glnL-3"
5.5495677616591e-15,0.88483235032341,0.205,0.196,1.20431169995764e-10,"parent","cspG-3"
5.61395941187453e-15,0.380925607390418,0.04,0.057,1.21828533197089e-10,"parent","mioC-3"
6.48776428104154e-15,0.109215505079554,0.012,0.022,1.40790972662882e-10,"parent","ycaO-3"
7.08172281276322e-15,-0.508639467079544,0.004,0.011,1.53680466759775e-10,"parent","yiiD-2"
7.16074188354258e-15,-0.228988655927078,0.01,0.018,1.55395259614758e-10,"parent","proQ-3"
7.54439918275892e-15,0.391959525584226,0.065,0.088,1.63721006665051e-10,"parent","pnp-1"
7.60082631832909e-15,0.349537779692632,0.028,0.042,1.6494553193406e-10,"parent","ecfK-5"
7.94965913638577e-15,-0.335263697425352,0.005,0.011,1.72515552918708e-10,"parent","gmhB-5"
8.00131146041189e-15,0.445082671367554,0.056,0.077,1.73636460002399e-10,"parent","yfgL-2"
8.03219563686189e-15,-0.380493633386468,0.004,0.011,1.7430667751554e-10,"parent","yciT-1"
8.58466547407641e-15,-0.513763883880888,0.004,0.011,1.86295825452932e-10,"parent","insN-2-4"
9.65253328835637e-15,-0.499535691520091,0.004,0.01,2.09469624890622e-10,"parent","dcuA-4"
1.0908813937702e-14,-0.265642986341925,0.006,0.014,2.36732171262071e-10,"parent","smpB-1"
1.1329357001636e-14,-0.43932479333529,0.004,0.01,2.45858376292503e-10,"parent","caiB-4"
1.20759195963221e-14,-0.138683170509059,0.008,0.017,2.62059531159786e-10,"parent","yabP-5"
1.2298013824017e-14,-0.264844542044287,0.006,0.014,2.66879197994992e-10,"parent","ptrB-3"
1.24810884536478e-14,0.229533617773434,0.021,0.034,2.70852100532612e-10,"parent","rluD-3"
1.38123022499208e-14,-0.137776962767591,0.006,0.013,2.99740771125531e-10,"parent","ygdQ-1"
1.47465701281679e-14,0.117264890310281,0.009,0.018,3.20015318351371e-10,"parent","yedQ-3"
1.6469821902436e-14,-0.293194097073255,0.006,0.013,3.57411605104764e-10,"parent","hpf-2"
2.05615913625458e-14,-0.526834197758499,0.004,0.01,4.46207094158606e-10,"parent","ytfE-2"
2.23853955433255e-14,-0.656819101386,0.004,0.01,4.85785468685706e-10,"parent","ycdW-4"
2.42510180300782e-14,-0.14355638771323,0.007,0.015,5.26271342270727e-10,"parent","yhcB-1"
2.44079545096302e-14,1.67863969050627,0.016,0.009,5.29677020813486e-10,"parent","rpsC-2"
2.50064302694564e-14,-0.517473330099139,0.004,0.01,5.42664543277473e-10,"parent","metK-1"
2.76921732598982e-14,-0.209232228021312,0.006,0.013,6.00947851913051e-10,"parent","helD-1"
2.8083494385764e-14,0.191453456688738,0.022,0.034,6.09439911665464e-10,"parent","ynaJ-4"
3.02357048218196e-14,-0.146873953370239,0.007,0.015,6.56145030338307e-10,"parent","ubiB-1"
3.14511347083704e-14,0.425587665013547,0.131,0.167,6.82521074306346e-10,"parent","rpsI-1"
3.3521223346345e-14,0.228353263166167,0.018,0.029,7.27444067839032e-10,"parent","guaC-1"
3.5046661964155e-14,0.403046763898065,0.184,0.234,7.60547611284128e-10,"parent","rplA-1"
3.5465736327449e-14,-0.700596628338255,0.004,0.01,7.69641944041971e-10,"parent","hdhA-4"
3.62525234614425e-14,0.178885228806787,0.014,0.024,7.86716011636764e-10,"parent","ydcM-1"
3.77023806879201e-14,-0.504993966505157,0.005,0.012,8.18179363308555e-10,"parent","ycgF-5"
4.0964108804835e-14,0.185586887467216,0.015,0.025,8.88962125173725e-10,"parent","yegW-3"
4.14276616283911e-14,-0.368946432232049,0.004,0.01,8.99021684997715e-10,"parent","degQ-5"
4.4981634814584e-14,-0.586970125441209,0.004,0.01,9.76146457111287e-10,"parent","yhjV-3"
4.51595997009325e-14,-0.260504078011639,0.007,0.014,9.80008473109936e-10,"parent","asd-1"
4.54262119116405e-14,-0.101819677347078,0.008,0.015,9.85794224694511e-10,"parent","yggT-4"
4.65746630738291e-14,-0.179896510212506,0.008,0.015,1.01071676336517e-09,"parent","nudE-4"
4.65942354781633e-14,-0.358005663506322,0.005,0.012,1.01114150411162e-09,"parent","mnmA-5"
5.33859172516575e-14,-0.422939951324657,0.004,0.01,1.15852779027822e-09,"parent","ghrB-3"
6.00168074629295e-14,-0.282471460538564,0.005,0.011,1.30242473875303e-09,"parent","sseA-1"
6.41715580509772e-14,-0.297555052193839,0.004,0.011,1.39258698126426e-09,"parent","yhhF-1"
6.70960939197195e-14,-0.102356656227494,0.007,0.015,1.45605233415183e-09,"parent","recO-3"
8.1412003733206e-14,-0.578361843623552,0.004,0.01,1.7667218930143e-09,"parent","ribC-4"
8.31780721814709e-14,-0.634387194160191,0.004,0.01,1.8050473444101e-09,"parent","sbcD-5"
8.65476419602091e-14,-0.276902644685918,0.006,0.013,1.8781703781785e-09,"parent","yebU-2"
8.86839491952751e-14,-0.213534612647614,0.004,0.01,1.92453038148666e-09,"parent","intD-2"
9.3256583657826e-14,-0.404033793284569,0.004,0.01,2.02376112195848e-09,"parent","yjfO-5"
9.89593313607668e-14,0.186287426600484,0.015,0.026,2.14751644986e-09,"parent","rfbD-4"
1.45063221328649e-13,-0.33634689820825,0.004,0.01,3.148016966053e-09,"parent","ydgJ-5"
1.485618722014e-13,0.408051748748746,0.069,0.091,3.22394118864259e-09,"parent","fusA-2"
1.59914332235908e-13,-0.265536324926341,0.004,0.011,3.47030092385143e-09,"parent","dbpA-1"
1.62997952617293e-13,0.330330967867495,0.024,0.037,3.53721856974789e-09,"parent","fabG-1"
1.63981490523221e-13,-0.620189935397558,0.004,0.01,3.55856232584442e-09,"parent","kdsB-2"
1.67491102002627e-13,-0.19499294205448,0.004,0.01,3.63472440455901e-09,"parent","yhhN-3"
1.67863709108362e-13,-0.170477907799671,0.006,0.013,3.64281035136055e-09,"parent","yheU-4"
1.73260223460527e-13,-0.285782868520558,0.006,0.013,3.7599201093169e-09,"parent","dgsA-5"
2.363086421099e-13,0.144025510729194,0.014,0.024,5.12813384242695e-09,"parent","atpA-3"
2.40521093852133e-13,0.128111222638441,0.009,0.017,5.21954825768515e-09,"parent","ymcC-4"
2.82570140976291e-13,-0.561886880129198,0.004,0.01,6.13205462932648e-09,"parent","hda-2"
3.14541779187563e-13,1.12137808704776,0.12,0.105,6.82587115014931e-09,"parent","ygiS-3"
3.47449953413806e-13,-0.793005546729419,0.004,0.01,7.540011439033e-09,"parent","yciQ-3"
3.94212244139719e-13,-0.155444086318863,0.005,0.012,8.55479991007604e-09,"parent","yniB-5"
4.62013293680085e-13,-0.123210511001524,0.006,0.013,1.00261504861515e-08,"parent","cdd-4"
4.78683660106042e-13,-0.450097748518348,0.004,0.01,1.03879141079612e-08,"parent","nudJ-1"
5.07146207575627e-13,0.446211238538708,0.072,0.093,1.10055798505987e-08,"parent","mntH-3"
5.83192971991966e-13,-0.220680978681275,0.006,0.012,1.26558706851977e-08,"parent","yobA-1"
6.44243214059123e-13,0.135216408670613,0.014,0.024,1.3980721988297e-08,"parent","miaA-1"
6.74048003167894e-13,-0.175254791161011,0.006,0.012,1.46275157167465e-08,"parent","cytR-1"
7.65411438343701e-13,0.185661247238956,0.012,0.02,1.66101936234967e-08,"parent","ispB-5"
7.66174627750396e-13,0.21695679680149,0.016,0.026,1.66267555968113e-08,"parent","ybiT-2"
8.16682822518363e-13,0.481673117508839,0.05,0.067,1.7722833931471e-08,"parent","yebA-2"
9.12753060857016e-13,0.467314018926751,0.095,0.121,1.98076541736581e-08,"parent","ycbK-2"
9.89542770679349e-13,-0.265423189070861,0.006,0.012,2.14740676665125e-08,"parent","yfcO-3"
1.1299826340807e-12,-0.106490616661019,0.008,0.015,2.45217531421852e-08,"parent","ftsB-4"
1.13878505355645e-12,-0.441260310226393,0.004,0.01,2.47127744472286e-08,"parent","holA-4"
1.14334523727974e-12,-0.196853574607879,0.005,0.011,2.48117349942076e-08,"parent","ygfI-3"
1.18579137095459e-12,0.301125820002095,0.017,0.028,2.57328585410855e-08,"parent","dcrB-5"
1.22886101050844e-12,-0.107494492246412,0.005,0.011,2.66675127890436e-08,"parent","nadR-2"
1.78980910231672e-12,-0.208484771688438,0.005,0.011,3.88406473293752e-08,"parent","ygiB-3"
1.91711523114904e-12,0.188627162529945,0.006,0.013,4.16033176311653e-08,"parent","pntB-2"
2.0094282149108e-12,-0.144114259125201,0.007,0.014,4.36066016917793e-08,"parent","trpS-4"
2.02794730400245e-12,0.222338958424076,0.012,0.021,4.40084844441571e-08,"parent","luxS-1"
2.65387413992945e-12,-0.40300296912294,0.004,0.01,5.75917227106089e-08,"parent","anmK-3"
3.14942132388834e-12,-0.135510506781201,0.005,0.011,6.83455921497009e-08,"parent","clcA-5"
3.23660586705663e-12,0.320379864827242,0.02,0.031,7.02375839209958e-08,"parent","fdx-2"
3.36154031736684e-12,-0.149600813284273,0.004,0.01,7.29487864271777e-08,"parent","yejA-5"
3.47086100666298e-12,-0.190379470223004,0.005,0.011,7.53211547055933e-08,"parent","glyS-3"
3.51098305773883e-12,0.142118008161136,0.008,0.016,7.61918433359904e-08,"parent","lpxL-1"
3.58181047032206e-12,-0.342843005023889,0.004,0.01,7.77288690164589e-08,"parent","ebgR-5"
4.08347790003349e-12,-0.388440914473755,0.004,0.01,8.86155539086267e-08,"parent","yfgO-3"
4.30758023671636e-12,0.441244665049521,0.027,0.039,9.34787987169817e-08,"parent","rseP-4"
4.31526595058989e-12,-0.202450247904054,0.006,0.013,9.36455863937513e-08,"parent","xerC-5"
4.44529933548777e-12,0.149329312806705,0.011,0.02,9.64674408794201e-08,"parent","oxyR-1"
4.85368365211907e-12,0.202420491320784,0.018,0.028,1.05329788934636e-07,"parent","gltI-1"
4.95626146303216e-12,-0.113842337461287,0.009,0.017,1.07555830009261e-07,"parent","galF-4"
5.11899352796577e-12,-0.36084188771694,0.005,0.011,1.11087278550385e-07,"parent","yeiB-3"
5.16455943539721e-12,-0.31538693994688,0.005,0.011,1.12076104307555e-07,"parent","purL-2"
5.81205914083514e-12,0.40731388321811,0.045,0.061,1.26127495415263e-07,"parent","plsX-2"
5.93952833135984e-12,0.208874083194413,0.021,0.031,1.2889370431884e-07,"parent","tolB-4"
7.41176693046683e-12,-0.263706089557637,0.006,0.012,1.60842754158061e-07,"parent","syd-5"
8.14987075744355e-12,0.195788038220679,0.021,0.032,1.76860345307282e-07,"parent","relB-2"
9.22712979091823e-12,-0.285959738059372,0.005,0.011,2.00237943592716e-07,"parent","yejO-5"
9.68224102402213e-12,0.28615044139366,0.016,0.026,2.10114312462304e-07,"parent","mraZ-2"
9.78686341507245e-12,-0.378693459555662,0.004,0.01,2.12384722970487e-07,"parent","yfdG-4"
1.12354266062021e-11,0.413464598388206,0.026,0.038,2.43819992781193e-07,"parent","secD-3"
1.21542813846225e-11,0.340392415457317,0.021,0.032,2.63760060327693e-07,"parent","rcsD-1"
1.43128956724196e-11,-0.220712774532084,0.005,0.011,3.10604148987178e-07,"parent","erfK-3"
1.45058394429794e-11,1.66696867542481,0.016,0.009,3.14791221752097e-07,"parent","fdoI-4"
1.4553166780064e-11,0.144087792270854,0.014,0.022,3.15818272294169e-07,"parent","ihfB-4"
1.53738132067985e-11,-0.267629132786828,0.005,0.011,3.33627120400735e-07,"parent","dacD-3"
1.56362627395457e-11,0.131702424988281,0.008,0.016,3.39322537710881e-07,"parent","ycdY-3"
2.26862700177952e-11,0.131118522482094,0.009,0.016,4.92314745656174e-07,"parent","dam-4"
2.64013646557987e-11,0.363469428126411,0.026,0.038,5.72936014395487e-07,"parent","ttk-3"
5.64766770609544e-11,0.189801925287202,0.025,0.036,1.22560036889977e-06,"parent","rpsU-3"
5.94892088194825e-11,-0.203008559974572,0.007,0.014,1.29097532059159e-06,"parent","ydgK-1"
7.60966653984109e-11,-0.150494399433815,0.005,0.01,1.65137373581091e-06,"parent","rfbA-1"
7.78551261934477e-11,1.34025303938136,0.036,0.026,1.68953409352401e-06,"parent","mqsR-4"
8.56418011359269e-11,0.248360129636218,0.017,0.026,1.85851272645075e-06,"parent","mutH-2"
1.17226629643263e-10,0.149587202532656,0.016,0.025,2.54393508988846e-06,"parent","mipA-1"
1.17428357377633e-10,0.125119023861734,0.009,0.016,2.54831278345202e-06,"parent","hemY-4"
1.5488490058792e-10,0.415213308040627,0.045,0.06,3.36115722765846e-06,"parent","gyrB-3"
1.59290722684165e-10,0.167023479901636,0.008,0.014,3.45676797296907e-06,"parent","yggL-5"
2.12065704933942e-10,0.121667899034094,0.011,0.019,4.60203786277149e-06,"parent","pfkA-2"
2.34720658286107e-10,-0.15768084047839,0.008,0.015,5.0936730054668e-06,"parent","ydhS-1"
2.36750796761823e-10,0.163708521985151,0.016,0.024,5.13772904052833e-06,"parent","puuB-5"
2.51186223989167e-10,0.186771072256039,0.018,0.027,5.45099224678891e-06,"parent","dinJ-5"
3.21306362547867e-10,0.107640603475095,0.008,0.014,6.97266937365127e-06,"parent","modA-5"
3.77567209877179e-10,0.13665591467663,0.007,0.013,8.19358602154466e-06,"parent","hrpB-3"
4.18762116074964e-10,0.308400508683828,0.015,0.023,9.0875566809428e-06,"parent","dinG-5"
4.41102559277834e-10,-0.309912155159385,0.005,0.01,9.57236663888827e-06,"parent","secF-1"
4.54510206513052e-10,0.126702448840336,0.013,0.021,9.86332599153974e-06,"parent","kbl-2"
5.79160178345026e-10,0.109679842335276,0.008,0.014,1.25683550302654e-05,"parent","eptB-2"
5.97978270701142e-10,0.171054856015944,0.009,0.016,1.29767264524855e-05,"parent","yfjD-4"
6.5149322499147e-10,0.114299502789965,0.011,0.019,1.41380544755399e-05,"parent","yhdL-5"
8.74338696450359e-10,0.383727413425473,0.022,0.032,1.89740240516692e-05,"parent","crl-3"
8.75292523628856e-10,-0.362903666601932,0.005,0.01,1.89947230552698e-05,"parent","htrL-1"
9.79694986976134e-10,-0.205455252355165,0.005,0.01,2.12603609123691e-05,"parent","crcB-3"
9.99436538568997e-10,-0.180132236802528,0.008,0.014,2.16887723234858e-05,"parent","hpt-3"
1.056641474714e-09,-0.129393565324114,0.006,0.011,2.29301766427686e-05,"parent","yjgH-2"
1.17127391654969e-09,0.391092272092662,0.099,0.122,2.54178152630447e-05,"parent","rplX-1"
1.25478255802385e-09,0.396901925255431,0.018,0.027,2.72300362916755e-05,"parent","glmM-1"
1.31341495664797e-09,0.143668587265161,0.008,0.015,2.85024179742177e-05,"parent","yfhL-1"
1.33393370468244e-09,0.126754729848466,0.013,0.021,2.89476953253137e-05,"parent","ycjG-1"
1.41823582467084e-09,0.125055068261663,0.008,0.014,3.07771356311819e-05,"parent","ydhA-4"
1.42312144648803e-09,0.239418449176145,0.01,0.017,3.08831585102367e-05,"parent","yfbU-3"
1.60817934231417e-09,-0.111492327347625,0.005,0.011,3.48990999075597e-05,"parent","fepB-1"
1.66354037838677e-09,0.197551687212982,0.016,0.024,3.61004897513714e-05,"parent","ruvB-4"
1.78082988382987e-09,0.349787492916716,0.012,0.019,3.8645789308992e-05,"parent","pgpB-3"
2.58464782483611e-09,0.273240062662966,0.015,0.024,5.60894424467685e-05,"parent","recA-5"
3.172962658556e-09,0.161569349945382,0.011,0.017,6.88564626533238e-05,"parent","ruvA-1"
3.24004297300248e-09,-0.166460634252958,0.006,0.011,7.03121725571269e-05,"parent","recB-1"
3.66451598726128e-09,0.414310270644004,0.052,0.066,7.9523661439557e-05,"parent","yfjO-5"
6.34879889053715e-09,0.182176863709811,0.006,0.011,0.000137775284723547,"parent","thiC-1"
8.47858039596149e-09,0.123125542362601,0.01,0.017,0.00018399367317276,"parent","yncE-1"
8.73696737581866e-09,0.301277322546024,0.025,0.034,0.000189600929022641,"parent","yfjN-5"
1.05660326160618e-08,0.12340909303546,0.008,0.013,0.000229293473801156,"parent","cydC-4"
1.0643916569358e-08,0.3183829917611,0.017,0.025,0.000230983633471637,"parent","pncB-4"
1.30862284621405e-08,0.211291621210329,0.016,0.024,0.000283984243856912,"parent","yhbE-5"
1.38426620343465e-08,0.415975154784207,0.017,0.024,0.000300399608807354,"parent","der-3"
1.39077368718835e-08,0.101832491042246,0.006,0.012,0.000301811797856744,"parent","dcd-4"
1.51297042750872e-08,0.266160176023923,0.015,0.022,0.000328329712473667,"parent","ydhR-5"
1.55704335085424e-08,-0.131340833136284,0.005,0.01,0.000337893977568879,"parent","yedZ-4"
1.78627870591744e-08,0.538125940545447,0.078,0.097,0.000387640341971144,"parent","nudB-2"
1.83650674983738e-08,0.326009836897866,0.013,0.02,0.000398540329782211,"parent","ygfB-4"
1.8922413367875e-08,0.437389364566736,0.013,0.02,0.000410635292496255,"parent","lepB-2"
2.0337175557587e-08,0.156433394724613,0.006,0.011,0.000441337046775195,"parent","rimI-5"
2.58161140855604e-08,0.118866142237585,0.005,0.01,0.000560235491770746,"parent","uxuR-4"
2.59291777707198e-08,0.151308717811847,0.008,0.014,0.00056268908680239,"parent","mdlA-2"
3.48284538689419e-08,0.275356977996919,0.021,0.03,0.000755812277409909,"parent","dsbC-5"
3.67830017026128e-08,0.209874617640257,0.009,0.015,0.000798227919948401,"parent","mdtK-4"
3.89224725330044e-08,0.271265369920104,0.012,0.019,0.000844656576438729,"parent","yojI-6"
3.9492523130781e-08,0.37201007718676,0.025,0.034,0.000857027244461079,"parent","rplN-4"
4.13471064154858e-08,1.53011079519712,0.015,0.01,0.000897273556322457,"parent","pstC-5"
5.4578563570391e-08,1.6403182753565,0.012,0.007,0.00118440940804106,"parent","emrD-5"
5.59967213307734e-08,0.313501885048756,0.011,0.017,0.00121518484959911,"parent","yecA-3"
6.0292716236718e-08,0.272158304618211,0.013,0.019,0.00130841223505302,"parent","yeeF-3"
6.07299068559393e-08,0.157432693400671,0.007,0.013,0.00131789970868074,"parent","insK-5"
7.36932709160319e-08,0.135475131093582,0.007,0.011,0.00159921767214881,"parent","proV-2"
7.68114543502911e-08,0.141061424972651,0.008,0.014,0.00166688537085567,"parent","yfhH-5"
1.04823690475982e-07,0.328647274977329,0.017,0.024,0.00227477890701928,"parent","ycbL-3"
1.09556756055613e-07,0.403292472730979,0.02,0.028,0.00237749116316287,"parent","phnA-5"
1.35231160943809e-07,0.293749150088179,0.009,0.015,0.0029346514236416,"parent","tehB-5"
1.56935390667076e-07,0.2446679898033,0.008,0.013,0.00340565491286621,"parent","yfiC-4"
1.63679057926e-07,0.130620082318298,0.008,0.013,0.00355199923605213,"parent","rsxA-4"
1.69237425253465e-07,0.261238319039365,0.009,0.015,0.00367262136542545,"parent","frsA-1"
2.0322983419303e-07,0.356909320928733,0.011,0.016,0.00441029063182293,"parent","rffD-5"
2.31717276575687e-07,0.416492616896172,0.016,0.023,0.00502849661896898,"parent","fieF-3"
2.33236973721196e-07,0.26833573789953,0.014,0.02,0.00506147556672368,"parent","rep-3"
2.55636174487542e-07,0.252326300103592,0.007,0.012,0.00554756062255414,"parent","rnt-3"
2.70944671057919e-07,0.479153717246531,0.039,0.05,0.00587977030662791,"parent","ispU-3"
2.76154155998945e-07,0.271514797715803,0.014,0.02,0.0059928213393331,"parent","map-3"
2.85560988605546e-07,0.133844301688384,0.005,0.01,0.00619695901372896,"parent","mutL-5"
3.74407356545767e-07,0.12511455136514,0.006,0.01,0.0081250140443997,"parent","yqhC-4"
4.28261004850495e-07,0.2507969362911,0.007,0.012,0.00929369206626058,"parent","ygfZ-3"
4.45549088217509e-07,0.462495055724395,0.034,0.044,0.00966886076340815,"parent","yfgB-2"
5.82159036642351e-07,0.361588106983712,0.056,0.069,0.0126334332541757,"parent","oppA-3"
6.31756864407009e-07,0.557175835915362,0.025,0.034,0.0137097557144965,"parent","dacA-4"
7.46261165302962e-07,0.365356825170647,0.017,0.024,0.0161946135482396,"parent","mdtJ-2"
8.17871852201145e-07,0.153771084194536,0.006,0.01,0.0177486370646171,"parent","ndk-5"
8.29346035402228e-07,0.234797593758097,0.008,0.013,0.0179976383142638,"parent","bfd-2"
8.70680196995873e-07,1.32747283202045,0.01,0.006,0.0188946309550074,"parent","rpmB-1"
8.9498402886437e-07,0.110058992751595,0.006,0.01,0.0194220484103857,"parent","yneJ-1"
9.65230081903751e-07,0.25735436625629,0.015,0.021,0.0209464580073933,"parent","infC-3"
9.87963094741856e-07,0.324255453658993,0.012,0.018,0.021439787118993,"parent","atpE-4"
1.33799909804869e-06,0.223716522191333,0.006,0.011,0.0290359184267546,"parent","visC-5"
1.50979439927669e-06,0.178464343656719,0.006,0.011,0.0327640482587035,"parent","kdtA-5"
1.81187618062095e-06,0.507356161120033,0.021,0.029,0.0393195249956552,"parent","yrbL-1"
1.83726259110448e-06,0.137646918981142,0.007,0.012,0.0398704354895583,"parent","pabC-4"
1.95763547983613e-06,0.245802342176159,0.009,0.014,0.0424826475479238,"parent","argR-1"
2.40036867986157e-06,0.596173806906352,0.023,0.03,0.0520904007216759,"parent","glk-3"
2.52308535043217e-06,0.291688032264248,0.009,0.014,0.0547534751897286,"parent","trmA-2"
2.56393099408388e-06,0.4496823458107,0.013,0.018,0.0556398665026142,"parent","mglB-1"
2.90598087363407e-06,0.20769973135665,0.006,0.01,0.0630626909387329,"parent","yfeY-4"
3.19683190829451e-06,0.398593693643094,0.02,0.027,0.0693744492418992,"parent","rpsF-5"
3.30176108495113e-06,0.353273727807797,0.006,0.01,0.0716515173045244,"parent","ypfG-3"
3.86803856037871e-06,0.305845010376105,0.008,0.013,0.0839403047987784,"parent","yedI-2"
4.24836093723272e-06,1.22292012297355,0.029,0.022,0.0921936806988873,"parent","rplW-1"
5.33509279868722e-06,0.312496257220242,0.011,0.016,0.115776848824311,"parent","sulA-5"
5.34245456273503e-06,0.101560126710652,0.008,0.012,0.115936606465913,"parent","pspE-5"
5.88367407997686e-06,0.416977405973528,0.027,0.035,0.127681611209578,"parent","rpsH-3"
6.00222706222519e-06,0.405551565887274,0.019,0.025,0.130254329477349,"parent","ygjN-4"
6.16546741669121e-06,0.230789070249891,0.006,0.01,0.133796808409616,"parent","oppC-5"
6.91542348898902e-06,0.483327214869306,0.031,0.039,0.150071605134551,"parent","rpoE-4"
8.59865011561652e-06,0.206298600454335,0.009,0.013,0.186599306158994,"parent","proY-5"
8.7196212064862e-06,0.281681358876854,0.009,0.013,0.189224499801957,"parent","mukF-1"
9.33420530087125e-06,0.595001462283075,0.048,0.059,0.202561589234207,"parent","znuA-2"
1.03756930695336e-05,0.261704024133478,0.012,0.017,0.22516291530195,"parent","pth-4"
1.25996753648575e-05,1.16910098058054,0.026,0.02,0.273425555092773,"parent","ymcE-3"
1.30697859025026e-05,0.174411733930309,0.006,0.01,0.283627423870209,"parent","narQ-1"
1.43627162254197e-05,0.350295078432358,0.014,0.02,0.311685304807833,"parent","yabI-4"
1.44605037201485e-05,0.204651287346394,0.011,0.015,0.313807391230942,"parent","yfhJ-4"
1.45673638309119e-05,0.135975907080059,0.007,0.011,0.31612636249462,"parent","hupA-1"
1.46673161400062e-05,0.330286700297021,0.015,0.021,0.318295427554275,"parent","rem-3"
1.54370816144418e-05,0.38087996875608,0.013,0.018,0.335000108115002,"parent","yiiU-4"
1.5651370080013e-05,0.445514653533863,0.008,0.012,0.339650382106363,"parent","ycbJ-2"
1.69717721036314e-05,0.231224554698974,0.008,0.012,0.368304426420905,"parent","yafO-4"
1.87559915204626e-05,0.397760281842352,0.01,0.014,0.407023771985559,"parent","yojL-3"
2.11973348216451e-05,0.55244976348617,0.052,0.063,0.46000336296452,"parent","rpsD-1"
2.5627055695377e-05,0.18722886507602,0.008,0.012,0.556132735645375,"parent","rfaQ-1"
2.75095618764739e-05,0.383914927507181,0.012,0.017,0.59698500228136,"parent","uup-5"
4.71326519079687e-05,0.497824588147163,0.012,0.017,1,"parent","lpxM-4"
4.99609409043065e-05,0.261591236451787,0.008,0.012,1,"parent","rplU-2"
5.5394181612796e-05,0.65456906918828,0.032,0.04,1,"parent","sufD-2"
5.98074676817521e-05,0.419085692015429,0.007,0.01,1,"parent","alkB-2"
6.49430382866229e-05,0.415286059949816,0.011,0.015,1,"parent","degP-2"
6.93656851005551e-05,0.524333028751724,0.052,0.062,1,"parent","rplO-1"
7.60412402787918e-05,0.201742899698899,0.007,0.01,1,"parent","gltJ-4"
7.90112779858574e-05,0.289844333103213,0.007,0.01,1,"parent","ispF-2"
0.000118091404033345,0.557667562917079,0.016,0.021,1,"parent","ribD-4"
0.000119820772726084,1.26387978377159,0.033,0.028,1,"parent","phoR-3"
0.000135896985094357,0.229584309080689,0.006,0.01,1,"parent","rimL-2"
0.000142022512909588,0.371988337769435,0.008,0.012,1,"parent","plsC-5"
0.00015252598308477,0.519963852448599,0.013,0.018,1,"parent","fepA-1"
0.000166695645282909,1.52884208551753,0.014,0.01,1,"parent","yhhX-1"
0.000195272490513452,1.02251158371131,0.077,0.071,1,"parent","bax-4"
0.00024602690493673,0.51950469011372,0.019,0.024,1,"parent","rlmL-3"
0.000256133202763644,0.386118139629504,0.008,0.012,1,"parent","murA-1"
0.000426418002653765,0.509209333791218,0.115,0.133,1,"parent","rplF-3"
0.000435342429966433,0.483650197129044,0.018,0.023,1,"parent","dusA-4"
0.00044114381587937,0.403957899246407,0.01,0.014,1,"parent","yrfG-3"
0.000467187576485252,0.471732810470562,0.014,0.018,1,"parent","sufC-5"
0.000539997269980482,0.527333685929279,0.01,0.014,1,"parent","trmI-4"
0.000602397786996033,0.439912955950078,0.009,0.013,1,"parent","mdlB-2"
0.00065441436063591,0.556676050878163,0.048,0.057,1,"parent","fabZ-2"
0.00080819397412332,0.541771238509269,0.046,0.054,1,"parent","rseA-3"
0.000878410628221436,0.644649080686738,0.012,0.016,1,"parent","ftsI-2"
0.000905595351521603,0.629949769486882,0.01,0.013,1,"parent","rpsR-4"
0.000934817775964533,0.908282961897517,0.027,0.023,1,"parent","rpsG-5"
0.000981345710748619,0.737709456660008,0.013,0.017,1,"parent","tolA-1"
0.00131459795270036,0.667136239294464,0.036,0.043,1,"parent","secY-2"
0.0014148244341327,0.516597163441221,0.013,0.016,1,"parent","lolA-2"
0.0015202028294899,0.280388981250484,0.007,0.01,1,"parent","uspG-3"
0.00158532095216925,0.439225112503795,0.018,0.022,1,"parent","yhbC-5"
0.00169186079973377,1.39432415555403,0.011,0.008,1,"parent","sufS-2"
0.00190795747291453,0.551138849746988,0.018,0.023,1,"parent","yebG-4"
0.0019648620055008,1.32375225317444,0.014,0.011,1,"parent","rtcB-1"
0.00205796475354294,0.607131144504132,0.014,0.017,1,"parent","glnP-4"
0.00276152742237269,0.503885652033742,0.012,0.015,1,"parent","pphA-5"
0.00333508673398191,0.909741747002497,0.017,0.014,1,"parent","tufA-5"
0.00385887541491907,0.575761413541725,0.012,0.016,1,"parent","yceG-2"
0.00467200619181842,0.88775924359136,0.034,0.03,1,"parent","ompA-4"
0.00484874361157677,0.605435499667203,0.013,0.016,1,"parent","mltA-5"
0.00544411773025705,0.583829810567045,0.013,0.016,1,"parent","ybjX-3"
0.00553372702406528,0.415491969475821,0.008,0.01,1,"parent","argF-3"
0.00696242675821778,0.480069523035221,0.008,0.01,1,"parent","csiE-3"
0.00743004442126566,0.970495426502431,0.017,0.014,1,"parent","accB-2"
0.00794082824448792,0.64989973391542,0.009,0.011,1,"parent","yfhK-1"
0,2.77784347205791,0.225,0.019,0,"4","aroF-1"
0,1.34338269475909,0.223,0.053,0,"4","yhhW-1"
0,1.84318755526244,0.147,0.025,0,"4","copA-2"
0,2.75342567386516,0.09,0.008,0,"4","tyrA-4"
1.89253453059845e-288,0.592505918128811,0.285,0.114,4.1069891848517e-284,"4","yhhQ-4"
1.08710393936196e-271,0.868326723200122,0.166,0.051,2.35912425880938e-267,"4","glpR-5"
8.05663972660426e-250,1.26741256132293,0.107,0.025,1.74837138707039e-245,"4","aroM-4"
6.8792557752907e-243,0.4512382851175,0.393,0.192,1.49286729579583e-238,"4","purA-5"
3.12731396024125e-234,1.17150500053541,0.111,0.028,6.78658402511954e-230,"4","hemH-3"
9.349721028627e-231,0.542538906991362,0.261,0.112,2.02898296042234e-226,"4","katG-5"
2.79754117247796e-216,0.964075303008871,0.128,0.039,6.07094409839442e-212,"4","azoR-3"
8.65148520520334e-210,1.42226170952691,0.077,0.016,1.87745880438118e-205,"4","galS-2"
1.94845286783566e-194,0.829890825579079,0.139,0.047,4.22833756849016e-190,"4","arcA-2"
2.26128849287408e-188,0.489231146886167,0.229,0.101,4.90722215838604e-184,"4","ybjL-1"
2.02462194817129e-186,1.78564182942267,0.054,0.009,4.39363208972652e-182,"4","yhaK-1"
3.50445738588393e-183,0.573716640217943,0.211,0.091,7.60502297310672e-179,"4","ibpA-2"
2.1320759767619e-178,0.938936922175898,0.093,0.025,4.62681807717101e-174,"4","yebW-2"
1.01425552239372e-162,0.629636870137322,0.138,0.052,2.20103590914661e-158,"4","sodB-5"
7.01421351459003e-161,1.39474347322608,0.062,0.014,1.52215447480118e-156,"4","cysK-4"
3.5210613764555e-149,0.473752868556611,0.181,0.08,7.64105529304608e-145,"4","ihfA-5"
2.07431762783669e-144,0.22292678823121,0.364,0.203,4.50147668416839e-140,"4","guaB-2"
2.71377737590398e-143,0.211396702128453,0.203,0.094,5.88916828344922e-139,"4","ygiS-3"
3.08818173167914e-143,0.846448185045708,0.09,0.028,6.7016631759169e-139,"4","yfiQ-1"
3.63729027731782e-142,0.580945147614096,0.139,0.056,7.8932836308074e-138,"4","clpA-3"
3.6897724780385e-142,1.21068945920524,0.062,0.015,8.00717525459135e-138,"4","gntR-5"
7.95122507354129e-140,0.318779796123352,0.164,0.071,1.72549535320919e-135,"4","mntH-3"
3.80731737335012e-139,0.196074402117371,0.332,0.181,8.26225943190709e-135,"4","glpD-2"
6.99378979572889e-136,1.05464690327811,0.072,0.02,1.51772232357113e-131,"4","yeaQ-5"
1.68242782057138e-131,1.20522146485785,0.052,0.011,3.65103661342195e-127,"4","cueO-5"
1.88084740583467e-131,0.372992619158869,0.193,0.092,4.08162695540183e-127,"4","pgk-1"
7.15644000859834e-129,0.196763751565828,0.296,0.161,1.55301904626593e-124,"4","prfA-1"
1.76566138585376e-125,0.972054836699682,0.06,0.015,3.83166177344124e-121,"4","yebV-5"
2.34086639210312e-125,0.128232735735228,0.331,0.185,5.07991415750298e-121,"4","ahpC-5"
4.37380043318623e-123,0.960673202052854,0.07,0.021,9.49158432005744e-119,"4","yfiP-4"
3.16256885353828e-118,0.531237060935152,0.117,0.047,6.86309066906342e-114,"4","trxC-5"
4.95947778631795e-116,0.602215476777584,0.096,0.035,1.07625627440886e-111,"4","sufB-3"
2.26861767946365e-114,0.700572853687301,0.083,0.028,4.92312722620408e-110,"4","cydB-2"
2.11827412849691e-109,1.37200218008971,0.045,0.01,4.59686668625114e-105,"4","yqjF-4"
2.59033073529667e-108,0.572153193338439,0.09,0.033,5.62127672866731e-104,"4","fadE-1"
1.02928076151857e-107,0.388511639259598,0.139,0.063,2.23364218057144e-103,"4","uvrA-4"
6.61343110054688e-105,0.637642734079733,0.089,0.033,1.43518068312968e-100,"4","sdhC-5"
4.20425131871155e-104,0.71640844208817,0.081,0.029,9.12364578673594e-100,"4","acnA-3"
2.21597047056602e-103,0.367467789595678,0.139,0.064,4.80887751817532e-99,"4","pcnB-3"
3.26456552667734e-102,0.555102501621533,0.098,0.039,7.08443364944249e-98,"4","yeeZ-4"
7.08299713214377e-102,0.415590721669716,0.139,0.064,1.53708120764652e-97,"4","gcd-2"
1.44257375974742e-97,0.314119693827214,0.112,0.048,3.13052931602787e-93,"4","yhaV-1"
8.77708258149239e-97,0.5394645854402,0.086,0.033,1.90471469100966e-92,"4","uvrB-5"
2.0154604727749e-94,0.740586442478623,0.062,0.02,4.37375077196882e-90,"4","gsk-2"
4.00075875573008e-94,0.489836078109069,0.097,0.04,8.68204657580984e-90,"4","nagA-1"
2.69917168128798e-92,2.01239684022218,0.026,0.004,5.85747246556304e-88,"4","aroP-2"
2.87312554284799e-91,0.597118046284593,0.072,0.026,6.23496974053443e-87,"4","betT-1"
4.04194955986753e-91,0.886195943667118,0.056,0.017,8.77143473986853e-87,"4","sdhA-2"
4.65977078923795e-91,0.262954977508416,0.114,0.051,1.01121685897253e-86,"4","yebA-2"
1.99108448140819e-89,0.126288156907761,0.165,0.085,4.32085243310391e-85,"4","gidA-3"
1.9798215304319e-86,0.534833342593553,0.088,0.036,4.29641070319028e-82,"4","aceB-1"
4.2752812800855e-86,0.686168704122536,0.067,0.024,9.27778790591354e-82,"4","yeeY-5"
8.47562434354351e-85,0.851186109964935,0.05,0.015,1.83929523879238e-80,"4","fbaB-1"
1.99605614046879e-84,0.787208955666631,0.062,0.021,4.33164143043132e-80,"4","bssS-1"
3.16510877045315e-84,0.497228163060455,0.081,0.032,6.86860254276037e-80,"4","yejG-5"
5.12815166115707e-83,1.16867502871242,0.039,0.01,1.1128601919877e-78,"4","yccJ-2"
2.23209462974925e-82,0.107120368198228,0.147,0.075,4.84386855601885e-78,"4","puuD-1"
2.30717712934014e-82,-3.50988771213706,0.011,0.068,5.00680508838103e-78,"4","yhaO-1"
2.30422255735064e-81,0.376041742792072,0.095,0.041,5.00039337170662e-77,"4","pdxH-2"
2.33139924625244e-81,0.826169453163375,0.053,0.017,5.05936950429241e-77,"4","gss-1"
3.13718116554406e-81,0.56773302854571,0.077,0.031,6.80799684734717e-77,"4","nagC-2"
2.0766227492411e-79,0.40523731529793,0.099,0.044,4.50647902812811e-75,"4","aceA-5"
4.2750595868904e-77,1.18147989023108,0.033,0.008,9.27730680951086e-73,"4","yohC-6"
3.80493830176269e-76,0.234399484910206,0.121,0.059,8.25709660865522e-72,"4","valS-4"
5.35202963545785e-76,1.27277548396278,0.028,0.006,1.16144395119071e-71,"4","ygiD-1"
6.83365005698577e-76,0.442941074086827,0.072,0.028,1.48297039886648e-71,"4","trxB-1"
5.17918750016394e-75,1.01272646239684,0.04,0.011,1.12393547941058e-70,"4","gntU-4"
6.94087904620269e-75,0.443605211342032,0.076,0.031,1.50624016181645e-70,"4","rne-5"
7.78991388166982e-75,0.825545088693673,0.039,0.011,1.69048921146117e-70,"4","ydjN-2"
1.00795626990956e-74,1.03924350009895,0.037,0.01,2.18736590133074e-70,"4","gntT-4"
2.06492650204794e-74,0.199971950546592,0.103,0.048,4.48109700209423e-70,"4","nrdR-2"
3.11485297225483e-74,0.477513504531458,0.082,0.035,6.7595424350902e-70,"4","nagB-3"
5.95610629365885e-74,0.764423640087734,0.041,0.012,1.29253462678691e-69,"4","mglB-1"
8.73952067558984e-74,0.780858185660747,0.048,0.015,1.89656338180975e-69,"4","frmB-1"
3.81630604765346e-73,0.28997346333209,0.074,0.03,8.28176575401278e-69,"4","sufD-2"
4.2681338451821e-73,0.312921885016953,0.096,0.044,9.26227725742967e-69,"4","tolQ-2"
4.66385195610253e-73,0.442053327083587,0.059,0.022,1.01210251299381e-68,"4","glk-3"
8.01865635461488e-73,0.219369893064298,0.086,0.038,1.74012861551498e-68,"4","def-2"
1.17778276152314e-72,0.113214631938092,0.136,0.071,2.55590637078137e-68,"4","lpd-1"
1.4027705741422e-72,0.302523035699519,0.094,0.043,3.044152422946e-68,"4","ycbZ-5"
1.09265821943766e-71,1.39778498324309,0.028,0.006,2.37117760200167e-67,"4","ybhG-1"
3.37675795338345e-71,0.189312390033084,0.119,0.06,7.32790243463742e-67,"4","rhlB-2"
4.68504861726945e-70,1.07787674263262,0.035,0.009,1.01670240043364e-65,"4","yaiA-4"
1.16573459315941e-69,0.772037154786812,0.039,0.012,2.52976064061523e-65,"4","gntK-1"
6.63238419679985e-69,0.380259020712599,0.075,0.032,1.43929369454753e-64,"4","insE-4-3"
7.11514057838951e-69,0.451873643046888,0.064,0.025,1.54405665691631e-64,"4","pheT-2"
8.22465752702547e-69,0.144793272443259,0.108,0.053,1.7848329299398e-64,"4","lpxP-2"
5.60844056592232e-68,1.3710999378589,0.03,0.007,1.2170876872108e-63,"4","ybhF-5"
2.42989080083836e-66,0.965721500336642,0.041,0.013,5.27310602689932e-62,"4","tktB-2"
1.14613003595641e-65,0.333050916621806,0.082,0.037,2.487216791029e-61,"4","yqjC-6"
1.29737421774031e-65,0.178749388394923,0.106,0.053,2.81543178991824e-61,"4","yjgI-4"
1.38814090875882e-65,-0.102880473656719,0.327,0.208,3.01240458609752e-61,"4","dnaA-3"
5.18874228887155e-65,0.112369941635978,0.145,0.08,1.12600896410802e-60,"4","fimI-4"
1.00720526811181e-64,0.143296467900272,0.118,0.061,2.18573615232943e-60,"4","insH-1-1"
1.16238648193057e-64,0.149210684795594,0.132,0.071,2.52249490443752e-60,"4","sthA-3"
5.22178474728314e-64,0.891246518100971,0.038,0.012,1.13317950800791e-59,"4","trkA-1"
7.52331342396064e-64,0.341767314955931,0.059,0.023,1.6326342461337e-59,"4","parC-1"
5.86430063014199e-63,0.894910688096088,0.029,0.007,1.27261187974711e-58,"4","ycgB-2"
5.98515979091223e-63,0.868793733466068,0.035,0.01,1.29883952622586e-58,"4","yeaG-2"
1.15695755156073e-62,0.477305121888934,0.063,0.026,2.51071358264193e-58,"4","puuC-5"
1.70469872531244e-62,0.700780194335087,0.038,0.012,3.69936670380053e-58,"4","tolA-1"
5.83549120291908e-62,0.212343368058913,0.094,0.045,1.26635994594547e-57,"4","icdC-3"
1.24677680880953e-61,0.208207659059309,0.085,0.04,2.70563035279755e-57,"4","speA-4"
1.27160022455067e-61,0.587444415575465,0.056,0.022,2.75949964729741e-57,"4","sodA-1"
2.85113083999445e-61,0.299501467436388,0.081,0.037,6.18723903587195e-57,"4","moaA-4"
8.99633213635328e-61,0.108280936489792,0.097,0.048,1.95229403691002e-56,"4","znuA-2"
1.18317415699724e-60,0.75710998265888,0.034,0.01,2.56760623809971e-56,"4","yaaA-3"
1.42428861158987e-60,0.186134950408089,0.098,0.048,3.09084871601117e-56,"4","cfa-5"
1.98345759547244e-60,1.18937001590159,0.026,0.006,4.30430132793475e-56,"4","yhjY-4"
8.09715777506776e-60,0.522948433885388,0.06,0.025,1.75716420876745e-55,"4","gor-5"
8.86165434579503e-60,1.2252555258302,0.026,0.006,1.92306760958098e-55,"4","artM-5"
9.31621077402992e-60,0.948701849300014,0.035,0.011,2.02171090007223e-55,"4","yohL-6"
4.91621720017517e-59,0.918496662718029,0.034,0.01,1.06686829461001e-54,"4","ygjG-1"
1.64941333355723e-58,0.148679008975163,0.099,0.05,3.57939187515253e-54,"4","leuS-3"
1.98638479452251e-58,0.769140417659268,0.035,0.011,4.3106536425933e-54,"4","asnB-5"
7.0909841634513e-58,1.45827517870232,0.02,0.004,1.53881447331057e-53,"4","yeeE-5"
7.74490049209297e-58,0.689102602258384,0.053,0.021,1.6807208557891e-53,"4","yeaR-5"
3.31998703437062e-57,0.772276068349319,0.038,0.012,7.20470386328769e-53,"4","yqjG-5"
1.03767102162119e-56,0.240664773697542,0.072,0.033,2.25184988402015e-52,"4","exuR-5"
1.17743033953811e-56,0.67975213056565,0.045,0.016,2.55514157983164e-52,"4","deoD-1"
1.79170940981738e-56,0.423612751174446,0.068,0.03,3.8881885902447e-52,"4","gapC-4"
6.70620672288749e-56,-0.111291276896283,0.372,0.246,1.45531392093381e-51,"4","rpsE-2"
1.26632505516814e-54,0.733939440114438,0.038,0.013,2.74805200222039e-50,"4","katE-2"
1.30280365638188e-54,0.494738363704344,0.057,0.024,2.82721421471431e-50,"4","ubiD-2"
2.58265355504141e-54,-0.134982946033062,0.331,0.217,5.60461647979536e-50,"4","ftsH-2"
2.78345479276606e-54,0.290055129744616,0.086,0.043,6.04037524578163e-50,"4","gltA-4"
2.84583790201704e-54,0.393000694674103,0.067,0.03,6.17575283116718e-50,"4","fur-1"
7.61705662059471e-54,0.410110422966706,0.061,0.026,1.65297745723526e-49,"4","surA-5"
1.07881084563973e-53,0.234405902190775,0.071,0.033,2.34112741612277e-49,"4","guaA-5"
1.38479810316643e-53,0.493396387168354,0.052,0.021,3.00515036368146e-49,"4","phoQ-3"
5.4925600478211e-53,0.331207742180865,0.071,0.033,1.19194045597766e-48,"4","yciM-2"
1.04369939796216e-52,0.346732274889992,0.064,0.029,2.26493206351767e-48,"4","cyaA-4"
2.61231552195364e-52,0.435274664038511,0.054,0.022,5.66898591419159e-48,"4","yggJ-1"
3.86372605455627e-52,0.654730423790997,0.04,0.014,8.38467191099255e-48,"4","frmA-3"
5.0930625510119e-52,0.269139278926676,0.069,0.032,1.10524550419509e-47,"4","ybfE-3"
5.18892267708387e-52,-0.137868066382612,0.235,0.149,1.12604811015397e-47,"4","iscR-2"
1.14395785362624e-51,0.542951219226944,0.044,0.016,2.4825029381543e-47,"4","yecJ-2"
1.78386070827271e-51,0.631330319019652,0.034,0.011,3.87115612302262e-47,"4","yedQ-3"
3.12280683914733e-51,0.260839443729292,0.067,0.031,6.77680312163361e-47,"4","thiI-2"
3.23206239538595e-51,0.536769769051037,0.041,0.015,7.01389860422705e-47,"4","hspQ-4"
3.80209328554119e-51,0.12732304937634,0.069,0.032,8.25092263895293e-47,"4","phoH-1"
4.86150082529283e-51,0.228587589811371,0.064,0.029,1.0549942940968e-46,"4","glnL-3"
1.2277600564836e-50,0.145426115444072,0.087,0.044,2.66436209857507e-46,"4","ribB-5"
2.1803676761429e-50,0.152961563640341,0.082,0.041,4.7316158939977e-46,"4","mreC-2"
2.7281282193111e-50,0.140858869035187,0.068,0.032,5.92031104872702e-46,"4","yjgX-16"
7.8566324096809e-50,0.347300776019243,0.061,0.027,1.70496779922485e-45,"4","aroB-2"
8.18032592582625e-50,0.765985284398877,0.033,0.011,1.77521252916356e-45,"4","nagZ-1"
9.94421578445634e-50,0.661454612546891,0.036,0.012,2.15799426738487e-45,"4","ydaN-1"
1.3190564345814e-49,0.378559390385194,0.051,0.021,2.8624843686851e-45,"4","yrbL-1"
1.53739234747153e-49,0.170440377028371,0.078,0.039,3.33629513324797e-45,"4","ybiP-1"
1.834204843423e-49,1.50086762974486,0.02,0.005,3.98040793071225e-45,"4","artI-3"
5.54236311201912e-49,0.352704213994135,0.051,0.021,1.20274821893927e-44,"4","ycfH-2"
6.77841350047015e-49,-0.17104848807695,0.252,0.164,1.47098351373703e-44,"4","rplT-4"
7.43285424457231e-49,0.176214481872849,0.075,0.036,1.61300369961464e-44,"4","gpmA-2"
9.18519880755757e-49,-0.11722704449259,0.155,0.093,1.99327999322807e-44,"4","dnaG-2"
2.05726420511633e-48,-3.30602195332155,0.008,0.043,4.46446905152295e-44,"4","yhaM-1"
2.55452162668128e-48,0.213437488304729,0.064,0.029,5.54356738206105e-44,"4","yjgQ-2"
4.05429422986547e-48,-0.128273388074211,0.422,0.287,8.79822390823105e-44,"4","rpsA-3"
4.87575656919538e-48,0.988887239293158,0.025,0.007,1.05808793308109e-43,"4","yohM-6"
7.56787089109219e-48,0.731625306974769,0.031,0.01,1.64230366207592e-43,"4","fruA-4"
9.94954074299804e-48,0.579920098590379,0.038,0.014,2.15914983663801e-43,"4","nlpE-5"
1.14507290703276e-47,0.184571521850878,0.078,0.039,2.48492271555178e-43,"4","damX-5"
1.59798328037708e-47,0.674462163728504,0.029,0.009,3.46778351674631e-43,"4","fecI-5"
1.63159822067609e-47,1.2436118820343,0.02,0.005,3.54073129868918e-43,"4","ypfH-1"
2.42834877786646e-47,0.190470824953337,0.063,0.029,5.269759682848e-43,"4","rseP-4"
7.19070016871365e-47,0.708261729497847,0.034,0.012,1.56045384361255e-42,"4","phr-3"
7.38343657194013e-47,0.346157429719523,0.053,0.023,1.60227957047673e-42,"4","rssA-4"
7.79061032958586e-47,0.145830944504034,0.082,0.042,1.69064034762343e-42,"4","pepP-5"
8.40896677213614e-47,0.563037706352998,0.04,0.015,1.82482987922126e-42,"4","ygdH-4"
1.36703910657169e-46,0.605104901557965,0.038,0.014,2.96661156517123e-42,"4","sdhB-3"
2.16547595764718e-46,0.291505418415543,0.057,0.026,4.69929937569016e-42,"4","gltB-3"
2.29874852645118e-46,0.125419862134017,0.085,0.044,4.98851417725171e-42,"4","aspS-5"
9.31160568666799e-46,0.244461922428923,0.067,0.032,2.02071155006382e-41,"4","era-3"
1.6022870596665e-45,0.221500540468158,0.067,0.032,3.47712314818228e-41,"4","yadR-1"
1.65809030341914e-45,1.9276986421534,0.011,0.002,3.59822176744987e-41,"4","yqjI-1"
2.82514809517784e-45,0.274883895021899,0.054,0.024,6.13085388134542e-41,"4","yeaP-4"
2.93753021794889e-45,1.86025506864866,0.013,0.002,6.37473432597088e-41,"4","kefC-2"
3.99628778101898e-45,-0.191203001008009,0.34,0.229,8.67234411358929e-41,"4","rplR-2"
4.49906736778593e-45,0.331771937415598,0.049,0.021,9.76342609483225e-41,"4","guaC-1"
5.21838552265878e-45,0.372989682779659,0.043,0.017,1.13244184227218e-40,"4","yegW-3"
7.99984534241803e-45,0.254977620992574,0.068,0.033,1.73604643775814e-40,"4","nuoC-2"
1.00202378879257e-44,0.659375827966211,0.032,0.011,2.17449182405877e-40,"4","uidR-4"
1.03773105852321e-44,0.680194213100628,0.029,0.01,2.25198017010122e-40,"4","dacC-2"
1.89546983602413e-44,0.570186519294976,0.034,0.012,4.11335909115596e-40,"4","betA-5"
5.20219003887867e-44,0.759455973503556,0.03,0.01,1.12892726033706e-39,"4","yeaH-4"
8.65738762942398e-44,-0.106823437848516,0.127,0.075,1.8787396894613e-39,"4","thrS-1"
1.43524814545159e-43,0.375013438535646,0.048,0.021,3.11463200044449e-39,"4","avtA-2"
2.15889612485969e-43,0.110403335391292,0.078,0.04,4.68502048055802e-39,"4","ybgC-5"
2.56341951945906e-43,0.397547258247247,0.041,0.016,5.5628766991781e-39,"4","mdtG-5"
2.78345057572945e-43,0.429369056251853,0.046,0.02,6.04036609439049e-39,"4","rpsT-2"
6.95319779524858e-43,0.914916414788598,0.018,0.004,1.50891345354689e-38,"4","yfhD-2"
7.41323860215271e-43,0.534376822200438,0.038,0.015,1.60874690905316e-38,"4","yiaF-3"
3.14180208961835e-42,0.452796192783793,0.035,0.013,6.81802471468078e-38,"4","yojI-6"
3.94290570622762e-42,0.557991156984798,0.039,0.015,8.55649967308456e-38,"4","nagE-4"
4.21235297890554e-42,0.362610221151996,0.041,0.017,9.14122719952292e-38,"4","yieG-4"
4.40207374274516e-42,0.674291762670087,0.027,0.009,9.55294022913128e-38,"4","glcC-5"
9.16933056793622e-42,0.739422991892144,0.027,0.009,1.98983642654784e-37,"4","ycfP-1"
2.11469608413921e-41,0.267555751841766,0.057,0.027,4.5891019721905e-37,"4","ftsK-5"
2.52470105435168e-41,0.183551303936531,0.062,0.03,5.47885375804859e-37,"4","yfgA-3"
4.84180076468002e-41,0.238006276227626,0.057,0.027,1.05071918394321e-36,"4","truA-4"
6.76156733476836e-41,-0.161603126648889,0.166,0.105,1.46732772731808e-36,"4","insL-3-4"
1.20038722687058e-40,0.877543230114406,0.022,0.006,2.60496032103185e-36,"4","uspB-5"
1.24406363528823e-40,0.371201380812166,0.047,0.02,2.69974249493899e-36,"4","prmC-3"
1.43865693016308e-40,0.656641353129766,0.028,0.009,3.12202940414691e-36,"4","fdhD-4"
1.60620292674923e-40,0.491900001606011,0.036,0.014,3.4856209713385e-36,"4","gpp-1"
1.8809178414596e-40,0.534593684749524,0.037,0.015,4.08177980775147e-36,"4","hrpA-5"
2.27119328141904e-40,0.431729797240182,0.038,0.015,4.92871654000745e-36,"4","cpxA-5"
2.79672031738717e-40,0.343676830106427,0.047,0.021,6.0691627607619e-36,"4","nuoA-3"
2.92059121105617e-40,0.354616613634109,0.051,0.024,6.33797498711299e-36,"4","folE-2"
3.44951542000772e-40,0.389122624374535,0.043,0.018,7.48579341295876e-36,"4","aaeA-1"
3.54626812316142e-40,1.03977796032177,0.021,0.006,7.69575645407259e-36,"4","fadJ-5"
4.88176294751814e-40,0.143936142512064,0.058,0.028,1.05939137724091e-35,"4","yjjG-5"
1.84859658358102e-39,0.216204203743763,0.057,0.027,4.01163944602918e-35,"4","ldhA-5"
2.12361898220758e-39,0.533737236975765,0.035,0.013,4.60846555328867e-35,"4","ycfQ-5"
2.2113147616196e-39,-0.239227984792443,0.227,0.151,4.79877416419068e-35,"4","nusG-4"
2.57056591545516e-39,0.274634431990608,0.055,0.026,5.57838509312924e-35,"4","murI-2"
3.36435850232097e-39,0.360053683336173,0.044,0.019,7.30099438588673e-35,"4","holB-5"
3.4876567706111e-39,0.492127605431519,0.043,0.019,7.56856395790316e-35,"4","yoaG-2"
4.06151402693482e-39,0.319899598443595,0.05,0.023,8.81389158985126e-35,"4","purB-2"
7.57451011812354e-39,0.155924412706242,0.061,0.03,1.64374444073399e-34,"4","gidB-4"
7.8179727791895e-39,-0.170254410554812,0.149,0.094,1.69657827281191e-34,"4","rpmD-2"
7.88683426429528e-39,-0.110022897159513,0.118,0.071,1.71152190369472e-34,"4","zapA-1"
9.28251802763103e-39,0.122745984701856,0.074,0.039,2.01439923717621e-34,"4","pflB-3"
1.08781477299581e-38,0.179106416209202,0.047,0.021,2.36066683887821e-34,"4","birA-1"
1.5094726381908e-38,0.341163983159703,0.034,0.013,3.27570657213785e-34,"4","pgpB-3"
2.01783471753068e-38,0.232605050753913,0.051,0.024,4.37890312051333e-34,"4","pepN-1"
2.44003944564186e-38,1.56251078863851,0.013,0.003,5.29512960098741e-34,"4","yeeD-5"
2.8922168648488e-38,0.643208721739246,0.027,0.01,6.27639981840839e-34,"4","yohN-3"
3.58370729161613e-38,0.114355064571388,0.073,0.039,7.77700319353616e-34,"4","prsA-1"
3.80263117160106e-38,0.548380216676721,0.032,0.012,8.25208990549145e-34,"4","yajQ-2"
4.21375770086058e-38,0.254907789392564,0.05,0.023,9.14427558663755e-34,"4","sfcA-5"
7.98583661397416e-38,0.457804103756153,0.031,0.012,1.73300640359853e-33,"4","pitA-3"
8.73641319294678e-38,-0.262555214214194,0.294,0.201,1.89588902700138e-33,"4","rplA-1"
1.60095381792895e-37,0.270512961527235,0.047,0.021,3.47422988028762e-33,"4","ygfA-2"
2.05094623720864e-37,0.255327042154737,0.05,0.023,4.45075842936646e-33,"4","rnb-1"
2.15497352878309e-37,0.145513127448234,0.066,0.034,4.67650805481218e-33,"4","acnB-5"
2.508025654891e-37,0.215758019204467,0.041,0.018,5.44266647367896e-33,"4","ydfH-5"
2.73706673425944e-37,0.505403511163449,0.029,0.011,5.9397085200164e-33,"4","nuoF-1"
2.98897132784807e-37,0.7353678646804,0.025,0.008,6.4863666785631e-33,"4","hemF-4"
3.47533958092645e-37,-0.245999174107673,0.168,0.108,7.54183442456848e-33,"4","nusA-2"
5.42324222203878e-37,0.216573390090846,0.052,0.025,1.17689779460464e-32,"4","rcsB-4"
5.61664675382094e-37,0.202392302116239,0.052,0.025,1.21886851204668e-32,"4","ynaJ-4"
1.29013460367236e-36,0.305825206337496,0.037,0.015,2.79972110342939e-32,"4","mrdB-1"
1.58951828945815e-36,0.374798467348693,0.047,0.022,3.44941363995314e-32,"4","bssR-3"
1.99009467984103e-36,0.646011657360561,0.029,0.011,4.31870446472303e-32,"4","rnhB-5"
2.41877116918649e-36,0.361081690776746,0.041,0.018,5.24897531425161e-32,"4","yfbQ-3"
2.90308520165837e-36,0.254272829610659,0.033,0.013,6.29998519611883e-32,"4","fepA-1"
3.43277447986082e-36,0.917939799946889,0.016,0.004,7.44946389874598e-32,"4","ltaE-5"
4.82600640884746e-36,0.530444317264408,0.027,0.01,1.04729165078399e-31,"4","queA-2"
5.73390095262252e-36,1.19630029341894,0.013,0.003,1.24431384572861e-31,"4","asnA-5"
7.02550305670423e-36,0.134701439785879,0.054,0.026,1.52460441833538e-31,"4","tgt-5"
9.92001527753313e-36,0.173595073244483,0.049,0.023,2.15274251537746e-31,"4","sohA-3"
1.00231493450036e-35,0.548930476732149,0.033,0.013,2.17512363935924e-31,"4","yheM-1"
1.20734407687309e-35,-0.250434282505547,0.143,0.09,2.6200573812223e-31,"4","yafK-3"
1.23707740168554e-35,0.401764623648932,0.035,0.014,2.6845816693978e-31,"4","cycA-4"
2.25443179226534e-35,0.419261810520387,0.036,0.015,4.89234243239501e-31,"4","yghB-2"
2.31457763625312e-35,0.569687411996803,0.033,0.013,5.02286492843289e-31,"4","talA-5"
2.91108796910305e-35,-0.265434641319005,0.19,0.126,6.31735200175052e-31,"4","kgtP-4"
3.10744032020955e-35,0.344449104314376,0.039,0.017,6.74345623888673e-31,"4","ycfD-3"
3.11783415445259e-35,0.373700461845068,0.029,0.011,6.76601189857757e-31,"4","ynhG-2"
3.37185250969473e-35,0.956193381479502,0.02,0.006,7.31725713128852e-31,"4","yegX-4"
3.4652757998947e-35,0.454165911075619,0.036,0.015,7.5199950133515e-31,"4","yrdB-1"
3.98100589937933e-35,0.341014523412497,0.044,0.02,8.63918090224309e-31,"4","pyrC-5"
4.77406013019196e-35,0.630955548937545,0.024,0.008,1.03601878885296e-30,"4","pbpG-4"
5.53359197618209e-35,0.246807742697519,0.038,0.016,1.20084479475127e-30,"4","dinG-5"
9.22710228405993e-35,0.675589457549913,0.022,0.007,2.00237346666385e-30,"4","yfcY-1"
9.70231184203596e-35,0.349939441327358,0.039,0.017,2.10549869284022e-30,"4","ydcM-1"
9.71048776693053e-35,0.533972424990498,0.033,0.013,2.10727295030159e-30,"4","sdaA-5"
1.27054615475841e-34,-0.230370965272582,0.147,0.095,2.75721221044122e-30,"4","cyoA-5"
1.38264830659588e-34,0.172192507850164,0.049,0.023,3.00048509014372e-30,"4","recQ-4"
1.42941466654842e-34,0.259950233780817,0.037,0.016,3.10197276787673e-30,"4","yrbD-6"
1.97285536371694e-34,0.400091143154599,0.034,0.014,4.28129342480213e-30,"4","apaG-5"
1.997826121094e-34,0.382981012580469,0.044,0.02,4.33548246538609e-30,"4","ispE-5"
2.13681776656476e-34,1.12722086738086,0.016,0.004,4.63710823522218e-30,"4","ysgA-6"
2.43519300102141e-34,0.278167152198708,0.037,0.016,5.28461233151657e-30,"4","proA-3"
2.46621509856099e-34,0.294593597413505,0.045,0.021,5.3519333853872e-30,"4","prc-1"
2.58413311118167e-34,1.10383628984837,0.017,0.005,5.60782726457535e-30,"4","poxB-4"
3.24055701006365e-34,0.159231326687188,0.061,0.031,7.03233276753913e-30,"4","tyrS-1"
3.65377506702085e-34,0.36445455254427,0.033,0.013,7.92905727294195e-30,"4","chpR-5"
3.82918795871379e-34,0.330579500638981,0.045,0.021,8.3097207892048e-30,"4","fliY-3"
4.15048033834138e-34,0.368641311852677,0.036,0.015,9.00695738223464e-30,"4","gshB-5"
5.00280859758146e-34,0.209971673501092,0.044,0.02,1.08565949376115e-29,"4","yjeS-3"
5.65457658435262e-34,-0.287737789021802,0.131,0.083,1.22709966457036e-29,"4","nudB-2"
1.1903761642859e-33,0.354540373508217,0.041,0.019,2.58323531411683e-29,"4","mrp-3"
1.56147437146036e-33,0.183582279839512,0.037,0.016,3.38855553350614e-29,"4","ribD-4"
1.63468316910791e-33,0.353957215957875,0.035,0.015,3.54742594528107e-29,"4","ribF-3"
1.96570503121707e-33,-0.259790978369384,0.138,0.088,4.26577648824417e-29,"4","marR-3"
2.13218911128634e-33,1.00234617638154,0.019,0.006,4.62706359040248e-29,"4","artQ-5"
2.24166097013627e-33,0.650784481209685,0.027,0.01,4.86462847129272e-29,"4","cho-3"
3.35573794395974e-33,0.157241410866293,0.047,0.022,7.28228691218703e-29,"4","kdsD-1"
4.20705753661311e-33,0.372075695117008,0.034,0.014,9.12973556020411e-29,"4","ylaC-5"
6.26648222411476e-33,0.313723298899873,0.031,0.012,1.35988930745514e-28,"4","lpxM-4"
6.47039264004679e-33,0.495165632191386,0.023,0.008,1.40413990681655e-28,"4","glmS-1"
8.41501523927973e-33,0.422571048406353,0.032,0.013,1.8261424570761e-28,"4","glnP-4"
1.36235625964509e-32,-0.148659216375577,0.103,0.063,2.9564493190558e-28,"4","yfgL-2"
1.47558084565179e-32,0.183329235557856,0.043,0.02,3.20215799314894e-28,"4","dcrB-5"
1.62154890691898e-32,0.113510610775154,0.058,0.03,3.51892328290489e-28,"4","grxA-4"
1.68145838958052e-32,0.545648985746327,0.027,0.01,3.64893285122869e-28,"4","yebT-1"
2.4015942231085e-32,0.100789438226565,0.041,0.019,5.21169962356776e-28,"4","ybiT-2"
2.6153058696183e-32,0.685800072774643,0.029,0.012,5.67547526765868e-28,"4","ptsG-5"
3.43419647297287e-32,-0.185700474212641,0.104,0.063,7.45254976599841e-28,"4","iscU-4"
3.78438162427068e-32,0.901500418809929,0.018,0.005,8.2124865628298e-28,"4","ycbB-1"
4.39477541274709e-32,0.183530046259675,0.054,0.028,9.53710212320245e-28,"4","gcvA-4"
6.36757026463579e-32,0.773162631050544,0.02,0.006,1.38182642312861e-27,"4","yeiB-3"
6.93216642598469e-32,0.125413657909325,0.058,0.03,1.50434943610294e-27,"4","ygaW-3"
1.3114895079797e-31,0.286458836855715,0.034,0.015,2.84606338126674e-27,"4","ycjG-1"
1.39160591974395e-31,0.498351914764864,0.025,0.009,3.01992400643634e-27,"4","yeiH-3"
1.62353471159555e-31,-0.202959376371214,0.105,0.065,3.52323267763351e-27,"4","dnaX-2"
1.64046578556413e-31,0.44286527885316,0.024,0.008,3.55997480125271e-27,"4","yieF-3"
2.22479890158497e-31,0.274562755352395,0.037,0.016,4.82803609632954e-27,"4","ftsX-2"
2.2444947100024e-31,0.228210673839859,0.043,0.02,4.87077797017621e-27,"4","ycdZ-4"
2.2446778491472e-31,0.529969128818867,0.029,0.012,4.87117540043433e-27,"4","glpK-3"
2.9335942994118e-31,0.106362921190759,0.054,0.028,6.36619298915355e-27,"4","aspC-1"
2.94845613775612e-31,0.368783893491767,0.033,0.014,6.39844466454456e-27,"4","ygaU-2"
3.58781005863456e-31,-1.80566308605574,0.048,0.086,7.78590660824287e-27,"4","pspA-1"
3.65771462586116e-31,1.02114098308088,0.016,0.005,7.9376065095813e-27,"4","fiu-2"
4.27238239660948e-31,0.352990589347456,0.029,0.012,9.27149703888224e-27,"4","yceG-2"
4.58797593929462e-31,0.429558160563232,0.029,0.011,9.95636658586326e-27,"4","yjhU-1"
5.09615085179157e-31,0.211979855697458,0.033,0.014,1.10591569634729e-26,"4","glpF-5"
5.11922722877845e-31,0.431399794450839,0.023,0.008,1.11092350091721e-26,"4","helD-1"
5.64084643170618e-31,0.16361117051523,0.041,0.019,1.22412008414456e-26,"4","dnaC-4"
6.22287789200471e-31,0.782217033060234,0.019,0.006,1.35042673134394e-26,"4","yaeQ-5"
6.30244601328161e-31,0.220102514498444,0.036,0.016,1.36769380934224e-26,"4","envC-3"
7.19952677518588e-31,0.336127984762755,0.029,0.012,1.56236930548309e-26,"4","yncE-1"
7.97804567282866e-31,0.563592181101056,0.026,0.01,1.73131569146055e-26,"4","sra-5"
1.05367386966642e-30,-0.299097694577617,0.209,0.143,2.2865776645631e-26,"4","rpsI-1"
1.09014781574874e-30,0.14763681390483,0.045,0.022,2.36572977495634e-26,"4","rpoN-3"
1.26543537809801e-30,0.448849170912409,0.027,0.011,2.74612131401049e-26,"4","yhjK-1"
1.59485294939034e-30,0.885869553623281,0.015,0.004,3.46099038547198e-26,"4","yjjZ-3"
1.95603028504196e-30,0.768591139253762,0.021,0.007,4.24478132156955e-26,"4","potF-1"
2.35709957409923e-30,0.392102843475845,0.033,0.014,5.11514178575274e-26,"4","yejK-5"
2.62829435362458e-30,-0.278490930988863,0.09,0.054,5.70366157680071e-26,"4","msbA-4"
2.73534548342789e-30,-0.207518472237924,0.111,0.069,5.93597323358686e-26,"4","hns-2"
2.74376723448715e-30,0.304623920564637,0.033,0.014,5.95424927556057e-26,"4","ydcI-5"
2.95163074580806e-30,-0.198952841907072,0.115,0.073,6.40533388147806e-26,"4","pnp-1"
2.96885698859454e-30,0.24670620574571,0.032,0.014,6.44271655094902e-26,"4","sufC-5"
3.36937946246155e-30,0.438115161582682,0.029,0.012,7.31189037148782e-26,"4","ydcL-4"
3.57834044639303e-30,0.208336950242678,0.042,0.02,7.76535660271751e-26,"4","rsxC-5"
4.04073529335034e-30,-0.241575081995505,0.14,0.092,8.76879966009957e-26,"4","nlpD-4"
5.97229267847374e-30,0.459599268287517,0.023,0.008,1.29604723415559e-25,"4","rnt-3"
1.14194628456756e-29,0.348045331461104,0.031,0.013,2.47813763214007e-25,"4","mazG-1"
2.01207004368412e-29,0.171084447203734,0.051,0.026,4.36639320179891e-25,"4","yegQ-1"
2.71218145830983e-29,-0.203411355404514,0.101,0.062,5.88570498267816e-25,"4","iscA-1"
4.50915175223971e-29,0.522842261240624,0.02,0.007,9.78531021753539e-25,"4","thiC-1"
4.86478610691279e-29,1.08753636424158,0.01,0.002,1.05570723306114e-24,"4","ymdF-4"
4.91888456011119e-29,0.405094463413498,0.026,0.01,1.06744713838973e-24,"4","ftsB-4"
6.44570755109117e-29,0.303541753910392,0.035,0.016,1.3987829956623e-24,"4","yggW-5"
1.01101046798007e-28,0.154602322347971,0.045,0.022,2.19399381656355e-24,"4","lolD-3"
1.37523272022565e-28,0.232052962756328,0.026,0.01,2.98439252616168e-24,"4","mrcB-3"
1.73040137472418e-28,0.430147882005409,0.034,0.015,3.75514402328895e-24,"4","aroE-3"
1.80403776063951e-28,0.328973629914492,0.038,0.018,3.9149423443638e-24,"4","rraA-5"
1.94475208924988e-28,0.542333515558953,0.027,0.011,4.22030650888117e-24,"4","ubiE-1"
2.52785759973157e-28,0.359908984919036,0.028,0.011,5.48570377717748e-24,"4","ybdR-2"
2.7285357349017e-28,0.225201203774736,0.037,0.017,5.92119539831017e-24,"4","yfhA-2"
2.74664344861169e-28,0.540372577778393,0.027,0.011,5.96049094783224e-24,"4","ybgA-3"
3.32288964307999e-28,0.164325737317536,0.042,0.021,7.21100281444788e-24,"4","yggE-4"
4.17298879330078e-28,0.567645492969538,0.024,0.009,9.05580298034201e-24,"4","cirA-1"
4.26915635044343e-28,0.143523444474044,0.039,0.019,9.26449619609729e-24,"4","ribE-3"
4.31897463876731e-28,0.143026489224055,0.043,0.022,9.37260686358894e-24,"4","sufA-2"
4.42306003394408e-28,0.362816331223346,0.026,0.011,9.59848257966206e-24,"4","nadC-1"
5.00280553599328e-28,0.441122948556426,0.027,0.011,1.0856588293659e-23,"4","nfnB-4"
5.04178507551037e-28,0.213740530096369,0.036,0.017,1.0941177792365e-23,"4","miaA-1"
5.76107912708678e-28,0.577577326889094,0.02,0.007,1.2502117813691e-23,"4","lysP-1"
6.04873710576707e-28,0.357459389191622,0.03,0.013,1.31263643932251e-23,"4","yhbN-4"
7.76379092071275e-28,0.584588992359986,0.025,0.01,1.68482026770387e-23,"4","ydhK-4"
1.25342121896247e-27,0.304781545910981,0.03,0.013,2.72004938727045e-23,"4","sohB-3"
1.36585817155184e-27,0.261581403680466,0.032,0.014,2.96404881808465e-23,"4","bcsE-5"
1.89842188342891e-27,0.174806213876657,0.042,0.021,4.11976532922909e-23,"4","emrA-1"
2.0730123654679e-27,0.225975299269936,0.032,0.015,4.49864413430189e-23,"4","potD-5"
2.10205515548763e-27,0.398340687330035,0.029,0.012,4.5616698929237e-23,"4","ybiR-2"
2.54328661260506e-27,0.128786568600555,0.034,0.015,5.51918627801424e-23,"4","yjeK-3"
2.71588709094461e-27,0.130847789095599,0.053,0.028,5.8937465760589e-23,"4","hepA-1"
3.2739525650013e-27,-0.184562173711181,0.084,0.051,7.10480446130931e-23,"4","rpoD-1"
3.50754515423682e-27,0.698491174557566,0.02,0.007,7.61172373920932e-23,"4","manZ-3"
3.95522300088914e-27,0.649731017774376,0.024,0.01,8.58322943422953e-23,"4","ydgA-3"
4.76880012482029e-27,0.435278113231004,0.034,0.015,1.03487731508725e-22,"4","hemC-4"
6.1093384571708e-27,0.37418906437474,0.023,0.009,1.32578753859063e-22,"4","yeaY-4"
6.11822084642373e-27,-0.34124989391958,0.136,0.09,1.32771510588241e-22,"4","lpxC-2"
6.90897007739421e-27,0.488371438818573,0.025,0.01,1.49931559649532e-22,"4","yqaA-5"
7.33906229018412e-27,0.793483745520724,0.015,0.004,1.59264990759286e-22,"4","yghY-5"
7.36232167906506e-27,0.430216532421479,0.026,0.01,1.59769742757391e-22,"4","mdtK-4"
8.56755315055833e-27,0.452563257892887,0.023,0.009,1.85924470920266e-22,"4","elbB-4"
1.10983373025548e-26,0.701091897666024,0.018,0.006,2.40845017802742e-22,"4","yjcD-5"
1.15086192932865e-26,0.352548735840696,0.022,0.008,2.49748547283611e-22,"4","glnE-2"
1.4137485055845e-26,-0.183754544703244,0.074,0.044,3.06797563196893e-22,"4","lon-5"
1.75658352214224e-26,0.757816736815733,0.016,0.005,3.81196190140088e-22,"4","xthA-1"
1.96300141901728e-26,0.193201863368083,0.039,0.019,4.25990937940939e-22,"4","ileS-1"
2.58184681674594e-26,1.1172378970708,0.01,0.002,5.60286577702036e-22,"4","yehW-5"
3.03471411497877e-26,-0.281378926652009,0.122,0.08,6.58563310091543e-22,"4","rpsN-3"
3.32995682992384e-26,0.121691672898489,0.047,0.025,7.22633931661772e-22,"4","serA-5"
3.64943870978891e-26,0.581789159460999,0.022,0.008,7.9196469441129e-22,"4","ydfG-5"
3.96728820640855e-26,0.157251054185863,0.037,0.018,8.6094121367272e-22,"4","alr-5"
4.16947334014338e-26,0.126095759194691,0.033,0.015,9.04817409544516e-22,"4","tpiA-3"
4.18241808811233e-26,0.174366357080486,0.031,0.014,9.07626549301257e-22,"4","accD-3"
4.43884883594341e-26,-0.299473905740543,0.117,0.076,9.6327458588808e-22,"4","fusA-2"
5.38443230615441e-26,0.712220348503417,0.016,0.005,1.16847565475857e-21,"4","fecA-1"
7.43611664970228e-26,0.588045599312973,0.018,0.006,1.61371167415189e-21,"4","caiB-4"
8.15913253991975e-26,0.478936166407297,0.02,0.007,1.77061335248798e-21,"4","yfbB-1"
1.04050784449675e-25,0.459027920065024,0.024,0.009,2.2580060733424e-21,"4","dsbB-1"
1.28704696204374e-25,0.533832845190801,0.022,0.008,2.79302061233113e-21,"4","yfiE-1"
1.34825762483989e-25,0.13363904557315,0.047,0.025,2.92585387166505e-21,"4","serC-2"
1.49111908120929e-25,0.194872958365367,0.033,0.015,3.23587751813228e-21,"4","yecP-1"
2.26049676544273e-25,0.588054470569876,0.016,0.005,4.90550403068728e-21,"4","amyA-3"
2.86419878063807e-25,0.583159645036129,0.016,0.005,6.21559777386268e-21,"4","yeaM-2"
3.12653848632976e-25,0.671587263427045,0.017,0.006,6.78490116918421e-21,"4","nfrA-4"
3.50959685904886e-25,0.302421618078107,0.032,0.015,7.61617614382193e-21,"4","rpe-4"
4.0137322674814e-25,0.166549818144026,0.039,0.019,8.71020039366139e-21,"4","ptsP-4"
4.42521438475635e-25,0.245951109410546,0.029,0.013,9.60315773635976e-21,"4","pdxB-5"
4.48073657694777e-25,1.14358769348652,0.011,0.003,9.72364644563436e-21,"4","trpC-5"
4.62266818515479e-25,0.356772292702607,0.025,0.01,1.00316522286044e-20,"4","yojL-3"
6.07923344236943e-25,0.38119824080094,0.02,0.007,1.31925444932859e-20,"4","csiE-3"
6.084550849728e-25,-0.104915250472784,0.074,0.045,1.32040837989947e-20,"4","hslR-2"
9.02777579489915e-25,0.455106247211436,0.023,0.009,1.95911762525107e-20,"4","dctA-4"
1.0164879709777e-24,0.146997758078775,0.033,0.016,2.2058805458187e-20,"4","recF-1"
1.15584776625138e-24,0.226861202134645,0.022,0.009,2.50830523754211e-20,"4","yebF-3"
1.37840367476103e-24,-0.370201362617025,0.17,0.118,2.99127381459892e-20,"4","rplF-3"
1.53125204196542e-24,0.319023253907331,0.03,0.014,3.32297005626916e-20,"4","pgi-2"
1.88406851225655e-24,0.323041184512105,0.022,0.008,4.08861707844795e-20,"4","pntB-2"
2.38667747534356e-24,0.310298164229767,0.029,0.013,5.17932878924306e-20,"4","mscS-4"
2.48539927424957e-24,0.398625536375246,0.023,0.009,5.393564965049e-20,"4","vsr-2"
2.64327215499272e-24,0.194537301235672,0.037,0.018,5.73616490354969e-20,"4","acrB-5"
2.66120281871948e-24,0.256986361701957,0.025,0.01,5.77507623690314e-20,"4","nudE-4"
2.84504738566003e-24,0.211840812285087,0.035,0.017,6.17403733162084e-20,"4","ydhJ-3"
3.08660729831634e-24,0.610292478985442,0.017,0.006,6.69824649807628e-20,"4","holA-4"
3.5223169247424e-24,0.375835224164189,0.024,0.01,7.64377995838349e-20,"4","rhtC-5"
4.45817665506012e-24,0.541795199668284,0.017,0.006,9.67468915914597e-20,"4","rnd-5"
5.79387084063277e-24,-0.128333010204234,0.059,0.034,1.25732791112572e-19,"4","ompX-5"
7.02572992847807e-24,-0.191540579792696,0.075,0.046,1.52465365177903e-19,"4","fdoG-5"
9.92108576646602e-24,-0.103898042182859,0.051,0.028,2.15297482218079e-19,"4","fabG-1"
1.16087151104028e-23,0.304414508829903,0.027,0.012,2.5192072661085e-19,"4","truD-2"
1.32447027151218e-23,0.147012550037724,0.029,0.013,2.87423293620857e-19,"4","allR-1"
1.54841696480659e-23,0.423581163824427,0.029,0.013,3.36021965532679e-19,"4","pdxA-5"
1.71664832656315e-23,0.138395072935336,0.036,0.018,3.7252985334747e-19,"4","secB-4"
1.79284294560845e-23,0.816355087993291,0.013,0.004,3.8906484762649e-19,"4","cbpA-2"
1.94465647641734e-23,-0.140275882403417,0.052,0.029,4.22009901947327e-19,"4","smg-2"
2.14005629941072e-23,0.263271699748893,0.022,0.009,4.64413617535121e-19,"4","pstS-5"
2.57410833608296e-23,0.189048947947898,0.031,0.015,5.58607250013364e-19,"4","cpxR-4"
3.88658528835249e-23,0.438011909435263,0.027,0.012,8.43427873425375e-19,"4","murB-2"
4.22440472657246e-23,0.506698387403697,0.016,0.005,9.16738069713489e-19,"4","ytfK-5"
4.8217360676635e-23,0.226833595916158,0.028,0.013,1.04636494404366e-18,"4","yrbG-4"
5.37261457831853e-23,0.562788808670263,0.017,0.006,1.1659110896409e-18,"4","yecC-2"
6.1590540162675e-23,-0.233402441467408,0.048,0.026,1.33657631207021e-18,"4","mqsR-4"
6.60561080941754e-23,0.42787265252223,0.02,0.008,1.4334836017517e-18,"4","kefB-4"
7.00554161921868e-23,-0.206200806133801,0.079,0.05,1.52027258678665e-18,"4","suhB-5"
7.46803722748529e-23,0.203056348186393,0.023,0.01,1.62063875873658e-18,"4","recO-3"
7.87689654144365e-23,0.307061517094268,0.031,0.015,1.70936531845869e-18,"4","yeeX-4"
1.15778180594834e-22,0.577725701201575,0.016,0.006,2.5125022970885e-18,"4","yraQ-5"
1.21521112037394e-22,0.619149567802156,0.018,0.007,2.63712965232348e-18,"4","ymdC-3"
1.21974340102171e-22,0.159169561466354,0.031,0.015,2.64696515455722e-18,"4","smtA-4"
1.23654921440711e-22,0.240311551962756,0.029,0.014,2.68343545018486e-18,"4","nagK-2"
1.25242414618806e-22,-0.373111275257718,0.146,0.101,2.7178856396427e-18,"4","yafQ-3"
1.67359733641943e-22,-0.258842875334659,0.134,0.092,3.6318735797638e-18,"4","ybeX-4"
1.74894123312163e-22,0.896488999654207,0.014,0.004,3.79537736999725e-18,"4","yniA-3"
1.88561374509971e-22,0.624497651665389,0.019,0.007,4.09197038824089e-18,"4","ycfL-1"
2.10786558312062e-22,0.324585038307573,0.026,0.012,4.57427910193005e-18,"4","ygaZ-1"
2.12188799211649e-22,0.388142649777341,0.018,0.007,4.604709131692e-18,"4","nudC-3"
2.67796557956481e-22,0.329404960941313,0.025,0.011,5.8114531042136e-18,"4","yebY-2"
3.07382038128996e-22,0.317378833802752,0.02,0.008,6.67049760943734e-18,"4","yzcX-1"
3.95357167850686e-22,0.50834471452433,0.021,0.008,8.57964589952773e-18,"4","cysS-4"
3.96841703542248e-22,0.185877475808794,0.024,0.01,8.61186180857032e-18,"4","pldB-5"
4.10149989865562e-22,0.292159572153248,0.018,0.007,8.90066493007256e-18,"4","sseA-1"
4.17864546362367e-22,0.360758479786693,0.024,0.011,9.06807852060972e-18,"4","insF-4-4"
4.36303141479148e-22,-0.245952608295139,0.122,0.083,9.468214473239e-18,"4","clpB-5"
4.55169999836736e-22,0.406048334272007,0.019,0.007,9.87764416645701e-18,"4","znuB-6"
4.63938814420466e-22,0.799541406052076,0.013,0.004,1.00679362117385e-17,"4","fadL-4"
4.76382844684331e-22,0.130160553612661,0.031,0.015,1.03379841124947e-17,"4","acrA-5"
4.77344188780299e-22,-0.497554002319664,0.166,0.116,1.03588462407213e-17,"4","obgE-4"
5.38835693077548e-22,0.247969598879625,0.025,0.011,1.16932733754759e-17,"4","tonB-2"
6.29206493500853e-22,-0.239396633317032,0.476,0.346,1.3654410115462e-17,"4","deaD-2"
6.51881581062082e-22,0.516797344587128,0.019,0.007,1.41464821906282e-17,"4","sfsA-4"
7.46105828977084e-22,0.630530591760269,0.016,0.006,1.61912425946317e-17,"4","ldcC-3"
7.48043741882502e-22,-0.383816014179253,0.224,0.162,1.62332972425922e-17,"4","rplE-3"
7.78705518284188e-22,0.304144275578507,0.022,0.009,1.68986884522852e-17,"4","hrpB-3"
8.15993859594545e-22,0.611431160744839,0.015,0.005,1.77078827470612e-17,"4","yjiV-2"
9.40356937862086e-22,-0.254878375061665,0.09,0.059,2.04066859085451e-17,"4","topA-5"
9.42590630665145e-22,0.397742729059063,0.02,0.008,2.04551592760643e-17,"4","argT-5"
9.8930657074259e-22,0.512235232083851,0.018,0.007,2.14689418916849e-17,"4","yfjL-1"
1.0738252273703e-21,0.221047463914925,0.024,0.011,2.33030812591629e-17,"4","yigI-5"
1.2887567791258e-21,0.612093300522958,0.017,0.007,2.7967310863809e-17,"4","yhhF-1"
1.44789010752634e-21,0.815801553118757,0.014,0.004,3.14206632234291e-17,"4","yjjJ-4"
1.48218195289844e-21,0.902604894453901,0.014,0.005,3.21648305598491e-17,"4","dsbG-3"
1.48527007054088e-21,0.40925650439629,0.017,0.006,3.22318458008077e-17,"4","dbpA-1"
1.53784201803027e-21,0.396198436590108,0.022,0.009,3.33727096332749e-17,"4","ptrB-3"
1.584752640912e-21,-0.112316964200378,0.057,0.034,3.43907170604312e-17,"4","yrdC-4"
1.79358869992165e-21,0.187760803269625,0.022,0.009,3.89226683769997e-17,"4","raiA-1"
1.84921363472314e-21,0.386587558838908,0.019,0.008,4.01297850871269e-17,"4","yejH-3"
2.22457312084775e-21,0.658060178621449,0.014,0.004,4.8275461295517e-17,"4","tolR-4"
2.24499003180648e-21,0.259859597380482,0.026,0.012,4.87185286802325e-17,"4","cydD-2"
2.70107758487761e-21,0.270019046660355,0.023,0.01,5.86160846694291e-17,"4","yfhH-5"
2.75658292055434e-21,0.150486710171605,0.032,0.016,5.98206059589497e-17,"4","ydhQ-4"
3.07481173629305e-21,0.745458252144814,0.012,0.004,6.67264894892956e-17,"4","yaiT-11"
3.51053404694485e-21,0.366349896396118,0.025,0.011,7.61820993527503e-17,"4","rfaC-2"
4.87800537357126e-21,0.142489631513262,0.025,0.011,1.0585759461187e-16,"4","yfjD-4"
6.11968509413833e-21,0.219246126776566,0.027,0.013,1.32803286227896e-16,"4","proQ-3"
6.1477407124032e-21,0.477726956791827,0.018,0.007,1.33412121199862e-16,"4","ygiB-3"
6.58244544509111e-21,0.532168198087174,0.018,0.007,1.42845648603922e-16,"4","fepB-1"
7.03739065839563e-21,0.5223208659748,0.013,0.004,1.52718414677844e-16,"4","glnD-3"
7.23398810396906e-21,0.600998412664212,0.015,0.005,1.56984775844233e-16,"4","caiC-5"
7.49279501326726e-21,0.611768190594881,0.014,0.005,1.62601144582913e-16,"4","yjcE-4"
7.82609176662374e-21,0.206858716350107,0.027,0.012,1.69834017427502e-16,"4","znuC-4"
8.45757376921951e-21,0.625030695353149,0.018,0.007,1.83537808365833e-16,"4","hybC-2"
9.0505700974401e-21,0.510398226330971,0.013,0.004,1.96406421684548e-16,"4","entC-5"
1.02901555726565e-20,-0.477514063960475,0.191,0.137,2.23306666082218e-16,"4","rpsK-2"
1.1701826667071e-20,-0.395788307226331,0.147,0.103,2.53941340502108e-16,"4","tig-1"
1.39277943724802e-20,0.102601313766002,0.028,0.013,3.02247065677192e-16,"4","aaeB-1"
1.77788078144492e-20,0.123542106115925,0.025,0.012,3.85817908381362e-16,"4","dam-4"
2.00572743364121e-20,0.646850628958079,0.017,0.006,4.35262910374478e-16,"4","sstT-1"
2.00741260306846e-20,-0.339685629524197,0.12,0.083,4.35628608991885e-16,"4","rseB-2"
2.2642993922603e-20,0.476551904495257,0.015,0.005,4.91375611114407e-16,"4","pqiB-5"
2.35935952686889e-20,0.128663851993294,0.025,0.012,5.12004610925818e-16,"4","hemY-4"
2.62569768156472e-20,0.185464714767172,0.021,0.009,5.69802653876359e-16,"4","cydC-4"
2.64414567845788e-20,0.479330539926518,0.016,0.006,5.73806053682145e-16,"4","yqjB-5"
3.54462287500748e-20,0.68125981976569,0.012,0.004,7.69218610105374e-16,"4","yjiR-1"
3.6774973280698e-20,-0.114854020060815,0.046,0.026,7.98053695164426e-16,"4","nhaB-4"
3.93864876296277e-20,-0.124645205198572,0.041,0.023,8.54726168050551e-16,"4","serS-1"
4.78321573905856e-20,-0.263300725696476,0.078,0.05,1.0380056475331e-15,"4","gyrB-3"
4.9314675579101e-20,0.434453541194163,0.02,0.008,1.07017777474207e-15,"4","cobB-1"
5.16446630786689e-20,0.360320630269241,0.024,0.011,1.12074083347019e-15,"4","folK-3"
6.30410863202959e-20,0.894213153574368,0.011,0.003,1.36805461423674e-15,"4","glgX-3"
7.09856027432691e-20,0.570012420755922,0.012,0.004,1.54045856513168e-15,"4","prfH-4"
7.55082594683015e-20,0.115876162498737,0.027,0.013,1.63860473872161e-15,"4","prfC-2"
1.00061969671727e-19,1.00769181950881,0.01,0.003,2.17144480384616e-15,"4","yjgR-5"
1.05971679536134e-19,0.389913097688556,0.02,0.008,2.29969141761364e-15,"4","glgB-5"
1.22597486431975e-19,0.540762040235048,0.012,0.004,2.66048805306028e-15,"4","yodD-5"
1.50281724088874e-19,0.380956557424944,0.027,0.013,3.26126369445267e-15,"4","fimD-2"
1.57420168383077e-19,-0.391075008919557,0.083,0.054,3.41617507408116e-15,"4","rpsD-1"
1.81283524656253e-19,0.141881863454755,0.026,0.012,3.93403376856534e-15,"4","slyB-2"
1.86784133819679e-19,0.30119194853476,0.016,0.006,4.05340248802085e-15,"4","ebgR-5"
2.00774270423709e-19,0.469549105748149,0.016,0.006,4.35700244246491e-15,"4","dkgA-1"
2.08534952301229e-19,0.473581030803873,0.017,0.007,4.52541699988896e-15,"4","ytfQ-3"
2.1676870639901e-19,0.231350121500828,0.024,0.011,4.70409769756491e-15,"4","ygiQ-4"
2.355706514203e-19,0.128649475652782,0.032,0.017,5.11211870647192e-15,"4","ihfB-4"
2.56381435633043e-19,0.721120378294626,0.014,0.005,5.56373353467267e-15,"4","ygeD-5"
2.68673201294852e-19,-0.350775418935678,0.087,0.058,5.83047714129958e-15,"4","ydcR-2"
2.73252502679841e-19,0.515279027459371,0.014,0.005,5.92985256065522e-15,"4","ytfN-4"
2.74505490042835e-19,0.540244959159385,0.019,0.008,5.95704363941956e-15,"4","uspA-1"
2.84161621652324e-19,0.377060257576114,0.016,0.006,6.16659135147709e-15,"4","hofB-3"
2.86367959874871e-19,0.423369141134161,0.017,0.007,6.21447109724457e-15,"4","secF-1"
3.15114175906379e-19,0.560861278900567,0.021,0.009,6.83829273134433e-15,"4","mrdA-4"
4.57917337984904e-19,0.367816206673777,0.017,0.007,9.93726415161041e-15,"4","fumA-4"
5.48464501837435e-19,-0.227549706409382,0.043,0.025,1.19022281543742e-14,"4","tktA-4"
6.23011343237357e-19,0.417451453798288,0.024,0.011,1.35199691595939e-14,"4","rssB-2"
6.30722138173023e-19,0.80031663148234,0.012,0.004,1.36873011204928e-14,"4","yqiB-2"
6.33750864140279e-19,0.819118607387955,0.011,0.003,1.37530275027082e-14,"4","yjiN-5"
6.54367229535819e-19,0.604393470187013,0.013,0.005,1.42004232481568e-14,"4","glmU-4"
6.65357454103832e-19,0.604580087196192,0.015,0.005,1.44389221115073e-14,"4","sbmC-4"
6.73356341734188e-19,0.287114677346636,0.02,0.009,1.46125059719736e-14,"4","panE-3"
8.10359974063328e-19,0.446144847837925,0.022,0.01,1.75856217971483e-14,"4","yjjU-5"
9.59770849287594e-19,-0.114748603599358,0.04,0.023,2.08279872003901e-14,"4","ybeB-4"
9.88687316541307e-19,0.98854636649203,0.01,0.003,2.14555034562629e-14,"4","ybbB-2"
1.00831878897713e-18,0.174462136571111,0.028,0.014,2.18815260395927e-14,"4","trkH-4"
1.01629509825707e-18,-1.2425080472412,0.178,0.203,2.20546199272767e-14,"4","cspG-3"
1.02697035607923e-18,0.799272780534352,0.01,0.003,2.22862836972753e-14,"4","bcr-3"
1.11404583296752e-18,0.996289500321312,0.01,0.003,2.41759086212281e-14,"4","hyfA-1"
1.22883669494716e-18,0.162688955914188,0.021,0.009,2.66669851170484e-14,"4","dcyD-5"
1.24376231273848e-18,0.480493090765011,0.019,0.008,2.69908859487377e-14,"4","dld-1"
1.43386794814491e-18,0.318182574403663,0.019,0.008,3.11163683426926e-14,"4","narX-5"
1.63222681152242e-18,0.409338341632362,0.014,0.005,3.54209540368479e-14,"4","nfo-1"
1.65827612494537e-18,-0.151146565724809,0.038,0.021,3.59862501874394e-14,"4","dinJ-5"
1.72612839727492e-18,0.13507014486947,0.024,0.011,3.7458712349263e-14,"4","arcB-2"
1.96969926489143e-18,0.50909809931617,0.017,0.007,4.2744443747409e-14,"4","dcp-5"
2.02042768656661e-18,0.502192242602527,0.014,0.005,4.3845301226182e-14,"4","macB-1"
2.06555366777487e-18,0.498041090558572,0.013,0.004,4.48245801443825e-14,"4","glgC-5"
3.00340486546043e-18,0.254329074845357,0.021,0.009,6.51768889853567e-14,"4","ymgA-2"
3.02245716100789e-18,-0.19799186611719,0.057,0.035,6.55903428510321e-14,"4","infA-1"
3.3429801458683e-18,0.787114263033396,0.01,0.003,7.2546012145488e-14,"4","mngB-2"
3.36857120967427e-18,0.952701495123957,0.011,0.004,7.31013638211412e-14,"4","narZ-4"
3.72058750291764e-18,0.714674242810868,0.013,0.005,8.07404694008158e-14,"4","rfaH-5"
4.45943079530397e-18,0.442499349046327,0.012,0.004,9.67741076888914e-14,"4","hipA-3"
4.49356681683919e-18,-0.410705502572139,0.046,0.027,9.75148934922273e-14,"4","glnH-5"
4.61831517381192e-18,-0.156826124663354,0.033,0.018,1.00222057586892e-13,"4","fieF-3"
4.716002167328e-18,0.785559285869554,0.011,0.003,1.02341963033185e-13,"4","yadD-2"
4.94835402014297e-18,0.604344380650551,0.014,0.005,1.07384230591123e-13,"4","rbsB-3"
5.10070255831182e-18,0.430888602609783,0.014,0.005,1.10690346217925e-13,"4","ydbJ-4"
5.78760310951202e-18,0.372821307129042,0.016,0.006,1.2559677507952e-13,"4","yedZ-4"
6.08205177459046e-18,0.132705521889815,0.02,0.009,1.31986605560388e-13,"4","cdd-4"
6.93465791434336e-18,0.181609228629507,0.018,0.007,1.50489011399165e-13,"4","dacD-3"
8.29600359024917e-18,-0.146046835769691,0.05,0.03,1.80031573911997e-13,"4","ybaJ-2"
9.11965666521174e-18,0.285410053645438,0.019,0.008,1.9790566929176e-13,"4","gpsA-1"
9.41232019802624e-18,0.337779685582382,0.014,0.005,2.04256760617367e-13,"4","yeiI-5"
1.01203844028585e-17,-0.315309439635808,0.081,0.054,2.19622461926432e-13,"4","rplO-1"
1.20952814176676e-17,0.277161727300938,0.02,0.009,2.62479702044805e-13,"4","bcp-2"
1.21008640243625e-17,0.101969790298452,0.025,0.012,2.62600850192691e-13,"4","sulA-5"
1.22924633128068e-17,-0.280761760877719,0.053,0.032,2.6675874635122e-13,"4","lpxA-1"
1.2549833965253e-17,0.389530027323402,0.015,0.006,2.72343946879955e-13,"4","maeB-4"
1.38372104376487e-17,0.590671311022535,0.014,0.005,3.00281303707415e-13,"4","corA-4"
1.57685395256178e-17,-0.129626596950126,0.038,0.021,3.42193076245432e-13,"4","gltI-1"
1.73483326563575e-17,0.645664526551394,0.011,0.004,3.76476166975614e-13,"4","tldD-4"
1.79024746493365e-17,0.343524006446571,0.021,0.009,3.88501602365252e-13,"4","asd-1"
1.80472202431217e-17,0.164035263915616,0.028,0.014,3.91642726495984e-13,"4","nhaA-1"
1.81060439163358e-17,0.523209157758682,0.014,0.005,3.92919259028403e-13,"4","cusR-5"
1.99077752040798e-17,0.103211897339166,0.037,0.02,4.32018629703737e-13,"4","uvrC-4"
2.30334008962644e-17,0.164299762712759,0.03,0.016,4.99847832849834e-13,"4","cmk-1"
2.42361215644012e-17,-0.357491882976768,0.081,0.055,5.2594807406907e-13,"4","rplS-1"
2.67156761025277e-17,0.307332808290359,0.017,0.007,5.79756887100954e-13,"4","nadR-2"
2.8083980955005e-17,0.435852916680722,0.012,0.004,6.09450470704564e-13,"4","yhjG-4"
2.85317838020919e-17,0.102681867449413,0.024,0.012,6.19168240289196e-13,"4","ppx-3"
2.98306389692806e-17,-0.226077586965807,0.083,0.056,6.47354696272357e-13,"4","pta-5"
3.04566487924586e-17,0.344574515090382,0.014,0.005,6.60939735445144e-13,"4","rsd-1"
3.05663686877355e-17,0.917604972757604,0.01,0.003,6.63320766892547e-13,"4","dgoK-1"
3.90648855934935e-17,0.131858365084856,0.024,0.012,8.47747082264402e-13,"4","tatC-3"
4.26610730821112e-17,0.160412020966013,0.026,0.013,9.25787946954895e-13,"4","ybjN-5"
4.65960208561915e-17,-0.172282391478985,0.047,0.028,1.01118024860021e-12,"4","prlC-1"
5.02832253321852e-17,0.379141281719686,0.013,0.005,1.09119627293375e-12,"4","yagV-3"
5.22921411517987e-17,0.660877185281589,0.012,0.004,1.13479175513518e-12,"4","yqjK-3"
5.34751947582274e-17,0.691016841154279,0.013,0.005,1.16046520144829e-12,"4","gdhA-2"
6.07291396358299e-17,0.463847351606258,0.02,0.009,1.31788305923714e-12,"4","ydcN-1"
6.67319424375242e-17,0.146046039799784,0.024,0.012,1.44814988283671e-12,"4","ybiV-3"
6.71671298193388e-17,-0.302258017395392,0.058,0.037,1.45759388420947e-12,"4","secY-2"
7.60304080376113e-17,-0.106730332795737,0.041,0.024,1.6499358848242e-12,"4","dsbC-5"
7.78386789562463e-17,0.277124987409501,0.021,0.01,1.6891771720295e-12,"4","moeA-3"
8.07416948910747e-17,0.776650624835252,0.011,0.004,1.75217552083121e-12,"4","ybjT-2"
8.76391256566946e-17,0.368555526892671,0.012,0.004,1.90185666587593e-12,"4","kdpD-2"
9.25409289788553e-17,-0.372910438464026,0.153,0.112,2.00823069977014e-12,"4","eno-2"
9.66043507675905e-17,0.327331377333638,0.019,0.009,2.09641101600748e-12,"4","amn-3"
1.1446577327179e-16,0.771397467738263,0.01,0.003,2.48402174577111e-12,"4","mtlD-3"
1.14632268782755e-16,0.466752365795506,0.018,0.008,2.48763486485456e-12,"4","kefG-5"
1.1850810958498e-16,0.599323620806996,0.015,0.006,2.57174448610365e-12,"4","yadI-1"
1.22671473630976e-16,0.292811373514199,0.012,0.004,2.66209364926581e-12,"4","yaaJ-4"
1.32059997662364e-16,0.237382585333132,0.022,0.01,2.86583400927096e-12,"4","ubiB-1"
1.52229859177589e-16,-0.184759939003774,0.077,0.052,3.30354017401286e-12,"4","hflX-2"
1.53736901137868e-16,0.490032725415887,0.016,0.007,3.33624449159287e-12,"4","erfK-3"
1.62306923931378e-16,0.471120902950523,0.012,0.004,3.52222255623483e-12,"4","yfgC-3"
1.72259048411796e-16,0.551518674856214,0.012,0.004,3.73819360958438e-12,"4","yraM-6"
1.75103135475743e-16,-0.170347739655576,0.034,0.019,3.7999131429591e-12,"4","der-3"
1.75456304313039e-16,-0.179897445281808,0.039,0.022,3.80757725989727e-12,"4","parE-4"
1.75897516780823e-16,0.170662344639057,0.025,0.013,3.81715201166064e-12,"4","ycgZ-3"
1.83875648607888e-16,0.357143201980886,0.016,0.007,3.99028545043978e-12,"4","yhhN-3"
1.94434585349621e-16,0.3116235968365,0.013,0.005,4.21942493667213e-12,"4","yeeA-4"
2.03245110452059e-16,0.309885036292804,0.017,0.007,4.41062214192013e-12,"4","clcA-5"
2.04212683011117e-16,0.254425415322256,0.019,0.008,4.43161943402424e-12,"4","yebU-2"
2.31808663027251e-16,0.593512086775996,0.014,0.005,5.03047979635438e-12,"4","ydiZ-5"
2.67336010864159e-16,0.36938699213291,0.015,0.006,5.80145877176312e-12,"4","anmK-3"
2.77011940149561e-16,0.163753873998307,0.011,0.004,6.01143611318562e-12,"4","ydbK-5"
3.06302624518546e-16,0.411234351905903,0.015,0.006,6.64707325467696e-12,"4","gadB-3"
3.09304474146034e-16,0.520405306098492,0.014,0.005,6.71221639344309e-12,"4","relA-4"
3.71171353036816e-16,0.51909991339695,0.011,0.004,8.05478953225195e-12,"4","hchA-3"
3.7982977330624e-16,0.623040548286176,0.011,0.004,8.24268591051871e-12,"4","treA-2"
3.8184327161795e-16,0.273316344383215,0.021,0.01,8.28638083738113e-12,"4","diaA-4"
3.85359825584701e-16,0.443168601399409,0.01,0.004,8.36269357501361e-12,"4","ymbA-5"
3.86354235393605e-16,0.203336984169869,0.027,0.014,8.38427326227661e-12,"4","proS-4"
4.52219708118723e-16,0.608813697520633,0.012,0.004,9.8136198858844e-12,"4","bisC-5"
4.69141098402465e-16,0.495903965140597,0.013,0.005,1.01808309764319e-11,"4","gph-3"
5.11371494123641e-16,0.351722292631726,0.014,0.006,1.10972727939771e-11,"4","yegE-4"
6.25549706221765e-16,0.404457241188487,0.013,0.005,1.35750541747185e-11,"4","yddM-1"
6.376767826085e-16,0.434829696629942,0.013,0.005,1.3838223859387e-11,"4","malY-2"
6.89232806173003e-16,0.116098224352998,0.02,0.01,1.49570411267603e-11,"4","yedI-2"
7.68664958011278e-16,0.345196641326218,0.016,0.007,1.66807982538027e-11,"4","yhcM-3"
8.23823250769963e-16,0.237235322312201,0.011,0.004,1.7877788364959e-11,"4","nikA-1"
8.99339106235319e-16,0.367398001989231,0.018,0.008,1.95165579444127e-11,"4","ompR-5"
9.58422215401793e-16,0.307882562865622,0.013,0.005,2.07987204964343e-11,"4","ydfT-5"
1.03670933386981e-15,0.538265270971299,0.012,0.005,2.24976292543088e-11,"4","surE-3"
1.04083404716421e-15,0.148478084535698,0.021,0.01,2.25871396575104e-11,"4","rsmC-4"
1.11278473106998e-15,0.839546692555538,0.011,0.004,2.41485414489496e-11,"4","hyaC-4"
1.14631190842602e-15,0.76579382248155,0.011,0.004,2.4876114724753e-11,"4","afuB-5"
1.31797284642113e-15,-0.354966671561557,0.058,0.038,2.86013287401848e-11,"4","cld-5"
1.36893807663503e-15,0.1095610028431,0.023,0.012,2.97073252010569e-11,"4","ydbA-12"
1.37655687905005e-15,0.317440470407988,0.015,0.006,2.98726608322651e-11,"4","mrr-5"
1.49404310368784e-15,-0.121674233147903,0.02,0.009,3.24222293931297e-11,"4","trg-1"
1.5067914920024e-15,-0.352176491073134,0.058,0.037,3.2698882167944e-11,"4","yfgB-2"
1.57246810753054e-15,-0.131362890526692,0.035,0.02,3.41241304015203e-11,"4","yejM-5"
1.595352319894e-15,-0.215033766818382,0.035,0.02,3.46207406940196e-11,"4","mutH-2"
1.62597655363423e-15,0.37122270701989,0.02,0.009,3.52853171904164e-11,"4","ppk-3"
1.78062325486988e-15,0.359828681351318,0.017,0.008,3.86413052539313e-11,"4","yibQ-1"
1.80701257973307e-15,0.348985770288136,0.017,0.008,3.92139799927873e-11,"4","tyrB-5"
1.93279287814952e-15,-0.192108479489665,0.044,0.026,4.19435382487228e-11,"4","rluD-3"
2.20991762952953e-15,0.27492418442185,0.018,0.008,4.79574224784203e-11,"4","sgrR-1"
2.48390158422172e-15,-0.394128961954444,0.065,0.042,5.39031482791956e-11,"4","ispU-3"
2.66041797334198e-15,0.292267153224314,0.015,0.006,5.77337304394943e-11,"4","hdhA-4"
2.82226276119651e-15,0.484135881197181,0.013,0.005,6.12459241807255e-11,"4","pqiA-1"
3.02064431888913e-15,-0.306950285034988,0.035,0.02,6.55510023642129e-11,"4","grxD-2"
3.10862993882697e-15,0.16963790241643,0.021,0.01,6.74603783024841e-11,"4","yfhL-1"
3.22302555058477e-15,-0.136516578699414,0.038,0.022,6.99428774732402e-11,"4","yciB-2"
3.32901576729188e-15,-0.221167577236711,0.045,0.028,7.22429711660011e-11,"4","ptsN-2"
3.64519259986889e-15,0.27981495138836,0.018,0.008,7.91043246097547e-11,"4","rumA-4"
3.99696944410821e-15,-0.495866029749663,0.169,0.125,8.67382339065922e-11,"4","rplI-2"
4.3375514585523e-15,0.28633233081415,0.017,0.007,9.41292042020434e-11,"4","recB-1"
4.71492690293144e-15,0.479894448687209,0.012,0.005,1.02318628720515e-10,"4","yehZ-3"
4.71588951589608e-15,0.309955894153437,0.011,0.004,1.02339518384461e-10,"4","ycaP-5"
4.9512714106116e-15,0.392354458673734,0.018,0.009,1.07447540881682e-10,"4","ydiJ-4"
5.12205236672251e-15,-0.164275179750163,0.04,0.024,1.11153658410245e-10,"4","yqhA-6"
5.45348717960325e-15,0.439190040587994,0.01,0.003,1.1834612528457e-10,"4","acrD-3"
5.73596794941262e-15,0.17629852296322,0.014,0.006,1.24476240470203e-10,"4","yagJ-4"
5.8517932117908e-15,0.232072112169546,0.018,0.008,1.26989764489072e-10,"4","yafE-1"
6.1760452055412e-15,-0.417116622374909,0.082,0.057,1.3402635700545e-10,"4","yfjO-5"
6.3766013437858e-15,0.358171265553318,0.015,0.006,1.38378625761496e-10,"4","queC-3"
6.71350434371395e-15,-0.140532484976853,0.031,0.018,1.45689757762936e-10,"4","yjjK-1"
6.98330504295419e-15,0.367565089202924,0.012,0.005,1.51544702737149e-10,"4","mdoB-3"
8.21454125297526e-15,-0.236363497107653,0.056,0.036,1.78263759730816e-10,"4","yjcB-3"
9.11520795562668e-15,-0.276455551800487,0.039,0.023,1.97809127845054e-10,"4","dedA-1"
9.80672194463825e-15,0.641050789826262,0.011,0.004,2.12815672920595e-10,"4","ybhB-1"
1.08303919242754e-14,0.725320829167214,0.01,0.003,2.35030335148701e-10,"4","purH-4"
1.10720376967529e-14,0.426999946362978,0.01,0.004,2.40274290057235e-10,"4","potG-3"
1.36904368138328e-14,-0.350871495712602,0.049,0.031,2.97096169296985e-10,"4","ttk-3"
1.4637388295534e-14,0.241682715698655,0.017,0.008,3.17645963401384e-10,"4","pgpA-2"
1.56583211890762e-14,-2.65530725050811,0.009,0.023,3.39801228124142e-10,"4","mltD-1"
1.74042339151112e-14,0.539272137060382,0.017,0.008,3.77689280191828e-10,"4","yeaJ-5"
2.17241547911144e-14,0.19562139650207,0.018,0.008,4.71435883121974e-10,"4","fliC-5"
2.29560380550546e-14,0.627472640218857,0.01,0.003,4.98168981832739e-10,"4","malT-2"
2.32849597056609e-14,0.571023235996802,0.013,0.005,5.05306910572547e-10,"4","folX-5"
2.74711042365455e-14,-0.299396346266371,0.044,0.027,5.96150433037275e-10,"4","rluB-4"
3.37898055384242e-14,0.513449015726181,0.014,0.006,7.33272569989343e-10,"4","ygiH-1"
4.70494676267715e-14,0.157244511184774,0.014,0.006,1.02102049696857e-09,"4","degQ-5"
4.84267906916501e-14,0.700248766748647,0.01,0.003,1.0509097847995e-09,"4","hsdS-5"
5.20089811087459e-14,0.308185478507811,0.015,0.007,1.1286468990409e-09,"4","tbpA-5"
5.22065032539519e-14,0.179617333273191,0.015,0.007,1.13293332711401e-09,"4","rfbA-1"
5.60967930953652e-14,0.620752175182785,0.013,0.006,1.21735650696252e-09,"4","hdfR-2"
6.14449887666362e-14,-0.247067444270341,0.069,0.047,1.33341770122477e-09,"4","lrhA-1"
6.32976190245097e-14,0.472777458764407,0.012,0.005,1.37362163045088e-09,"4","fhlA-2"
7.05381295742099e-14,-0.193808112463106,0.041,0.025,1.53074794988993e-09,"4","yadG-2"
7.78570048833159e-14,0.398247067789925,0.015,0.006,1.68957486297284e-09,"4","yhgF-4"
7.98539833176621e-14,0.321534861444141,0.015,0.006,1.73291129197659e-09,"4","nadK-4"
8.30116537205931e-14,0.208981120640752,0.015,0.007,1.80143589739059e-09,"4","yehS-2"
8.53759780827577e-14,0.14402014106325,0.017,0.008,1.85274410037393e-09,"4","gltJ-4"
8.87963179643877e-14,0.352584044440052,0.014,0.006,1.92696889614518e-09,"4","yihA-2"
9.09649539084723e-14,0.213749890770402,0.016,0.007,1.97403046476776e-09,"4","yqhC-4"
9.73275786702746e-14,-0.17810938263189,0.035,0.02,2.11210578472363e-09,"4","panC-4"
1.07052069259746e-13,0.674878171516248,0.012,0.005,2.32313695500576e-09,"4","citA-2"
1.16455352484465e-13,0.137362108287184,0.018,0.009,2.52719760426537e-09,"4","yheU-4"
1.16764893332266e-13,0.186310158599002,0.012,0.005,2.53391495020351e-09,"4","glgA-1"
1.38224538128394e-13,0.313881843517075,0.01,0.004,2.99961070192427e-09,"4","yheS-1"
1.38581777342296e-13,0.204999401494342,0.021,0.01,3.00736315010517e-09,"4","lolC-3"
1.44792747245236e-13,0.349549874666587,0.015,0.007,3.14214740796886e-09,"4","ycdW-4"
1.46848990269821e-13,0.199533703112034,0.014,0.006,3.18676993784539e-09,"4","yniC-1"
1.53034963061815e-13,0.377648681541123,0.016,0.007,3.32101173340445e-09,"4","insN-2-4"
1.63812113980971e-13,-0.164425343026249,0.033,0.019,3.55488668550106e-09,"4","ycbL-3"
1.66023307184212e-13,-0.101714640845962,0.029,0.017,3.60287178920458e-09,"4","mdoH-1"
1.66283875918646e-13,-0.21257990432602,0.039,0.024,3.60852639131054e-09,"4","feoB-2"
1.69001296585675e-13,0.416003749766512,0.011,0.004,3.66749713720574e-09,"4","yegH-1"
1.73164968336437e-13,0.223049036100996,0.017,0.008,3.75785297786903e-09,"4","ylaB-4"
1.78999086089545e-13,0.195601302078706,0.018,0.009,3.88445916722922e-09,"4","ygbI-5"
1.81784223001015e-13,0.208295392809793,0.021,0.011,3.94489942334503e-09,"4","ychJ-5"
1.8257902651807e-13,-0.106614287227154,0.024,0.013,3.96214745446864e-09,"4","hisJ-2"
1.87327814460327e-13,0.197497810904689,0.012,0.005,4.06520090160355e-09,"4","ybdH-4"
1.93809077328663e-13,0.445792704378621,0.012,0.005,4.20585078710931e-09,"4","mreD-4"
2.14046654950834e-13,0.204958244202752,0.021,0.011,4.64502645908805e-09,"4","arsC-4"
2.32045795540918e-13,-0.150357168444368,0.037,0.023,5.03562580903347e-09,"4","hybO-4"
2.32637774644189e-13,0.370611828001269,0.01,0.004,5.04847234755355e-09,"4","yfjM-2"
2.32952490969554e-13,0.121235968028296,0.018,0.008,5.0553020065303e-09,"4","thiF-1"
2.5022136949454e-13,0.346670959775815,0.011,0.004,5.43005393940102e-09,"4","pabA-3"
2.65227769262096e-13,0.179786463126242,0.015,0.007,5.75570782075674e-09,"4","yggD-5"
2.68332506431206e-13,0.297421097792281,0.015,0.007,5.8230837220636e-09,"4","yfgO-3"
2.71683945487174e-13,0.637166363520412,0.01,0.004,5.89581330101717e-09,"4","ygbN-3"
3.48353761983726e-13,0.147880546832795,0.016,0.008,7.55962498880883e-09,"4","yniB-5"
3.603016628183e-13,-0.139047062625988,0.034,0.02,7.81890638481993e-09,"4","rlmL-3"
3.60585103128299e-13,0.207781340359886,0.015,0.007,7.82505732298721e-09,"4","yfhM-4"
3.62595925773965e-13,0.183691461992631,0.01,0.004,7.86869418522081e-09,"4","yedA-1"
3.75230996546969e-13,0.32566575163169,0.014,0.006,8.14288785606578e-09,"4","pfkB-2"
4.12713527848875e-13,-0.102363146780586,0.016,0.007,8.95629626784845e-09,"4","alkB-2"
4.29446270756054e-13,-0.11321224633356,0.031,0.018,9.31941352167713e-09,"4","fadR-2"
4.32049743052382e-13,0.218212192556865,0.017,0.008,9.37591147397974e-09,"4","syd-5"
4.7459244131768e-13,-0.188623956890995,0.04,0.025,1.0299130569035e-08,"4","lysU-5"
4.82451924587954e-13,0.148931437879375,0.015,0.007,1.04696892154832e-08,"4","mutL-5"
5.45248879522683e-13,0.436962252013869,0.012,0.005,1.18324459345218e-08,"4","bolA-4"
5.63789678096882e-13,0.182463730454378,0.017,0.008,1.22347998043804e-08,"4","yjgH-2"
5.96134740861165e-13,0.520687102734231,0.011,0.004,1.29367200114281e-08,"4","fpr-2"
6.12865291426314e-13,-0.339414640203823,0.08,0.057,1.32997896892424e-08,"4","ycgE-3"
6.29897602567242e-13,0.569310661214392,0.012,0.005,1.36694078733117e-08,"4","polA-5"
6.39140719783913e-13,0.406721704804691,0.011,0.004,1.38699927600307e-08,"4","uvrD-5"
6.4333711236151e-13,0.372229105992062,0.012,0.005,1.39610586753571e-08,"4","yibT-1"
6.66919342851728e-13,0.140018395796711,0.016,0.008,1.44728166592254e-08,"4","mnmA-5"
6.91511820143311e-13,0.249755134290848,0.014,0.006,1.500649800893e-08,"4","yfbV-1"
7.93909981152248e-13,0.12931791991121,0.02,0.011,1.72286405009849e-08,"4","osmC-3"
8.66581974152686e-13,0.11217064798103,0.015,0.007,1.88056954210874e-08,"4","crcB-3"
8.89240284771741e-13,-0.268125379422042,0.044,0.028,1.92974034198316e-08,"4","rplN-4"
9.56689716484743e-13,-0.112728023315451,0.022,0.011,2.07611235374354e-08,"4","tehB-5"
1.0930606982113e-12,0.19626218446183,0.015,0.007,2.37205102118835e-08,"4","rluA-5"
1.09444141052211e-12,0.116992520269406,0.018,0.009,2.37504730497404e-08,"4","rfbB-2"
1.12692713617516e-12,0.545935654060571,0.014,0.006,2.44554457821371e-08,"4","metK-1"
1.15465268643255e-12,0.116053498992053,0.018,0.009,2.50571179482727e-08,"4","iap-1"
1.2775589789815e-12,0.414004203462736,0.01,0.004,2.77243074028775e-08,"4","metQ-1"
1.30927831512085e-12,-0.412817165622034,0.02,0.01,2.84126487164375e-08,"4","rtcB-1"
1.48204301844688e-12,0.104052778472922,0.017,0.008,3.21618155433157e-08,"4","sbmA-3"
1.50840551000487e-12,0.147051308572468,0.018,0.009,3.27339079726157e-08,"4","dgsA-5"
1.52254922986099e-12,0.334893960328873,0.01,0.004,3.30408408372133e-08,"4","yhdP-4"
1.66502875049741e-12,-0.249503785431461,0.023,0.012,3.61327889145444e-08,"4","sdiA-4"
1.91736869188838e-12,0.626640990989339,0.01,0.004,4.16088179826698e-08,"4","nupC-2"
1.97841904122998e-12,0.273995504445321,0.013,0.006,4.29336716137317e-08,"4","csrA-1"
2.03073723612156e-12,-0.142272823684863,0.029,0.017,4.4069028761074e-08,"4","lrp-2"
2.17152029753272e-12,0.399402246813473,0.013,0.006,4.71241619767575e-08,"4","folD-4"
2.33224744546888e-12,0.168192779740299,0.016,0.008,5.06121018141202e-08,"4","yceF-5"
2.36152415920998e-12,0.238128627305943,0.012,0.005,5.12474357790157e-08,"4","hisM-2"
2.52074034640075e-12,-0.219408154868002,0.032,0.019,5.47025862572427e-08,"4","puuB-5"
2.5504345154603e-12,0.583321496901447,0.011,0.004,5.53469794200041e-08,"4","rsmB-5"
2.60941287515457e-12,-0.241312605316663,0.021,0.011,5.66268688037294e-08,"4","ubiG-1"
2.75624563908072e-12,0.341537140621831,0.014,0.006,5.98132866136908e-08,"4","ymgB-2"
2.83730158747366e-12,-0.160308052531178,0.015,0.007,6.15722817497659e-08,"4","ftsY-4"
2.95170347752093e-12,0.198438962034469,0.019,0.01,6.40549171656818e-08,"4","ydgK-1"
3.46883219595659e-12,0.222200685050048,0.014,0.006,7.52771274844539e-08,"4","yciA-3"
3.58394057667451e-12,-0.117163572416127,0.016,0.007,7.77750944544135e-08,"4","ispF-2"
3.6336633088614e-12,0.19158547832192,0.011,0.004,7.88541274656013e-08,"4","rhlE-5"
4.10171061767318e-12,0.182670347635046,0.013,0.006,8.90112221141258e-08,"4","aas-5"
4.1753595092333e-12,0.413045407282268,0.01,0.004,9.06094767098719e-08,"4","ybjS-1"
4.25288526499164e-12,-0.248147592653398,0.044,0.028,9.22918631355835e-08,"4","yfjN-5"
4.25508500237308e-12,-0.15413878351378,0.024,0.013,9.23395996364983e-08,"4","mltA-5"
4.26449338957221e-12,0.147772660949353,0.015,0.007,9.25437710471065e-08,"4","rimL-2"
4.29150157801816e-12,0.285126470341922,0.011,0.004,9.31298757445721e-08,"4","yieP-1"
4.56707061427601e-12,-0.162623005781467,0.033,0.02,9.91099994004037e-08,"4","mraZ-2"
4.85747695547355e-12,-0.108472327628142,0.024,0.013,1.05412107410731e-07,"4","yfeA-5"
4.89915453468558e-12,0.306872089284614,0.012,0.005,1.06316552557212e-07,"4","degS-2"
5.12235486326711e-12,0.174723716765742,0.014,0.006,1.1116022288776e-07,"4","ychE-4"
7.50279377431574e-12,0.401074572728542,0.014,0.007,1.62818127696426e-07,"4","yfdG-4"
7.86265455986384e-12,0.523761519938435,0.01,0.004,1.70627466603605e-07,"4","yecO-5"
8.28414149775156e-12,0.214574702766547,0.017,0.009,1.79774154642707e-07,"4","rrmA-1"
9.39075874796176e-12,0.230851489603914,0.013,0.006,2.03788855589518e-07,"4","yfcH-2"
9.74894031109445e-12,0.238206096484788,0.019,0.01,2.11561753691061e-07,"4","ydiY-1"
9.76557551773701e-12,0.348854218040283,0.01,0.004,2.11922754310411e-07,"4","ubiF-3"
1.01693681376861e-11,0.365598090992675,0.012,0.005,2.20685457955926e-07,"4","ybfF-4"
1.24093736242233e-11,-0.206686681794665,0.048,0.032,2.69295817019269e-07,"4","glnS-5"
1.32681588787369e-11,0.377089922010212,0.01,0.004,2.87932315827469e-07,"4","aes-5"
1.34826901536578e-11,-0.287263677399368,0.045,0.029,2.92587859024527e-07,"4","rpsU-3"
1.39079775823608e-11,-0.259305227726488,0.036,0.023,3.01817021514812e-07,"4","slyD-4"
1.42007474448852e-11,-0.21718845869238,0.02,0.011,3.08170420301455e-07,"4","rpsR-4"
1.46397138080489e-11,0.356240966515731,0.016,0.008,3.17696429348469e-07,"4","yciC-4"
1.61212066064061e-11,0.223235479282435,0.014,0.006,3.49846304565618e-07,"4","araF-4"
1.6944733165892e-11,-0.293361666876196,0.03,0.018,3.67717654433023e-07,"4","yqaB-3"
1.84505875349826e-11,0.182663687665044,0.017,0.008,4.00396200096656e-07,"4","dcd-4"
2.00537371582357e-11,-0.130663964142788,0.023,0.013,4.35186150070872e-07,"4","ymcC-4"
2.09772541024749e-11,-0.173893689785255,0.023,0.013,4.55227391277807e-07,"4","ybjX-3"
2.12405976871047e-11,0.124773107903164,0.018,0.009,4.60942210407859e-07,"4","plsC-5"
2.19280975883062e-11,-0.315736468748786,0.05,0.034,4.75861645763832e-07,"4","rpoE-4"
2.44508636142435e-11,0.353914739117805,0.01,0.004,5.30608191292699e-07,"4","ykfC-2"
2.90461012335031e-11,0.482394886577308,0.01,0.004,6.30329442868251e-07,"4","yidR-5"
3.1300827755477e-11,-0.267141625417956,0.033,0.02,6.79259263121606e-07,"4","yfiN-2"
3.36098677772488e-11,-0.333206878478601,0.045,0.03,7.29367740634077e-07,"4","racR-4"
3.74399663399709e-11,-0.472449161809606,0.058,0.04,8.12484709543708e-07,"4","ytfL-3"
3.81469258083005e-11,0.24537775250107,0.012,0.005,8.27826436965928e-07,"4","pssA-5"
3.95243477438129e-11,-0.280138528139934,0.039,0.025,8.57717870388485e-07,"4","fkpA-1"
3.9993225386278e-11,0.361972161193668,0.015,0.007,8.67892984107619e-07,"4","yfjG-2"
4.16705032862279e-11,-0.153588129210488,0.018,0.009,9.04291591814431e-07,"4","murA-1"
4.18699363761235e-11,-0.494564539658612,0.072,0.051,9.08619489298257e-07,"4","plsX-2"
4.26128464464025e-11,-0.199366450559094,0.017,0.009,9.24741380733381e-07,"4","pabC-4"
4.37152080132652e-11,-0.38214600202272,0.042,0.027,9.48663729095868e-07,"4","gshA-4"
4.55432961215619e-11,0.568754176940288,0.011,0.005,9.88335069134014e-07,"4","ycdX-3"
4.56979107515744e-11,0.236368393977088,0.013,0.006,9.91690361219917e-07,"4","nudJ-1"
4.81962591228313e-11,-0.166759072483989,0.022,0.012,1.04590701922456e-06,"4","yjeP-4"
4.99203275855003e-11,0.428174792255923,0.01,0.004,1.08332102893294e-06,"4","trkD-4"
5.95265817806823e-11,-0.193275141462717,0.02,0.011,1.29178635122259e-06,"4","trmI-4"
6.02907785563374e-11,-0.147840792476673,0.023,0.013,1.30837018545108e-06,"4","yecA-3"
6.16186029635021e-11,-0.144748702896788,0.021,0.012,1.33718530291096e-06,"4","ydcP-3"
6.77626282963195e-11,0.329923127371507,0.012,0.005,1.47051679665843e-06,"4","ucpA-2"
7.19276054050904e-11,-0.169845071652138,0.023,0.013,1.56090096489587e-06,"4","ruvA-1"
7.7443521621505e-11,0.180396289300362,0.011,0.005,1.68060186270828e-06,"4","purK-3"
8.54677981985346e-11,0.371999773947418,0.012,0.005,1.8547366887064e-06,"4","hsdR-3"
9.0373987929726e-11,0.271402126418451,0.012,0.006,1.96120591206299e-06,"4","selA-5"
9.07995406448622e-11,-0.181476708553429,0.024,0.013,1.97044083153415e-06,"4","ytjC-3"
9.47269295720499e-11,0.36908167945946,0.013,0.006,2.05566909864306e-06,"4","dcuA-4"
9.48761587487063e-11,0.421974781083819,0.011,0.005,2.05890752100568e-06,"4","yiiX-3"
9.61049026315542e-11,-0.235543290459226,0.022,0.013,2.08557249200736e-06,"4","ftsI-2"
9.91044086438669e-11,0.195845627470624,0.01,0.004,2.15066477198055e-06,"4","yejB-5"
1.08434702727204e-10,-0.383392924688609,0.023,0.013,2.35314148388306e-06,"4","lolA-2"
1.11938232037246e-10,-0.18797819330348,0.035,0.022,2.42917157344027e-06,"4","tyrR-3"
1.14478604072566e-10,-0.477994590152408,0.052,0.035,2.48430018697875e-06,"4","cdsA-1"
1.36884650001774e-10,-0.269230261996988,0.031,0.019,2.97053378968849e-06,"4","yebG-4"
1.43322961809266e-10,0.184335298612025,0.011,0.005,3.11025159422288e-06,"4","cutC-1"
1.46836063187058e-10,-0.37361986968983,0.033,0.021,3.18648940722234e-06,"4","ygjN-4"
1.47601548939778e-10,-0.135392735204737,0.018,0.009,3.20310121354212e-06,"4","ycbJ-2"
1.68386747416936e-10,-0.162625262891846,0.021,0.012,3.65416080569492e-06,"4","yabP-5"
1.71740811411518e-10,-0.37804012339747,0.024,0.014,3.72694734844135e-06,"4","atpE-4"
1.7554783829079e-10,0.173878049088466,0.013,0.006,3.80956363874844e-06,"4","sbcD-5"
1.84735269357643e-10,-0.313356829701563,0.026,0.015,4.00894008033022e-06,"4","slyA-2"
2.27172100435127e-10,0.258393222129902,0.01,0.005,4.92986175154269e-06,"4","sapD-1"
2.36143909203895e-10,-0.141370181533805,0.024,0.014,5.12455897363373e-06,"4","yceB-5"
2.7289173628426e-10,-0.162092744505709,0.019,0.01,5.92202356910473e-06,"4","modA-5"
2.82844815342478e-10,0.320704240419768,0.01,0.004,6.1380153377471e-06,"4","ydgC-1"
2.86604177088221e-10,-0.219547639382947,0.025,0.015,6.21959724699148e-06,"4","speD-1"
3.6449259460138e-10,0.243277773595007,0.01,0.004,7.90985379544454e-06,"4","uxaB-1"
4.05362068407382e-10,0.191568403244521,0.01,0.004,8.79676224650859e-06,"4","fumC-4"
4.11794479084685e-10,-0.115702741939315,0.022,0.013,8.93635199061675e-06,"4","dppA-3"
4.13015464229565e-10,-0.109000824664091,0.013,0.006,8.9628485892458e-06,"4","gadW-2"
4.43905916255271e-10,0.112946959713866,0.012,0.006,9.63320228865565e-06,"4","mnmE-3"
4.83845732871075e-10,-0.297626376255687,0.02,0.011,1.04999362490352e-05,"4","yoeB-6"
5.41794432225889e-10,0.17605779542485,0.013,0.006,1.1757480973734e-05,"4","ytjB-5"
6.18664710199217e-10,-0.182712481410608,0.03,0.019,1.34256428760332e-05,"4","rraB-5"
6.6812278107713e-10,-1.84677823184582,0.022,0.035,1.44989324721548e-05,"4","rplV-5"
8.25826968787679e-10,-0.277526713874484,0.028,0.017,1.79212710496614e-05,"4","evgA-4"
8.60330115947344e-10,-0.425489856403856,0.044,0.03,1.86700238461733e-05,"4","rpsH-3"
9.80549555231266e-10,0.232906370653318,0.012,0.006,2.12789058980737e-05,"4","dinF-4"
9.93709927690425e-10,0.127130112177333,0.016,0.008,2.15644991408099e-05,"4","gcvR-1"
1.09600691906626e-09,-0.291865788512061,0.024,0.014,2.37844461506569e-05,"4","uup-5"
1.17038665506729e-09,0.180628051930106,0.011,0.005,2.53985608016153e-05,"4","yebO-3"
1.17586023289664e-09,-0.183387342330941,0.031,0.02,2.55173429140901e-05,"4","plsB-5"
1.2026441741795e-09,-0.348736458574284,0.039,0.026,2.60985812238694e-05,"4","rcsD-1"
1.27721859902685e-09,-0.330501654346997,0.031,0.02,2.77169208174818e-05,"4","ymjA-2"
1.29169807094881e-09,-0.603898046384088,0.116,0.089,2.80311398376602e-05,"4","lepA-2"
1.29982167886696e-09,-0.103156785446324,0.016,0.008,2.82074302530919e-05,"4","sufS-2"
1.35752083357827e-09,0.171178556028782,0.011,0.005,2.9459559609482e-05,"4","ttcA-3"
1.36450379694752e-09,-0.208102847773204,0.022,0.013,2.96110968975582e-05,"4","yfbU-3"
1.40141947816502e-09,-0.457166993328221,0.08,0.06,3.04122040956591e-05,"4","hfq-4"
1.46380616614414e-09,-0.414234968393084,0.034,0.022,3.1766057611494e-05,"4","amiB-3"
1.53322247464642e-09,0.163609132922194,0.011,0.005,3.3272460922302e-05,"4","yjiO-3"
1.56965140275975e-09,-0.181643830772776,0.025,0.015,3.40630050912893e-05,"4","ydeA-5"
1.62364997127387e-09,-0.22490225940517,0.031,0.019,3.52348280266144e-05,"4","efp-5"
1.62652460834593e-09,0.299598902282114,0.011,0.005,3.5297210525715e-05,"4","mdoD-5"
1.64345875465141e-09,0.372743210274827,0.012,0.006,3.56646984346903e-05,"4","yedE-1"
1.67067544348912e-09,-0.22390023996786,0.018,0.01,3.62553277991574e-05,"4","yccF-3"
1.80479093678498e-09,0.218055622623978,0.012,0.006,3.91657681191709e-05,"4","macA-3"
1.96344692876596e-09,0.257131806175896,0.01,0.004,4.260876180115e-05,"4","sapB-4"
2.04471396101051e-09,0.215209283240159,0.011,0.005,4.4372337667889e-05,"4","argG-2"
2.06975539054823e-09,-1.49987173613574,0.064,0.081,4.49157617302871e-05,"4","rplD-2"
2.09430164248798e-09,0.120825518205392,0.011,0.005,4.54484399436317e-05,"4","mppA-1"
2.13329808584339e-09,0.416197614613722,0.012,0.006,4.62947017608873e-05,"4","yebS-3"
2.18585041373783e-09,-0.559434421703759,0.095,0.072,4.74351398285246e-05,"4","ydcQ-3"
2.35551284349881e-09,0.169605010424168,0.013,0.007,5.11169842167676e-05,"4","ybaT-4"
2.42284955062112e-09,-0.588603610632291,0.139,0.108,5.2578258098029e-05,"4","rplX-1"
2.81148777374195e-09,-0.3610822049903,0.026,0.016,6.10120961779741e-05,"4","ygdK-3"
3.14280663825467e-09,0.122417996441355,0.01,0.004,6.82020468567646e-05,"4","clcB-5"
3.23021661057059e-09,-0.254705049546852,0.029,0.018,7.00989306659924e-05,"4","lysS-1"
3.60845409217359e-09,-0.242146188662991,0.027,0.017,7.8307062254259e-05,"4","ycaO-3"
3.92266479894742e-09,0.351972267187252,0.01,0.004,8.51257488019579e-05,"4","pabB-1"
4.41740753535002e-09,-0.117830587959268,0.017,0.01,9.58621609246307e-05,"4","rlpB-2"
5.09715402727872e-09,-0.261383114506408,0.024,0.014,0.000110613339545976,"4","pfkA-2"
5.64191180144969e-09,-0.427317165210023,0.026,0.016,0.00012243512800326,"4","map-3"
5.65519446697661e-09,-0.111331513161744,0.022,0.013,0.000122723375127859,"4","puuP-5"
5.81420608576486e-09,-0.417420132533592,0.043,0.03,0.000126174086267183,"4","dfp-4"
6.35056923291022e-09,0.304813440854122,0.01,0.005,0.000137813702923385,"4","dapE-1"
6.35418276086918e-09,0.206825724716445,0.01,0.005,0.000137892120093622,"4","recG-2"
6.45030724249707e-09,0.12351497704563,0.013,0.007,0.000139978117469429,"4","hda-2"
6.52976032865179e-09,0.149016378756056,0.012,0.006,0.000141702328892073,"4","intA-3"
6.68331544677479e-09,0.234959309970821,0.01,0.005,0.00014503462851046,"4","mutY-3"
6.8626437974736e-09,0.137690450989947,0.013,0.007,0.000148926233048974,"4","yjbD-5"
7.0842496097568e-09,-0.174773174921701,0.012,0.006,0.000153735300781332,"4","mscL-2"
7.65016643951019e-09,-0.24948166601111,0.029,0.019,0.000166016261903811,"4","atpA-3"
7.7310381497521e-09,-0.177991574808543,0.018,0.01,0.00016777125888777,"4","eptB-2"
8.62893563716431e-09,0.127617582297874,0.01,0.005,0.000187256532262103,"4","ybaL-5"
1.00101952266101e-08,-0.556889370436235,0.068,0.051,0.000217231246612666,"4","fabZ-2"
1.02554714045171e-08,-0.21217853122386,0.027,0.017,0.000222553984949426,"4","kdsC-4"
1.06407675382256e-08,-0.281960953995754,0.017,0.01,0.000230915296347034,"4","yjtD-2"
1.13202889826687e-08,-0.304397815876428,0.027,0.017,0.000245661591212894,"4","prmB-5"
1.18721772309616e-08,0.108715750941591,0.011,0.005,0.000257638118089097,"4","yajL-2"
1.21158841588635e-08,-0.21649904900602,0.017,0.009,0.000262926802131496,"4","ychO-5"
1.26514885568089e-08,0.267982174072536,0.013,0.007,0.000274549953171309,"4","yidA-5"
1.43714382962911e-08,-0.178371052112357,0.015,0.008,0.000311874582467813,"4","purL-2"
1.66279516475001e-08,0.100596532632838,0.01,0.005,0.000360843178702399,"4","yjcO-1"
1.86809506314738e-08,-0.285600624930831,0.032,0.021,0.000405395309653613,"4","yihE-1"
2.03758467570443e-08,-0.219695256117133,0.021,0.013,0.000442176250474619,"4","rffD-5"
2.50488263029496e-08,-0.220624644860243,0.018,0.011,0.000543584579600309,"4","yhcB-1"
2.83631658066951e-08,-0.409744181105291,0.043,0.03,0.000615509061171091,"4","fldA-4"
3.30373452552049e-08,-0.316526760714343,0.017,0.01,0.000716943429383202,"4","bfd-2"
3.3243190205041e-08,-0.460727872916904,0.031,0.02,0.000721410470639594,"4","rfbD-4"
3.88075884103922e-08,-0.426613518386375,0.035,0.024,0.000842163476093921,"4","oppB-4"
4.11164096515427e-08,-0.190644664411507,0.022,0.013,0.000892267205848128,"4","pth-4"
4.42805010871454e-08,-0.415290028595786,0.01,0.005,0.000960931154092142,"4","fmt-2"
4.73746731338475e-08,-0.534169247686167,0.166,0.132,0.00102807778167762,"4","dnaK-4"
5.50840871849034e-08,0.126124871471409,0.011,0.005,0.00119537977599959,"4","ushA-1"
6.99938724380929e-08,-0.431171381649357,0.037,0.026,0.00151893702577905,"4","rfaD-2"
7.98639345540126e-08,-0.316538659320056,0.016,0.009,0.00173312724375663,"4","yeiP-5"
8.71964723694331e-08,-0.331660684818767,0.019,0.011,0.00189225064688907,"4","frsA-1"
8.97816341571983e-08,-0.148183811052504,0.015,0.008,0.00194835124284536,"4","ssb-1"
9.86391899320531e-08,-0.318225334645385,0.029,0.019,0.00214056906071548,"4","grxB-5"
9.91615159352725e-08,-0.132329701098391,0.015,0.009,0.00215190405731135,"4","mutS-5"
1.03072895776189e-07,-0.170343338433442,0.014,0.008,0.00223678491123908,"4","uspG-3"
1.03766076980287e-07,-0.321287681019259,0.037,0.025,0.0022518276365492,"4","hslJ-2"
1.09325516488144e-07,-0.12843494717679,0.01,0.005,0.00237247303330921,"4","poxA-4"
1.17322008917899e-07,-0.138378361967798,0.015,0.008,0.00254600491552733,"4","ybhK-3"
1.19647382360395e-07,0.181236568071418,0.011,0.005,0.00259646784460294,"4","rplP-4"
1.30767874261483e-07,-0.31445105580588,0.027,0.017,0.00283779363934843,"4","zwf-1"
1.32556534535595e-07,-0.369007536873377,0.026,0.017,0.00287660935595696,"4","cspB-3"
1.44255385825271e-07,-0.109128206560727,0.016,0.009,0.00313048612779421,"4","lolE-1"
1.44996651448565e-07,-0.289255135852365,0.023,0.014,0.00314657233308531,"4","atpH-5"
1.65559085529573e-07,-0.167192448849864,0.012,0.006,0.00359279771507727,"4","pyrD-5"
1.66870281481353e-07,-0.321052627916481,0.019,0.012,0.00362125197842685,"4","ycdY-3"
1.81876936847828e-07,-0.109152721883674,0.014,0.008,0.00394691140653471,"4","yciT-1"
1.85130547516883e-07,-0.561292732130166,0.076,0.058,0.00401751801166387,"4","secG-2"
2.00156092515221e-07,0.183860601665311,0.012,0.006,0.00434358736367281,"4","ybhT-3"
2.02143722173182e-07,0.293558303947662,0.01,0.005,0.00438672091488022,"4","sppA-2"
2.21567583441677e-07,-0.160196046825794,0.024,0.016,0.00480823812826784,"4","uvrY-5"
2.2923132270491e-07,-2.51961902303546,0.008,0.016,0.00497454893401925,"4","tufB-2"
2.4176935153032e-07,-0.460115760086603,0.033,0.023,0.00524663669755947,"4","rpsF-5"
3.30202493860223e-07,0.354675661579242,0.01,0.005,0.00716572431926069,"4","yhiP-2"
3.34309037079895e-07,-0.541041001307706,0.055,0.041,0.00725484041367079,"4","ygiT-1"
3.43796513748497e-07,-0.385564934551539,0.018,0.011,0.00746072814485614,"4","arsB-2"
3.5773990681893e-07,-0.249113989823603,0.016,0.01,0.00776331371787761,"4","fabR-3"
3.91807179284928e-07,-0.559647161090096,0.081,0.063,0.00850260759766223,"4","rpmG-2"
4.66644752681371e-07,-0.589503267750784,0.029,0.019,0.0101266577779384,"4","dusA-4"
4.9015033338479e-07,-0.2775716602973,0.017,0.011,0.0106367523847833,"4","mdlB-2"
5.76951226301778e-07,-0.346137490422874,0.014,0.008,0.0125204185619749,"4","modB-3"
6.47284353301379e-07,-0.392024417973014,0.018,0.011,0.0140467177509932,"4","argR-1"
6.47936430251826e-07,-0.39202636517278,0.02,0.012,0.0140608684728949,"4","yfhJ-4"
6.77122364171848e-07,-0.148747235454321,0.012,0.007,0.0146942324248933,"4","kdsB-2"
1.12221769958192e-06,-0.302950355926358,0.03,0.021,0.0243532462986272,"4","gpmI-2"
1.26950973338559e-06,0.112811833057359,0.011,0.006,0.0275496307242008,"4","tdh-3"
1.53393737909202e-06,-0.122578739115965,0.011,0.006,0.033287975063676,"4","yadE-1"
1.70976600893941e-06,-1.39586712013582,0.058,0.071,0.0371036321599941,"4","truB-2"
1.86235198036117e-06,-0.251538176487092,0.011,0.006,0.0404149003258177,"4","alx-1"
2.81700757283675e-06,-0.171520980673906,0.013,0.008,0.0611318813381303,"4","glyS-3"
4.09708455895486e-06,-0.440476957235633,0.013,0.008,0.0889108320138795,"4","ubiA-1"
4.31282626570643e-06,-0.108417967122393,0.01,0.005,0.0935926427920953,"4","bglX-5"
4.73665167009701e-06,-0.339109640121092,0.016,0.01,0.102790077892775,"4","yjgF-1"
5.395964428247e-06,-0.526146006042517,0.026,0.018,0.117097824057388,"4","infC-3"
6.77804408359167e-06,-0.128375587040506,0.01,0.006,0.147090334658023,"4","yqaE-5"
8.95065214049821e-06,-0.51205407377261,0.03,0.022,0.194238102100952,"4","insJ-2"
9.34543809431012e-06,-1.86094761040471,0.015,0.023,0.202805352084624,"4","ymcE-3"
9.97040032805088e-06,-0.253171720809449,0.015,0.009,0.216367657519032,"4","rplU-2"
1.09555735137782e-05,-0.254313873269012,0.013,0.008,0.237746900822501,"4","sbcB-2"
1.12667138878843e-05,-0.196542164714057,0.012,0.007,0.244498958080976,"4","pyrH-1"
1.1341104191108e-05,-0.436944662714778,0.036,0.027,0.246113302051234,"4","relB-2"
1.69272508480035e-05,-0.330079414637236,0.025,0.018,0.367338270652523,"4","pck-2"
1.81558214347155e-05,-0.315447646960309,0.017,0.011,0.39399948095476,"4","ydhS-1"
1.83349551085606e-05,-0.428960696226495,0.027,0.019,0.397886860810872,"4","yhbC-5"
1.9373098807599e-05,-0.367977717682494,0.511,0.394,0.420415617223705,"4","rplL-3"
2.40339068788601e-05,-0.629534162182942,0.062,0.049,0.521559813178144,"4","rseA-3"
2.55208454853372e-05,-0.123071387880224,0.012,0.008,0.553827867877303,"4","yejO-5"
3.01931274137036e-05,-0.125956179253115,0.011,0.006,0.655221058004781,"4","yhcG-4"
3.17987524701581e-05,-0.138436864007073,0.01,0.006,0.690064727354902,"4","ligA-2"
3.6725642559998e-05,-1.60708015382617,0.015,0.022,0.796983169194517,"4","mdtJ-2"
3.90898961561251e-05,-0.635195941391345,0.112,0.092,0.84828983648407,"4","dnaJ-2"
4.6274084041233e-05,-0.314018220377321,0.011,0.007,1,"4","dnaE-4"
6.28489221506826e-05,-0.397713428169113,0.021,0.015,1,"4","intF-5"
8.15843595688137e-05,-0.195486616218536,0.012,0.007,1,"4","thrA-3"
8.39085479684791e-05,-0.266442934260685,0.016,0.011,1,"4","yfiB-1"
8.78761476513388e-05,-0.269293502828043,0.011,0.007,1,"4","gltK-1"
8.98371401266866e-05,-0.215568405419874,0.01,0.006,1,"4","treR-1"
9.20492155491868e-05,-0.441988460640249,0.022,0.016,1,"4","oxyR-1"
9.87565335078793e-05,-0.296287138865366,0.01,0.006,1,"4","ampG-4"
0.000108263884989227,-0.285149230472014,0.021,0.015,1,"4","yidE-3"
0.000109799905888361,-1.68302081935195,0.007,0.012,1,"4","ftn-5"
0.000128955227102155,-0.243822762417726,0.012,0.008,1,"4","mgtA-5"
0.000130396008194279,-0.378100143933119,0.014,0.009,1,"4","btuB-2"
0.000146107398457649,-0.212019552384693,0.01,0.006,1,"4","ychF-1"
0.000150693589779973,-0.489880604610418,0.014,0.009,1,"4","hpf-2"
0.000162948117823361,-0.433173858061066,0.027,0.02,1,"4","mfd-4"
0.000167873015322044,-0.453728934475681,0.039,0.031,1,"4","ycjX-2"
0.000204177361925583,-0.570581610257988,0.036,0.028,1,"4","gnd-1"
0.000217000733591596,-0.182971264952003,0.011,0.007,1,"4","fbp-3"
0.000241900048020104,-0.257358165791604,0.012,0.008,1,"4","rna-4"
0.00025842340897678,-0.328301940404703,0.01,0.006,1,"4","tatA-3"
0.000325722879969776,-0.205343387087742,0.01,0.007,1,"4","cysZ-3"
0.000337447914304195,-0.585325433916666,0.055,0.045,1,"4","mdoG-4"
0.000342842423057329,-0.546051479121941,0.031,0.024,1,"4","phnA-5"
0.00035186845128626,-0.405795621285812,0.016,0.011,1,"4","yebC-3"
0.00036721890127387,-0.192224914841202,0.011,0.007,1,"4","ribC-4"
0.000446949404417554,-0.669538256602852,0.013,0.009,1,"4","yjgA-3"
0.000447197513267781,-0.555912780068289,0.017,0.012,1,"4","rpsQ-3"
0.00053219488576323,-0.548840771647929,0.348,0.281,1,"4","nlpI-3"
0.000565017741955363,-0.531370878492384,0.012,0.008,1,"4","queF-3"
0.000613053333241591,-0.478642032928742,0.01,0.006,1,"4","bcsG-1"
0.00065006917483006,-0.556440730988098,0.01,0.006,1,"4","yhjJ-1"
0.000680408234771761,-0.44956841954253,0.011,0.007,1,"4","ytfE-2"
0.000705770702125755,-1.53852605057394,0.022,0.029,1,"4","rplJ-2"
0.000737116373703766,-0.498580115188676,0.042,0.033,1,"4","yhdN-3"
0.000747368048388904,-0.55060823057573,0.012,0.008,1,"4","oppC-5"
0.000755577936166859,-0.464669538137711,0.021,0.015,1,"4","pinR-2"
0.000779783329484249,-0.468679182514646,0.022,0.016,1,"4","relE-5"
0.000888891023783102,-0.563891157342094,0.08,0.067,1,"4","clpP-3"
0.00096046448540562,-0.548183938765387,0.01,0.007,1,"4","truC-3"
0.00114296798121123,-0.670410156368857,0.041,0.033,1,"4","rpoC-5"
0.00119836749767141,-0.464133051589279,0.015,0.011,1,"4","proY-5"
0.00124999106748498,-1.6710394527718,0.02,0.026,1,"4","rplW-1"
0.00125018455929723,-0.679409775620693,0.01,0.006,1,"4","pstA-2"
0.00126824531131606,-0.514797309301663,0.04,0.033,1,"4","hslU-3"
0.00131586237723655,-0.467897898067264,0.01,0.006,1,"4","apaH-5"
0.00134174022121621,-0.705741541646599,0.182,0.153,1,"4","infB-3"
0.00151110805552407,-0.263093911174577,0.01,0.007,1,"4","yqeG-2"
0.00165235592161318,-0.508465888269473,0.02,0.015,1,"4","yhdL-5"
0.00168902886217361,-0.514314559586114,0.01,0.007,1,"4","ytfM-4"
0.00201011608816043,-0.553688105213845,0.023,0.017,1,"4","nhaR-1"
0.00203035269877448,-0.831444854137085,0.091,0.077,1,"4","rplC-3"
0.00205596857803704,-0.563837043274945,0.037,0.03,1,"4","ackA-4"
0.00257803255433534,-0.562149415445066,0.023,0.017,1,"4","kbl-2"
0.00264672163241863,-0.45767999309841,0.031,0.025,1,"4","mdtI-4"
0.00275212150454122,-0.386251053457216,0.013,0.009,1,"4","hupA-1"
0.00289050513217745,-0.417949293683659,0.013,0.01,1,"4","yafO-4"
0.00309248982249103,-0.454320703489795,0.014,0.01,1,"4","yfdH-4"
0.00327772495253537,-0.462222618027975,0.01,0.007,1,"4","ispH-4"
0.00334283799358893,-0.635088902751095,0.012,0.009,1,"4","tppB-1"
0.0033550531807786,-0.578749901466223,0.024,0.019,1,"4","purU-5"
0.00353026018279798,-0.682655136958441,0.131,0.112,1,"4","clpX-4"
0.00368777720232459,-0.33404779909744,0.018,0.013,1,"4","otsB-1"
0.00432483517496272,-0.639502047258672,0.011,0.008,1,"4","ygfI-3"
0.00470150582037044,-0.571124510699867,0.015,0.011,1,"4","hpt-3"
0.0059600868261601,-0.482305957336074,0.011,0.008,1,"4","ypfG-3"
0.00606576152991406,-0.81236089625049,0.031,0.025,1,"4","yfiR-3"
0.00684117509459654,-0.619983317807758,0.014,0.01,1,"4","minC-2"
0.00685194430742625,-0.380686624518295,0.011,0.008,1,"4","yhjV-3"
0.00750227564977369,-0.64664256955874,0.017,0.013,1,"4","degP-2"
0.00777802263715959,-0.635285947227001,0.01,0.007,1,"4","ykfA-1"
0.00937566614185686,-0.537366897390056,0.015,0.011,1,"4","pstC-5"
0.00953470280307593,-0.633651786419443,0.011,0.008,1,"4","htrL-1"
3.23664945695432e-223,-1.98742379926245,0.017,0.081,7.02385298653656e-219,"7","aroF-1"
9.37917961272132e-210,1.35899453922927,0.133,0.053,2.03537576775665e-205,"7","hslV-1"
5.88254556786408e-181,1.56076555047778,0.098,0.035,1.27657121368218e-176,"7","yfiD-3"
7.61975617824826e-144,-1.3552247540994,0.073,0.144,1.65356328824165e-139,"7","ygiS-3"
2.28508071638796e-143,0.824450005901601,0.089,0.033,4.95885366263351e-139,"7","yhaO-1"
7.44598382133135e-135,1.60486968416882,0.065,0.021,1.61585294906712e-130,"7","fxsA-1"
5.10419236999752e-129,0.641581037882628,0.218,0.135,1.10766078621316e-124,"7","groL-5"
3.96364187933403e-105,0.678850727987329,0.145,0.082,8.60149924234278e-101,"7","ybeD-3"
9.89319128806624e-104,-1.06297878541195,0.051,0.104,2.14692144142325e-99,"7","yhhW-1"
6.8196320763008e-99,0.517426278592277,0.109,0.055,1.47992835687804e-94,"7","pspA-1"
1.89803614750178e-95,0.871593021872242,0.057,0.021,4.11892824369361e-91,"7","yhaM-1"
4.78156400786863e-94,0.654917105461794,0.147,0.087,1.03764720534757e-89,"7","clpX-4"
6.29840651324686e-89,1.74837102857611,0.04,0.012,1.3668171974397e-84,"7","fabB-5"
8.65431060605071e-89,0.683331969744653,0.123,0.07,1.87807194461906e-84,"7","dnaJ-2"
3.25593943772247e-86,-1.89536333906326,0.007,0.032,7.06571417380153e-82,"7","tyrA-4"
2.75286833693908e-81,0.673041866748938,0.127,0.075,5.9739995779915e-77,"7","ybeX-4"
2.605338529062e-72,0.943626308563707,0.061,0.028,5.65384514191745e-68,"7","htpG-2"
8.38553018799364e-68,1.20776386370916,0.05,0.021,1.8197439060965e-63,"7","lipB-4"
8.95881500953284e-68,0.721757932128932,0.09,0.05,1.94415244521872e-63,"7","clpP-3"
4.07904868647291e-67,0.51190024106027,0.166,0.112,8.85194355451486e-63,"7","dnaK-4"
4.83503216915592e-62,1.49249337962035,0.039,0.015,1.04925033102853e-57,"7","groS-4"
1.29085394394374e-59,1.05558025687439,0.046,0.02,2.80128214375232e-55,"7","ycjX-2"
1.09518692425389e-58,1.19038228031733,0.039,0.015,2.37666514432336e-54,"7","grpE-4"
3.30740506871927e-58,-1.70310143305598,0.017,0.041,7.17739973962768e-54,"7","glnH-5"
1.85072142532745e-57,-2.16241132088028,0.01,0.03,4.01625056510311e-53,"7","mltD-1"
3.65177748111784e-56,1.04043439251325,0.07,0.038,7.92472231177383e-52,"7","icdC-3"
5.80728003562344e-56,-0.941777609835264,0.1,0.144,1.26023784053064e-51,"7","obgE-4"
7.25259662524346e-54,0.736265603882113,0.062,0.032,1.57388599364408e-49,"7","mdoG-4"
3.00708863886626e-53,0.93894967194043,0.047,0.022,6.52568305520368e-49,"7","hslU-3"
3.69220764173566e-52,1.70802877472044,0.019,0.005,8.01245980333055e-48,"7","ftn-5"
4.62208825590482e-52,0.62609175702737,0.107,0.069,1.0030393724139e-47,"7","pykF-2"
1.21810741842896e-48,0.677750176623293,0.08,0.048,2.64341490873268e-44,"7","hfq-4"
1.83704929161852e-48,0.557413434906049,0.109,0.072,3.98658066774135e-44,"7","clpB-5"
3.85839500203568e-48,-0.720963291661386,0.051,0.084,8.37310299391763e-44,"7","glpR-5"
1.27879276461759e-46,0.630282517791145,0.072,0.042,2.77510817849664e-42,"7","hflX-2"
1.3877622785662e-46,0.595589384631973,0.071,0.041,3.01158292071651e-42,"7","hupB-4"
1.0597518768306e-45,0.983180918337061,0.041,0.019,2.29976754791008e-41,"7","gnd-1"
7.74992205931562e-45,-0.87703635235953,0.108,0.148,1.68181058609208e-40,"7","fis-1"
1.44893670557144e-44,2.00475234379992,0.016,0.004,3.14433754476058e-40,"7","ybeF-4"
1.16134684426663e-42,0.792881269738183,0.047,0.024,2.52023878674302e-38,"7","yhdN-3"
2.4514667496773e-41,-1.33003593570731,0.019,0.039,5.31992799347471e-37,"7","mqsR-4"
1.23818296968643e-40,-0.761975101920431,0.031,0.056,2.68698086251652e-36,"7","copA-2"
1.87731659881657e-40,0.533498775680207,0.108,0.074,4.07396475109185e-36,"7","fimI-4"
1.57367700492841e-39,0.395095377458376,0.08,0.05,3.41503646839514e-35,"7","cyoC-1"
4.73477984152158e-39,-1.15129261111297,0.015,0.034,1.0274945734086e-34,"7","galS-2"
2.9856487030572e-38,-1.1398488979216,0.026,0.048,6.47915625050443e-34,"7","phoH-1"
4.97287604243477e-38,0.479506031075247,0.076,0.048,1.07916382996877e-33,"7","ycgE-3"
8.97420560634812e-38,0.447106494025059,0.075,0.047,1.94749235863361e-33,"7","pta-5"
5.86053053065456e-37,0.611898241680922,0.064,0.039,1.27179373045735e-32,"7","lrhA-1"
2.32057305629005e-36,0.438160495344238,0.126,0.091,5.03587558945504e-32,"7","pgk-1"
2.34768267947812e-34,-0.596692955195462,0.12,0.157,5.09470618273546e-30,"7","yhhQ-4"
2.52462790879862e-33,0.442235767665691,0.058,0.035,5.47869502488389e-29,"7","pinQ-2"
3.13326701290282e-33,0.838168481550952,0.037,0.019,6.7995027447004e-29,"7","hslJ-2"
4.05660818982256e-33,-1.32911806296563,0.02,0.038,8.80324543273394e-29,"7","phoR-3"
9.46111395924777e-33,0.172525467439523,0.261,0.212,2.05315634029636e-28,"7","ftsH-2"
1.84743320376043e-32,-1.11499611694609,0.055,0.081,4.00911479548052e-28,"7","truB-2"
6.65247173552394e-32,0.821273744639803,0.041,0.023,1.44365289132605e-27,"7","prlC-1"
1.61881318182467e-31,0.339302803609103,0.142,0.107,3.51298648587772e-27,"7","gapA-3"
2.44781160080513e-31,0.969217504677909,0.029,0.014,5.31199595490721e-27,"7","mfd-4"
7.17793579023616e-31,0.689079728315258,0.039,0.021,1.55768384583915e-26,"7","yqfA-6"
1.44830367109642e-30,0.923462656355575,0.038,0.02,3.14296379664633e-26,"7","adhE-2"
2.15889379145913e-30,1.7008598587959,0.015,0.005,4.68501541684546e-26,"7","ybbN-3"
3.17967855811219e-30,-1.18185717001137,0.019,0.037,6.90022043895927e-26,"7","parC-1"
9.70957535703762e-30,-1.37480997115382,0.023,0.041,2.10707494823073e-25,"7","rplV-5"
4.84019773674575e-29,-0.63454524526346,0.07,0.098,1.05037131085119e-24,"7","mntH-3"
7.01570447723782e-29,0.447148679859759,0.095,0.067,1.52247802860538e-24,"7","sthA-3"
1.35907201725917e-28,1.18911783599064,0.022,0.01,2.94932218465412e-24,"7","yidE-3"
6.11017290060705e-28,0.461744599363169,0.068,0.045,1.32596862116074e-23,"7","rrmJ-4"
1.5061710792859e-27,1.52791477343358,0.015,0.005,3.26854185915832e-23,"7","evgS-4"
2.45114268639632e-27,0.189117305964274,0.136,0.103,5.31922474374866e-23,"7","eno-2"
8.55913888545394e-27,1.11328249643159,0.022,0.01,1.85741872953236e-22,"7","intF-5"
1.17043716693689e-26,0.475458246419737,0.061,0.04,2.53996569596974e-22,"7","hslR-2"
1.71625513479942e-26,0.964009295238344,0.025,0.012,3.72444526802823e-22,"7","nhaR-1"
2.96205652106964e-26,0.416233303920344,0.093,0.067,6.42795885637322e-22,"7","ptsI-1"
4.29249677049996e-26,0.238870990837479,0.131,0.1,9.31514724166197e-22,"7","insL-3-4"
1.73212266562166e-25,0.836598042235472,0.037,0.021,3.75887939666557e-21,"7","serA-5"
6.24121829540547e-25,0.638381101073349,0.039,0.023,1.35440678228594e-20,"7","ackA-4"
5.71953535891996e-24,0.697056954842435,0.04,0.024,1.24119636823922e-19,"7","ldhA-5"
1.07832643857495e-23,-0.964206378723345,0.014,0.027,2.3400762043515e-19,"7","cysK-4"
1.78478840963845e-23,0.253560892527237,0.133,0.104,3.87316932775639e-19,"7","acpP-1"
5.42957771472718e-23,0.517580639322096,0.047,0.03,1.17827265987295e-18,"7","ygaP-2"
6.19545498244273e-23,0.568973338239733,0.055,0.036,1.3444756857399e-18,"7","pflB-3"
6.74437285216196e-23,0.478538078056297,0.044,0.027,1.46359635264767e-18,"7","glnS-5"
8.14834986493229e-23,0.788911352340661,0.032,0.018,1.76827340418896e-18,"7","hybO-4"
1.57406044512101e-22,0.19826752649499,0.11,0.083,3.4158685719571e-18,"7","cspA-3"
3.44689996340435e-22,0.820082789281666,0.03,0.017,7.48011761058377e-18,"7","uvrC-4"
3.48941035810438e-22,0.570834326394762,0.054,0.036,7.57236941812231e-18,"7","ybeZ-2"
3.65383631720718e-22,0.857383424074839,0.033,0.019,7.92919019197131e-18,"7","bssR-3"
1.02327890260826e-21,-0.609617146686881,0.106,0.133,2.22061754655019e-17,"7","ybjL-1"
1.11845304978305e-21,0.561326008346486,0.059,0.041,2.4271549633342e-17,"7","gltA-4"
3.00826785598823e-21,0.590782403264929,0.044,0.028,6.52824207428006e-17,"7","yjgK-4"
3.49390845713987e-21,0.664233556864176,0.052,0.035,7.58213074283924e-17,"7","nagB-3"
4.01261524857451e-21,-1.75137838975783,0.007,0.016,8.70777635093153e-17,"7","yhhX-1"
1.0224216977219e-20,-0.612073222735654,0.032,0.049,2.2187573262263e-16,"7","hemH-3"
2.30209040733186e-20,0.618652703032792,0.059,0.041,4.99576639295087e-16,"7","nagA-1"
2.46118690479679e-20,0.504444037985141,0.045,0.029,5.34102170209952e-16,"7","fbaA-4"
2.93537511907946e-20,0.672220045172501,0.036,0.022,6.37005754591433e-16,"7","yjgJ-3"
4.89819275722995e-20,-0.845946842258214,0.029,0.044,1.06295681024647e-15,"7","sufD-2"
5.06106138511556e-20,0.627611576982293,0.037,0.023,1.09830093118393e-15,"7","pepD-1"
1.18570573023974e-19,0.581714832447041,0.048,0.032,2.57310000519327e-15,"7","maa-2"
1.36228065588913e-19,1.1515134922078,0.011,0.004,2.95628525134499e-15,"7","ulaR-5"
5.37031530708913e-19,-0.585456037877114,0.028,0.043,1.16541212479141e-14,"7","yebW-2"
7.63771967307977e-19,-1.26714795617903,0.01,0.02,1.65746154625504e-14,"7","tolA-1"
9.57827995333655e-19,0.727715714813598,0.046,0.031,2.07858253267356e-14,"7","nagC-2"
1.29330304902661e-18,0.634459257450984,0.031,0.019,2.80659694669266e-14,"7","ndh-5"
1.47125223040406e-18,1.16024065627788,0.022,0.012,3.19276446519986e-14,"7","tyrP-1"
1.64138646918802e-18,0.812571902673038,0.032,0.02,3.56197277678493e-14,"7","yeaR-5"
1.7160969884412e-18,0.417111484684769,0.047,0.032,3.72410207461626e-14,"7","hemB-5"
2.58827088769886e-18,0.932627469910063,0.016,0.008,5.6168066533953e-14,"7","yfiB-1"
4.83711210725399e-18,0.834615451806314,0.029,0.017,1.04970169839519e-13,"7","yoaG-2"
8.9554368950942e-18,-0.970896790511451,0.011,0.021,1.94341936060439e-13,"7","mglB-1"
1.14207408649339e-17,-0.735040203191084,0.01,0.02,2.4784149750993e-13,"7","yhaK-1"
1.98236480559888e-17,0.416014642655358,0.063,0.045,4.30192986463013e-13,"7","fimA-4"
2.03658146602192e-17,-0.886257298183733,0.021,0.033,4.41958543941416e-13,"7","glk-3"
5.02339220346332e-17,-1.14678584663485,0.013,0.023,1.09012634207357e-12,"7","ycdO-4"
8.36294702056352e-17,0.853648351718843,0.017,0.009,1.81484313293249e-12,"7","zntR-6"
2.65493106445021e-16,0.620517549530065,0.017,0.008,5.7614659029634e-12,"7","upp-2"
3.59921879102558e-16,0.607758831255167,0.04,0.027,7.8106646984046e-12,"7","tolC-1"
3.76427089408237e-16,-1.20775939623793,0.008,0.016,8.16884426724816e-12,"7","rtcB-1"
7.79272023180272e-16,0.280931596052548,0.032,0.02,1.69109821750351e-11,"7","hslO-4"
9.63404187559735e-16,-0.721792801324651,0.034,0.048,2.09068342742338e-11,"7","fadE-1"
1.40697945156199e-15,0.424128071198999,0.052,0.037,3.05328610783467e-11,"7","prsA-1"
1.80444731012931e-15,0.778182334054442,0.021,0.012,3.91583110771162e-11,"7","pinR-2"
4.10800991763566e-15,0.434951075079895,0.043,0.029,8.91479232226116e-11,"7","msrB-2"
4.3416105030321e-15,0.205501439329759,0.087,0.068,9.42172895262997e-11,"7","fabF-3"
4.95499566972648e-15,-0.508467804862145,0.133,0.155,1.07528361028734e-10,"7","rpsK-2"
6.01808002442462e-15,0.210355051723313,0.027,0.016,1.30598354610039e-10,"7","mdtJ-2"
1.57311183127547e-14,0.443329797521637,0.027,0.017,3.41380998505089e-10,"7","gpmI-2"
1.63935349847706e-14,-0.636666201131298,0.052,0.068,3.55756102704506e-10,"7","yebA-2"
1.723120385734e-14,0.526834515788734,0.036,0.024,3.73934354908134e-10,"7","fabA-4"
1.8904338291688e-14,0.504971203695253,0.045,0.032,4.10243045267921e-10,"7","fimC-5"
2.35311485407261e-14,0.465265982137866,0.034,0.022,5.10649454482297e-10,"7","yadG-2"
2.44551669003446e-14,0.476134338545283,0.041,0.029,5.30701576904379e-10,"7","ygaW-3"
2.96893755123297e-14,-0.684358057493628,0.051,0.067,6.44289137993067e-10,"7","msbA-4"
3.28385183735295e-14,-0.663922032574907,0.047,0.062,7.12628687223964e-10,"7","znuA-2"
3.70521649643228e-14,0.237943497037223,0.078,0.061,8.0406903189077e-10,"7","rhlB-2"
7.00255298247915e-14,0.373945428778785,0.035,0.023,1.5196240227278e-09,"7","thyA-3"
8.15060198671484e-14,0.463363367117005,0.031,0.021,1.76876213713699e-09,"7","yafD-3"
9.58760281269858e-14,-1.48286477374,0.006,0.012,2.08060568638372e-09,"7","sufS-2"
1.30912942833813e-13,0.467054455358093,0.039,0.027,2.84094177243657e-09,"7","ybaJ-2"
1.51399657452647e-13,0.376531827288074,0.033,0.022,3.2855239663799e-09,"7","lysU-5"
1.5623873388206e-13,0.466415554866572,0.026,0.016,3.39053676397459e-09,"7","grxB-5"
1.82468077132368e-13,0.199048506465771,0.114,0.093,3.95973974184951e-09,"7","cyoA-5"
1.96953009877184e-13,0.476459391861786,0.045,0.033,4.27407726734477e-09,"7","nuoC-2"
2.01942432436132e-13,0.355425308668477,0.038,0.027,4.3823527262965e-09,"7","hepA-1"
2.18119269443344e-13,0.788952554898729,0.021,0.012,4.73340626619e-09,"7","nhaA-1"
2.32317892534277e-13,0.734094779869885,0.019,0.011,5.04153058588634e-09,"7","dppA-3"
2.90193547274943e-13,0.593569912149324,0.024,0.015,6.29749016941353e-09,"7","mdoH-1"
3.1780124967498e-13,0.463449243635327,0.025,0.016,6.89660491919674e-09,"7","purU-5"
4.06617402486058e-13,0.441538387222793,0.038,0.026,8.82400425134994e-09,"7","gcvA-4"
4.76723491315334e-13,0.870770697649366,0.016,0.009,1.03453764850341e-08,"7","otsA-4"
4.83598460483172e-13,0.558592197375312,0.037,0.025,1.04945701909453e-08,"7","gltB-3"
5.2429588343427e-13,-1.39278324403767,0.008,0.015,1.13777449664071e-08,"7","pstC-5"
8.16989284369196e-13,0.429909823524961,0.044,0.032,1.77294844600959e-08,"7","rfe-4"
9.1101104829776e-13,0.479859444862954,0.051,0.037,1.97698507591097e-08,"7","yqjC-6"
9.5111477333538e-13,0.416889385006155,0.018,0.01,2.06401416961511e-08,"7","otsB-1"
9.80382563181022e-13,0.533851902263745,0.018,0.01,2.12752820035914e-08,"7","galF-4"
1.01662083233024e-12,0.207700272131951,0.104,0.085,2.20616886823986e-08,"7","cyoB-5"
1.05195053988061e-12,0.903873235946735,0.016,0.009,2.28283786659491e-08,"7","arsC-4"
1.15758347225324e-12,0.378590757156838,0.041,0.029,2.51207189313675e-08,"7","yeaC-1"
1.42174502250588e-12,0.739386085383067,0.027,0.017,3.08532887334001e-08,"7","epd-5"
1.70350617423976e-12,0.402031604995321,0.013,0.007,3.6967787487177e-08,"7","proV-2"
1.72245745003014e-12,0.495471864358708,0.029,0.019,3.73790491231041e-08,"7","pepQ-5"
1.8186993320698e-12,-0.487922960458693,0.013,0.022,3.94675942052468e-08,"7","cueO-5"
4.32693128383819e-12,0.409479536993993,0.034,0.023,9.38987357905725e-08,"7","serC-2"
7.21408918416912e-12,0.325379802646947,0.023,0.015,1.56552949385654e-07,"7","htrG-4"
8.43694101919869e-12,0.984379766409657,0.01,0.005,1.83090057057631e-07,"7","ybdG-1"
8.92992926224989e-12,0.485718327941407,0.026,0.017,1.93788394920085e-07,"7","plsB-5"
9.81527892664282e-12,-1.23642065601982,0.008,0.015,2.13001367987076e-07,"7","rpsC-2"
1.27503251107088e-11,0.47052566333042,0.025,0.016,2.76694805227491e-07,"7","lysS-1"
1.30329460180436e-11,0.126235362131229,0.087,0.07,2.82827961537564e-07,"7","zapA-1"
1.97848264580011e-11,0.264858558037259,0.044,0.032,4.29350518965083e-07,"7","yrdC-4"
2.68763623681307e-11,0.575273873903087,0.023,0.015,5.83243939750804e-07,"7","evgA-4"
2.8831408053825e-11,0.209192503093083,0.088,0.072,6.25670386176057e-07,"7","crr-1"
3.51745939151092e-11,-1.35055202831409,0.006,0.012,7.63323862551785e-07,"7","emrD-5"
3.63992103017777e-11,0.374149184014836,0.038,0.027,7.89899262758878e-07,"7","aspC-1"
3.97067701505989e-11,1.08851804881248,0.01,0.005,8.61676619038147e-07,"7","yqeG-2"
4.21628383823008e-11,-0.635142214296341,0.017,0.026,9.14975755734309e-07,"7","gntR-5"
5.30919711689323e-11,0.649209395517647,0.019,0.012,1.152148866337e-06,"7","fimD-2"
6.28722525749541e-11,0.739187827410425,0.02,0.013,1.36439075312908e-06,"7","pgi-2"
7.4776262027615e-11,-0.778475864929923,0.023,0.032,1.62271966226127e-06,"7","rplJ-2"
9.00251235954882e-11,0.352010035812698,0.054,0.041,1.95363520714569e-06,"7","speA-4"
1.20284437929884e-10,0.743531247522245,0.012,0.006,2.61029258751641e-06,"7","ycgF-5"
1.36501171839423e-10,0.405374474598029,0.025,0.017,2.96221193008733e-06,"7","lolB-5"
1.46616857804158e-10,0.221723616396706,0.064,0.051,3.18173243120803e-06,"7","uspE-1"
1.6323701372737e-10,0.918578887500835,0.011,0.006,3.54240643489766e-06,"7","carB-4"
1.72113956008679e-10,0.321823260749805,0.045,0.034,3.73504495934434e-06,"7","psd-1"
2.05283361435609e-10,0.474594496345415,0.037,0.027,4.45485422651415e-06,"7","metG-4"
2.25861540187383e-10,0.21890152542044,0.031,0.022,4.9014212836064e-06,"7","mdtI-4"
2.86647558983543e-10,0.228349083504308,0.057,0.045,6.22053867750186e-06,"7","ycbZ-5"
3.68795267181525e-10,0.143959291946384,0.077,0.062,8.00322609310628e-06,"7","valS-4"
3.99097442116308e-10,0.633993057485484,0.02,0.013,8.66081359136599e-06,"7","speD-1"
4.68796850860311e-10,0.483164010155047,0.019,0.012,1.01733604605196e-05,"7","rfaF-1"
4.79695057830568e-10,0.341106319759536,0.063,0.05,1.04098624499812e-05,"7","cfa-5"
5.20151819112086e-10,0.114119661646892,0.084,0.069,1.12878146265514e-05,"7","hns-2"
5.53153035145129e-10,0.263205557889218,0.045,0.034,1.20039740156844e-05,"7","yjcB-3"
6.35857999458708e-10,-1.02664322506405,0.011,0.018,1.37987544462534e-05,"7","tufB-2"
6.79880928554823e-10,0.460287644382585,0.021,0.014,1.47540960305682e-05,"7","uvrY-5"
7.47713940691417e-10,0.534671130398997,0.024,0.016,1.62261402269444e-05,"7","speG-3"
7.650898961576e-10,0.845063344443675,0.017,0.01,1.66032158365161e-05,"7","ybgA-3"
8.49181536840774e-10,0.144117801770772,0.084,0.069,1.84280885309816e-05,"7","gcd-2"
8.69801605309306e-10,0.145044920634402,0.075,0.061,1.88755646368173e-05,"7","talB-5"
1.10476300179132e-09,-1.21632699003288,0.009,0.015,2.39744619018734e-05,"7","fdoI-4"
1.10907310365689e-09,0.248937107227295,0.035,0.025,2.40679954224582e-05,"7","yccA-2"
1.2873903129879e-09,-0.980371429222227,0.008,0.013,2.79376571821505e-05,"7","pstS-5"
1.29031535885691e-09,-0.741333802558259,0.021,0.03,2.80011336025538e-05,"7","yrbL-1"
1.35831345943117e-09,0.461439537230037,0.024,0.016,2.94767603831159e-05,"7","glyA-5"
1.76258797366862e-09,0.258186874770256,0.041,0.031,3.82499216165827e-05,"7","ygdE-4"
1.89772711764778e-09,0.421271544800945,0.026,0.018,4.11825761800745e-05,"7","ptsP-4"
3.07520781048388e-09,0.709243632423047,0.015,0.009,6.67350846953107e-05,"7","arsB-2"
3.96107954466363e-09,0.473155925730036,0.039,0.03,8.59593871987454e-05,"7","cyaA-4"
4.53348496708928e-09,0.133094263187591,0.073,0.059,9.83811572708044e-05,"7","rpmG-2"
6.31845285158024e-09,0.274936028640571,0.03,0.022,0.000137116745332143,"7","yfiR-3"
6.37678071687737e-09,0.303415264782292,0.057,0.045,0.000138382518336956,"7","gmk-3"
6.98589603637433e-09,0.280199652908392,0.032,0.024,0.000151600929885359,"7","phoP-2"
7.14743780248053e-09,-0.978468166740822,0.008,0.014,0.00015510654775163,"7","trg-1"
7.27143996593338e-09,0.259198341658907,0.023,0.016,0.00015779751870072,"7","pck-2"
7.6880817741366e-09,0.392046621478919,0.032,0.024,0.000166839062580538,"7","pepN-1"
7.95501132810659e-09,-0.199075779419803,0.032,0.042,0.000172631700831241,"7","aroM-4"
8.11647745905405e-09,0.366374514775413,0.02,0.013,0.000176135677338932,"7","proS-4"
8.87529552616136e-09,0.257222019792306,0.059,0.047,0.000192602788213228,"7","aceA-5"
1.00436248329421e-08,0.326470375036802,0.03,0.022,0.000217956702499676,"7","lolD-3"
1.08365596854404e-08,0.321145144387983,0.022,0.015,0.000235164181733742,"7","minD-4"
1.1711254119687e-08,0.323311695310633,0.025,0.018,0.000254145925651328,"7","efp-5"
1.20948051324314e-08,0.399384482724077,0.018,0.012,0.000262469366178894,"7","puuP-5"
1.78040339471038e-08,-0.884641192170639,0.012,0.019,0.000386365340686099,"7","glnP-4"
1.78538077766313e-08,0.31508828452022,0.056,0.045,0.000387445482560675,"7","pdxH-2"
1.93171828555811e-08,0.126616742968969,0.059,0.048,0.000419202185148966,"7","cysB-5"
1.93916703324298e-08,0.240246324490373,0.044,0.034,0.000420818637884059,"7","infA-1"
1.97403034133502e-08,0.285616442683723,0.035,0.027,0.000428384324373113,"7","murI-2"
2.01448588149688e-08,0.440197565813417,0.027,0.019,0.000437163581143637,"7","grxD-2"
2.12380205732583e-08,-0.879394553141692,0.02,0.027,0.000460886284460278,"7","amiB-3"
2.20679178542541e-08,0.157366759703975,0.048,0.038,0.000478895885355168,"7","ytfL-3"
2.33608373633422e-08,0.881932693660673,0.01,0.006,0.000506953531621889,"7","ybaT-4"
2.41440945211315e-08,-0.799921240646922,0.011,0.017,0.000523950995203076,"7","yceG-2"
2.73804182768351e-08,0.282391215876099,0.041,0.032,0.000594182457025597,"7","tyrS-1"
3.41201038139678e-08,0.272292546143905,0.035,0.027,0.000740440372866916,"7","ptsN-2"
3.9130642054661e-08,0.582853968338091,0.015,0.01,0.000849174063228199,"7","yeaK-5"
4.42754671877176e-08,0.722027618294698,0.011,0.007,0.000960821913440661,"7","rna-4"
4.44186170914665e-08,0.617561818437481,0.017,0.011,0.000963928409501914,"7","ygaZ-1"
5.44994300349184e-08,0.400758115344186,0.013,0.008,0.00118269213118776,"7","ribA-4"
6.18135822034016e-08,-0.672619602631694,0.013,0.019,0.00134141654739602,"7","fepA-1"
6.41598621091393e-08,0.372544704026673,0.023,0.016,0.00139233316763043,"7","yigL-1"
7.12509125526858e-08,0.70736077294211,0.01,0.006,0.00154621605330584,"7","yhjV-3"
7.27509881194746e-08,0.513226124807842,0.023,0.017,0.00157876919318072,"7","yjjK-1"
8.08999711216224e-08,0.394517570245895,0.02,0.013,0.00175561027331033,"7","dsbA-2"
8.30199801917531e-08,0.145362333445053,0.027,0.019,0.00180161659014123,"7","yihE-1"
9.38453238705109e-08,-0.531909002888614,0.024,0.032,0.00203653737331396,"7","yfiP-4"
9.7176617910796e-08,0.579460983407137,0.01,0.006,0.00210882978528218,"7","thrA-3"
9.74908386968351e-08,-0.597576441055875,0.007,0.011,0.00211564869056002,"7","ygiD-1"
1.01014372274091e-07,0.376861426022293,0.028,0.02,0.00219211289272004,"7","yjeS-3"
1.07059018255263e-07,0.614087974649017,0.016,0.011,0.00232328775515747,"7","rfaC-2"
1.17591409369651e-07,-1.00382056319439,0.009,0.014,0.00255185117473081,"7","yeaY-4"
1.43748183896793e-07,-0.963988557064177,0.009,0.014,0.00311947933874431,"7","ptrA-5"
1.57488506559533e-07,-0.625896181088314,0.012,0.018,0.00341765808084842,"7","ydjN-2"
1.62796859505441e-07,0.485789024693517,0.028,0.021,0.00353285464812758,"7","fliY-3"
1.70766481857922e-07,0.486519096033633,0.025,0.018,0.00370580342279875,"7","seqA-5"
1.91201780806288e-07,-0.369042120153276,0.039,0.049,0.00414926984527726,"7","sufB-3"
2.13901214487935e-07,0.969999125165614,0.01,0.006,0.00464187025560267,"7","ymgB-2"
2.16665523521392e-07,0.354674890323265,0.022,0.016,0.00470185852593773,"7","yfiO-4"
2.27464905231116e-07,0.479467460922463,0.016,0.01,0.00493621590842046,"7","aroA-3"
2.29436304362323e-07,0.460803543647315,0.032,0.024,0.00497899724096677,"7","rssA-4"
2.37745653974363e-07,0.149278021264115,0.082,0.069,0.00515931843689765,"7","uvrA-4"
2.38714179263093e-07,0.264392240663148,0.032,0.024,0.00518033640418838,"7","accA-4"
2.41334527806656e-07,0.27573094800815,0.028,0.021,0.00523720058793223,"7","tyrR-3"
2.56649843479873e-07,-0.658329724818099,0.067,0.078,0.00556955825335672,"7","bax-4"
2.7286956793813e-07,0.262912490634628,0.051,0.042,0.00592154249382537,"7","icd-4"
3.0315897164182e-07,0.137319989974954,0.036,0.028,0.00657885284359913,"7","fldA-4"
3.11993347338947e-07,0.508802645270722,0.015,0.01,0.00677056763060248,"7","ychJ-5"
3.12766520596756e-07,0.603550240594502,0.016,0.011,0.0067873462634702,"7","folK-3"
4.10358269996883e-07,0.405771038342455,0.025,0.019,0.00890518481720236,"7","yfbQ-3"
4.49076217649113e-07,0.594840713739765,0.01,0.006,0.00974540299920341,"7","yjbD-5"
4.52122387708413e-07,0.529189114886361,0.018,0.012,0.00981150793566027,"7","ycgZ-3"
4.57516072541756e-07,0.171243477153394,0.041,0.033,0.00992855629022864,"7","pgm-3"
5.02152215603715e-07,-0.381377388364036,0.023,0.03,0.0108972052308162,"7","gsk-2"
6.19166553203334e-07,-0.669115032469876,0.016,0.022,0.0134365333710656,"7","ribD-4"
6.2000611789375e-07,0.685872714467858,0.01,0.006,0.0134547527644123,"7","ytfE-2"
6.93719858189674e-07,0.588218297407291,0.011,0.007,0.0150544146425741,"7","yeaJ-5"
6.96062426453875e-07,-0.650808782958908,0.033,0.042,0.0151052507164755,"7","cdsA-1"
6.99164525172294e-07,0.217816463316899,0.066,0.056,0.0151725693607639,"7","yjgI-4"
7.06362770831279e-07,0.365296085932904,0.013,0.008,0.0153287784898096,"7","pspE-5"
7.06890338332094e-07,0.853542745446622,0.012,0.008,0.0153402272321448,"7","yafE-1"
7.428838526388e-07,0.512218177190145,0.014,0.01,0.0161213224861146,"7","moeA-3"
8.8361245784013e-07,0.435519993600189,0.011,0.007,0.0191752739475887,"7","yciC-4"
9.05877628498123e-07,0.540507191900945,0.017,0.012,0.0196584504160378,"7","galU-5"
9.11028889437948e-07,-0.780920352293811,0.015,0.021,0.0197702379296929,"7","ygdK-3"
1.14336801877597e-06,-0.615601629434223,0.013,0.019,0.0248122293754573,"7","sufC-5"
1.1875460144605e-06,0.468430649064554,0.011,0.007,0.0257709360598072,"7","ygfI-3"
1.20010582505274e-06,0.15041684220731,0.089,0.077,0.0260434965094695,"7","thrS-1"
1.31893875677545e-06,-0.713056566463464,0.007,0.011,0.0286222899607841,"7","csiE-3"
1.40444582861901e-06,0.114947466280467,0.072,0.061,0.030477878926861,"7","gyrA-4"
1.53545243668173e-06,-0.667641407437466,0.009,0.014,0.0333208533284301,"7","raiA-1"
1.57941364488216e-06,0.212841560896417,0.054,0.044,0.0342748555075877,"7","lon-5"
2.11381000320564e-06,0.746155096275017,0.012,0.007,0.0458717908795656,"7","gcvR-1"
2.13731056119359e-06,0.137203675470501,0.053,0.044,0.0463817764884621,"7","pepP-5"
2.17256505112974e-06,0.356561678770168,0.018,0.013,0.0471468341745664,"7","dps-5"
2.26140300324571e-06,0.496925111506793,0.012,0.008,0.0490747065734352,"7","hpf-2"
2.31997086863577e-06,0.431317352639261,0.02,0.014,0.0503456878202649,"7","yciX-3"
2.42271619826636e-06,0.227265026472111,0.026,0.02,0.0525753642185783,"7","srmB-4"
2.71826507691853e-06,0.612677566812105,0.01,0.006,0.0589890704342089,"7","ribC-4"
2.75243408907055e-06,-0.687167093608361,0.012,0.018,0.05973057216692,"7","lpxM-4"
2.8763999357649e-06,0.447015781818041,0.013,0.009,0.0624207550060341,"7","yjgF-1"
2.90364127166979e-06,-0.329687042398579,0.019,0.025,0.0630119192365061,"7","yebV-5"
2.9856559757256e-06,0.554889573023567,0.016,0.011,0.0647917203292213,"7","rssB-2"
3.05544993536446e-06,0.511440049567409,0.016,0.011,0.0663063190473441,"7","nuoB-1"
3.10123217748957e-06,0.252168865989684,0.013,0.009,0.0672998394837011,"7","yfdH-4"
3.33239067666563e-06,-0.418572691929725,0.105,0.117,0.0723162100743207,"7","ycbK-2"
3.44594361026061e-06,0.220907269311776,0.028,0.022,0.0747804222862655,"7","yciB-2"
3.55309754671263e-06,0.392512767782541,0.021,0.015,0.0771057698612109,"7","yrdD-1"
3.58079418107356e-06,0.676707319486929,0.011,0.007,0.0777068145234773,"7","ubiA-1"
3.58729063877108e-06,0.127391589726113,0.045,0.037,0.0778477941519712,"7","cld-5"
3.64109377889321e-06,0.125560146081636,0.045,0.037,0.0790153760957615,"7","ppiD-4"
3.70769983604488e-06,0.718719935781249,0.013,0.009,0.08046079414201,"7","ymgA-2"
4.30134475759944e-06,0.23139916700694,0.025,0.019,0.0933434825846655,"7","ymjA-2"
4.31505605290996e-06,0.346455073964979,0.019,0.013,0.093641031404199,"7","yceB-5"
4.67905440671257e-06,-0.244701253799846,0.414,0.411,0.101540159680069,"7","rplL-3"
4.70544525047838e-06,0.175136552451034,0.028,0.022,0.102112867380631,"7","slyD-4"
5.41568133996674e-06,0.528421303015592,0.01,0.006,0.117525700758618,"7","yidA-5"
5.72509777520366e-06,0.454264077990651,0.022,0.016,0.124240346819695,"7","nagE-4"
6.26511378167719e-06,0.161611670825383,0.031,0.025,0.135959234176177,"7","rfaD-2"
6.64035835701246e-06,-0.538508000989212,0.014,0.019,0.144102416705527,"7","yojI-6"
6.68454994397721e-06,0.288412417460464,0.027,0.021,0.145061418334249,"7","pyrC-5"
6.78160998037358e-06,0.162356020873191,0.03,0.023,0.147167718184087,"7","feoB-2"
7.78566287121123e-06,0.222975049254723,0.027,0.021,0.168956669968155,"7","rsxC-5"
8.66202520473398e-06,0.256865589608739,0.021,0.016,0.187974608967932,"7","hemC-4"
8.74062301304213e-06,0.163981209378328,0.049,0.041,0.189680260006027,"7","ybiP-1"
9.35142872414062e-06,0.179057224201328,0.024,0.019,0.202935354742576,"7","mipA-1"
1.02468123397403e-05,0.266825288367624,0.019,0.014,0.222366074584704,"7","trkH-4"
1.04642655152809e-05,0.238810901048538,0.031,0.024,0.227085025947111,"7","tktA-4"
1.09543319214405e-05,0.538006643231077,0.018,0.013,0.23771995702718,"7","aaeB-1"
1.82448307715816e-05,0.663292464587418,0.013,0.009,0.395931072574091,"7","yjaG-5"
1.833610761119e-05,0.59468908236705,0.013,0.009,0.397911871270434,"7","pgsA-1"
1.8498810649878e-05,0.598355831185623,0.013,0.009,0.401442689913003,"7","bcp-2"
1.8913894584218e-05,0.277305777370404,0.021,0.016,0.410450426372116,"7","prmB-5"
2.06918424004742e-05,-0.647114570571008,0.074,0.083,0.44903367193269,"7","rplD-2"
2.11779270985461e-05,-0.936824697994483,0.009,0.014,0.459582195965548,"7","yjeE-2"
2.30766456506949e-05,-0.343896297469392,0.013,0.018,0.50078628726573,"7","gntK-1"
2.423445658427e-05,-0.79009982845635,0.01,0.015,0.525911942335243,"7","rpsQ-3"
2.50189033776581e-05,0.360482672450617,0.028,0.022,0.542935222198557,"7","nuoA-3"
2.51526781258944e-05,-0.715150120635828,0.012,0.017,0.545838268010034,"7","yfeA-5"
2.78914278684241e-05,0.381023492905079,0.013,0.009,0.605271876172672,"7","yccK-3"
2.87761043252831e-05,0.282589316020196,0.026,0.02,0.624470239962968,"7","rffE-1"
3.32936469785116e-05,0.240233398258631,0.04,0.033,0.72250543308068,"7","gapC-4"
3.34967624816102e-05,0.21315950928941,0.048,0.041,0.726913242613423,"7","aceB-1"
3.58916500001569e-05,0.13850260898432,0.029,0.023,0.778884696653405,"7","thiL-1"
3.8467116089096e-05,0.321086230145449,0.02,0.015,0.834774886249472,"7","yeeX-4"
3.98228963500066e-05,0.14645052652516,0.026,0.02,0.864196673691493,"7","panC-4"
4.28701536160099e-05,0.616489517048371,0.01,0.007,0.930325203621031,"7","htrL-1"
4.59944918537459e-05,0.610821441587644,0.011,0.008,0.99812646771814,"7","cvrA-4"
4.6513533166932e-05,0.237854534834117,0.021,0.016,1,"7","kdsC-4"
5.09757150989357e-05,0.218612313280572,0.014,0.01,1,"7","mdlA-2"
5.83208895384976e-05,0.309805747875202,0.01,0.006,1,"7","ydgJ-5"
6.60512921993949e-05,0.441764146214934,0.012,0.009,1,"7","lolE-1"
6.74376527826677e-05,0.533411197380005,0.015,0.011,1,"7","aroG-1"
6.97330070899327e-05,-0.324983739677783,0.12,0.131,1,"7","rplF-3"
7.97529211247609e-05,0.262459430807643,0.025,0.02,1,"7","mrp-3"
8.13965683735263e-05,0.372364789473363,0.011,0.008,1,"7","ybhK-3"
8.62838331562858e-05,0.13214166169924,0.054,0.046,1,"7","aroK-1"
8.69212879720456e-05,0.272752285447805,0.013,0.009,1,"7","rfbB-2"
8.82721187462212e-05,-0.39779041501721,0.008,0.011,1,"7","ybhG-1"
9.00220069481727e-05,0.508433010191655,0.012,0.008,1,"7","sgrR-1"
9.46035614891659e-05,0.557599435560216,0.011,0.008,1,"7","yceF-5"
9.48727525991165e-05,0.433498428783146,0.02,0.016,1,"7","tpiA-3"
9.57370252105902e-05,0.426781106604597,0.014,0.01,1,"7","hpt-3"
9.62954840951929e-05,0.616763181318401,0.016,0.012,1,"7","nagD-4"
0.000101529971579965,0.1349905032981,0.021,0.016,1,"7","kbl-2"
0.000103069455827021,0.235935499495478,0.027,0.021,1,"7","ycdZ-4"
0.000106696850097367,-0.410887099386788,0.047,0.054,1,"7","mioC-3"
0.000107095165762349,0.437788763128212,0.021,0.016,1,"7","gshB-5"
0.000109829696555679,0.124741420381601,0.021,0.017,1,"7","zwf-1"
0.000113781473102785,0.282891718586483,0.024,0.019,1,"7","secB-4"
0.000121866273961287,0.142569381218966,0.024,0.019,1,"7","acrB-5"
0.000129391351351661,0.34261492901794,0.023,0.018,1,"7","ycfD-3"
0.000136988906693375,0.317106407304449,0.029,0.024,1,"7","yheO-4"
0.000139023882625043,0.49379641511014,0.016,0.012,1,"7","ppx-3"
0.000149128247666587,0.138872818353433,0.029,0.023,1,"7","dedA-1"
0.000149974104309511,0.321570569918885,0.018,0.013,1,"7","pdxA-5"
0.000150836071202004,0.596068491735966,0.01,0.007,1,"7","yceA-5"
0.000153728088325216,0.401985525719677,0.01,0.007,1,"7","yciT-1"
0.000154868605346167,0.579595040244802,0.01,0.007,1,"7","yfgD-4"
0.000162290534365721,0.317844776171813,0.019,0.015,1,"7","slyA-2"
0.000171120345024356,0.178147694355386,0.039,0.032,1,"7","rsgA-5"
0.000178125386258947,0.430444800126965,0.013,0.009,1,"7","insI-1-1"
0.000182907114807484,0.260299353399682,0.027,0.022,1,"7","ispE-5"
0.00018701740342575,0.125612149378589,0.018,0.014,1,"7","yhdL-5"
0.000194849399006361,0.138639699402031,0.041,0.035,1,"7","fhuA-4"
0.000195765492005529,-0.534648367383521,0.013,0.017,1,"7","accB-2"
0.000202529125159772,-0.548190178092153,0.031,0.038,1,"7","rseP-4"
0.000223363943116015,0.125867387426838,0.022,0.018,1,"7","fadR-2"
0.000225002920821502,0.338040829050237,0.018,0.013,1,"7","ygeQ-3"
0.000228815773803268,0.328576954008206,0.017,0.013,1,"7","yneH-5"
0.000228889185130107,-0.260424017726775,0.034,0.04,1,"7","yfiQ-1"
0.000233659923346252,-0.265251594993702,0.061,0.069,1,"7","sodB-5"
0.000248858759285264,0.141873343648081,0.031,0.025,1,"7","fkpA-1"
0.000250658764051972,0.218834104308818,0.028,0.023,1,"7","serS-1"
0.000278146164391835,0.206321545530296,0.016,0.012,1,"7","ydhC-3"
0.000288462737435202,0.234896811120311,0.019,0.015,1,"7","speE-4"
0.000296652621919583,-0.56257176991025,0.04,0.046,1,"7","ygiT-1"
0.000304375606951493,0.483155604211993,0.01,0.007,1,"7","yiiD-2"
0.000313892725822657,0.291142088343761,0.013,0.01,1,"7","ddlA-4"
0.00031532636464454,0.606473422973489,0.01,0.007,1,"7","yfjG-2"
0.000327227190871246,0.577482401618091,0.012,0.009,1,"7","iap-1"
0.000330907574884516,0.325279131843105,0.01,0.007,1,"7","yejO-5"
0.000362611822974814,-0.660888174785367,0.007,0.01,1,"7","fadD-3"
0.000373222995377918,0.169043793838124,0.017,0.013,1,"7","ytjC-3"
0.000381590687735184,0.509990655692756,0.021,0.016,1,"7","frmA-3"
0.00039744518216404,0.346336341486168,0.012,0.009,1,"7","ydiJ-4"
0.000401364322639541,-0.54644895309594,0.014,0.018,1,"7","pgpB-3"
0.000425619903626654,0.410079692078106,0.014,0.01,1,"7","lolC-3"
0.000473028789054607,-0.274632741564543,0.054,0.062,1,"7","yhaV-1"
0.000488661245786553,0.146945068378035,0.047,0.041,1,"7","ychQ-5"
0.000531948345403288,-0.550068512508474,0.027,0.032,1,"7","rluB-4"
0.000549461886672569,-0.358250160732358,0.014,0.018,1,"7","trkA-1"
0.000587509213651049,-0.505520167920573,0.013,0.016,1,"7","yedQ-3"
0.000603628128405923,-0.382817093078028,0.01,0.014,1,"7","yohC-6"
0.000699218166842621,0.243022554848196,0.014,0.01,1,"7","yhcB-1"
0.000718166622005472,0.262623074800217,0.01,0.007,1,"7","glyS-3"
0.000743120285244856,-0.555604269815961,0.075,0.082,1,"7","rplC-3"
0.000757774006672319,0.400165969911022,0.015,0.011,1,"7","arcB-2"
0.00079770644981156,0.225402590806205,0.018,0.014,1,"7","yhbN-4"
0.000854837092776127,0.231457736263742,0.025,0.02,1,"7","aaeA-1"
0.000908454646398688,-0.607549098780814,0.011,0.014,1,"7","yojL-3"
0.000928171887773445,-0.392733074922717,0.086,0.094,1,"7","nudB-2"
0.000980758941794012,-0.257818292520563,0.13,0.139,1,"7","katG-5"
0.00100661325091885,0.102186219972669,0.032,0.027,1,"7","gshA-4"
0.00106366231964956,0.144897837677265,0.042,0.036,1,"7","acnB-5"
0.00112182215374024,-0.436314310074682,0.032,0.037,1,"7","glnL-3"
0.00113612988684454,0.256411353332635,0.04,0.035,1,"7","acnA-3"
0.00127382429781257,0.249545119857576,0.018,0.014,1,"7","nagK-2"
0.00132441609362444,-0.523408044338735,0.009,0.012,1,"7","rnt-3"
0.0013633254391301,0.630194705595054,0.013,0.01,1,"7","elbB-4"
0.00139913908200207,0.251936513219881,0.019,0.015,1,"7","relE-5"
0.00146584587271379,0.21949182626522,0.025,0.02,1,"7","dnaC-4"
0.00147101259617482,0.352228621188232,0.012,0.009,1,"7","cysS-4"
0.00148115032904352,0.28831604413427,0.011,0.008,1,"7","yfcO-3"
0.00150710875796354,0.284708630843188,0.012,0.009,1,"7","ppk-3"
0.00152486510964229,0.16605354287515,0.012,0.009,1,"7","ygdQ-1"
0.00157337287372686,0.249427129160741,0.015,0.011,1,"7","ubiG-1"
0.00159009670799613,-0.564720851567197,0.016,0.02,1,"7","cspB-3"
0.00169299372720415,0.383348261805296,0.011,0.008,1,"7","dld-1"
0.00178825573896285,-0.520053515734094,0.028,0.033,1,"7","dacA-4"
0.0018426074513225,0.133107647846394,0.017,0.014,1,"7","ybbK-5"
0.00195309461627835,0.4440534851678,0.012,0.009,1,"7","amn-3"
0.00207488609691667,0.19531235727448,0.028,0.023,1,"7","avtA-2"
0.00211675694010952,0.119519639230238,0.012,0.009,1,"7","rfaQ-1"
0.0021688774831103,0.299283238382005,0.014,0.011,1,"7","ydhS-1"
0.00223328946494565,0.234266471583864,0.015,0.012,1,"7","yjeP-4"
0.00233902800776053,0.263517693428101,0.01,0.008,1,"7","gmhB-5"
0.0023798932404636,0.328554425730399,0.02,0.016,1,"7","sdhB-3"
0.0025131184487048,-0.371203379709405,0.01,0.013,1,"7","glcC-5"
0.00256082798608844,0.426989363533218,0.012,0.01,1,"7","dcyD-5"
0.00257255572093784,0.256818423023375,0.013,0.01,1,"7","ydgA-3"
0.00273508411352996,0.109572233020824,0.021,0.018,1,"7","puuR-5"
0.00288533104150942,-0.794736582151653,0.008,0.011,1,"7","tppB-1"
0.00289470133947966,-0.120833403905761,0.221,0.205,1,"7","spoT-1"
0.00291722767645987,-0.617299365249408,0.018,0.021,1,"7","yqaB-3"
0.00300170240866498,0.202042727272421,0.033,0.028,1,"7","gor-5"
0.00310213865988517,0.128315509611039,0.03,0.025,1,"7","adhP-1"
0.00312247389129445,0.373900847844312,0.023,0.019,1,"7","yecJ-2"
0.00320198229665283,0.240950531259435,0.018,0.015,1,"7","talA-5"
0.00341868606510001,-0.240651015263815,0.012,0.015,1,"7","yeaG-2"
0.00344240080849847,0.266463378654807,0.017,0.014,1,"7","allR-1"
0.0034790163573674,-0.216186888477389,0.008,0.011,1,"7","yhjY-4"
0.0035399498182081,-0.521486366930297,0.037,0.042,1,"7","secY-2"
0.00358661366878406,0.297528294862239,0.023,0.019,1,"7","nudH-4"
0.00358724184109939,-0.19610089375601,0.058,0.064,1,"7","arcA-2"
0.00368461987942237,-0.702912414136836,0.008,0.011,1,"7","thiF-1"
0.00388520845644187,0.211023794632085,0.015,0.012,1,"7","yabP-5"
0.00389150325771956,0.245241328248187,0.015,0.012,1,"7","yebY-2"
0.00393716263818635,0.259917825046245,0.03,0.025,1,"7","sfcA-5"
0.0041558185110642,0.142538111265501,0.028,0.024,1,"7","oppB-4"
0.00428741815699065,-0.287943366173256,0.224,0.228,1,"7","dnaA-3"
0.00429472108194946,0.309085336276769,0.01,0.008,1,"7","mnmC-1"
0.00438657870351937,-0.443712787660512,0.018,0.021,1,"7","dinG-5"
0.00446583064008287,0.23216955259879,0.016,0.013,1,"7","ubiC-4"
0.00450994122519593,0.207698047209623,0.013,0.01,1,"7","cydA-1"
0.00451176389754773,-0.649800858392083,0.016,0.02,1,"7","kefA-3"
0.00464938675033222,-0.397692429254358,0.019,0.023,1,"7","yegW-3"
0.00491420916612853,-0.414724902585193,0.023,0.027,1,"7","guaC-1"
0.00498580531601467,0.235030379304353,0.011,0.009,1,"7","btuB-2"
0.00511204481122785,0.10679890432864,0.03,0.026,1,"7","folE-2"
0.00511757723956506,0.170664266514416,0.021,0.017,1,"7","lrp-2"
0.005180263646359,0.159851715789345,0.037,0.032,1,"7","grxA-4"
0.00518222094465024,0.126251841101853,0.024,0.02,1,"7","yejM-5"
0.00535734496061012,0.232037588735976,0.012,0.01,1,"7","minC-2"
0.00536017051671338,0.241356379838057,0.012,0.01,1,"7","smpB-1"
0.00546264569713947,0.171859935927146,0.012,0.009,1,"7","ychO-5"
0.00555552195440997,0.247373637837574,0.019,0.016,1,"7","gpp-1"
0.00567405382228325,0.221435020470165,0.021,0.017,1,"7","yggW-5"
0.00572560729247824,0.17721056419794,0.016,0.013,1,"7","slyB-2"
0.00588321117324012,-0.311744584098555,0.013,0.016,1,"7","yncE-1"
0.00653747152894755,0.31848644331691,0.011,0.009,1,"7","fliC-5"
0.00671232257962153,-0.465734742045138,0.012,0.015,1,"7","pphA-5"
0.00678594535479262,0.46656815005112,0.01,0.007,1,"7","yhcM-3"
0.0069326355875346,0.259203066281829,0.014,0.011,1,"7","ydhK-4"
0.0072575026776085,-0.345906741102284,0.014,0.017,1,"7","gntU-4"
0.00759558843815817,0.390134563945792,0.01,0.008,1,"7","ylaB-4"
0.0077940977338825,-0.238842630778394,0.037,0.042,1,"7","yejG-5"
0.00785982983333125,0.204975209100244,0.01,0.008,1,"7","tyrB-5"
0.00789876207038245,-0.122951872308851,0.169,0.157,1,"7","nusG-4"
0.00828778078810542,0.139258857062294,0.012,0.009,1,"7","ydcN-1"
0.00840660688794593,0.204108706235827,0.018,0.015,1,"7","ygeR-2"
0.00854435846017195,0.531419424365483,0.022,0.019,1,"7","frmB-1"
0.0086539297338355,0.287386207013092,0.011,0.009,1,"7","rumA-4"
0.00889394715001126,0.320772114475098,0.015,0.012,1,"7","dmsD-1"
0.00889668449935557,0.105032660721259,0.011,0.009,1,"7","mutS-5"
0.00892476793402179,0.378333212045453,0.01,0.008,1,"7","purL-2"
0.00917580700586671,0.271254963084553,0.012,0.009,1,"7","ydfG-5"
0.00987009215365134,-0.321137483658103,0.054,0.059,1,"7","nrdR-2"
0.00994833542642294,-0.143042630425288,0.027,0.023,1,"7","phnA-5"
0.00999337006965811,-0.423734646092199,0.03,0.034,1,"7","ompA-4"
