culture,mutation_id,coordinate,source_label,day,frequency
1,8350|T|C|P,8350,talB L38P,0,0
1,8350|T|C|P,8350,talB L38P,3,0
1,8350|T|C|P,8350,talB L38P,16,0
1,8350|T|C|P,8350,talB L38P,19,0
1,8350|T|C|P,8350,talB L38P,31,0
1,8350|T|C|P,8350,talB L38P,34,0
1,8350|T|C|P,8350,talB L38P,47,0.11
1,8350|T|C|P,8350,talB L38P,55,0
1,8350|T|C|P,8350,talB L38P,63,0
1,8350|T|C|P,8350,talB L38P,82,0
1,8368|A|CTTAACGCAGCGCA|,8368,talB small_indel,0,0
1,8368|A|CTTAACGCAGCGCA|,8368,talB small_indel,3,0
1,8368|A|CTTAACGCAGCGCA|,8368,talB small_indel,16,0
1,8368|A|CTTAACGCAGCGCA|,8368,talB small_indel,19,0
1,8368|A|CTTAACGCAGCGCA|,8368,talB small_indel,31,0
1,8368|A|CTTAACGCAGCGCA|,8368,talB small_indel,34,0
1,8368|A|CTTAACGCAGCGCA|,8368,talB small_indel,47,0.17
1,8368|A|CTTAACGCAGCGCA|,8368,talB small_indel,55,0
1,8368|A|CTTAACGCAGCGCA|,8368,talB small_indel,63,0
1,8368|A|CTTAACGCAGCGCA|,8368,talB small_indel,82,0
1,74166|C|T|D,74166,thiP G119D,0,0
1,74166|C|T|D,74166,thiP G119D,3,0
1,74166|C|T|D,74166,thiP G119D,16,0
1,74166|C|T|D,74166,thiP G119D,19,0
1,74166|C|T|D,74166,thiP G119D,31,0.69
1,74166|C|T|D,74166,thiP G119D,34,0
1,74166|C|T|D,74166,thiP G119D,47,0
1,74166|C|T|D,74166,thiP G119D,55,0
1,74166|C|T|D,74166,thiP G119D,63,0
1,74166|C|T|D,74166,thiP G119D,82,0
1,396591|TTAA||,396591,ampH/sbmA mobile_element_insertion,0,0
1,396591|TTAA||,396591,ampH/sbmA mobile_element_insertion,3,0
1,396591|TTAA||,396591,ampH/sbmA mobile_element_insertion,16,0
1,396591|TTAA||,396591,ampH/sbmA mobile_element_insertion,19,0
1,396591|TTAA||,396591,ampH/sbmA mobile_element_insertion,31,0
1,396591|TTAA||,396591,ampH/sbmA mobile_element_insertion,34,0.51
1,396591|TTAA||,396591,ampH/sbmA mobile_element_insertion,47,0.13
1,396591|TTAA||,396591,ampH/sbmA mobile_element_insertion,55,0
1,396591|TTAA||,396591,ampH/sbmA mobile_element_insertion,63,0
1,396591|TTAA||,396591,ampH/sbmA mobile_element_insertion,82,0
1,397126|T|A|E,397126,sbmA V163E,0,0
1,397126|T|A|E,397126,sbmA V163E,3,0
1,397126|T|A|E,397126,sbmA V163E,16,0
1,397126|T|A|E,397126,sbmA V163E,19,0
1,397126|T|A|E,397126,sbmA V163E,31,0
1,397126|T|A|E,397126,sbmA V163E,34,0.22
1,397126|T|A|E,397126,sbmA V163E,47,0
1,397126|T|A|E,397126,sbmA V163E,55,0
1,397126|T|A|E,397126,sbmA V163E,63,0
1,397126|T|A|E,397126,sbmA V163E,82,0
1,397774|T||,397774,sbmA small_indel,0,0
1,397774|T||,397774,sbmA small_indel,3,0
1,397774|T||,397774,sbmA small_indel,16,0
1,397774|T||,397774,sbmA small_indel,19,0
1,397774|T||,397774,sbmA small_indel,31,0
1,397774|T||,397774,sbmA small_indel,34,0.2
1,397774|T||,397774,sbmA small_indel,47,0
1,397774|T||,397774,sbmA small_indel,55,0.8
1,397774|T||,397774,sbmA small_indel,63,0.84
1,397774|T||,397774,sbmA small_indel,82,0.37
1,459136|G|A|L,459136,lon L83L,0,0
1,459136|G|A|L,459136,lon L83L,3,0
1,459136|G|A|L,459136,lon L83L,16,0
1,459136|G|A|L,459136,lon L83L,19,0
1,459136|G|A|L,459136,lon L83L,31,0.67
1,459136|G|A|L,459136,lon L83L,34,0
1,459136|G|A|L,459136,lon L83L,47,0
1,459136|G|A|L,459136,lon L83L,55,0
1,459136|G|A|L,459136,lon L83L,63,0
1,459136|G|A|L,459136,lon L83L,82,0
1,667233|C|A|S,667233,mrdA A329S,0,0
1,667233|C|A|S,667233,mrdA A329S,3,0
1,667233|C|A|S,667233,mrdA A329S,16,0
1,667233|C|A|S,667233,mrdA A329S,19,0
1,667233|C|A|S,667233,mrdA A329S,31,0
1,667233|C|A|S,667233,mrdA A329S,34,0
1,667233|C|A|S,667233,mrdA A329S,47,0
1,667233|C|A|S,667233,mrdA A329S,55,0
1,667233|C|A|S,667233,mrdA A329S,63,0
1,667233|C|A|S,667233,mrdA A329S,82,0.13
1,759127|T|C|A,759127,sucA V141A,0,0
1,759127|T|C|A,759127,sucA V141A,3,0
1,759127|T|C|A,759127,sucA V141A,16,0
1,759127|T|C|A,759127,sucA V141A,19,0
1,759127|T|C|A,759127,sucA V141A,31,0
1,759127|T|C|A,759127,sucA V141A,34,0
1,759127|T|C|A,759127,sucA V141A,47,0.72
1,759127|T|C|A,759127,sucA V141A,55,0.13
1,759127|T|C|A,759127,sucA V141A,63,0
1,759127|T|C|A,759127,sucA V141A,82,0
1,822909|G|A|G,822909,clsB G277G,0,0
1,822909|G|A|G,822909,clsB G277G,3,0
1,822909|G|A|G,822909,clsB G277G,16,0
1,822909|G|A|G,822909,clsB G277G,19,0
1,822909|G|A|G,822909,clsB G277G,31,0
1,822909|G|A|G,822909,clsB G277G,34,0.58
1,822909|G|A|G,822909,clsB G277G,47,0.21
1,822909|G|A|G,822909,clsB G277G,55,0.88
1,822909|G|A|G,822909,clsB G277G,63,0.9
1,822909|G|A|G,822909,clsB G277G,82,0.41
1,847955|G|A|V,847955,glnH A17V,0,0
1,847955|G|A|V,847955,glnH A17V,3,0
1,847955|G|A|V,847955,glnH A17V,16,0
1,847955|G|A|V,847955,glnH A17V,19,0
1,847955|G|A|V,847955,glnH A17V,31,0.35
1,847955|G|A|V,847955,glnH A17V,34,0
1,847955|G|A|V,847955,glnH A17V,47,0
1,847955|G|A|V,847955,glnH A17V,55,0
1,847955|G|A|V,847955,glnH A17V,63,0
1,847955|G|A|V,847955,glnH A17V,82,0
1,1058165|GGCAT||,1058165,torC mobile_element_insertion,0,0
1,1058165|GGCAT||,1058165,torC mobile_element_insertion,3,0
1,1058165|GGCAT||,1058165,torC mobile_element_insertion,16,0
1,1058165|GGCAT||,1058165,torC mobile_element_insertion,19,0
1,1058165|GGCAT||,1058165,torC mobile_element_insertion,31,0.71
1,1058165|GGCAT||,1058165,torC mobile_element_insertion,34,0
1,1058165|GGCAT||,1058165,torC mobile_element_insertion,47,0
1,1058165|GGCAT||,1058165,torC mobile_element_insertion,55,0
1,1058165|GGCAT||,1058165,torC mobile_element_insertion,63,0
1,1058165|GGCAT||,1058165,torC mobile_element_insertion,82,0
1,1087565|T|G|I,1087565,pgaC I94I,0,0
1,1087565|T|G|I,1087565,pgaC I94I,3,0
1,1087565|T|G|I,1087565,pgaC I94I,16,0
1,1087565|T|G|I,1087565,pgaC I94I,19,0
1,1087565|T|G|I,1087565,pgaC I94I,31,0
1,1087565|T|G|I,1087565,pgaC I94I,34,0.1
1,1087565|T|G|I,1087565,pgaC I94I,47,0
1,1087565|T|G|I,1087565,pgaC I94I,55,0
1,1087565|T|G|I,1087565,pgaC I94I,63,0
1,1087565|T|G|I,1087565,pgaC I94I,82,0
1,1196220|C|T|H,1196220,icd H366H,0,0
1,1196220|C|T|H,1196220,icd H366H,3,0
1,1196220|C|T|H,1196220,icd H366H,16,1
1,1196220|C|T|H,1196220,icd H366H,19,1
1,1196220|C|T|H,1196220,icd H366H,31,1
1,1196220|C|T|H,1196220,icd H366H,34,0
1,1196220|C|T|H,1196220,icd H366H,47,1
1,1196220|C|T|H,1196220,icd H366H,55,1
1,1196220|C|T|H,1196220,icd H366H,63,1
1,1196220|C|T|H,1196220,icd H366H,82,1
1,1196232|C|T|T,1196232,icd T370T,0,0
1,1196232|C|T|T,1196232,icd T370T,3,0
1,1196232|C|T|T,1196232,icd T370T,16,0
1,1196232|C|T|T,1196232,icd T370T,19,0
1,1196232|C|T|T,1196232,icd T370T,31,0
1,1196232|C|T|T,1196232,icd T370T,34,0
1,1196232|C|T|T,1196232,icd T370T,47,1
1,1196232|C|T|T,1196232,icd T370T,55,1
1,1196232|C|T|T,1196232,icd T370T,63,1
1,1196232|C|T|T,1196232,icd T370T,82,0
1,1196245|T|C|M,1196245,icd L375M,0,0
1,1196245|T|C|M,1196245,icd L375M,3,0
1,1196245|T|C|M,1196245,icd L375M,16,0
1,1196245|T|C|M,1196245,icd L375M,19,0
1,1196245|T|C|M,1196245,icd L375M,31,0
1,1196245|T|C|M,1196245,icd L375M,34,0
1,1196245|T|C|M,1196245,icd L375M,47,1
1,1196245|T|C|M,1196245,icd L375M,55,1
1,1196245|T|C|M,1196245,icd L375M,63,0
1,1196245|T|C|M,1196245,icd L375M,82,0
1,1196247|A|G|M,1196247,icd L375M,0,0
1,1196247|A|G|M,1196247,icd L375M,3,0
1,1196247|A|G|M,1196247,icd L375M,16,0
1,1196247|A|G|M,1196247,icd L375M,19,0
1,1196247|A|G|M,1196247,icd L375M,31,0
1,1196247|A|G|M,1196247,icd L375M,34,0
1,1196247|A|G|M,1196247,icd L375M,47,1
1,1196247|A|G|M,1196247,icd L375M,55,1
1,1196247|A|G|M,1196247,icd L375M,63,0
1,1196247|A|G|M,1196247,icd L375M,82,0
1,1447641|T|A|E,1447641,feaB D41E,0,0
1,1447641|T|A|E,1447641,feaB D41E,3,0
1,1447641|T|A|E,1447641,feaB D41E,16,1
1,1447641|T|A|E,1447641,feaB D41E,19,0.25
1,1447641|T|A|E,1447641,feaB D41E,31,0.76
1,1447641|T|A|E,1447641,feaB D41E,34,0
1,1447641|T|A|E,1447641,feaB D41E,47,0
1,1447641|T|A|E,1447641,feaB D41E,55,0
1,1447641|T|A|E,1447641,feaB D41E,63,0
1,1447641|T|A|E,1447641,feaB D41E,82,0
1,1532254|GAGAAATCT||,1532254,ydcC mobile_element_insertion,0,0
1,1532254|GAGAAATCT||,1532254,ydcC mobile_element_insertion,3,0
1,1532254|GAGAAATCT||,1532254,ydcC mobile_element_insertion,16,0
1,1532254|GAGAAATCT||,1532254,ydcC mobile_element_insertion,19,0
1,1532254|GAGAAATCT||,1532254,ydcC mobile_element_insertion,31,0
1,1532254|GAGAAATCT||,1532254,ydcC mobile_element_insertion,34,0.11
1,1532254|GAGAAATCT||,1532254,ydcC mobile_element_insertion,47,0
1,1532254|GAGAAATCT||,1532254,ydcC mobile_element_insertion,55,0
1,1532254|GAGAAATCT||,1532254,ydcC mobile_element_insertion,63,0
1,1532254|GAGAAATCT||,1532254,ydcC mobile_element_insertion,82,0
1,1591920|G|A|L,1591920,hipA P86L,0,0
1,1591920|G|A|L,1591920,hipA P86L,3,0
1,1591920|G|A|L,1591920,hipA P86L,16,0
1,1591920|G|A|L,1591920,hipA P86L,19,0
1,1591920|G|A|L,1591920,hipA P86L,31,0
1,1591920|G|A|L,1591920,hipA P86L,34,0
1,1591920|G|A|L,1591920,hipA P86L,47,0
1,1591920|G|A|L,1591920,hipA P86L,55,0
1,1591920|G|A|L,1591920,hipA P86L,63,0
1,1591920|G|A|L,1591920,hipA P86L,82,0.53
1,2174844|TTAG||,2174844,gatA mobile_element_insertion,0,0
1,2174844|TTAG||,2174844,gatA mobile_element_insertion,3,0
1,2174844|TTAG||,2174844,gatA mobile_element_insertion,16,0
1,2174844|TTAG||,2174844,gatA mobile_element_insertion,19,0
1,2174844|TTAG||,2174844,gatA mobile_element_insertion,31,0
1,2174844|TTAG||,2174844,gatA mobile_element_insertion,34,0
1,2174844|TTAG||,2174844,gatA mobile_element_insertion,47,0
1,2174844|TTAG||,2174844,gatA mobile_element_insertion,55,0
1,2174844|TTAG||,2174844,gatA mobile_element_insertion,63,0
1,2174844|TTAG||,2174844,gatA mobile_element_insertion,82,0.59
1,2229176|C|G|,2229176,yohP/dusC snp_intergenic,0,0
1,2229176|C|G|,2229176,yohP/dusC snp_intergenic,3,0
1,2229176|C|G|,2229176,yohP/dusC snp_intergenic,16,0
1,2229176|C|G|,2229176,yohP/dusC snp_intergenic,19,0
1,2229176|C|G|,2229176,yohP/dusC snp_intergenic,31,0.13
1,2229176|C|G|,2229176,yohP/dusC snp_intergenic,34,0
1,2229176|C|G|,2229176,yohP/dusC snp_intergenic,47,0
1,2229176|C|G|,2229176,yohP/dusC snp_intergenic,55,0
1,2229176|C|G|,2229176,yohP/dusC snp_intergenic,63,0
1,2229176|C|G|,2229176,yohP/dusC snp_intergenic,82,0
1,2311562|C|A|,2311562,ftp/ompC snp_intergenic,0,0
1,2311562|C|A|,2311562,ftp/ompC snp_intergenic,3,0
1,2311562|C|A|,2311562,ftp/ompC snp_intergenic,16,0
1,2311562|C|A|,2311562,ftp/ompC snp_intergenic,19,0.14
1,2311562|C|A|,2311562,ftp/ompC snp_intergenic,31,0
1,2311562|C|A|,2311562,ftp/ompC snp_intergenic,34,0
1,2311562|C|A|,2311562,ftp/ompC snp_intergenic,47,0
1,2311562|C|A|,2311562,ftp/ompC snp_intergenic,55,0
1,2311562|C|A|,2311562,ftp/ompC snp_intergenic,63,0
1,2311562|C|A|,2311562,ftp/ompC snp_intergenic,82,0
1,2339173|G|A|L,2339173,gyrA S83L,0,0
1,2339173|G|A|L,2339173,gyrA S83L,3,0
1,2339173|G|A|L,2339173,gyrA S83L,16,0
1,2339173|G|A|L,2339173,gyrA S83L,19,0
1,2339173|G|A|L,2339173,gyrA S83L,31,0.24
1,2339173|G|A|L,2339173,gyrA S83L,34,1
1,2339173|G|A|L,2339173,gyrA S83L,47,1
1,2339173|G|A|L,2339173,gyrA S83L,55,1
1,2339173|G|A|L,2339173,gyrA S83L,63,1
1,2339173|G|A|L,2339173,gyrA S83L,82,1
1,2339179|C|T|D,2339179,gyrA G81D,0,0
1,2339179|C|T|D,2339179,gyrA G81D,3,0
1,2339179|C|T|D,2339179,gyrA G81D,16,1
1,2339179|C|T|D,2339179,gyrA G81D,19,1
1,2339179|C|T|D,2339179,gyrA G81D,31,0.75
1,2339179|C|T|D,2339179,gyrA G81D,34,0
1,2339179|C|T|D,2339179,gyrA G81D,47,0
1,2339179|C|T|D,2339179,gyrA G81D,55,0
1,2339179|C|T|D,2339179,gyrA G81D,63,0
1,2339179|C|T|D,2339179,gyrA G81D,82,0
1,2534661|T|C|P,2534661,ptsI L199P,0,0
1,2534661|T|C|P,2534661,ptsI L199P,3,0
1,2534661|T|C|P,2534661,ptsI L199P,16,0
1,2534661|T|C|P,2534661,ptsI L199P,19,0
1,2534661|T|C|P,2534661,ptsI L199P,31,0.71
1,2534661|T|C|P,2534661,ptsI L199P,34,0
1,2534661|T|C|P,2534661,ptsI L199P,47,0
1,2534661|T|C|P,2534661,ptsI L199P,55,0
1,2534661|T|C|P,2534661,ptsI L199P,63,0
1,2534661|T|C|P,2534661,ptsI L199P,82,0
1,2566930|G|T|Q,2566930,eutH P393Q,0,0
1,2566930|G|T|Q,2566930,eutH P393Q,3,0
1,2566930|G|T|Q,2566930,eutH P393Q,16,0
1,2566930|G|T|Q,2566930,eutH P393Q,19,0
1,2566930|G|T|Q,2566930,eutH P393Q,31,0
1,2566930|G|T|Q,2566930,eutH P393Q,34,0
1,2566930|G|T|Q,2566930,eutH P393Q,47,0.17
1,2566930|G|T|Q,2566930,eutH P393Q,55,0
1,2566930|G|T|Q,2566930,eutH P393Q,63,0
1,2566930|G|T|Q,2566930,eutH P393Q,82,0
1,2574462|A|G|A,2574462,eutQ V181A,0,0
1,2574462|A|G|A,2574462,eutQ V181A,3,0
1,2574462|A|G|A,2574462,eutQ V181A,16,0
1,2574462|A|G|A,2574462,eutQ V181A,19,0
1,2574462|A|G|A,2574462,eutQ V181A,31,0.69
1,2574462|A|G|A,2574462,eutQ V181A,34,0
1,2574462|A|G|A,2574462,eutQ V181A,47,0
1,2574462|A|G|A,2574462,eutQ V181A,55,0
1,2574462|A|G|A,2574462,eutQ V181A,63,0
1,2574462|A|G|A,2574462,eutQ V181A,82,0
1,2824994|C|T|K,2824994,mltB E195K,0,0
1,2824994|C|T|K,2824994,mltB E195K,3,0
1,2824994|C|T|K,2824994,mltB E195K,16,0
1,2824994|C|T|K,2824994,mltB E195K,19,0
1,2824994|C|T|K,2824994,mltB E195K,31,0
1,2824994|C|T|K,2824994,mltB E195K,34,0
1,2824994|C|T|K,2824994,mltB E195K,47,0
1,2824994|C|T|K,2824994,mltB E195K,55,0.1
1,2824994|C|T|K,2824994,mltB E195K,63,0
1,2824994|C|T|K,2824994,mltB E195K,82,0
1,2825520|A|T|*,2825520,mltB C19*,0,0
1,2825520|A|T|*,2825520,mltB C19*,3,0
1,2825520|A|T|*,2825520,mltB C19*,16,0
1,2825520|A|T|*,2825520,mltB C19*,19,0
1,2825520|A|T|*,2825520,mltB C19*,31,0
1,2825520|A|T|*,2825520,mltB C19*,34,0
1,2825520|A|T|*,2825520,mltB C19*,47,0
1,2825520|A|T|*,2825520,mltB C19*,55,0.4
1,2825520|A|T|*,2825520,mltB C19*,63,0.47
1,2825520|A|T|*,2825520,mltB C19*,82,0.27
1,2984856|G|A|V,2984856,yqeF A246V,0,0
1,2984856|G|A|V,2984856,yqeF A246V,3,0
1,2984856|G|A|V,2984856,yqeF A246V,16,0
1,2984856|G|A|V,2984856,yqeF A246V,19,0
1,2984856|G|A|V,2984856,yqeF A246V,31,0.72
1,2984856|G|A|V,2984856,yqeF A246V,34,0
1,2984856|G|A|V,2984856,yqeF A246V,47,0
1,2984856|G|A|V,2984856,yqeF A246V,55,0
1,2984856|G|A|V,2984856,yqeF A246V,63,0
1,2984856|G|A|V,2984856,yqeF A246V,82,0
1,3054894|G|T|Q,3054894,ygfB P184Q,0,0
1,3054894|G|T|Q,3054894,ygfB P184Q,3,0
1,3054894|G|T|Q,3054894,ygfB P184Q,16,0
1,3054894|G|T|Q,3054894,ygfB P184Q,19,0.19
1,3054894|G|T|Q,3054894,ygfB P184Q,31,0
1,3054894|G|T|Q,3054894,ygfB P184Q,34,0
1,3054894|G|T|Q,3054894,ygfB P184Q,47,0
1,3054894|G|T|Q,3054894,ygfB P184Q,55,0
1,3054894|G|T|Q,3054894,ygfB P184Q,63,0
1,3054894|G|T|Q,3054894,ygfB P184Q,82,0
1,3123782|G|A|S,3123782,glcB S8S,0,0
1,3123782|G|A|S,3123782,glcB S8S,3,0
1,3123782|G|A|S,3123782,glcB S8S,16,0
1,3123782|G|A|S,3123782,glcB S8S,19,0
1,3123782|G|A|S,3123782,glcB S8S,31,0.77
1,3123782|G|A|S,3123782,glcB S8S,34,0
1,3123782|G|A|S,3123782,glcB S8S,47,0
1,3123782|G|A|S,3123782,glcB S8S,55,0
1,3123782|G|A|S,3123782,glcB S8S,63,0
1,3123782|G|A|S,3123782,glcB S8S,82,0
1,3195331|T||,3195331,hldE small_indel,0,0
1,3195331|T||,3195331,hldE small_indel,3,0
1,3195331|T||,3195331,hldE small_indel,16,0
1,3195331|T||,3195331,hldE small_indel,19,0
1,3195331|T||,3195331,hldE small_indel,31,0
1,3195331|T||,3195331,hldE small_indel,34,0
1,3195331|T||,3195331,hldE small_indel,47,0
1,3195331|T||,3195331,hldE small_indel,55,1
1,3195331|T||,3195331,hldE small_indel,63,0
1,3195331|T||,3195331,hldE small_indel,82,0
1,3213333|A|C|A,3213333,rpoD D96A,0,0
1,3213333|A|C|A,3213333,rpoD D96A,3,0
1,3213333|A|C|A,3213333,rpoD D96A,16,0
1,3213333|A|C|A,3213333,rpoD D96A,19,0
1,3213333|A|C|A,3213333,rpoD D96A,31,0
1,3213333|A|C|A,3213333,rpoD D96A,34,0
1,3213333|A|C|A,3213333,rpoD D96A,47,0.15
1,3213333|A|C|A,3213333,rpoD D96A,55,0
1,3213333|A|C|A,3213333,rpoD D96A,63,0
1,3213333|A|C|A,3213333,rpoD D96A,82,0
1,3269943|G|T|,3269943,yhaC/rnpB snp_intergenic,0,0
1,3269943|G|T|,3269943,yhaC/rnpB snp_intergenic,3,0
1,3269943|G|T|,3269943,yhaC/rnpB snp_intergenic,16,0
1,3269943|G|T|,3269943,yhaC/rnpB snp_intergenic,19,0
1,3269943|G|T|,3269943,yhaC/rnpB snp_intergenic,31,0
1,3269943|G|T|,3269943,yhaC/rnpB snp_intergenic,34,0
1,3269943|G|T|,3269943,yhaC/rnpB snp_intergenic,47,0
1,3269943|G|T|,3269943,yhaC/rnpB snp_intergenic,55,0
1,3269943|G|T|,3269943,yhaC/rnpB snp_intergenic,63,0
1,3269943|G|T|,3269943,yhaC/rnpB snp_intergenic,82,0.1
1,3326144|CAGACCAGCGCC||,3326144,ftsH small_indel,0,0
1,3326144|CAGACCAGCGCC||,3326144,ftsH small_indel,3,0
1,3326144|CAGACCAGCGCC||,3326144,ftsH small_indel,16,0
1,3326144|CAGACCAGCGCC||,3326144,ftsH small_indel,19,0
1,3326144|CAGACCAGCGCC||,3326144,ftsH small_indel,31,0
1,3326144|CAGACCAGCGCC||,3326144,ftsH small_indel,34,0
1,3326144|CAGACCAGCGCC||,3326144,ftsH small_indel,47,0
1,3326144|CAGACCAGCGCC||,3326144,ftsH small_indel,55,0
1,3326144|CAGACCAGCGCC||,3326144,ftsH small_indel,63,0
1,3326144|CAGACCAGCGCC||,3326144,ftsH small_indel,82,0.61
1,3471738|A|G|L,3471738,fusA F593L,0,0
1,3471738|A|G|L,3471738,fusA F593L,3,0
1,3471738|A|G|L,3471738,fusA F593L,16,0
1,3471738|A|G|L,3471738,fusA F593L,19,0
1,3471738|A|G|L,3471738,fusA F593L,31,0.65
1,3471738|A|G|L,3471738,fusA F593L,34,0
1,3471738|A|G|L,3471738,fusA F593L,47,0
1,3471738|A|G|L,3471738,fusA F593L,55,0
1,3471738|A|G|L,3471738,fusA F593L,63,0
1,3471738|A|G|L,3471738,fusA F593L,82,0
1,3491765|G|T|*,3491765,ppiA S178*,0,0
1,3491765|G|T|*,3491765,ppiA S178*,3,0
1,3491765|G|T|*,3491765,ppiA S178*,16,0
1,3491765|G|T|*,3491765,ppiA S178*,19,0
1,3491765|G|T|*,3491765,ppiA S178*,31,0
1,3491765|G|T|*,3491765,ppiA S178*,34,0
1,3491765|G|T|*,3491765,ppiA S178*,47,0
1,3491765|G|T|*,3491765,ppiA S178*,55,0
1,3491765|G|T|*,3491765,ppiA S178*,63,0
1,3491765|G|T|*,3491765,ppiA S178*,82,0.1
1,3638193|C|A|T,3638193,pitA T184T,0,0
1,3638193|C|A|T,3638193,pitA T184T,3,0
1,3638193|C|A|T,3638193,pitA T184T,16,0
1,3638193|C|A|T,3638193,pitA T184T,19,0
1,3638193|C|A|T,3638193,pitA T184T,31,0
1,3638193|C|A|T,3638193,pitA T184T,34,0
1,3638193|C|A|T,3638193,pitA T184T,47,0
1,3638193|C|A|T,3638193,pitA T184T,55,0.14
1,3638193|C|A|T,3638193,pitA T184T,63,0
1,3638193|C|A|T,3638193,pitA T184T,82,0
1,3758381|A|TG|,3758381,selB small_indel,0,0
1,3758381|A|TG|,3758381,selB small_indel,3,0
1,3758381|A|TG|,3758381,selB small_indel,16,0
1,3758381|A|TG|,3758381,selB small_indel,19,0
1,3758381|A|TG|,3758381,selB small_indel,31,0.25
1,3758381|A|TG|,3758381,selB small_indel,34,0.86
1,3758381|A|TG|,3758381,selB small_indel,47,0.11
1,3758381|A|TG|,3758381,selB small_indel,55,0.71
1,3758381|A|TG|,3758381,selB small_indel,63,0.85
1,3758381|A|TG|,3758381,selB small_indel,82,0.93
1,3822173|CCGCGCG||,3822173,rpoZ small_indel,0,0
1,3822173|CCGCGCG||,3822173,rpoZ small_indel,3,0
1,3822173|CCGCGCG||,3822173,rpoZ small_indel,16,0
1,3822173|CCGCGCG||,3822173,rpoZ small_indel,19,0
1,3822173|CCGCGCG||,3822173,rpoZ small_indel,31,0
1,3822173|CCGCGCG||,3822173,rpoZ small_indel,34,0
1,3822173|CCGCGCG||,3822173,rpoZ small_indel,47,0
1,3822173|CCGCGCG||,3822173,rpoZ small_indel,55,0
1,3822173|CCGCGCG||,3822173,rpoZ small_indel,63,0
1,3822173|CCGCGCG||,3822173,rpoZ small_indel,82,0.61
1,3862562|A||,3862562,glvC small_indel,0,0
1,3862562|A||,3862562,glvC small_indel,3,0
1,3862562|A||,3862562,glvC small_indel,16,0
1,3862562|A||,3862562,glvC small_indel,19,0
1,3862562|A||,3862562,glvC small_indel,31,0.32
1,3862562|A||,3862562,glvC small_indel,34,1
1,3862562|A||,3862562,glvC small_indel,47,1
1,3862562|A||,3862562,glvC small_indel,55,1
1,3862562|A||,3862562,glvC small_indel,63,1
1,3862562|A||,3862562,glvC small_indel,82,1
1,3898714|A|G|A,3898714,yieK V227A,0,0
1,3898714|A|G|A,3898714,yieK V227A,3,0
1,3898714|A|G|A,3898714,yieK V227A,16,0
1,3898714|A|G|A,3898714,yieK V227A,19,0
1,3898714|A|G|A,3898714,yieK V227A,31,0.57
1,3898714|A|G|A,3898714,yieK V227A,34,0
1,3898714|A|G|A,3898714,yieK V227A,47,0
1,3898714|A|G|A,3898714,yieK V227A,55,0
1,3898714|A|G|A,3898714,yieK V227A,63,0
1,3898714|A|G|A,3898714,yieK V227A,82,0
1,4030058|T|C|R,4030058,fadB K305R,0,0
1,4030058|T|C|R,4030058,fadB K305R,3,0
1,4030058|T|C|R,4030058,fadB K305R,16,0
1,4030058|T|C|R,4030058,fadB K305R,19,0
1,4030058|T|C|R,4030058,fadB K305R,31,0.72
1,4030058|T|C|R,4030058,fadB K305R,34,0
1,4030058|T|C|R,4030058,fadB K305R,47,0
1,4030058|T|C|R,4030058,fadB K305R,55,0
1,4030058|T|C|R,4030058,fadB K305R,63,0
1,4030058|T|C|R,4030058,fadB K305R,82,0
1,4033203|C|T|I,4033203,trkH T20I,0,0
1,4033203|C|T|I,4033203,trkH T20I,3,0
1,4033203|C|T|I,4033203,trkH T20I,16,0
1,4033203|C|T|I,4033203,trkH T20I,19,0
1,4033203|C|T|I,4033203,trkH T20I,31,0.67
1,4033203|C|T|I,4033203,trkH T20I,34,0
1,4033203|C|T|I,4033203,trkH T20I,47,0
1,4033203|C|T|I,4033203,trkH T20I,55,0
1,4033203|C|T|I,4033203,trkH T20I,63,0
1,4033203|C|T|I,4033203,trkH T20I,82,0
1,4033698|T|A|Q,4033698,trkH L185Q,0,0
1,4033698|T|A|Q,4033698,trkH L185Q,3,0
1,4033698|T|A|Q,4033698,trkH L185Q,16,0
1,4033698|T|A|Q,4033698,trkH L185Q,19,0
1,4033698|T|A|Q,4033698,trkH L185Q,31,0.31
1,4033698|T|A|Q,4033698,trkH L185Q,34,1
1,4033698|T|A|Q,4033698,trkH L185Q,47,1
1,4033698|T|A|Q,4033698,trkH L185Q,55,1
1,4033698|T|A|Q,4033698,trkH L185Q,63,1
1,4033698|T|A|Q,4033698,trkH L185Q,82,1
1,4104926|AGC||,4104926,cpxA small_indel,0,0
1,4104926|AGC||,4104926,cpxA small_indel,3,0
1,4104926|AGC||,4104926,cpxA small_indel,16,0
1,4104926|AGC||,4104926,cpxA small_indel,19,0
1,4104926|AGC||,4104926,cpxA small_indel,31,0
1,4104926|AGC||,4104926,cpxA small_indel,34,0.83
1,4104926|AGC||,4104926,cpxA small_indel,47,0.16
1,4104926|AGC||,4104926,cpxA small_indel,55,0.76
1,4104926|AGC||,4104926,cpxA small_indel,63,0.82
1,4104926|AGC||,4104926,cpxA small_indel,82,0.4
1,4104942|T|G|L,4104942,cpxA I12L,0,0
1,4104942|T|G|L,4104942,cpxA I12L,3,0
1,4104942|T|G|L,4104942,cpxA I12L,16,0
1,4104942|T|G|L,4104942,cpxA I12L,19,0
1,4104942|T|G|L,4104942,cpxA I12L,31,0
1,4104942|T|G|L,4104942,cpxA I12L,34,0
1,4104942|T|G|L,4104942,cpxA I12L,47,0
1,4104942|T|G|L,4104942,cpxA I12L,55,0
1,4104942|T|G|L,4104942,cpxA I12L,63,0
1,4104942|T|G|L,4104942,cpxA I12L,82,0.16
1,4104944|GCGAAGATG||,4104944,cpxA small_indel,0,0
1,4104944|GCGAAGATG||,4104944,cpxA small_indel,3,0
1,4104944|GCGAAGATG||,4104944,cpxA small_indel,16,0
1,4104944|GCGAAGATG||,4104944,cpxA small_indel,19,0
1,4104944|GCGAAGATG||,4104944,cpxA small_indel,31,0
1,4104944|GCGAAGATG||,4104944,cpxA small_indel,34,0.6
1,4104944|GCGAAGATG||,4104944,cpxA small_indel,47,0
1,4104944|GCGAAGATG||,4104944,cpxA small_indel,55,0
1,4104944|GCGAAGATG||,4104944,cpxA small_indel,63,0
1,4104944|GCGAAGATG||,4104944,cpxA small_indel,82,0
1,4116136|C||,4116136,glpK small_indel,0,0
1,4116136|C||,4116136,glpK small_indel,3,0
1,4116136|C||,4116136,glpK small_indel,16,0
1,4116136|C||,4116136,glpK small_indel,19,0
1,4116136|C||,4116136,glpK small_indel,31,0
1,4116136|C||,4116136,glpK small_indel,34,0
1,4116136|C||,4116136,glpK small_indel,47,1
1,4116136|C||,4116136,glpK small_indel,55,0
1,4116136|C||,4116136,glpK small_indel,63,0
1,4116136|C||,4116136,glpK small_indel,82,0
1,4116137|G||,4116137,glpK small_indel,0,0
1,4116137|G||,4116137,glpK small_indel,3,0
1,4116137|G||,4116137,glpK small_indel,16,0
1,4116137|G||,4116137,glpK small_indel,19,0
1,4116137|G||,4116137,glpK small_indel,31,0
1,4116137|G||,4116137,glpK small_indel,34,0
1,4116137|G||,4116137,glpK small_indel,47,0.8
1,4116137|G||,4116137,glpK small_indel,55,0
1,4116137|G||,4116137,glpK small_indel,63,0
1,4116137|G||,4116137,glpK small_indel,82,0
1,4117936|A|T|E,4117936,glpF V52E,0,0
1,4117936|A|T|E,4117936,glpF V52E,3,0
1,4117936|A|T|E,4117936,glpF V52E,16,0
1,4117936|A|T|E,4117936,glpF V52E,19,0
1,4117936|A|T|E,4117936,glpF V52E,31,0
1,4117936|A|T|E,4117936,glpF V52E,34,0
1,4117936|A|T|E,4117936,glpF V52E,47,0.9
1,4117936|A|T|E,4117936,glpF V52E,55,0.22
1,4117936|A|T|E,4117936,glpF V52E,63,0.1
1,4117936|A|T|E,4117936,glpF V52E,82,0
1,4180260|C|T|S,4180260,rplJ P89S,0,0
1,4180260|C|T|S,4180260,rplJ P89S,3,0
1,4180260|C|T|S,4180260,rplJ P89S,16,1
1,4180260|C|T|S,4180260,rplJ P89S,19,0.3
1,4180260|C|T|S,4180260,rplJ P89S,31,0.71
1,4180260|C|T|S,4180260,rplJ P89S,34,0
1,4180260|C|T|S,4180260,rplJ P89S,47,0
1,4180260|C|T|S,4180260,rplJ P89S,55,0
1,4180260|C|T|S,4180260,rplJ P89S,63,0
1,4180260|C|T|S,4180260,rplJ P89S,82,0
1,4184435|A|G|G,4184435,rpoB D1064G,0,0
1,4184435|A|G|G,4184435,rpoB D1064G,3,0
1,4184435|A|G|G,4184435,rpoB D1064G,16,1
1,4184435|A|G|G,4184435,rpoB D1064G,19,0.32
1,4184435|A|G|G,4184435,rpoB D1064G,31,0
1,4184435|A|G|G,4184435,rpoB D1064G,34,0
1,4184435|A|G|G,4184435,rpoB D1064G,47,0
1,4184435|A|G|G,4184435,rpoB D1064G,55,0
1,4184435|A|G|G,4184435,rpoB D1064G,63,0
1,4184435|A|G|G,4184435,rpoB D1064G,82,0
1,4186392|A|C|A,4186392,rpoC D348A,0,0
1,4186392|A|C|A,4186392,rpoC D348A,3,0
1,4186392|A|C|A,4186392,rpoC D348A,16,0
1,4186392|A|C|A,4186392,rpoC D348A,19,0.68
1,4186392|A|C|A,4186392,rpoC D348A,31,0
1,4186392|A|C|A,4186392,rpoC D348A,34,0
1,4186392|A|C|A,4186392,rpoC D348A,47,0
1,4186392|A|C|A,4186392,rpoC D348A,55,0
1,4186392|A|C|A,4186392,rpoC D348A,63,0
1,4186392|A|C|A,4186392,rpoC D348A,82,0
1,4338198|C|T|,4338198,adiY/adiA snp_intergenic,0,0
1,4338198|C|T|,4338198,adiY/adiA snp_intergenic,3,0
1,4338198|C|T|,4338198,adiY/adiA snp_intergenic,16,0
1,4338198|C|T|,4338198,adiY/adiA snp_intergenic,19,0
1,4338198|C|T|,4338198,adiY/adiA snp_intergenic,31,0.56
1,4338198|C|T|,4338198,adiY/adiA snp_intergenic,34,0
1,4338198|C|T|,4338198,adiY/adiA snp_intergenic,47,0
1,4338198|C|T|,4338198,adiY/adiA snp_intergenic,55,0
1,4338198|C|T|,4338198,adiY/adiA snp_intergenic,63,0
1,4338198|C|T|,4338198,adiY/adiA snp_intergenic,82,0
1,4542020|TTAG||,4542020,fimB/fimE mobile_element_insertion,0,0
1,4542020|TTAG||,4542020,fimB/fimE mobile_element_insertion,3,0
1,4542020|TTAG||,4542020,fimB/fimE mobile_element_insertion,16,0
1,4542020|TTAG||,4542020,fimB/fimE mobile_element_insertion,19,0
1,4542020|TTAG||,4542020,fimB/fimE mobile_element_insertion,31,0.24
1,4542020|TTAG||,4542020,fimB/fimE mobile_element_insertion,34,1
1,4542020|TTAG||,4542020,fimB/fimE mobile_element_insertion,47,0.15
1,4542020|TTAG||,4542020,fimB/fimE mobile_element_insertion,55,0.81
1,4542020|TTAG||,4542020,fimB/fimE mobile_element_insertion,63,0.91
1,4542020|TTAG||,4542020,fimB/fimE mobile_element_insertion,82,1
1,4542987|T||,4542987,fimE/fimA small_indel,0,0
1,4542987|T||,4542987,fimE/fimA small_indel,3,0
1,4542987|T||,4542987,fimE/fimA small_indel,16,0
1,4542987|T||,4542987,fimE/fimA small_indel,19,0
1,4542987|T||,4542987,fimE/fimA small_indel,31,0
1,4542987|T||,4542987,fimE/fimA small_indel,34,0
1,4542987|T||,4542987,fimE/fimA small_indel,47,0.18
1,4542987|T||,4542987,fimE/fimA small_indel,55,0
1,4542987|T||,4542987,fimE/fimA small_indel,63,0
1,4542987|T||,4542987,fimE/fimA small_indel,82,0
1,4579346|C|T|,4579346,mcrB/symE snp_intergenic,0,0
1,4579346|C|T|,4579346,mcrB/symE snp_intergenic,3,0
1,4579346|C|T|,4579346,mcrB/symE snp_intergenic,16,0
1,4579346|C|T|,4579346,mcrB/symE snp_intergenic,19,0
1,4579346|C|T|,4579346,mcrB/symE snp_intergenic,31,0.62
1,4579346|C|T|,4579346,mcrB/symE snp_intergenic,34,0
1,4579346|C|T|,4579346,mcrB/symE snp_intergenic,47,0
1,4579346|C|T|,4579346,mcrB/symE snp_intergenic,55,0
1,4579346|C|T|,4579346,mcrB/symE snp_intergenic,63,0
1,4579346|C|T|,4579346,mcrB/symE snp_intergenic,82,0
2,31125|A|G|E,31125,carB E103E,0,0
2,31125|A|G|E,31125,carB E103E,3,0
2,31125|A|G|E,31125,carB E103E,16,0
2,31125|A|G|E,31125,carB E103E,19,0
2,31125|A|G|E,31125,carB E103E,31,0
2,31125|A|G|E,31125,carB E103E,34,0
2,31125|A|G|E,31125,carB E103E,47,0
2,31125|A|G|E,31125,carB E103E,55,0
2,31125|A|G|E,31125,carB E103E,63,0
2,31125|A|G|E,31125,carB E103E,82,0.12
2,42720|A|G|A,42720,fixA A106A,0,0
2,42720|A|G|A,42720,fixA A106A,3,0
2,42720|A|G|A,42720,fixA A106A,16,0
2,42720|A|G|A,42720,fixA A106A,19,0
2,42720|A|G|A,42720,fixA A106A,31,0
2,42720|A|G|A,42720,fixA A106A,34,0.12
2,42720|A|G|A,42720,fixA A106A,47,0
2,42720|A|G|A,42720,fixA A106A,55,0
2,42720|A|G|A,42720,fixA A106A,63,0
2,42720|A|G|A,42720,fixA A106A,82,0
2,81558|A|G|T,81558,leuB I134T,0,0
2,81558|A|G|T,81558,leuB I134T,3,0
2,81558|A|G|T,81558,leuB I134T,16,0
2,81558|A|G|T,81558,leuB I134T,19,0
2,81558|A|G|T,81558,leuB I134T,31,0
2,81558|A|G|T,81558,leuB I134T,34,0.16
2,81558|A|G|T,81558,leuB I134T,47,0
2,81558|A|G|T,81558,leuB I134T,55,0
2,81558|A|G|T,81558,leuB I134T,63,0
2,81558|A|G|T,81558,leuB I134T,82,0
2,99078|A|G|V,99078,ftsW I226V,0,0
2,99078|A|G|V,99078,ftsW I226V,3,0
2,99078|A|G|V,99078,ftsW I226V,16,0
2,99078|A|G|V,99078,ftsW I226V,19,0
2,99078|A|G|V,99078,ftsW I226V,31,0
2,99078|A|G|V,99078,ftsW I226V,34,0
2,99078|A|G|V,99078,ftsW I226V,47,0.42
2,99078|A|G|V,99078,ftsW I226V,55,0.36
2,99078|A|G|V,99078,ftsW I226V,63,0.2
2,99078|A|G|V,99078,ftsW I226V,82,0.78
2,106907|C|T|D,106907,lpxC D117D,0,0
2,106907|C|T|D,106907,lpxC D117D,3,0
2,106907|C|T|D,106907,lpxC D117D,16,0
2,106907|C|T|D,106907,lpxC D117D,19,0
2,106907|C|T|D,106907,lpxC D117D,31,0
2,106907|C|T|D,106907,lpxC D117D,34,0.24
2,106907|C|T|D,106907,lpxC D117D,47,0
2,106907|C|T|D,106907,lpxC D117D,55,0
2,106907|C|T|D,106907,lpxC D117D,63,0
2,106907|C|T|D,106907,lpxC D117D,82,0
2,141604|A|G|V,141604,hpt V58V,0,0
2,141604|A|G|V,141604,hpt V58V,3,0
2,141604|A|G|V,141604,hpt V58V,16,0
2,141604|A|G|V,141604,hpt V58V,19,0
2,141604|A|G|V,141604,hpt V58V,31,0
2,141604|A|G|V,141604,hpt V58V,34,0
2,141604|A|G|V,141604,hpt V58V,47,0.72
2,141604|A|G|V,141604,hpt V58V,55,0.56
2,141604|A|G|V,141604,hpt V58V,63,0.4
2,141604|A|G|V,141604,hpt V58V,82,0.79
2,236357|C|T|I,236357,dnaQ I97I,0,0
2,236357|C|T|I,236357,dnaQ I97I,3,0
2,236357|C|T|I,236357,dnaQ I97I,16,0
2,236357|C|T|I,236357,dnaQ I97I,19,0
2,236357|C|T|I,236357,dnaQ I97I,31,1
2,236357|C|T|I,236357,dnaQ I97I,34,1
2,236357|C|T|I,236357,dnaQ I97I,47,0.72
2,236357|C|T|I,236357,dnaQ I97I,55,0.63
2,236357|C|T|I,236357,dnaQ I97I,63,0.42
2,236357|C|T|I,236357,dnaQ I97I,82,0.78
2,759127|T|C|A,759127,sucA V141A,0,0
2,759127|T|C|A,759127,sucA V141A,3,0
2,759127|T|C|A,759127,sucA V141A,16,0
2,759127|T|C|A,759127,sucA V141A,19,0
2,759127|T|C|A,759127,sucA V141A,31,0
2,759127|T|C|A,759127,sucA V141A,34,0
2,759127|T|C|A,759127,sucA V141A,47,0.2
2,759127|T|C|A,759127,sucA V141A,55,0.37
2,759127|T|C|A,759127,sucA V141A,63,0.46
2,759127|T|C|A,759127,sucA V141A,82,0
2,786144|T|C|A,786144,aroG V171A,0,0
2,786144|T|C|A,786144,aroG V171A,3,0
2,786144|T|C|A,786144,aroG V171A,16,0
2,786144|T|C|A,786144,aroG V171A,19,0
2,786144|T|C|A,786144,aroG V171A,31,0.23
2,786144|T|C|A,786144,aroG V171A,34,0
2,786144|T|C|A,786144,aroG V171A,47,0
2,786144|T|C|A,786144,aroG V171A,55,0
2,786144|T|C|A,786144,aroG V171A,63,0
2,786144|T|C|A,786144,aroG V171A,82,0
2,874835|A|G|L,874835,pdeI L619L,0,0
2,874835|A|G|L,874835,pdeI L619L,3,0
2,874835|A|G|L,874835,pdeI L619L,16,0
2,874835|A|G|L,874835,pdeI L619L,19,0
2,874835|A|G|L,874835,pdeI L619L,31,0
2,874835|A|G|L,874835,pdeI L619L,34,0
2,874835|A|G|L,874835,pdeI L619L,47,0
2,874835|A|G|L,874835,pdeI L619L,55,0
2,874835|A|G|L,874835,pdeI L619L,63,0
2,874835|A|G|L,874835,pdeI L619L,82,0.1
2,884189|A|G|V,884189,mdfA M173V,0,0
2,884189|A|G|V,884189,mdfA M173V,3,0
2,884189|A|G|V,884189,mdfA M173V,16,0
2,884189|A|G|V,884189,mdfA M173V,19,0
2,884189|A|G|V,884189,mdfA M173V,31,0
2,884189|A|G|V,884189,mdfA M173V,34,0
2,884189|A|G|V,884189,mdfA M173V,47,0.74
2,884189|A|G|V,884189,mdfA M173V,55,0.67
2,884189|A|G|V,884189,mdfA M173V,63,0.43
2,884189|A|G|V,884189,mdfA M173V,82,0.8
2,915226|T|C|,915226,lysO/aqpZ snp_intergenic,0,0
2,915226|T|C|,915226,lysO/aqpZ snp_intergenic,3,0
2,915226|T|C|,915226,lysO/aqpZ snp_intergenic,16,0
2,915226|T|C|,915226,lysO/aqpZ snp_intergenic,19,0
2,915226|T|C|,915226,lysO/aqpZ snp_intergenic,31,0
2,915226|T|C|,915226,lysO/aqpZ snp_intergenic,34,0
2,915226|T|C|,915226,lysO/aqpZ snp_intergenic,47,0
2,915226|T|C|,915226,lysO/aqpZ snp_intergenic,55,0
2,915226|T|C|,915226,lysO/aqpZ snp_intergenic,63,0
2,915226|T|C|,915226,lysO/aqpZ snp_intergenic,82,0.1
2,957694|A|G|L,957694,serC L14L,0,0
2,957694|A|G|L,957694,serC L14L,3,0
2,957694|A|G|L,957694,serC L14L,16,0
2,957694|A|G|L,957694,serC L14L,19,0
2,957694|A|G|L,957694,serC L14L,31,0
2,957694|A|G|L,957694,serC L14L,34,0
2,957694|A|G|L,957694,serC L14L,47,0.72
2,957694|A|G|L,957694,serC L14L,55,0.62
2,957694|A|G|L,957694,serC L14L,63,0.45
2,957694|A|G|L,957694,serC L14L,82,0.77
2,961237|C|T|S,961237,cmk P13S,0,0
2,961237|C|T|S,961237,cmk P13S,3,0
2,961237|C|T|S,961237,cmk P13S,16,0
2,961237|C|T|S,961237,cmk P13S,19,0
2,961237|C|T|S,961237,cmk P13S,31,0
2,961237|C|T|S,961237,cmk P13S,34,0
2,961237|C|T|S,961237,cmk P13S,47,0.71
2,961237|C|T|S,961237,cmk P13S,55,0.72
2,961237|C|T|S,961237,cmk P13S,63,0.5
2,961237|C|T|S,961237,cmk P13S,82,0.78
2,989339|T|C|A,989339,pncB T340A,0,0
2,989339|T|C|A,989339,pncB T340A,3,0
2,989339|T|C|A,989339,pncB T340A,16,0
2,989339|T|C|A,989339,pncB T340A,19,0
2,989339|T|C|A,989339,pncB T340A,31,0
2,989339|T|C|A,989339,pncB T340A,34,0
2,989339|T|C|A,989339,pncB T340A,47,0
2,989339|T|C|A,989339,pncB T340A,55,0
2,989339|T|C|A,989339,pncB T340A,63,0
2,989339|T|C|A,989339,pncB T340A,82,0.27
2,993545|G|A|M,993545,ssuB T167M,0,0
2,993545|G|A|M,993545,ssuB T167M,3,0
2,993545|G|A|M,993545,ssuB T167M,16,0
2,993545|G|A|M,993545,ssuB T167M,19,0
2,993545|G|A|M,993545,ssuB T167M,31,0
2,993545|G|A|M,993545,ssuB T167M,34,0.13
2,993545|G|A|M,993545,ssuB T167M,47,0.76
2,993545|G|A|M,993545,ssuB T167M,55,0.59
2,993545|G|A|M,993545,ssuB T167M,63,0.45
2,993545|G|A|M,993545,ssuB T167M,82,0.8
2,1036634|C|T|V,1036634,hyaE A94V,0,0
2,1036634|C|T|V,1036634,hyaE A94V,3,0
2,1036634|C|T|V,1036634,hyaE A94V,16,0
2,1036634|C|T|V,1036634,hyaE A94V,19,0
2,1036634|C|T|V,1036634,hyaE A94V,31,0
2,1036634|C|T|V,1036634,hyaE A94V,34,0
2,1036634|C|T|V,1036634,hyaE A94V,47,0.78
2,1036634|C|T|V,1036634,hyaE A94V,55,0.7
2,1036634|C|T|V,1036634,hyaE A94V,63,0.48
2,1036634|C|T|V,1036634,hyaE A94V,82,0.77
2,1103937|T|C|,1103937,csgD/csgB snp_intergenic,0,0
2,1103937|T|C|,1103937,csgD/csgB snp_intergenic,3,0
2,1103937|T|C|,1103937,csgD/csgB snp_intergenic,16,0
2,1103937|T|C|,1103937,csgD/csgB snp_intergenic,19,0
2,1103937|T|C|,1103937,csgD/csgB snp_intergenic,31,0
2,1103937|T|C|,1103937,csgD/csgB snp_intergenic,34,0
2,1103937|T|C|,1103937,csgD/csgB snp_intergenic,47,0
2,1103937|T|C|,1103937,csgD/csgB snp_intergenic,55,0
2,1103937|T|C|,1103937,csgD/csgB snp_intergenic,63,0
2,1103937|T|C|,1103937,csgD/csgB snp_intergenic,82,0.28
2,1112702|T|C|P,1112702,opgH S614P,0,0
2,1112702|T|C|P,1112702,opgH S614P,3,0
2,1112702|T|C|P,1112702,opgH S614P,16,0
2,1112702|T|C|P,1112702,opgH S614P,19,0
2,1112702|T|C|P,1112702,opgH S614P,31,0
2,1112702|T|C|P,1112702,opgH S614P,34,0
2,1112702|T|C|P,1112702,opgH S614P,47,0
2,1112702|T|C|P,1112702,opgH S614P,55,0
2,1112702|T|C|P,1112702,opgH S614P,63,0.15
2,1112702|T|C|P,1112702,opgH S614P,82,0.69
2,1127069|A|G|V,1127069,yceM V88V,0,0
2,1127069|A|G|V,1127069,yceM V88V,3,0
2,1127069|A|G|V,1127069,yceM V88V,16,0
2,1127069|A|G|V,1127069,yceM V88V,19,0
2,1127069|A|G|V,1127069,yceM V88V,31,0
2,1127069|A|G|V,1127069,yceM V88V,34,0
2,1127069|A|G|V,1127069,yceM V88V,47,0.74
2,1127069|A|G|V,1127069,yceM V88V,55,0.66
2,1127069|A|G|V,1127069,yceM V88V,63,0.42
2,1127069|A|G|V,1127069,yceM V88V,82,0.8
2,1153238|A|C|,1153238,fabF/pabC snp_intergenic,0,0
2,1153238|A|C|,1153238,fabF/pabC snp_intergenic,3,0
2,1153238|A|C|,1153238,fabF/pabC snp_intergenic,16,0
2,1153238|A|C|,1153238,fabF/pabC snp_intergenic,19,0.19
2,1153238|A|C|,1153238,fabF/pabC snp_intergenic,31,0
2,1153238|A|C|,1153238,fabF/pabC snp_intergenic,34,0
2,1153238|A|C|,1153238,fabF/pabC snp_intergenic,47,0
2,1153238|A|C|,1153238,fabF/pabC snp_intergenic,55,0
2,1153238|A|C|,1153238,fabF/pabC snp_intergenic,63,0
2,1153238|A|C|,1153238,fabF/pabC snp_intergenic,82,0
2,1153243|G|T|,1153243,fabF/pabC snp_intergenic,0,0
2,1153243|G|T|,1153243,fabF/pabC snp_intergenic,3,0
2,1153243|G|T|,1153243,fabF/pabC snp_intergenic,16,0
2,1153243|G|T|,1153243,fabF/pabC snp_intergenic,19,0
2,1153243|G|T|,1153243,fabF/pabC snp_intergenic,31,0
2,1153243|G|T|,1153243,fabF/pabC snp_intergenic,34,0
2,1153243|G|T|,1153243,fabF/pabC snp_intergenic,47,0.1
2,1153243|G|T|,1153243,fabF/pabC snp_intergenic,55,0
2,1153243|G|T|,1153243,fabF/pabC snp_intergenic,63,0
2,1153243|G|T|,1153243,fabF/pabC snp_intergenic,82,0
2,1157784|GATGC||,1157784,ycfH/ptsG mobile_element_insertion,0,0
2,1157784|GATGC||,1157784,ycfH/ptsG mobile_element_insertion,3,0
2,1157784|GATGC||,1157784,ycfH/ptsG mobile_element_insertion,16,0
2,1157784|GATGC||,1157784,ycfH/ptsG mobile_element_insertion,19,0
2,1157784|GATGC||,1157784,ycfH/ptsG mobile_element_insertion,31,0
2,1157784|GATGC||,1157784,ycfH/ptsG mobile_element_insertion,34,0
2,1157784|GATGC||,1157784,ycfH/ptsG mobile_element_insertion,47,0
2,1157784|GATGC||,1157784,ycfH/ptsG mobile_element_insertion,55,0.36
2,1157784|GATGC||,1157784,ycfH/ptsG mobile_element_insertion,63,0.6
2,1157784|GATGC||,1157784,ycfH/ptsG mobile_element_insertion,82,0
2,1196220|C|T|H,1196220,icd H366H,0,0
2,1196220|C|T|H,1196220,icd H366H,3,0
2,1196220|C|T|H,1196220,icd H366H,16,0
2,1196220|C|T|H,1196220,icd H366H,19,0
2,1196220|C|T|H,1196220,icd H366H,31,0
2,1196220|C|T|H,1196220,icd H366H,34,1
2,1196220|C|T|H,1196220,icd H366H,47,1
2,1196220|C|T|H,1196220,icd H366H,55,1
2,1196220|C|T|H,1196220,icd H366H,63,1
2,1196220|C|T|H,1196220,icd H366H,82,1
2,1196232|C|T|T,1196232,icd T370T,0,0
2,1196232|C|T|T,1196232,icd T370T,3,0
2,1196232|C|T|T,1196232,icd T370T,16,0
2,1196232|C|T|T,1196232,icd T370T,19,0
2,1196232|C|T|T,1196232,icd T370T,31,0
2,1196232|C|T|T,1196232,icd T370T,34,0
2,1196232|C|T|T,1196232,icd T370T,47,1
2,1196232|C|T|T,1196232,icd T370T,55,1
2,1196232|C|T|T,1196232,icd T370T,63,0
2,1196232|C|T|T,1196232,icd T370T,82,0
2,1196245|T|C|M,1196245,icd L375M,0,0
2,1196245|T|C|M,1196245,icd L375M,3,0
2,1196245|T|C|M,1196245,icd L375M,16,0
2,1196245|T|C|M,1196245,icd L375M,19,0
2,1196245|T|C|M,1196245,icd L375M,31,0
2,1196245|T|C|M,1196245,icd L375M,34,0
2,1196245|T|C|M,1196245,icd L375M,47,1
2,1196245|T|C|M,1196245,icd L375M,55,1
2,1196245|T|C|M,1196245,icd L375M,63,0
2,1196245|T|C|M,1196245,icd L375M,82,0
2,1196247|A|G|M,1196247,icd L375M,0,0
2,1196247|A|G|M,1196247,icd L375M,3,0
2,1196247|A|G|M,1196247,icd L375M,16,0
2,1196247|A|G|M,1196247,icd L375M,19,0
2,1196247|A|G|M,1196247,icd L375M,31,0
2,1196247|A|G|M,1196247,icd L375M,34,0
2,1196247|A|G|M,1196247,icd L375M,47,1
2,1196247|A|G|M,1196247,icd L375M,55,1
2,1196247|A|G|M,1196247,icd L375M,63,0
2,1196247|A|G|M,1196247,icd L375M,82,0
2,1235755|C|T|N,1235755,ycgB S496N,0,0
2,1235755|C|T|N,1235755,ycgB S496N,3,0
2,1235755|C|T|N,1235755,ycgB S496N,16,0
2,1235755|C|T|N,1235755,ycgB S496N,19,0
2,1235755|C|T|N,1235755,ycgB S496N,31,0
2,1235755|C|T|N,1235755,ycgB S496N,34,0.21
2,1235755|C|T|N,1235755,ycgB S496N,47,0
2,1235755|C|T|N,1235755,ycgB S496N,55,0
2,1235755|C|T|N,1235755,ycgB S496N,63,0
2,1235755|C|T|N,1235755,ycgB S496N,82,0
2,1251481|T|C|A,1251481,dhaR V139A,0,0
2,1251481|T|C|A,1251481,dhaR V139A,3,0
2,1251481|T|C|A,1251481,dhaR V139A,16,0
2,1251481|T|C|A,1251481,dhaR V139A,19,0
2,1251481|T|C|A,1251481,dhaR V139A,31,0
2,1251481|T|C|A,1251481,dhaR V139A,34,0
2,1251481|T|C|A,1251481,dhaR V139A,47,0.72
2,1251481|T|C|A,1251481,dhaR V139A,55,0.64
2,1251481|T|C|A,1251481,dhaR V139A,63,0.37
2,1251481|T|C|A,1251481,dhaR V139A,82,0.78
2,1291338|T|C|,1291338,rssB/galU snp_intergenic,0,0
2,1291338|T|C|,1291338,rssB/galU snp_intergenic,3,0
2,1291338|T|C|,1291338,rssB/galU snp_intergenic,16,0
2,1291338|T|C|,1291338,rssB/galU snp_intergenic,19,0
2,1291338|T|C|,1291338,rssB/galU snp_intergenic,31,0.74
2,1291338|T|C|,1291338,rssB/galU snp_intergenic,34,0
2,1291338|T|C|,1291338,rssB/galU snp_intergenic,47,0
2,1291338|T|C|,1291338,rssB/galU snp_intergenic,55,0
2,1291338|T|C|,1291338,rssB/galU snp_intergenic,63,0
2,1291338|T|C|,1291338,rssB/galU snp_intergenic,82,0
2,1297540|A|G|G,1297540,adhE G194G,0,0
2,1297540|A|G|G,1297540,adhE G194G,3,0
2,1297540|A|G|G,1297540,adhE G194G,16,0
2,1297540|A|G|G,1297540,adhE G194G,19,0
2,1297540|A|G|G,1297540,adhE G194G,31,0
2,1297540|A|G|G,1297540,adhE G194G,34,0
2,1297540|A|G|G,1297540,adhE G194G,47,0
2,1297540|A|G|G,1297540,adhE G194G,55,0
2,1297540|A|G|G,1297540,adhE G194G,63,0
2,1297540|A|G|G,1297540,adhE G194G,82,0.13
2,1333385|T|C|L,1333385,topA F780L,0,0
2,1333385|T|C|L,1333385,topA F780L,3,0
2,1333385|T|C|L,1333385,topA F780L,16,0
2,1333385|T|C|L,1333385,topA F780L,19,0
2,1333385|T|C|L,1333385,topA F780L,31,0.27
2,1333385|T|C|L,1333385,topA F780L,34,0
2,1333385|T|C|L,1333385,topA F780L,47,0
2,1333385|T|C|L,1333385,topA F780L,55,0
2,1333385|T|C|L,1333385,topA F780L,63,0
2,1333385|T|C|L,1333385,topA F780L,82,0
2,1359616|A|G|D,1359616,puuA D431D,0,0
2,1359616|A|G|D,1359616,puuA D431D,3,0
2,1359616|A|G|D,1359616,puuA D431D,16,0.15
2,1359616|A|G|D,1359616,puuA D431D,19,0
2,1359616|A|G|D,1359616,puuA D431D,31,0
2,1359616|A|G|D,1359616,puuA D431D,34,0
2,1359616|A|G|D,1359616,puuA D431D,47,0
2,1359616|A|G|D,1359616,puuA D431D,55,0
2,1359616|A|G|D,1359616,puuA D431D,63,0
2,1359616|A|G|D,1359616,puuA D431D,82,0
2,1397730|A|G|A,1397730,uspE V298A,0,0
2,1397730|A|G|A,1397730,uspE V298A,3,0
2,1397730|A|G|A,1397730,uspE V298A,16,0
2,1397730|A|G|A,1397730,uspE V298A,19,0
2,1397730|A|G|A,1397730,uspE V298A,31,0
2,1397730|A|G|A,1397730,uspE V298A,34,0
2,1397730|A|G|A,1397730,uspE V298A,47,0
2,1397730|A|G|A,1397730,uspE V298A,55,0
2,1397730|A|G|A,1397730,uspE V298A,63,0
2,1397730|A|G|A,1397730,uspE V298A,82,0.15
2,1458984|A|T|C,1458984,paaG S241C,0,0
2,1458984|A|T|C,1458984,paaG S241C,3,0
2,1458984|A|T|C,1458984,paaG S241C,16,0.67
2,1458984|A|T|C,1458984,paaG S241C,19,0.86
2,1458984|A|T|C,1458984,paaG S241C,31,1
2,1458984|A|T|C,1458984,paaG S241C,34,1
2,1458984|A|T|C,1458984,paaG S241C,47,0.78
2,1458984|A|T|C,1458984,paaG S241C,55,0.71
2,1458984|A|T|C,1458984,paaG S241C,63,0.44
2,1458984|A|T|C,1458984,paaG S241C,82,0.81
2,1462506|C|T|S,1462506,paaK P128S,0,0
2,1462506|C|T|S,1462506,paaK P128S,3,0
2,1462506|C|T|S,1462506,paaK P128S,16,0
2,1462506|C|T|S,1462506,paaK P128S,19,0
2,1462506|C|T|S,1462506,paaK P128S,31,0
2,1462506|C|T|S,1462506,paaK P128S,34,0.11
2,1462506|C|T|S,1462506,paaK P128S,47,0
2,1462506|C|T|S,1462506,paaK P128S,55,0
2,1462506|C|T|S,1462506,paaK P128S,63,0
2,1462506|C|T|S,1462506,paaK P128S,82,0
2,1536747|T|C|G,1536747,narW E188G,0,0
2,1536747|T|C|G,1536747,narW E188G,3,0
2,1536747|T|C|G,1536747,narW E188G,16,0
2,1536747|T|C|G,1536747,narW E188G,19,0
2,1536747|T|C|G,1536747,narW E188G,31,0
2,1536747|T|C|G,1536747,narW E188G,34,0
2,1536747|T|C|G,1536747,narW E188G,47,0.73
2,1536747|T|C|G,1536747,narW E188G,55,0.67
2,1536747|T|C|G,1536747,narW E188G,63,0.29
2,1536747|T|C|G,1536747,narW E188G,82,0.82
2,1568450|C|T|*,1568450,digH W125*,0,0
2,1568450|C|T|*,1568450,digH W125*,3,0
2,1568450|C|T|*,1568450,digH W125*,16,0
2,1568450|C|T|*,1568450,digH W125*,19,0
2,1568450|C|T|*,1568450,digH W125*,31,0
2,1568450|C|T|*,1568450,digH W125*,34,0
2,1568450|C|T|*,1568450,digH W125*,47,0
2,1568450|C|T|*,1568450,digH W125*,55,0
2,1568450|C|T|*,1568450,digH W125*,63,0
2,1568450|C|T|*,1568450,digH W125*,82,0.22
2,1591920|G|A|L,1591920,hipA P86L,0,0
2,1591920|G|A|L,1591920,hipA P86L,3,0
2,1591920|G|A|L,1591920,hipA P86L,16,0
2,1591920|G|A|L,1591920,hipA P86L,19,0
2,1591920|G|A|L,1591920,hipA P86L,31,0
2,1591920|G|A|L,1591920,hipA P86L,34,0
2,1591920|G|A|L,1591920,hipA P86L,47,0
2,1591920|G|A|L,1591920,hipA P86L,55,0
2,1591920|G|A|L,1591920,hipA P86L,63,0
2,1591920|G|A|L,1591920,hipA P86L,82,0.15
2,1622887|A|G|,1622887,mgrR snp_noncoding,0,0
2,1622887|A|G|,1622887,mgrR snp_noncoding,3,0
2,1622887|A|G|,1622887,mgrR snp_noncoding,16,0
2,1622887|A|G|,1622887,mgrR snp_noncoding,19,0
2,1622887|A|G|,1622887,mgrR snp_noncoding,31,0
2,1622887|A|G|,1622887,mgrR snp_noncoding,34,0
2,1622887|A|G|,1622887,mgrR snp_noncoding,47,0
2,1622887|A|G|,1622887,mgrR snp_noncoding,55,0.15
2,1622887|A|G|,1622887,mgrR snp_noncoding,63,0
2,1622887|A|G|,1622887,mgrR snp_noncoding,82,0
2,1642322|G|A|,1642322,ynfS/ydfT snp_intergenic,0,0
2,1642322|G|A|,1642322,ynfS/ydfT snp_intergenic,3,0
2,1642322|G|A|,1642322,ynfS/ydfT snp_intergenic,16,0
2,1642322|G|A|,1642322,ynfS/ydfT snp_intergenic,19,0
2,1642322|G|A|,1642322,ynfS/ydfT snp_intergenic,31,0
2,1642322|G|A|,1642322,ynfS/ydfT snp_intergenic,34,0
2,1642322|G|A|,1642322,ynfS/ydfT snp_intergenic,47,0
2,1642322|G|A|,1642322,ynfS/ydfT snp_intergenic,55,0
2,1642322|G|A|,1642322,ynfS/ydfT snp_intergenic,63,0.12
2,1642322|G|A|,1642322,ynfS/ydfT snp_intergenic,82,0
2,1643479|A|G|R,1643479,ydfU C276R,0,0
2,1643479|A|G|R,1643479,ydfU C276R,3,0
2,1643479|A|G|R,1643479,ydfU C276R,16,0
2,1643479|A|G|R,1643479,ydfU C276R,19,0
2,1643479|A|G|R,1643479,ydfU C276R,31,0
2,1643479|A|G|R,1643479,ydfU C276R,34,0
2,1643479|A|G|R,1643479,ydfU C276R,47,0
2,1643479|A|G|R,1643479,ydfU C276R,55,0
2,1643479|A|G|R,1643479,ydfU C276R,63,0.11
2,1643479|A|G|R,1643479,ydfU C276R,82,0
2,1679580|C|T|S,1679580,ydgI S8S,0,0
2,1679580|C|T|S,1679580,ydgI S8S,3,0
2,1679580|C|T|S,1679580,ydgI S8S,16,0
2,1679580|C|T|S,1679580,ydgI S8S,19,0
2,1679580|C|T|S,1679580,ydgI S8S,31,0
2,1679580|C|T|S,1679580,ydgI S8S,34,0
2,1679580|C|T|S,1679580,ydgI S8S,47,0
2,1679580|C|T|S,1679580,ydgI S8S,55,0
2,1679580|C|T|S,1679580,ydgI S8S,63,0.18
2,1679580|C|T|S,1679580,ydgI S8S,82,0.5
2,1688604|ACTAT||,1688604,manA mobile_element_insertion,0,0
2,1688604|ACTAT||,1688604,manA mobile_element_insertion,3,0
2,1688604|ACTAT||,1688604,manA mobile_element_insertion,16,0
2,1688604|ACTAT||,1688604,manA mobile_element_insertion,19,0
2,1688604|ACTAT||,1688604,manA mobile_element_insertion,31,0
2,1688604|ACTAT||,1688604,manA mobile_element_insertion,34,0
2,1688604|ACTAT||,1688604,manA mobile_element_insertion,47,0.19
2,1688604|ACTAT||,1688604,manA mobile_element_insertion,55,0.34
2,1688604|ACTAT||,1688604,manA mobile_element_insertion,63,0.45
2,1688604|ACTAT||,1688604,manA mobile_element_insertion,82,0
2,1725718|G|A|V,1725718,ydhL A68V,0,0
2,1725718|G|A|V,1725718,ydhL A68V,3,0
2,1725718|G|A|V,1725718,ydhL A68V,16,0
2,1725718|G|A|V,1725718,ydhL A68V,19,0
2,1725718|G|A|V,1725718,ydhL A68V,31,0
2,1725718|G|A|V,1725718,ydhL A68V,34,0
2,1725718|G|A|V,1725718,ydhL A68V,47,0
2,1725718|G|A|V,1725718,ydhL A68V,55,0
2,1725718|G|A|V,1725718,ydhL A68V,63,0.13
2,1725718|G|A|V,1725718,ydhL A68V,82,0
2,1746678|C|T|,1746678,valW/ydhR snp_intergenic,0,0
2,1746678|C|T|,1746678,valW/ydhR snp_intergenic,3,0
2,1746678|C|T|,1746678,valW/ydhR snp_intergenic,16,0
2,1746678|C|T|,1746678,valW/ydhR snp_intergenic,19,0
2,1746678|C|T|,1746678,valW/ydhR snp_intergenic,31,0
2,1746678|C|T|,1746678,valW/ydhR snp_intergenic,34,0
2,1746678|C|T|,1746678,valW/ydhR snp_intergenic,47,0
2,1746678|C|T|,1746678,valW/ydhR snp_intergenic,55,0
2,1746678|C|T|,1746678,valW/ydhR snp_intergenic,63,0
2,1746678|C|T|,1746678,valW/ydhR snp_intergenic,82,0.11
2,1898065|T|C|G,1898065,sdaA G378G,0,0
2,1898065|T|C|G,1898065,sdaA G378G,3,0
2,1898065|T|C|G,1898065,sdaA G378G,16,0
2,1898065|T|C|G,1898065,sdaA G378G,19,0
2,1898065|T|C|G,1898065,sdaA G378G,31,0
2,1898065|T|C|G,1898065,sdaA G378G,34,0
2,1898065|T|C|G,1898065,sdaA G378G,47,0.74
2,1898065|T|C|G,1898065,sdaA G378G,55,0.64
2,1898065|T|C|G,1898065,sdaA G378G,63,0.44
2,1898065|T|C|G,1898065,sdaA G378G,82,0.78
2,1908943|A|G|A,1908943,yobH T7A,0,0
2,1908943|A|G|A,1908943,yobH T7A,3,0
2,1908943|A|G|A,1908943,yobH T7A,16,0
2,1908943|A|G|A,1908943,yobH T7A,19,0
2,1908943|A|G|A,1908943,yobH T7A,31,0
2,1908943|A|G|A,1908943,yobH T7A,34,0
2,1908943|A|G|A,1908943,yobH T7A,47,0
2,1908943|A|G|A,1908943,yobH T7A,55,0
2,1908943|A|G|A,1908943,yobH T7A,63,0
2,1908943|A|G|A,1908943,yobH T7A,82,0.11
2,1941229|C|T|D,1941229,mepM G136D,0,0
2,1941229|C|T|D,1941229,mepM G136D,3,0
2,1941229|C|T|D,1941229,mepM G136D,16,0
2,1941229|C|T|D,1941229,mepM G136D,19,0
2,1941229|C|T|D,1941229,mepM G136D,31,0
2,1941229|C|T|D,1941229,mepM G136D,34,0
2,1941229|C|T|D,1941229,mepM G136D,47,0.75
2,1941229|C|T|D,1941229,mepM G136D,55,0.66
2,1941229|C|T|D,1941229,mepM G136D,63,0.35
2,1941229|C|T|D,1941229,mepM G136D,82,0.84
2,1973836|T|C|A|A,1973836,cheA|cheA T|T400|497A|A,0,0
2,1973836|T|C|A|A,1973836,cheA|cheA T|T400|497A|A,3,0
2,1973836|T|C|A|A,1973836,cheA|cheA T|T400|497A|A,16,0
2,1973836|T|C|A|A,1973836,cheA|cheA T|T400|497A|A,19,0
2,1973836|T|C|A|A,1973836,cheA|cheA T|T400|497A|A,31,0
2,1973836|T|C|A|A,1973836,cheA|cheA T|T400|497A|A,34,0
2,1973836|T|C|A|A,1973836,cheA|cheA T|T400|497A|A,47,0
2,1973836|T|C|A|A,1973836,cheA|cheA T|T400|497A|A,55,0
2,1973836|T|C|A|A,1973836,cheA|cheA T|T400|497A|A,63,0.15
2,1973836|T|C|A|A,1973836,cheA|cheA T|T400|497A|A,82,0.69
2,1974063|T|C|G|G,1974063,cheA|cheA D|D324|421G|G,0,0
2,1974063|T|C|G|G,1974063,cheA|cheA D|D324|421G|G,3,0
2,1974063|T|C|G|G,1974063,cheA|cheA D|D324|421G|G,16,0
2,1974063|T|C|G|G,1974063,cheA|cheA D|D324|421G|G,19,0
2,1974063|T|C|G|G,1974063,cheA|cheA D|D324|421G|G,31,0
2,1974063|T|C|G|G,1974063,cheA|cheA D|D324|421G|G,34,0
2,1974063|T|C|G|G,1974063,cheA|cheA D|D324|421G|G,47,0
2,1974063|T|C|G|G,1974063,cheA|cheA D|D324|421G|G,55,0
2,1974063|T|C|G|G,1974063,cheA|cheA D|D324|421G|G,63,0.11
2,1974063|T|C|G|G,1974063,cheA|cheA D|D324|421G|G,82,0.73
2,2040981|T|C|R,2040981,msrQ W167R,0,0
2,2040981|T|C|R,2040981,msrQ W167R,3,0
2,2040981|T|C|R,2040981,msrQ W167R,16,0
2,2040981|T|C|R,2040981,msrQ W167R,19,0
2,2040981|T|C|R,2040981,msrQ W167R,31,0
2,2040981|T|C|R,2040981,msrQ W167R,34,0
2,2040981|T|C|R,2040981,msrQ W167R,47,0
2,2040981|T|C|R,2040981,msrQ W167R,55,0
2,2040981|T|C|R,2040981,msrQ W167R,63,0
2,2040981|T|C|R,2040981,msrQ W167R,82,0.3
2,2154694|G|A|M,2154694,mdtA V227M,0,0
2,2154694|G|A|M,2154694,mdtA V227M,3,0
2,2154694|G|A|M,2154694,mdtA V227M,16,0
2,2154694|G|A|M,2154694,mdtA V227M,19,0
2,2154694|G|A|M,2154694,mdtA V227M,31,0
2,2154694|G|A|M,2154694,mdtA V227M,34,0
2,2154694|G|A|M,2154694,mdtA V227M,47,0
2,2154694|G|A|M,2154694,mdtA V227M,55,0
2,2154694|G|A|M,2154694,mdtA V227M,63,0.12
2,2154694|G|A|M,2154694,mdtA V227M,82,0.45
2,2174844|TTAG||,2174844,gatA mobile_element_insertion,0,0
2,2174844|TTAG||,2174844,gatA mobile_element_insertion,3,0
2,2174844|TTAG||,2174844,gatA mobile_element_insertion,16,0
2,2174844|TTAG||,2174844,gatA mobile_element_insertion,19,0
2,2174844|TTAG||,2174844,gatA mobile_element_insertion,31,0
2,2174844|TTAG||,2174844,gatA mobile_element_insertion,34,0
2,2174844|TTAG||,2174844,gatA mobile_element_insertion,47,0
2,2174844|TTAG||,2174844,gatA mobile_element_insertion,55,0
2,2174844|TTAG||,2174844,gatA mobile_element_insertion,63,0
2,2174844|TTAG||,2174844,gatA mobile_element_insertion,82,0.17
2,2178993|G|A|D,2178993,yegT G58D,0,0
2,2178993|G|A|D,2178993,yegT G58D,3,0
2,2178993|G|A|D,2178993,yegT G58D,16,0
2,2178993|G|A|D,2178993,yegT G58D,19,0
2,2178993|G|A|D,2178993,yegT G58D,31,0
2,2178993|G|A|D,2178993,yegT G58D,34,0
2,2178993|G|A|D,2178993,yegT G58D,47,0
2,2178993|G|A|D,2178993,yegT G58D,55,0
2,2178993|G|A|D,2178993,yegT G58D,63,0.1
2,2178993|G|A|D,2178993,yegT G58D,82,0
2,2284434|A|G|R,2284434,lapC H20R,0,0
2,2284434|A|G|R,2284434,lapC H20R,3,0
2,2284434|A|G|R,2284434,lapC H20R,16,0
2,2284434|A|G|R,2284434,lapC H20R,19,0
2,2284434|A|G|R,2284434,lapC H20R,31,0
2,2284434|A|G|R,2284434,lapC H20R,34,0
2,2284434|A|G|R,2284434,lapC H20R,47,0.74
2,2284434|A|G|R,2284434,lapC H20R,55,0.67
2,2284434|A|G|R,2284434,lapC H20R,63,0.49
2,2284434|A|G|R,2284434,lapC H20R,82,0.8
2,2306819|A|G|,2306819,mqo/yojI snp_intergenic,0,0
2,2306819|A|G|,2306819,mqo/yojI snp_intergenic,3,0
2,2306819|A|G|,2306819,mqo/yojI snp_intergenic,16,0
2,2306819|A|G|,2306819,mqo/yojI snp_intergenic,19,0
2,2306819|A|G|,2306819,mqo/yojI snp_intergenic,31,0
2,2306819|A|G|,2306819,mqo/yojI snp_intergenic,34,0
2,2306819|A|G|,2306819,mqo/yojI snp_intergenic,47,0
2,2306819|A|G|,2306819,mqo/yojI snp_intergenic,55,0
2,2306819|A|G|,2306819,mqo/yojI snp_intergenic,63,0.12
2,2306819|A|G|,2306819,mqo/yojI snp_intergenic,82,0.34
2,2311594|T|G|,2311594,ftp/ompC snp_intergenic,0,0
2,2311594|T|G|,2311594,ftp/ompC snp_intergenic,3,0.15
2,2311594|T|G|,2311594,ftp/ompC snp_intergenic,16,0
2,2311594|T|G|,2311594,ftp/ompC snp_intergenic,19,0
2,2311594|T|G|,2311594,ftp/ompC snp_intergenic,31,0
2,2311594|T|G|,2311594,ftp/ompC snp_intergenic,34,0
2,2311594|T|G|,2311594,ftp/ompC snp_intergenic,47,0
2,2311594|T|G|,2311594,ftp/ompC snp_intergenic,55,0
2,2311594|T|G|,2311594,ftp/ompC snp_intergenic,63,0
2,2311594|T|G|,2311594,ftp/ompC snp_intergenic,82,0
2,2322961|T|C|P,2322961,atoC S366P,0,0
2,2322961|T|C|P,2322961,atoC S366P,3,0
2,2322961|T|C|P,2322961,atoC S366P,16,0
2,2322961|T|C|P,2322961,atoC S366P,19,0
2,2322961|T|C|P,2322961,atoC S366P,31,0
2,2322961|T|C|P,2322961,atoC S366P,34,0
2,2322961|T|C|P,2322961,atoC S366P,47,0.17
2,2322961|T|C|P,2322961,atoC S366P,55,0.12
2,2322961|T|C|P,2322961,atoC S366P,63,0.17
2,2322961|T|C|P,2322961,atoC S366P,82,0.74
2,2329107|T|C|E,2329107,yfaQ K231E,0,0
2,2329107|T|C|E,2329107,yfaQ K231E,3,0
2,2329107|T|C|E,2329107,yfaQ K231E,16,0
2,2329107|T|C|E,2329107,yfaQ K231E,19,0
2,2329107|T|C|E,2329107,yfaQ K231E,31,0
2,2329107|T|C|E,2329107,yfaQ K231E,34,0
2,2329107|T|C|E,2329107,yfaQ K231E,47,0.67
2,2329107|T|C|E,2329107,yfaQ K231E,55,0.72
2,2329107|T|C|E,2329107,yfaQ K231E,63,0.48
2,2329107|T|C|E,2329107,yfaQ K231E,82,0.82
2,2337538|T|C|G,2337538,gyrA D628G,0,0
2,2337538|T|C|G,2337538,gyrA D628G,3,0
2,2337538|T|C|G,2337538,gyrA D628G,16,0
2,2337538|T|C|G,2337538,gyrA D628G,19,0
2,2337538|T|C|G,2337538,gyrA D628G,31,0
2,2337538|T|C|G,2337538,gyrA D628G,34,0
2,2337538|T|C|G,2337538,gyrA D628G,47,0
2,2337538|T|C|G,2337538,gyrA D628G,55,0
2,2337538|T|C|G,2337538,gyrA D628G,63,0.16
2,2337538|T|C|G,2337538,gyrA D628G,82,0.45
2,2339173|G|A|L,2339173,gyrA S83L,0,0
2,2339173|G|A|L,2339173,gyrA S83L,3,0
2,2339173|G|A|L,2339173,gyrA S83L,16,0.51
2,2339173|G|A|L,2339173,gyrA S83L,19,0.84
2,2339173|G|A|L,2339173,gyrA S83L,31,1
2,2339173|G|A|L,2339173,gyrA S83L,34,1
2,2339173|G|A|L,2339173,gyrA S83L,47,1
2,2339173|G|A|L,2339173,gyrA S83L,55,1
2,2339173|G|A|L,2339173,gyrA S83L,63,1
2,2339173|G|A|L,2339173,gyrA S83L,82,1
2,2339179|C|T|D,2339179,gyrA G81D,0,0
2,2339179|C|T|D,2339179,gyrA G81D,3,0
2,2339179|C|T|D,2339179,gyrA G81D,16,0.2
2,2339179|C|T|D,2339179,gyrA G81D,19,0
2,2339179|C|T|D,2339179,gyrA G81D,31,0
2,2339179|C|T|D,2339179,gyrA G81D,34,0
2,2339179|C|T|D,2339179,gyrA G81D,47,0
2,2339179|C|T|D,2339179,gyrA G81D,55,0
2,2339179|C|T|D,2339179,gyrA G81D,63,0
2,2339179|C|T|D,2339179,gyrA G81D,82,0
2,2383468|C|T|C,2383468,elaD C252C,0,0
2,2383468|C|T|C,2383468,elaD C252C,3,0
2,2383468|C|T|C,2383468,elaD C252C,16,0.1
2,2383468|C|T|C,2383468,elaD C252C,19,0
2,2383468|C|T|C,2383468,elaD C252C,31,0
2,2383468|C|T|C,2383468,elaD C252C,34,0
2,2383468|C|T|C,2383468,elaD C252C,47,0
2,2383468|C|T|C,2383468,elaD C252C,55,0
2,2383468|C|T|C,2383468,elaD C252C,63,0
2,2383468|C|T|C,2383468,elaD C252C,82,0
2,2623793|T|C|S,2623793,ppk S250S,0,0
2,2623793|T|C|S,2623793,ppk S250S,3,0
2,2623793|T|C|S,2623793,ppk S250S,16,0
2,2623793|T|C|S,2623793,ppk S250S,19,0
2,2623793|T|C|S,2623793,ppk S250S,31,0
2,2623793|T|C|S,2623793,ppk S250S,34,0
2,2623793|T|C|S,2623793,ppk S250S,47,0.64
2,2623793|T|C|S,2623793,ppk S250S,55,0.6
2,2623793|T|C|S,2623793,ppk S250S,63,0.38
2,2623793|T|C|S,2623793,ppk S250S,82,0.78
2,2658628|A|G|P,2658628,hscA L103P,0,0
2,2658628|A|G|P,2658628,hscA L103P,3,0
2,2658628|A|G|P,2658628,hscA L103P,16,0
2,2658628|A|G|P,2658628,hscA L103P,19,0
2,2658628|A|G|P,2658628,hscA L103P,31,0
2,2658628|A|G|P,2658628,hscA L103P,34,0
2,2658628|A|G|P,2658628,hscA L103P,47,0
2,2658628|A|G|P,2658628,hscA L103P,55,0.11
2,2658628|A|G|P,2658628,hscA L103P,63,0
2,2658628|A|G|P,2658628,hscA L103P,82,0
2,2662334|C|A|,2662334,iscR/trmJ snp_intergenic,0,0
2,2662334|C|A|,2662334,iscR/trmJ snp_intergenic,3,0
2,2662334|C|A|,2662334,iscR/trmJ snp_intergenic,16,0
2,2662334|C|A|,2662334,iscR/trmJ snp_intergenic,19,0
2,2662334|C|A|,2662334,iscR/trmJ snp_intergenic,31,1
2,2662334|C|A|,2662334,iscR/trmJ snp_intergenic,34,1
2,2662334|C|A|,2662334,iscR/trmJ snp_intergenic,47,0.82
2,2662334|C|A|,2662334,iscR/trmJ snp_intergenic,55,0.66
2,2662334|C|A|,2662334,iscR/trmJ snp_intergenic,63,0.43
2,2662334|C|A|,2662334,iscR/trmJ snp_intergenic,82,0.81
2,2722723|T||,2722723,pssL small_indel,0,0
2,2722723|T||,2722723,pssL small_indel,3,0
2,2722723|T||,2722723,pssL small_indel,16,0.48
2,2722723|T||,2722723,pssL small_indel,19,0.77
2,2722723|T||,2722723,pssL small_indel,31,1
2,2722723|T||,2722723,pssL small_indel,34,1
2,2722723|T||,2722723,pssL small_indel,47,0.72
2,2722723|T||,2722723,pssL small_indel,55,0.59
2,2722723|T||,2722723,pssL small_indel,63,0.37
2,2722723|T||,2722723,pssL small_indel,82,0.8
2,2825216|A|T|I,2825216,mltB F121I,0,0
2,2825216|A|T|I,2825216,mltB F121I,3,0
2,2825216|A|T|I,2825216,mltB F121I,16,0
2,2825216|A|T|I,2825216,mltB F121I,19,0
2,2825216|A|T|I,2825216,mltB F121I,31,0
2,2825216|A|T|I,2825216,mltB F121I,34,0.14
2,2825216|A|T|I,2825216,mltB F121I,47,0
2,2825216|A|T|I,2825216,mltB F121I,55,0
2,2825216|A|T|I,2825216,mltB F121I,63,0
2,2825216|A|T|I,2825216,mltB F121I,82,0
2,2843986|T|C|S,2843986,hycG S75S,0,0
2,2843986|T|C|S,2843986,hycG S75S,3,0
2,2843986|T|C|S,2843986,hycG S75S,16,0
2,2843986|T|C|S,2843986,hycG S75S,19,0
2,2843986|T|C|S,2843986,hycG S75S,31,0
2,2843986|T|C|S,2843986,hycG S75S,34,0
2,2843986|T|C|S,2843986,hycG S75S,47,0.13
2,2843986|T|C|S,2843986,hycG S75S,55,0
2,2843986|T|C|S,2843986,hycG S75S,63,0
2,2843986|T|C|S,2843986,hycG S75S,82,0
2,2853262|T|C|N,2853262,hypE N3N,0,0
2,2853262|T|C|N,2853262,hypE N3N,3,0
2,2853262|T|C|N,2853262,hypE N3N,16,0
2,2853262|T|C|N,2853262,hypE N3N,19,0
2,2853262|T|C|N,2853262,hypE N3N,31,0
2,2853262|T|C|N,2853262,hypE N3N,34,0
2,2853262|T|C|N,2853262,hypE N3N,47,0.73
2,2853262|T|C|N,2853262,hypE N3N,55,0.64
2,2853262|T|C|N,2853262,hypE N3N,63,0.34
2,2853262|T|C|N,2853262,hypE N3N,82,0.8
2,2983716|A|G|H,2983716,kduI Y137H,0,0
2,2983716|A|G|H,2983716,kduI Y137H,3,0
2,2983716|A|G|H,2983716,kduI Y137H,16,0
2,2983716|A|G|H,2983716,kduI Y137H,19,0
2,2983716|A|G|H,2983716,kduI Y137H,31,0
2,2983716|A|G|H,2983716,kduI Y137H,34,0
2,2983716|A|G|H,2983716,kduI Y137H,47,0
2,2983716|A|G|H,2983716,kduI Y137H,55,0
2,2983716|A|G|H,2983716,kduI Y137H,63,0
2,2983716|A|G|H,2983716,kduI Y137H,82,0.12
2,3029621|T|C|G,3029621,ygfT G437G,0,0
2,3029621|T|C|G,3029621,ygfT G437G,3,0
2,3029621|T|C|G,3029621,ygfT G437G,16,0
2,3029621|T|C|G,3029621,ygfT G437G,19,0
2,3029621|T|C|G,3029621,ygfT G437G,31,0
2,3029621|T|C|G,3029621,ygfT G437G,34,0
2,3029621|T|C|G,3029621,ygfT G437G,47,0
2,3029621|T|C|G,3029621,ygfT G437G,55,0.15
2,3029621|T|C|G,3029621,ygfT G437G,63,0
2,3029621|T|C|G,3029621,ygfT G437G,82,0
2,3214407|T|C|A,3214407,rpoD V454A,0,0
2,3214407|T|C|A,3214407,rpoD V454A,3,0
2,3214407|T|C|A,3214407,rpoD V454A,16,0
2,3214407|T|C|A,3214407,rpoD V454A,19,0
2,3214407|T|C|A,3214407,rpoD V454A,31,1
2,3214407|T|C|A,3214407,rpoD V454A,34,1
2,3214407|T|C|A,3214407,rpoD V454A,47,0.66
2,3214407|T|C|A,3214407,rpoD V454A,55,0.62
2,3214407|T|C|A,3214407,rpoD V454A,63,0.39
2,3214407|T|C|A,3214407,rpoD V454A,82,0.78
2,3229656|G|A|T,3229656,ygjK A257T,0,0
2,3229656|G|A|T,3229656,ygjK A257T,3,0
2,3229656|G|A|T,3229656,ygjK A257T,16,0
2,3229656|G|A|T,3229656,ygjK A257T,19,0
2,3229656|G|A|T,3229656,ygjK A257T,31,0
2,3229656|G|A|T,3229656,ygjK A257T,34,0.26
2,3229656|G|A|T,3229656,ygjK A257T,47,0
2,3229656|G|A|T,3229656,ygjK A257T,55,0
2,3229656|G|A|T,3229656,ygjK A257T,63,0
2,3229656|G|A|T,3229656,ygjK A257T,82,0
2,3269943|G|T|,3269943,yhaC/rnpB snp_intergenic,0,0
2,3269943|G|T|,3269943,yhaC/rnpB snp_intergenic,3,0
2,3269943|G|T|,3269943,yhaC/rnpB snp_intergenic,16,0
2,3269943|G|T|,3269943,yhaC/rnpB snp_intergenic,19,0.11
2,3269943|G|T|,3269943,yhaC/rnpB snp_intergenic,31,0
2,3269943|G|T|,3269943,yhaC/rnpB snp_intergenic,34,0
2,3269943|G|T|,3269943,yhaC/rnpB snp_intergenic,47,0
2,3269943|G|T|,3269943,yhaC/rnpB snp_intergenic,55,0
2,3269943|G|T|,3269943,yhaC/rnpB snp_intergenic,63,0
2,3269943|G|T|,3269943,yhaC/rnpB snp_intergenic,82,0
2,3292303|T|C|G,3292303,yraK G321G,0,0
2,3292303|T|C|G,3292303,yraK G321G,3,0
2,3292303|T|C|G,3292303,yraK G321G,16,0
2,3292303|T|C|G,3292303,yraK G321G,19,0
2,3292303|T|C|G,3292303,yraK G321G,31,0
2,3292303|T|C|G,3292303,yraK G321G,34,0
2,3292303|T|C|G,3292303,yraK G321G,47,0
2,3292303|T|C|G,3292303,yraK G321G,55,0
2,3292303|T|C|G,3292303,yraK G321G,63,0
2,3292303|T|C|G,3292303,yraK G321G,82,0.12
2,3326144|CAGACCAGCGCC||,3326144,ftsH small_indel,0,0
2,3326144|CAGACCAGCGCC||,3326144,ftsH small_indel,3,0
2,3326144|CAGACCAGCGCC||,3326144,ftsH small_indel,16,0
2,3326144|CAGACCAGCGCC||,3326144,ftsH small_indel,19,0
2,3326144|CAGACCAGCGCC||,3326144,ftsH small_indel,31,0
2,3326144|CAGACCAGCGCC||,3326144,ftsH small_indel,34,0
2,3326144|CAGACCAGCGCC||,3326144,ftsH small_indel,47,0
2,3326144|CAGACCAGCGCC||,3326144,ftsH small_indel,55,0
2,3326144|CAGACCAGCGCC||,3326144,ftsH small_indel,63,0
2,3326144|CAGACCAGCGCC||,3326144,ftsH small_indel,82,0.19
2,3379259|T|C|E,3379259,zapE K247E,0,0
2,3379259|T|C|E,3379259,zapE K247E,3,0
2,3379259|T|C|E,3379259,zapE K247E,16,0
2,3379259|T|C|E,3379259,zapE K247E,19,0
2,3379259|T|C|E,3379259,zapE K247E,31,0
2,3379259|T|C|E,3379259,zapE K247E,34,0
2,3379259|T|C|E,3379259,zapE K247E,47,0
2,3379259|T|C|E,3379259,zapE K247E,55,0
2,3379259|T|C|E,3379259,zapE K247E,63,0
2,3379259|T|C|E,3379259,zapE K247E,82,0.12
2,3380522|T|C|A,3380522,zapG V111A,0,0
2,3380522|T|C|A,3380522,zapG V111A,3,0
2,3380522|T|C|A,3380522,zapG V111A,16,0
2,3380522|T|C|A,3380522,zapG V111A,19,0
2,3380522|T|C|A,3380522,zapG V111A,31,0
2,3380522|T|C|A,3380522,zapG V111A,34,0
2,3380522|T|C|A,3380522,zapG V111A,47,0.71
2,3380522|T|C|A,3380522,zapG V111A,55,0.54
2,3380522|T|C|A,3380522,zapG V111A,63,0.34
2,3380522|T|C|A,3380522,zapG V111A,82,0.78
2,3389754|G|A|I,3389754,aaeR V79I,0,0
2,3389754|G|A|I,3389754,aaeR V79I,3,0
2,3389754|G|A|I,3389754,aaeR V79I,16,0
2,3389754|G|A|I,3389754,aaeR V79I,19,0
2,3389754|G|A|I,3389754,aaeR V79I,31,0
2,3389754|G|A|I,3389754,aaeR V79I,34,0
2,3389754|G|A|I,3389754,aaeR V79I,47,0.67
2,3389754|G|A|I,3389754,aaeR V79I,55,0.55
2,3389754|G|A|I,3389754,aaeR V79I,63,0.33
2,3389754|G|A|I,3389754,aaeR V79I,82,0.76
2,3405911|G|A|,3405911,accB/accC snp_intergenic,0,0
2,3405911|G|A|,3405911,accB/accC snp_intergenic,3,0
2,3405911|G|A|,3405911,accB/accC snp_intergenic,16,0
2,3405911|G|A|,3405911,accB/accC snp_intergenic,19,0
2,3405911|G|A|,3405911,accB/accC snp_intergenic,31,0
2,3405911|G|A|,3405911,accB/accC snp_intergenic,34,0
2,3405911|G|A|,3405911,accB/accC snp_intergenic,47,0
2,3405911|G|A|,3405911,accB/accC snp_intergenic,55,0
2,3405911|G|A|,3405911,accB/accC snp_intergenic,63,0
2,3405911|G|A|,3405911,accB/accC snp_intergenic,82,0.24
2,3471738|A|G|L,3471738,fusA F593L,0,0
2,3471738|A|G|L,3471738,fusA F593L,3,0
2,3471738|A|G|L,3471738,fusA F593L,16,0
2,3471738|A|G|L,3471738,fusA F593L,19,0
2,3471738|A|G|L,3471738,fusA F593L,31,0.75
2,3471738|A|G|L,3471738,fusA F593L,34,0
2,3471738|A|G|L,3471738,fusA F593L,47,0
2,3471738|A|G|L,3471738,fusA F593L,55,0
2,3471738|A|G|L,3471738,fusA F593L,63,0
2,3471738|A|G|L,3471738,fusA F593L,82,0
2,3486273|A|T|F,3486273,crp I52F,0,0
2,3486273|A|T|F,3486273,crp I52F,3,0
2,3486273|A|T|F,3486273,crp I52F,16,0
2,3486273|A|T|F,3486273,crp I52F,19,0
2,3486273|A|T|F,3486273,crp I52F,31,0
2,3486273|A|T|F,3486273,crp I52F,34,0
2,3486273|A|T|F,3486273,crp I52F,47,0
2,3486273|A|T|F,3486273,crp I52F,55,0
2,3486273|A|T|F,3486273,crp I52F,63,0.38
2,3486273|A|T|F,3486273,crp I52F,82,0
2,3528423|T|C|P,3528423,igaA L652P,0,0
2,3528423|T|C|P,3528423,igaA L652P,3,0
2,3528423|T|C|P,3528423,igaA L652P,16,0
2,3528423|T|C|P,3528423,igaA L652P,19,0
2,3528423|T|C|P,3528423,igaA L652P,31,0
2,3528423|T|C|P,3528423,igaA L652P,34,0
2,3528423|T|C|P,3528423,igaA L652P,47,0
2,3528423|T|C|P,3528423,igaA L652P,55,0
2,3528423|T|C|P,3528423,igaA L652P,63,0
2,3528423|T|C|P,3528423,igaA L652P,82,0.11
2,3614631|A|G|C,3614631,nikA Y322C,0,0
2,3614631|A|G|C,3614631,nikA Y322C,3,0
2,3614631|A|G|C,3614631,nikA Y322C,16,0
2,3614631|A|G|C,3614631,nikA Y322C,19,0
2,3614631|A|G|C,3614631,nikA Y322C,31,0.71
2,3614631|A|G|C,3614631,nikA Y322C,34,0
2,3614631|A|G|C,3614631,nikA Y322C,47,0
2,3614631|A|G|C,3614631,nikA Y322C,55,0
2,3614631|A|G|C,3614631,nikA Y322C,63,0
2,3614631|A|G|C,3614631,nikA Y322C,82,0
2,3745043|C|G|E,3745043,yiaN D80E,0,0
2,3745043|C|G|E,3745043,yiaN D80E,3,0
2,3745043|C|G|E,3745043,yiaN D80E,16,0
2,3745043|C|G|E,3745043,yiaN D80E,19,0
2,3745043|C|G|E,3745043,yiaN D80E,31,0
2,3745043|C|G|E,3745043,yiaN D80E,34,0.13
2,3745043|C|G|E,3745043,yiaN D80E,47,0.74
2,3745043|C|G|E,3745043,yiaN D80E,55,0.56
2,3745043|C|G|E,3745043,yiaN D80E,63,0.47
2,3745043|C|G|E,3745043,yiaN D80E,82,0.77
2,3758381|A|TG|,3758381,selB small_indel,0,0
2,3758381|A|TG|,3758381,selB small_indel,3,0
2,3758381|A|TG|,3758381,selB small_indel,16,0
2,3758381|A|TG|,3758381,selB small_indel,19,0
2,3758381|A|TG|,3758381,selB small_indel,31,0
2,3758381|A|TG|,3758381,selB small_indel,34,0
2,3758381|A|TG|,3758381,selB small_indel,47,0
2,3758381|A|TG|,3758381,selB small_indel,55,0
2,3758381|A|TG|,3758381,selB small_indel,63,0
2,3758381|A|TG|,3758381,selB small_indel,82,0.18
2,3760639|T|C|S,3760639,selA N204S,0,0
2,3760639|T|C|S,3760639,selA N204S,3,0
2,3760639|T|C|S,3760639,selA N204S,16,0
2,3760639|T|C|S,3760639,selA N204S,19,0
2,3760639|T|C|S,3760639,selA N204S,31,0
2,3760639|T|C|S,3760639,selA N204S,34,0.25
2,3760639|T|C|S,3760639,selA N204S,47,0
2,3760639|T|C|S,3760639,selA N204S,55,0
2,3760639|T|C|S,3760639,selA N204S,63,0
2,3760639|T|C|S,3760639,selA N204S,82,0
2,3767434|T|C|,3767434,yibA/yibG snp_intergenic,0,0
2,3767434|T|C|,3767434,yibA/yibG snp_intergenic,3,0
2,3767434|T|C|,3767434,yibA/yibG snp_intergenic,16,0
2,3767434|T|C|,3767434,yibA/yibG snp_intergenic,19,0
2,3767434|T|C|,3767434,yibA/yibG snp_intergenic,31,0
2,3767434|T|C|,3767434,yibA/yibG snp_intergenic,34,0
2,3767434|T|C|,3767434,yibA/yibG snp_intergenic,47,0.68
2,3767434|T|C|,3767434,yibA/yibG snp_intergenic,55,0.53
2,3767434|T|C|,3767434,yibA/yibG snp_intergenic,63,0.3
2,3767434|T|C|,3767434,yibA/yibG snp_intergenic,82,0.76
2,3822173|CCGCGCG||,3822173,rpoZ small_indel,0,0
2,3822173|CCGCGCG||,3822173,rpoZ small_indel,3,0
2,3822173|CCGCGCG||,3822173,rpoZ small_indel,16,0
2,3822173|CCGCGCG||,3822173,rpoZ small_indel,19,0
2,3822173|CCGCGCG||,3822173,rpoZ small_indel,31,0
2,3822173|CCGCGCG||,3822173,rpoZ small_indel,34,0
2,3822173|CCGCGCG||,3822173,rpoZ small_indel,47,0
2,3822173|CCGCGCG||,3822173,rpoZ small_indel,55,0
2,3822173|CCGCGCG||,3822173,rpoZ small_indel,63,0
2,3822173|CCGCGCG||,3822173,rpoZ small_indel,82,0.24
2,3862562|A||,3862562,glvC small_indel,0,0
2,3862562|A||,3862562,glvC small_indel,3,0
2,3862562|A||,3862562,glvC small_indel,16,0
2,3862562|A||,3862562,glvC small_indel,19,0
2,3862562|A||,3862562,glvC small_indel,31,0
2,3862562|A||,3862562,glvC small_indel,34,0
2,3862562|A||,3862562,glvC small_indel,47,0.35
2,3862562|A||,3862562,glvC small_indel,55,0.53
2,3862562|A||,3862562,glvC small_indel,63,0.68
2,3862562|A||,3862562,glvC small_indel,82,0.21
2,3880158|A|G|T,3880158,recF I355T,0,0
2,3880158|A|G|T,3880158,recF I355T,3,0
2,3880158|A|G|T,3880158,recF I355T,16,0.12
2,3880158|A|G|T,3880158,recF I355T,19,0
2,3880158|A|G|T,3880158,recF I355T,31,0
2,3880158|A|G|T,3880158,recF I355T,34,0
2,3880158|A|G|T,3880158,recF I355T,47,0
2,3880158|A|G|T,3880158,recF I355T,55,0
2,3880158|A|G|T,3880158,recF I355T,63,0
2,3880158|A|G|T,3880158,recF I355T,82,0
2,3897093|T|C|A,3897093,yieH V107A,0,0
2,3897093|T|C|A,3897093,yieH V107A,3,0
2,3897093|T|C|A,3897093,yieH V107A,16,0
2,3897093|T|C|A,3897093,yieH V107A,19,0
2,3897093|T|C|A,3897093,yieH V107A,31,0
2,3897093|T|C|A,3897093,yieH V107A,34,0
2,3897093|T|C|A,3897093,yieH V107A,47,0.62
2,3897093|T|C|A,3897093,yieH V107A,55,0.48
2,3897093|T|C|A,3897093,yieH V107A,63,0.43
2,3897093|T|C|A,3897093,yieH V107A,82,0.78
2,3950449|C|T|,3950449,ilvL/ilvX snp_intergenic,0,0
2,3950449|C|T|,3950449,ilvL/ilvX snp_intergenic,3,0
2,3950449|C|T|,3950449,ilvL/ilvX snp_intergenic,16,0
2,3950449|C|T|,3950449,ilvL/ilvX snp_intergenic,19,0
2,3950449|C|T|,3950449,ilvL/ilvX snp_intergenic,31,0
2,3950449|C|T|,3950449,ilvL/ilvX snp_intergenic,34,0.1
2,3950449|C|T|,3950449,ilvL/ilvX snp_intergenic,47,0
2,3950449|C|T|,3950449,ilvL/ilvX snp_intergenic,55,0
2,3950449|C|T|,3950449,ilvL/ilvX snp_intergenic,63,0
2,3950449|C|T|,3950449,ilvL/ilvX snp_intergenic,82,0
2,3960443|G|A|,3960443,ppiC/rep snp_intergenic,0,0
2,3960443|G|A|,3960443,ppiC/rep snp_intergenic,3,0
2,3960443|G|A|,3960443,ppiC/rep snp_intergenic,16,0
2,3960443|G|A|,3960443,ppiC/rep snp_intergenic,19,0
2,3960443|G|A|,3960443,ppiC/rep snp_intergenic,31,0
2,3960443|G|A|,3960443,ppiC/rep snp_intergenic,34,0
2,3960443|G|A|,3960443,ppiC/rep snp_intergenic,47,0.7
2,3960443|G|A|,3960443,ppiC/rep snp_intergenic,55,0.51
2,3960443|G|A|,3960443,ppiC/rep snp_intergenic,63,0.43
2,3960443|G|A|,3960443,ppiC/rep snp_intergenic,82,0.79
2,3968618|A|G|A,3968618,rfe T235A,0,0
2,3968618|A|G|A,3968618,rfe T235A,3,0
2,3968618|A|G|A,3968618,rfe T235A,16,0
2,3968618|A|G|A,3968618,rfe T235A,19,0
2,3968618|A|G|A,3968618,rfe T235A,31,0
2,3968618|A|G|A,3968618,rfe T235A,34,0
2,3968618|A|G|A,3968618,rfe T235A,47,0.73
2,3968618|A|G|A,3968618,rfe T235A,55,0.57
2,3968618|A|G|A,3968618,rfe T235A,63,0.39
2,3968618|A|G|A,3968618,rfe T235A,82,0.79
2,4033698|T|A|Q,4033698,trkH L185Q,0,0
2,4033698|T|A|Q,4033698,trkH L185Q,3,0
2,4033698|T|A|Q,4033698,trkH L185Q,16,0
2,4033698|T|A|Q,4033698,trkH L185Q,19,0
2,4033698|T|A|Q,4033698,trkH L185Q,31,0
2,4033698|T|A|Q,4033698,trkH L185Q,34,0
2,4033698|T|A|Q,4033698,trkH L185Q,47,0.27
2,4033698|T|A|Q,4033698,trkH L185Q,55,0.45
2,4033698|T|A|Q,4033698,trkH L185Q,63,0.51
2,4033698|T|A|Q,4033698,trkH L185Q,82,0.22
2,4056617|T|C|,4056617,glnL/glnA snp_intergenic,0,0
2,4056617|T|C|,4056617,glnL/glnA snp_intergenic,3,0
2,4056617|T|C|,4056617,glnL/glnA snp_intergenic,16,0
2,4056617|T|C|,4056617,glnL/glnA snp_intergenic,19,0
2,4056617|T|C|,4056617,glnL/glnA snp_intergenic,31,0
2,4056617|T|C|,4056617,glnL/glnA snp_intergenic,34,0.12
2,4056617|T|C|,4056617,glnL/glnA snp_intergenic,47,0.67
2,4056617|T|C|,4056617,glnL/glnA snp_intergenic,55,0.52
2,4056617|T|C|,4056617,glnL/glnA snp_intergenic,63,0.3
2,4056617|T|C|,4056617,glnL/glnA snp_intergenic,82,0.79
2,4104141|T|C|A,4104141,cpxA T279A,0,0
2,4104141|T|C|A,4104141,cpxA T279A,3,0
2,4104141|T|C|A,4104141,cpxA T279A,16,0
2,4104141|T|C|A,4104141,cpxA T279A,19,0
2,4104141|T|C|A,4104141,cpxA T279A,31,0
2,4104141|T|C|A,4104141,cpxA T279A,34,0
2,4104141|T|C|A,4104141,cpxA T279A,47,0.72
2,4104141|T|C|A,4104141,cpxA T279A,55,0.56
2,4104141|T|C|A,4104141,cpxA T279A,63,0.37
2,4104141|T|C|A,4104141,cpxA T279A,82,0.8
2,4109499|G|A|L,4109499,sbp L222L,0,0
2,4109499|G|A|L,4109499,sbp L222L,3,0
2,4109499|G|A|L,4109499,sbp L222L,16,0
2,4109499|G|A|L,4109499,sbp L222L,19,0
2,4109499|G|A|L,4109499,sbp L222L,31,0
2,4109499|G|A|L,4109499,sbp L222L,34,0
2,4109499|G|A|L,4109499,sbp L222L,47,0
2,4109499|G|A|L,4109499,sbp L222L,55,0
2,4109499|G|A|L,4109499,sbp L222L,63,0
2,4109499|G|A|L,4109499,sbp L222L,82,0.24
2,4117532|T|C|V,4117532,glpF I187V,0,0
2,4117532|T|C|V,4117532,glpF I187V,3,0
2,4117532|T|C|V,4117532,glpF I187V,16,0
2,4117532|T|C|V,4117532,glpF I187V,19,0
2,4117532|T|C|V,4117532,glpF I187V,31,0
2,4117532|T|C|V,4117532,glpF I187V,34,0
2,4117532|T|C|V,4117532,glpF I187V,47,0.12
2,4117532|T|C|V,4117532,glpF I187V,55,0
2,4117532|T|C|V,4117532,glpF I187V,63,0
2,4117532|T|C|V,4117532,glpF I187V,82,0
2,4117936|A|T|E,4117936,glpF V52E,0,0
2,4117936|A|T|E,4117936,glpF V52E,3,0
2,4117936|A|T|E,4117936,glpF V52E,16,0
2,4117936|A|T|E,4117936,glpF V52E,19,0
2,4117936|A|T|E,4117936,glpF V52E,31,0
2,4117936|A|T|E,4117936,glpF V52E,34,0
2,4117936|A|T|E,4117936,glpF V52E,47,0.31
2,4117936|A|T|E,4117936,glpF V52E,55,0.54
2,4117936|A|T|E,4117936,glpF V52E,63,0.61
2,4117936|A|T|E,4117936,glpF V52E,82,0
2,4182928|G|A|K,4182928,rpoB E562K,0,0
2,4182928|G|A|K,4182928,rpoB E562K,3,0
2,4182928|G|A|K,4182928,rpoB E562K,16,0
2,4182928|G|A|K,4182928,rpoB E562K,19,0
2,4182928|G|A|K,4182928,rpoB E562K,31,0
2,4182928|G|A|K,4182928,rpoB E562K,34,0.12
2,4182928|G|A|K,4182928,rpoB E562K,47,0
2,4182928|G|A|K,4182928,rpoB E562K,55,0
2,4182928|G|A|K,4182928,rpoB E562K,63,0
2,4182928|G|A|K,4182928,rpoB E562K,82,0
2,4184434|G|A|N,4184434,rpoB D1064N,0,0
2,4184434|G|A|N,4184434,rpoB D1064N,3,0
2,4184434|G|A|N,4184434,rpoB D1064N,16,0.24
2,4184434|G|A|N,4184434,rpoB D1064N,19,0
2,4184434|G|A|N,4184434,rpoB D1064N,31,0
2,4184434|G|A|N,4184434,rpoB D1064N,34,0
2,4184434|G|A|N,4184434,rpoB D1064N,47,0
2,4184434|G|A|N,4184434,rpoB D1064N,55,0
2,4184434|G|A|N,4184434,rpoB D1064N,63,0
2,4184434|G|A|N,4184434,rpoB D1064N,82,0
2,4184954|A|T|L,4184954,rpoB H1237L,0,0
2,4184954|A|T|L,4184954,rpoB H1237L,3,0
2,4184954|A|T|L,4184954,rpoB H1237L,16,0
2,4184954|A|T|L,4184954,rpoB H1237L,19,0.1
2,4184954|A|T|L,4184954,rpoB H1237L,31,0
2,4184954|A|T|L,4184954,rpoB H1237L,34,0
2,4184954|A|T|L,4184954,rpoB H1237L,47,0
2,4184954|A|T|L,4184954,rpoB H1237L,55,0
2,4184954|A|T|L,4184954,rpoB H1237L,63,0
2,4184954|A|T|L,4184954,rpoB H1237L,82,0
2,4185043|GGT||,4185043,rpoB small_indel,0,0
2,4185043|GGT||,4185043,rpoB small_indel,3,0
2,4185043|GGT||,4185043,rpoB small_indel,16,0.77
2,4185043|GGT||,4185043,rpoB small_indel,19,0.88
2,4185043|GGT||,4185043,rpoB small_indel,31,1
2,4185043|GGT||,4185043,rpoB small_indel,34,1
2,4185043|GGT||,4185043,rpoB small_indel,47,0.65
2,4185043|GGT||,4185043,rpoB small_indel,55,0.53
2,4185043|GGT||,4185043,rpoB small_indel,63,0.37
2,4185043|GGT||,4185043,rpoB small_indel,82,0.74
2,4187838|A|G|G,4187838,rpoC D830G,0,0
2,4187838|A|G|G,4187838,rpoC D830G,3,0
2,4187838|A|G|G,4187838,rpoC D830G,16,0
2,4187838|A|G|G,4187838,rpoC D830G,19,0
2,4187838|A|G|G,4187838,rpoC D830G,31,0
2,4187838|A|G|G,4187838,rpoC D830G,34,0
2,4187838|A|G|G,4187838,rpoC D830G,47,0.71
2,4187838|A|G|G,4187838,rpoC D830G,55,0.54
2,4187838|A|G|G,4187838,rpoC D830G,63,0.31
2,4187838|A|G|G,4187838,rpoC D830G,82,0.77
2,4255887|C|T|T,4255887,plsB A194T,0,0
2,4255887|C|T|T,4255887,plsB A194T,3,0
2,4255887|C|T|T,4255887,plsB A194T,16,0
2,4255887|C|T|T,4255887,plsB A194T,19,0
2,4255887|C|T|T,4255887,plsB A194T,31,0
2,4255887|C|T|T,4255887,plsB A194T,34,0
2,4255887|C|T|T,4255887,plsB A194T,47,0
2,4255887|C|T|T,4255887,plsB A194T,55,0
2,4255887|C|T|T,4255887,plsB A194T,63,0
2,4255887|C|T|T,4255887,plsB A194T,82,0.12
2,4306885|A|G|C,4306885,alsK C305C,0,0
2,4306885|A|G|C,4306885,alsK C305C,3,0
2,4306885|A|G|C,4306885,alsK C305C,16,0
2,4306885|A|G|C,4306885,alsK C305C,19,0
2,4306885|A|G|C,4306885,alsK C305C,31,0
2,4306885|A|G|C,4306885,alsK C305C,34,0
2,4306885|A|G|C,4306885,alsK C305C,47,0
2,4306885|A|G|C,4306885,alsK C305C,55,0
2,4306885|A|G|C,4306885,alsK C305C,63,0
2,4306885|A|G|C,4306885,alsK C305C,82,0.1
2,4318039|T|C|T,4318039,phnK T242T,0,0
2,4318039|T|C|T,4318039,phnK T242T,3,0
2,4318039|T|C|T,4318039,phnK T242T,16,0
2,4318039|T|C|T,4318039,phnK T242T,19,0
2,4318039|T|C|T,4318039,phnK T242T,31,0
2,4318039|T|C|T,4318039,phnK T242T,34,0
2,4318039|T|C|T,4318039,phnK T242T,47,0
2,4318039|T|C|T,4318039,phnK T242T,55,0
2,4318039|T|C|T,4318039,phnK T242T,63,0.16
2,4318039|T|C|T,4318039,phnK T242T,82,0.66
2,4326668|A|G|R,4326668,yjdM C23R,0,0
2,4326668|A|G|R,4326668,yjdM C23R,3,0
2,4326668|A|G|R,4326668,yjdM C23R,16,0
2,4326668|A|G|R,4326668,yjdM C23R,19,0
2,4326668|A|G|R,4326668,yjdM C23R,31,0
2,4326668|A|G|R,4326668,yjdM C23R,34,0
2,4326668|A|G|R,4326668,yjdM C23R,47,0.56
2,4326668|A|G|R,4326668,yjdM C23R,55,0.44
2,4326668|A|G|R,4326668,yjdM C23R,63,0.17
2,4326668|A|G|R,4326668,yjdM C23R,82,0
2,4397612|GCTGGC||,4397612,mutL small_indel,0,0
2,4397612|GCTGGC||,4397612,mutL small_indel,3,0
2,4397612|GCTGGC||,4397612,mutL small_indel,16,0
2,4397612|GCTGGC||,4397612,mutL small_indel,19,0
2,4397612|GCTGGC||,4397612,mutL small_indel,31,1
2,4397612|GCTGGC||,4397612,mutL small_indel,34,1
2,4397612|GCTGGC||,4397612,mutL small_indel,47,0.73
2,4397612|GCTGGC||,4397612,mutL small_indel,55,0.54
2,4397612|GCTGGC||,4397612,mutL small_indel,63,0.33
2,4397612|GCTGGC||,4397612,mutL small_indel,82,0.79
2,4442520|G|A|K,4442520,tamA E47K,0,0
2,4442520|G|A|K,4442520,tamA E47K,3,0
2,4442520|G|A|K,4442520,tamA E47K,16,0
2,4442520|G|A|K,4442520,tamA E47K,19,0
2,4442520|G|A|K,4442520,tamA E47K,31,0
2,4442520|G|A|K,4442520,tamA E47K,34,0.29
2,4442520|G|A|K,4442520,tamA E47K,47,0
2,4442520|G|A|K,4442520,tamA E47K,55,0
2,4442520|G|A|K,4442520,tamA E47K,63,0
2,4442520|G|A|K,4442520,tamA E47K,82,0
2,4463220|T|C|R,4463220,treC Q497R,0,0
2,4463220|T|C|R,4463220,treC Q497R,3,0
2,4463220|T|C|R,4463220,treC Q497R,16,0
2,4463220|T|C|R,4463220,treC Q497R,19,0
2,4463220|T|C|R,4463220,treC Q497R,31,0
2,4463220|T|C|R,4463220,treC Q497R,34,0
2,4463220|T|C|R,4463220,treC Q497R,47,0.67
2,4463220|T|C|R,4463220,treC Q497R,55,0.6
2,4463220|T|C|R,4463220,treC Q497R,63,0.46
2,4463220|T|C|R,4463220,treC Q497R,82,0.8
2,4542020|TTAG||,4542020,fimB/fimE mobile_element_insertion,0,0
2,4542020|TTAG||,4542020,fimB/fimE mobile_element_insertion,3,0
2,4542020|TTAG||,4542020,fimB/fimE mobile_element_insertion,16,0
2,4542020|TTAG||,4542020,fimB/fimE mobile_element_insertion,19,0
2,4542020|TTAG||,4542020,fimB/fimE mobile_element_insertion,31,0
2,4542020|TTAG||,4542020,fimB/fimE mobile_element_insertion,34,0
2,4542020|TTAG||,4542020,fimB/fimE mobile_element_insertion,47,0
2,4542020|TTAG||,4542020,fimB/fimE mobile_element_insertion,55,0
2,4542020|TTAG||,4542020,fimB/fimE mobile_element_insertion,63,0
2,4542020|TTAG||,4542020,fimB/fimE mobile_element_insertion,82,0.18
2,4542412|GAAGCTGG||,4542412,fimE mobile_element_insertion,0,0
2,4542412|GAAGCTGG||,4542412,fimE mobile_element_insertion,3,0
2,4542412|GAAGCTGG||,4542412,fimE mobile_element_insertion,16,0
2,4542412|GAAGCTGG||,4542412,fimE mobile_element_insertion,19,0
2,4542412|GAAGCTGG||,4542412,fimE mobile_element_insertion,31,0
2,4542412|GAAGCTGG||,4542412,fimE mobile_element_insertion,34,0
2,4542412|GAAGCTGG||,4542412,fimE mobile_element_insertion,47,0.13
2,4542412|GAAGCTGG||,4542412,fimE mobile_element_insertion,55,0
2,4542412|GAAGCTGG||,4542412,fimE mobile_element_insertion,63,0
2,4542412|GAAGCTGG||,4542412,fimE mobile_element_insertion,82,0
2,4549547|C|T|M,4549547,fimH T247M,0,0
2,4549547|C|T|M,4549547,fimH T247M,3,0
2,4549547|C|T|M,4549547,fimH T247M,16,0
2,4549547|C|T|M,4549547,fimH T247M,19,0
2,4549547|C|T|M,4549547,fimH T247M,31,0
2,4549547|C|T|M,4549547,fimH T247M,34,0
2,4549547|C|T|M,4549547,fimH T247M,47,0
2,4549547|C|T|M,4549547,fimH T247M,55,0
2,4549547|C|T|M,4549547,fimH T247M,63,0
2,4549547|C|T|M,4549547,fimH T247M,82,0.28
2,4624160|G|A|S,4624160,ytjB S210S,0,0
2,4624160|G|A|S,4624160,ytjB S210S,3,0
2,4624160|G|A|S,4624160,ytjB S210S,16,0
2,4624160|G|A|S,4624160,ytjB S210S,19,0
2,4624160|G|A|S,4624160,ytjB S210S,31,0
2,4624160|G|A|S,4624160,ytjB S210S,34,0
2,4624160|G|A|S,4624160,ytjB S210S,47,0
2,4624160|G|A|S,4624160,ytjB S210S,55,0
2,4624160|G|A|S,4624160,ytjB S210S,63,0
2,4624160|G|A|S,4624160,ytjB S210S,82,0.22
3,9156|G|GACCAGG|,9156,talB small_indel,0,0
3,9156|G|GACCAGG|,9156,talB small_indel,3,0
3,9156|G|GACCAGG|,9156,talB small_indel,16,0
3,9156|G|GACCAGG|,9156,talB small_indel,19,0
3,9156|G|GACCAGG|,9156,talB small_indel,31,0
3,9156|G|GACCAGG|,9156,talB small_indel,34,0
3,9156|G|GACCAGG|,9156,talB small_indel,47,0
3,9156|G|GACCAGG|,9156,talB small_indel,55,0.86
3,9156|G|GACCAGG|,9156,talB small_indel,63,0
3,9156|G|GACCAGG|,9156,talB small_indel,82,0
3,76948|C|T|R,76948,sgrR G118R,0,0
3,76948|C|T|R,76948,sgrR G118R,3,0
3,76948|C|T|R,76948,sgrR G118R,16,0
3,76948|C|T|R,76948,sgrR G118R,19,0
3,76948|C|T|R,76948,sgrR G118R,31,0
3,76948|C|T|R,76948,sgrR G118R,34,0
3,76948|C|T|R,76948,sgrR G118R,47,0
3,76948|C|T|R,76948,sgrR G118R,55,0
3,76948|C|T|R,76948,sgrR G118R,63,1
3,76948|C|T|R,76948,sgrR G118R,82,0
3,141604|A|G|V,141604,hpt V58V,0,0
3,141604|A|G|V,141604,hpt V58V,3,0
3,141604|A|G|V,141604,hpt V58V,16,0
3,141604|A|G|V,141604,hpt V58V,19,0
3,141604|A|G|V,141604,hpt V58V,31,0
3,141604|A|G|V,141604,hpt V58V,34,0
3,141604|A|G|V,141604,hpt V58V,47,0
3,141604|A|G|V,141604,hpt V58V,55,0
3,141604|A|G|V,141604,hpt V58V,63,0
3,141604|A|G|V,141604,hpt V58V,82,0.5
3,236357|C|T|I,236357,dnaQ I97I,0,0
3,236357|C|T|I,236357,dnaQ I97I,3,0
3,236357|C|T|I,236357,dnaQ I97I,16,0
3,236357|C|T|I,236357,dnaQ I97I,19,0
3,236357|C|T|I,236357,dnaQ I97I,31,0
3,236357|C|T|I,236357,dnaQ I97I,34,0
3,236357|C|T|I,236357,dnaQ I97I,47,0
3,236357|C|T|I,236357,dnaQ I97I,55,0
3,236357|C|T|I,236357,dnaQ I97I,63,0
3,236357|C|T|I,236357,dnaQ I97I,82,0.54
3,759127|T|C|A,759127,sucA V141A,0,0
3,759127|T|C|A,759127,sucA V141A,3,0
3,759127|T|C|A,759127,sucA V141A,16,0
3,759127|T|C|A,759127,sucA V141A,19,0
3,759127|T|C|A,759127,sucA V141A,31,0
3,759127|T|C|A,759127,sucA V141A,34,0.17
3,759127|T|C|A,759127,sucA V141A,47,0
3,759127|T|C|A,759127,sucA V141A,55,0
3,759127|T|C|A,759127,sucA V141A,63,0
3,759127|T|C|A,759127,sucA V141A,82,0
3,819402|T|C|G,819402,moaE G36G,0,0
3,819402|T|C|G,819402,moaE G36G,3,0
3,819402|T|C|G,819402,moaE G36G,16,0
3,819402|T|C|G,819402,moaE G36G,19,0
3,819402|T|C|G,819402,moaE G36G,31,0
3,819402|T|C|G,819402,moaE G36G,34,0
3,819402|T|C|G,819402,moaE G36G,47,0
3,819402|T|C|G,819402,moaE G36G,55,0
3,819402|T|C|G,819402,moaE G36G,63,0
3,819402|T|C|G,819402,moaE G36G,82,0.48
3,868414|G|C|P,868414,gsiA A299P,0,0
3,868414|G|C|P,868414,gsiA A299P,3,0
3,868414|G|C|P,868414,gsiA A299P,16,0
3,868414|G|C|P,868414,gsiA A299P,19,0
3,868414|G|C|P,868414,gsiA A299P,31,0
3,868414|G|C|P,868414,gsiA A299P,34,0
3,868414|G|C|P,868414,gsiA A299P,47,0
3,868414|G|C|P,868414,gsiA A299P,55,0
3,868414|G|C|P,868414,gsiA A299P,63,0
3,868414|G|C|P,868414,gsiA A299P,82,0.5
3,884189|A|G|V,884189,mdfA M173V,0,0
3,884189|A|G|V,884189,mdfA M173V,3,0
3,884189|A|G|V,884189,mdfA M173V,16,0
3,884189|A|G|V,884189,mdfA M173V,19,0
3,884189|A|G|V,884189,mdfA M173V,31,0
3,884189|A|G|V,884189,mdfA M173V,34,0
3,884189|A|G|V,884189,mdfA M173V,47,0
3,884189|A|G|V,884189,mdfA M173V,55,0
3,884189|A|G|V,884189,mdfA M173V,63,0
3,884189|A|G|V,884189,mdfA M173V,82,0.47
3,957694|A|G|L,957694,serC L14L,0,0
3,957694|A|G|L,957694,serC L14L,3,0
3,957694|A|G|L,957694,serC L14L,16,0
3,957694|A|G|L,957694,serC L14L,19,0
3,957694|A|G|L,957694,serC L14L,31,0
3,957694|A|G|L,957694,serC L14L,34,0
3,957694|A|G|L,957694,serC L14L,47,0
3,957694|A|G|L,957694,serC L14L,55,0
3,957694|A|G|L,957694,serC L14L,63,0
3,957694|A|G|L,957694,serC L14L,82,0.55
3,961237|C|T|S,961237,cmk P13S,0,0
3,961237|C|T|S,961237,cmk P13S,3,0
3,961237|C|T|S,961237,cmk P13S,16,0
3,961237|C|T|S,961237,cmk P13S,19,0
3,961237|C|T|S,961237,cmk P13S,31,0
3,961237|C|T|S,961237,cmk P13S,34,0
3,961237|C|T|S,961237,cmk P13S,47,0
3,961237|C|T|S,961237,cmk P13S,55,0
3,961237|C|T|S,961237,cmk P13S,63,0
3,961237|C|T|S,961237,cmk P13S,82,0.58
3,993545|G|A|M,993545,ssuB T167M,0,0
3,993545|G|A|M,993545,ssuB T167M,3,0
3,993545|G|A|M,993545,ssuB T167M,16,0
3,993545|G|A|M,993545,ssuB T167M,19,0
3,993545|G|A|M,993545,ssuB T167M,31,0
3,993545|G|A|M,993545,ssuB T167M,34,0
3,993545|G|A|M,993545,ssuB T167M,47,0
3,993545|G|A|M,993545,ssuB T167M,55,0
3,993545|G|A|M,993545,ssuB T167M,63,0
3,993545|G|A|M,993545,ssuB T167M,82,0.56
3,1008255|C|T|C,1008255,rlmL R138C,0,0
3,1008255|C|T|C,1008255,rlmL R138C,3,0
3,1008255|C|T|C,1008255,rlmL R138C,16,0
3,1008255|C|T|C,1008255,rlmL R138C,19,0
3,1008255|C|T|C,1008255,rlmL R138C,31,0
3,1008255|C|T|C,1008255,rlmL R138C,34,0
3,1008255|C|T|C,1008255,rlmL R138C,47,0
3,1008255|C|T|C,1008255,rlmL R138C,55,0
3,1008255|C|T|C,1008255,rlmL R138C,63,0
3,1008255|C|T|C,1008255,rlmL R138C,82,0.53
3,1036634|C|T|V,1036634,hyaE A94V,0,0
3,1036634|C|T|V,1036634,hyaE A94V,3,0
3,1036634|C|T|V,1036634,hyaE A94V,16,0
3,1036634|C|T|V,1036634,hyaE A94V,19,0
3,1036634|C|T|V,1036634,hyaE A94V,31,0
3,1036634|C|T|V,1036634,hyaE A94V,34,0
3,1036634|C|T|V,1036634,hyaE A94V,47,0
3,1036634|C|T|V,1036634,hyaE A94V,55,0
3,1036634|C|T|V,1036634,hyaE A94V,63,0
3,1036634|C|T|V,1036634,hyaE A94V,82,0.56
3,1087508|A|G|G,1087508,pgaC G113G,0,0
3,1087508|A|G|G,1087508,pgaC G113G,3,0
3,1087508|A|G|G,1087508,pgaC G113G,16,0
3,1087508|A|G|G,1087508,pgaC G113G,19,0
3,1087508|A|G|G,1087508,pgaC G113G,31,0
3,1087508|A|G|G,1087508,pgaC G113G,34,0
3,1087508|A|G|G,1087508,pgaC G113G,47,0
3,1087508|A|G|G,1087508,pgaC G113G,55,0
3,1087508|A|G|G,1087508,pgaC G113G,63,0
3,1087508|A|G|G,1087508,pgaC G113G,82,0.25
3,1127069|A|G|V,1127069,yceM V88V,0,0
3,1127069|A|G|V,1127069,yceM V88V,3,0
3,1127069|A|G|V,1127069,yceM V88V,16,0
3,1127069|A|G|V,1127069,yceM V88V,19,0
3,1127069|A|G|V,1127069,yceM V88V,31,0
3,1127069|A|G|V,1127069,yceM V88V,34,0
3,1127069|A|G|V,1127069,yceM V88V,47,0
3,1127069|A|G|V,1127069,yceM V88V,55,0
3,1127069|A|G|V,1127069,yceM V88V,63,0
3,1127069|A|G|V,1127069,yceM V88V,82,0.49
3,1157928|A||,1157928,ptsG small_indel,0,0
3,1157928|A||,1157928,ptsG small_indel,3,0
3,1157928|A||,1157928,ptsG small_indel,16,0
3,1157928|A||,1157928,ptsG small_indel,19,0
3,1157928|A||,1157928,ptsG small_indel,31,0
3,1157928|A||,1157928,ptsG small_indel,34,0
3,1157928|A||,1157928,ptsG small_indel,47,0
3,1157928|A||,1157928,ptsG small_indel,55,0.8
3,1157928|A||,1157928,ptsG small_indel,63,0
3,1157928|A||,1157928,ptsG small_indel,82,0
3,1196220|C|T|H,1196220,icd H366H,0,0
3,1196220|C|T|H,1196220,icd H366H,3,0
3,1196220|C|T|H,1196220,icd H366H,16,1
3,1196220|C|T|H,1196220,icd H366H,19,1
3,1196220|C|T|H,1196220,icd H366H,31,1
3,1196220|C|T|H,1196220,icd H366H,34,1
3,1196220|C|T|H,1196220,icd H366H,47,1
3,1196220|C|T|H,1196220,icd H366H,55,1
3,1196220|C|T|H,1196220,icd H366H,63,1
3,1196220|C|T|H,1196220,icd H366H,82,0
3,1196232|C|T|T,1196232,icd T370T,0,0
3,1196232|C|T|T,1196232,icd T370T,3,0
3,1196232|C|T|T,1196232,icd T370T,16,0
3,1196232|C|T|T,1196232,icd T370T,19,0
3,1196232|C|T|T,1196232,icd T370T,31,0
3,1196232|C|T|T,1196232,icd T370T,34,1
3,1196232|C|T|T,1196232,icd T370T,47,1
3,1196232|C|T|T,1196232,icd T370T,55,1
3,1196232|C|T|T,1196232,icd T370T,63,0
3,1196232|C|T|T,1196232,icd T370T,82,0
3,1196245|T|C|M,1196245,icd L375M,0,0
3,1196245|T|C|M,1196245,icd L375M,3,0
3,1196245|T|C|M,1196245,icd L375M,16,0
3,1196245|T|C|M,1196245,icd L375M,19,0
3,1196245|T|C|M,1196245,icd L375M,31,0
3,1196245|T|C|M,1196245,icd L375M,34,1
3,1196245|T|C|M,1196245,icd L375M,47,1
3,1196245|T|C|M,1196245,icd L375M,55,1
3,1196245|T|C|M,1196245,icd L375M,63,0
3,1196245|T|C|M,1196245,icd L375M,82,0
3,1196247|A|G|M,1196247,icd L375M,0,0
3,1196247|A|G|M,1196247,icd L375M,3,0
3,1196247|A|G|M,1196247,icd L375M,16,0
3,1196247|A|G|M,1196247,icd L375M,19,0
3,1196247|A|G|M,1196247,icd L375M,31,0
3,1196247|A|G|M,1196247,icd L375M,34,1
3,1196247|A|G|M,1196247,icd L375M,47,1
3,1196247|A|G|M,1196247,icd L375M,55,1
3,1196247|A|G|M,1196247,icd L375M,63,0
3,1196247|A|G|M,1196247,icd L375M,82,0
3,1251481|T|C|A,1251481,dhaR V139A,0,0
3,1251481|T|C|A,1251481,dhaR V139A,3,0
3,1251481|T|C|A,1251481,dhaR V139A,16,0
3,1251481|T|C|A,1251481,dhaR V139A,19,0
3,1251481|T|C|A,1251481,dhaR V139A,31,0
3,1251481|T|C|A,1251481,dhaR V139A,34,0
3,1251481|T|C|A,1251481,dhaR V139A,47,0
3,1251481|T|C|A,1251481,dhaR V139A,55,0
3,1251481|T|C|A,1251481,dhaR V139A,63,0
3,1251481|T|C|A,1251481,dhaR V139A,82,0.51
3,1401390|A|G|Y,1401390,abgT Y128Y,0,0
3,1401390|A|G|Y,1401390,abgT Y128Y,3,0
3,1401390|A|G|Y,1401390,abgT Y128Y,16,0
3,1401390|A|G|Y,1401390,abgT Y128Y,19,0
3,1401390|A|G|Y,1401390,abgT Y128Y,31,0
3,1401390|A|G|Y,1401390,abgT Y128Y,34,0
3,1401390|A|G|Y,1401390,abgT Y128Y,47,0
3,1401390|A|G|Y,1401390,abgT Y128Y,55,0
3,1401390|A|G|Y,1401390,abgT Y128Y,63,0
3,1401390|A|G|Y,1401390,abgT Y128Y,82,0.55
3,1434347|A|G|A,1434347,ynaM A20A,0,0
3,1434347|A|G|A,1434347,ynaM A20A,3,0
3,1434347|A|G|A,1434347,ynaM A20A,16,0
3,1434347|A|G|A,1434347,ynaM A20A,19,0
3,1434347|A|G|A,1434347,ynaM A20A,31,0
3,1434347|A|G|A,1434347,ynaM A20A,34,0
3,1434347|A|G|A,1434347,ynaM A20A,47,0
3,1434347|A|G|A,1434347,ynaM A20A,55,0
3,1434347|A|G|A,1434347,ynaM A20A,63,0
3,1434347|A|G|A,1434347,ynaM A20A,82,0.21
3,1458984|A|T|C,1458984,paaG S241C,0,0
3,1458984|A|T|C,1458984,paaG S241C,3,0
3,1458984|A|T|C,1458984,paaG S241C,16,0
3,1458984|A|T|C,1458984,paaG S241C,19,0
3,1458984|A|T|C,1458984,paaG S241C,31,0
3,1458984|A|T|C,1458984,paaG S241C,34,0
3,1458984|A|T|C,1458984,paaG S241C,47,0
3,1458984|A|T|C,1458984,paaG S241C,55,0
3,1458984|A|T|C,1458984,paaG S241C,63,0
3,1458984|A|T|C,1458984,paaG S241C,82,0.53
3,1459992|T|C|G,1459992,paaH G313G,0,0
3,1459992|T|C|G,1459992,paaH G313G,3,0
3,1459992|T|C|G,1459992,paaH G313G,16,0
3,1459992|T|C|G,1459992,paaH G313G,19,0
3,1459992|T|C|G,1459992,paaH G313G,31,0
3,1459992|T|C|G,1459992,paaH G313G,34,0.11
3,1459992|T|C|G,1459992,paaH G313G,47,0
3,1459992|T|C|G,1459992,paaH G313G,55,0
3,1459992|T|C|G,1459992,paaH G313G,63,0
3,1459992|T|C|G,1459992,paaH G313G,82,0
3,1502770|T|C|T,1502770,ydcL I105T,0,0
3,1502770|T|C|T,1502770,ydcL I105T,3,0.28
3,1502770|T|C|T,1502770,ydcL I105T,16,0
3,1502770|T|C|T,1502770,ydcL I105T,19,0
3,1502770|T|C|T,1502770,ydcL I105T,31,0
3,1502770|T|C|T,1502770,ydcL I105T,34,0
3,1502770|T|C|T,1502770,ydcL I105T,47,0
3,1502770|T|C|T,1502770,ydcL I105T,55,0
3,1502770|T|C|T,1502770,ydcL I105T,63,0
3,1502770|T|C|T,1502770,ydcL I105T,82,0
3,1536747|T|C|G,1536747,narW E188G,0,0
3,1536747|T|C|G,1536747,narW E188G,3,0
3,1536747|T|C|G,1536747,narW E188G,16,0
3,1536747|T|C|G,1536747,narW E188G,19,0
3,1536747|T|C|G,1536747,narW E188G,31,0
3,1536747|T|C|G,1536747,narW E188G,34,0
3,1536747|T|C|G,1536747,narW E188G,47,0
3,1536747|T|C|G,1536747,narW E188G,55,0
3,1536747|T|C|G,1536747,narW E188G,63,0
3,1536747|T|C|G,1536747,narW E188G,82,0.47
3,1568518|G||,1568518,digH small_indel,0,0
3,1568518|G||,1568518,digH small_indel,3,0
3,1568518|G||,1568518,digH small_indel,16,0
3,1568518|G||,1568518,digH small_indel,19,0
3,1568518|G||,1568518,digH small_indel,31,0
3,1568518|G||,1568518,digH small_indel,34,0
3,1568518|G||,1568518,digH small_indel,47,0
3,1568518|G||,1568518,digH small_indel,55,0
3,1568518|G||,1568518,digH small_indel,63,0
3,1568518|G||,1568518,digH small_indel,82,0.48
3,1591920|G|A|L,1591920,hipA P86L,0,0
3,1591920|G|A|L,1591920,hipA P86L,3,0
3,1591920|G|A|L,1591920,hipA P86L,16,0
3,1591920|G|A|L,1591920,hipA P86L,19,0
3,1591920|G|A|L,1591920,hipA P86L,31,0
3,1591920|G|A|L,1591920,hipA P86L,34,0
3,1591920|G|A|L,1591920,hipA P86L,47,0
3,1591920|G|A|L,1591920,hipA P86L,55,0
3,1591920|G|A|L,1591920,hipA P86L,63,0
3,1591920|G|A|L,1591920,hipA P86L,82,0.41
3,1622887|A|G|,1622887,mgrR snp_noncoding,0,0
3,1622887|A|G|,1622887,mgrR snp_noncoding,3,0
3,1622887|A|G|,1622887,mgrR snp_noncoding,16,0
3,1622887|A|G|,1622887,mgrR snp_noncoding,19,0
3,1622887|A|G|,1622887,mgrR snp_noncoding,31,0
3,1622887|A|G|,1622887,mgrR snp_noncoding,34,0
3,1622887|A|G|,1622887,mgrR snp_noncoding,47,0
3,1622887|A|G|,1622887,mgrR snp_noncoding,55,0
3,1622887|A|G|,1622887,mgrR snp_noncoding,63,0
3,1622887|A|G|,1622887,mgrR snp_noncoding,82,0.5
3,1635269|C|T|A,1635269,stfQ A193A,0,0
3,1635269|C|T|A,1635269,stfQ A193A,3,0
3,1635269|C|T|A,1635269,stfQ A193A,16,0
3,1635269|C|T|A,1635269,stfQ A193A,19,0
3,1635269|C|T|A,1635269,stfQ A193A,31,0
3,1635269|C|T|A,1635269,stfQ A193A,34,0
3,1635269|C|T|A,1635269,stfQ A193A,47,0
3,1635269|C|T|A,1635269,stfQ A193A,55,0
3,1635269|C|T|A,1635269,stfQ A193A,63,0
3,1635269|C|T|A,1635269,stfQ A193A,82,0.12
3,1650535|C|T|,1650535,ydfD/ynfP snp_intergenic,0,0
3,1650535|C|T|,1650535,ydfD/ynfP snp_intergenic,3,0
3,1650535|C|T|,1650535,ydfD/ynfP snp_intergenic,16,0
3,1650535|C|T|,1650535,ydfD/ynfP snp_intergenic,19,0
3,1650535|C|T|,1650535,ydfD/ynfP snp_intergenic,31,0
3,1650535|C|T|,1650535,ydfD/ynfP snp_intergenic,34,0.72
3,1650535|C|T|,1650535,ydfD/ynfP snp_intergenic,47,1
3,1650535|C|T|,1650535,ydfD/ynfP snp_intergenic,55,1
3,1650535|C|T|,1650535,ydfD/ynfP snp_intergenic,63,1
3,1650535|C|T|,1650535,ydfD/ynfP snp_intergenic,82,0
3,1898065|T|C|G,1898065,sdaA G378G,0,0
3,1898065|T|C|G,1898065,sdaA G378G,3,0
3,1898065|T|C|G,1898065,sdaA G378G,16,0
3,1898065|T|C|G,1898065,sdaA G378G,19,0
3,1898065|T|C|G,1898065,sdaA G378G,31,0
3,1898065|T|C|G,1898065,sdaA G378G,34,0
3,1898065|T|C|G,1898065,sdaA G378G,47,0
3,1898065|T|C|G,1898065,sdaA G378G,55,0
3,1898065|T|C|G,1898065,sdaA G378G,63,0
3,1898065|T|C|G,1898065,sdaA G378G,82,0.47
3,1941229|C|T|D,1941229,mepM G136D,0,0
3,1941229|C|T|D,1941229,mepM G136D,3,0
3,1941229|C|T|D,1941229,mepM G136D,16,0
3,1941229|C|T|D,1941229,mepM G136D,19,0
3,1941229|C|T|D,1941229,mepM G136D,31,0
3,1941229|C|T|D,1941229,mepM G136D,34,0
3,1941229|C|T|D,1941229,mepM G136D,47,0
3,1941229|C|T|D,1941229,mepM G136D,55,0
3,1941229|C|T|D,1941229,mepM G136D,63,0
3,1941229|C|T|D,1941229,mepM G136D,82,0.53
3,2174844|TTAG||,2174844,gatA mobile_element_insertion,0,0
3,2174844|TTAG||,2174844,gatA mobile_element_insertion,3,0
3,2174844|TTAG||,2174844,gatA mobile_element_insertion,16,0
3,2174844|TTAG||,2174844,gatA mobile_element_insertion,19,0
3,2174844|TTAG||,2174844,gatA mobile_element_insertion,31,0
3,2174844|TTAG||,2174844,gatA mobile_element_insertion,34,0
3,2174844|TTAG||,2174844,gatA mobile_element_insertion,47,0
3,2174844|TTAG||,2174844,gatA mobile_element_insertion,55,0
3,2174844|TTAG||,2174844,gatA mobile_element_insertion,63,0
3,2174844|TTAG||,2174844,gatA mobile_element_insertion,82,0.48
3,2254940|CGTGAATAT||,2254940,rihB mobile_element_insertion,0,0
3,2254940|CGTGAATAT||,2254940,rihB mobile_element_insertion,3,0
3,2254940|CGTGAATAT||,2254940,rihB mobile_element_insertion,16,0
3,2254940|CGTGAATAT||,2254940,rihB mobile_element_insertion,19,0
3,2254940|CGTGAATAT||,2254940,rihB mobile_element_insertion,31,0.26
3,2254940|CGTGAATAT||,2254940,rihB mobile_element_insertion,34,0
3,2254940|CGTGAATAT||,2254940,rihB mobile_element_insertion,47,0
3,2254940|CGTGAATAT||,2254940,rihB mobile_element_insertion,55,0
3,2254940|CGTGAATAT||,2254940,rihB mobile_element_insertion,63,0
3,2254940|CGTGAATAT||,2254940,rihB mobile_element_insertion,82,0
3,2284434|A|G|R,2284434,lapC H20R,0,0
3,2284434|A|G|R,2284434,lapC H20R,3,0
3,2284434|A|G|R,2284434,lapC H20R,16,0
3,2284434|A|G|R,2284434,lapC H20R,19,0
3,2284434|A|G|R,2284434,lapC H20R,31,0
3,2284434|A|G|R,2284434,lapC H20R,34,0
3,2284434|A|G|R,2284434,lapC H20R,47,0
3,2284434|A|G|R,2284434,lapC H20R,55,0
3,2284434|A|G|R,2284434,lapC H20R,63,0
3,2284434|A|G|R,2284434,lapC H20R,82,0.49
3,2329107|T|C|E,2329107,yfaQ K231E,0,0
3,2329107|T|C|E,2329107,yfaQ K231E,3,0
3,2329107|T|C|E,2329107,yfaQ K231E,16,0
3,2329107|T|C|E,2329107,yfaQ K231E,19,0
3,2329107|T|C|E,2329107,yfaQ K231E,31,0
3,2329107|T|C|E,2329107,yfaQ K231E,34,0
3,2329107|T|C|E,2329107,yfaQ K231E,47,0
3,2329107|T|C|E,2329107,yfaQ K231E,55,0
3,2329107|T|C|E,2329107,yfaQ K231E,63,0
3,2329107|T|C|E,2329107,yfaQ K231E,82,0.53
3,2339065|G|T|E,2339065,gyrA A119E,0,0
3,2339065|G|T|E,2339065,gyrA A119E,3,0
3,2339065|G|T|E,2339065,gyrA A119E,16,0.28
3,2339065|G|T|E,2339065,gyrA A119E,19,0
3,2339065|G|T|E,2339065,gyrA A119E,31,0
3,2339065|G|T|E,2339065,gyrA A119E,34,0
3,2339065|G|T|E,2339065,gyrA A119E,47,0
3,2339065|G|T|E,2339065,gyrA A119E,55,0
3,2339065|G|T|E,2339065,gyrA A119E,63,0
3,2339065|G|T|E,2339065,gyrA A119E,82,0
3,2339173|G|A|L,2339173,gyrA S83L,0,0
3,2339173|G|A|L,2339173,gyrA S83L,3,0
3,2339173|G|A|L,2339173,gyrA S83L,16,0
3,2339173|G|A|L,2339173,gyrA S83L,19,0
3,2339173|G|A|L,2339173,gyrA S83L,31,1
3,2339173|G|A|L,2339173,gyrA S83L,34,1
3,2339173|G|A|L,2339173,gyrA S83L,47,1
3,2339173|G|A|L,2339173,gyrA S83L,55,1
3,2339173|G|A|L,2339173,gyrA S83L,63,1
3,2339173|G|A|L,2339173,gyrA S83L,82,1
3,2339179|C|T|D,2339179,gyrA G81D,0,0
3,2339179|C|T|D,2339179,gyrA G81D,3,0
3,2339179|C|T|D,2339179,gyrA G81D,16,0.62
3,2339179|C|T|D,2339179,gyrA G81D,19,0.21
3,2339179|C|T|D,2339179,gyrA G81D,31,0
3,2339179|C|T|D,2339179,gyrA G81D,34,0
3,2339179|C|T|D,2339179,gyrA G81D,47,0
3,2339179|C|T|D,2339179,gyrA G81D,55,0
3,2339179|C|T|D,2339179,gyrA G81D,63,0
3,2339179|C|T|D,2339179,gyrA G81D,82,0
3,2445041|G|A|L,2445041,yfcA L174L,0,0
3,2445041|G|A|L,2445041,yfcA L174L,3,0
3,2445041|G|A|L,2445041,yfcA L174L,16,0
3,2445041|G|A|L,2445041,yfcA L174L,19,0
3,2445041|G|A|L,2445041,yfcA L174L,31,0
3,2445041|G|A|L,2445041,yfcA L174L,34,0
3,2445041|G|A|L,2445041,yfcA L174L,47,0
3,2445041|G|A|L,2445041,yfcA L174L,55,0
3,2445041|G|A|L,2445041,yfcA L174L,63,0
3,2445041|G|A|L,2445041,yfcA L174L,82,0.22
3,2527289|C|T|V,2527289,yfeH A115V,0,0
3,2527289|C|T|V,2527289,yfeH A115V,3,0
3,2527289|C|T|V,2527289,yfeH A115V,16,0
3,2527289|C|T|V,2527289,yfeH A115V,19,0
3,2527289|C|T|V,2527289,yfeH A115V,31,0
3,2527289|C|T|V,2527289,yfeH A115V,34,0
3,2527289|C|T|V,2527289,yfeH A115V,47,0
3,2527289|C|T|V,2527289,yfeH A115V,55,0
3,2527289|C|T|V,2527289,yfeH A115V,63,0
3,2527289|C|T|V,2527289,yfeH A115V,82,0.1
3,2533903|T|C|P,2533903,ptsH L47P,0,0
3,2533903|T|C|P,2533903,ptsH L47P,3,0
3,2533903|T|C|P,2533903,ptsH L47P,16,0
3,2533903|T|C|P,2533903,ptsH L47P,19,0
3,2533903|T|C|P,2533903,ptsH L47P,31,0
3,2533903|T|C|P,2533903,ptsH L47P,34,0
3,2533903|T|C|P,2533903,ptsH L47P,47,0
3,2533903|T|C|P,2533903,ptsH L47P,55,0
3,2533903|T|C|P,2533903,ptsH L47P,63,0
3,2533903|T|C|P,2533903,ptsH L47P,82,0.25
3,2622216|A|G|Q,2622216,purM Q340Q,0,0
3,2622216|A|G|Q,2622216,purM Q340Q,3,0
3,2622216|A|G|Q,2622216,purM Q340Q,16,0
3,2622216|A|G|Q,2622216,purM Q340Q,19,0
3,2622216|A|G|Q,2622216,purM Q340Q,31,0
3,2622216|A|G|Q,2622216,purM Q340Q,34,0
3,2622216|A|G|Q,2622216,purM Q340Q,47,0
3,2622216|A|G|Q,2622216,purM Q340Q,55,0
3,2622216|A|G|Q,2622216,purM Q340Q,63,0
3,2622216|A|G|Q,2622216,purM Q340Q,82,0.53
3,2623793|T|C|S,2623793,ppk S250S,0,0
3,2623793|T|C|S,2623793,ppk S250S,3,0
3,2623793|T|C|S,2623793,ppk S250S,16,0
3,2623793|T|C|S,2623793,ppk S250S,19,0
3,2623793|T|C|S,2623793,ppk S250S,31,0
3,2623793|T|C|S,2623793,ppk S250S,34,0
3,2623793|T|C|S,2623793,ppk S250S,47,0
3,2623793|T|C|S,2623793,ppk S250S,55,0
3,2623793|T|C|S,2623793,ppk S250S,63,0
3,2623793|T|C|S,2623793,ppk S250S,82,0.53
3,2658628|A|G|P,2658628,hscA L103P,0,0
3,2658628|A|G|P,2658628,hscA L103P,3,0
3,2658628|A|G|P,2658628,hscA L103P,16,0
3,2658628|A|G|P,2658628,hscA L103P,19,0
3,2658628|A|G|P,2658628,hscA L103P,31,0
3,2658628|A|G|P,2658628,hscA L103P,34,0
3,2658628|A|G|P,2658628,hscA L103P,47,0
3,2658628|A|G|P,2658628,hscA L103P,55,0
3,2658628|A|G|P,2658628,hscA L103P,63,0
3,2658628|A|G|P,2658628,hscA L103P,82,0.49
3,2662334|C|A|,2662334,iscR/trmJ snp_intergenic,0,0
3,2662334|C|A|,2662334,iscR/trmJ snp_intergenic,3,0
3,2662334|C|A|,2662334,iscR/trmJ snp_intergenic,16,0
3,2662334|C|A|,2662334,iscR/trmJ snp_intergenic,19,0
3,2662334|C|A|,2662334,iscR/trmJ snp_intergenic,31,0
3,2662334|C|A|,2662334,iscR/trmJ snp_intergenic,34,0
3,2662334|C|A|,2662334,iscR/trmJ snp_intergenic,47,0
3,2662334|C|A|,2662334,iscR/trmJ snp_intergenic,55,0
3,2662334|C|A|,2662334,iscR/trmJ snp_intergenic,63,0
3,2662334|C|A|,2662334,iscR/trmJ snp_intergenic,82,0.49
3,2722723|T||,2722723,pssL small_indel,0,0
3,2722723|T||,2722723,pssL small_indel,3,0
3,2722723|T||,2722723,pssL small_indel,16,0
3,2722723|T||,2722723,pssL small_indel,19,0
3,2722723|T||,2722723,pssL small_indel,31,0
3,2722723|T||,2722723,pssL small_indel,34,0
3,2722723|T||,2722723,pssL small_indel,47,0
3,2722723|T||,2722723,pssL small_indel,55,0
3,2722723|T||,2722723,pssL small_indel,63,0
3,2722723|T||,2722723,pssL small_indel,82,0.57
3,2821424|G|C|G,2821424,alaS G196G,0,0
3,2821424|G|C|G,2821424,alaS G196G,3,0
3,2821424|G|C|G,2821424,alaS G196G,16,0
3,2821424|G|C|G,2821424,alaS G196G,19,0
3,2821424|G|C|G,2821424,alaS G196G,31,0
3,2821424|G|C|G,2821424,alaS G196G,34,0
3,2821424|G|C|G,2821424,alaS G196G,47,0
3,2821424|G|C|G,2821424,alaS G196G,55,0
3,2821424|G|C|G,2821424,alaS G196G,63,0
3,2821424|G|C|G,2821424,alaS G196G,82,0.27
3,2853262|T|C|N,2853262,hypE N3N,0,0
3,2853262|T|C|N,2853262,hypE N3N,3,0
3,2853262|T|C|N,2853262,hypE N3N,16,0
3,2853262|T|C|N,2853262,hypE N3N,19,0
3,2853262|T|C|N,2853262,hypE N3N,31,0
3,2853262|T|C|N,2853262,hypE N3N,34,0
3,2853262|T|C|N,2853262,hypE N3N,47,0
3,2853262|T|C|N,2853262,hypE N3N,55,0
3,2853262|T|C|N,2853262,hypE N3N,63,0
3,2853262|T|C|N,2853262,hypE N3N,82,0.47
3,2972129|T||,2972129,tas small_indel,0,0
3,2972129|T||,2972129,tas small_indel,3,0
3,2972129|T||,2972129,tas small_indel,16,0.66
3,2972129|T||,2972129,tas small_indel,19,0.18
3,2972129|T||,2972129,tas small_indel,31,0
3,2972129|T||,2972129,tas small_indel,34,0
3,2972129|T||,2972129,tas small_indel,47,0
3,2972129|T||,2972129,tas small_indel,55,0
3,2972129|T||,2972129,tas small_indel,63,0
3,2972129|T||,2972129,tas small_indel,82,0
3,3029621|T|C|G,3029621,ygfT G437G,0,0
3,3029621|T|C|G,3029621,ygfT G437G,3,0
3,3029621|T|C|G,3029621,ygfT G437G,16,0
3,3029621|T|C|G,3029621,ygfT G437G,19,0
3,3029621|T|C|G,3029621,ygfT G437G,31,0
3,3029621|T|C|G,3029621,ygfT G437G,34,0
3,3029621|T|C|G,3029621,ygfT G437G,47,0
3,3029621|T|C|G,3029621,ygfT G437G,55,0
3,3029621|T|C|G,3029621,ygfT G437G,63,0
3,3029621|T|C|G,3029621,ygfT G437G,82,0.5
3,3054894|G|T|Q,3054894,ygfB P184Q,0,0
3,3054894|G|T|Q,3054894,ygfB P184Q,3,0
3,3054894|G|T|Q,3054894,ygfB P184Q,16,0
3,3054894|G|T|Q,3054894,ygfB P184Q,19,0
3,3054894|G|T|Q,3054894,ygfB P184Q,31,0
3,3054894|G|T|Q,3054894,ygfB P184Q,34,0
3,3054894|G|T|Q,3054894,ygfB P184Q,47,0
3,3054894|G|T|Q,3054894,ygfB P184Q,55,0
3,3054894|G|T|Q,3054894,ygfB P184Q,63,0
3,3054894|G|T|Q,3054894,ygfB P184Q,82,0.18
3,3152687|T|C|A,3152687,metC V151A,0,0
3,3152687|T|C|A,3152687,metC V151A,3,0
3,3152687|T|C|A,3152687,metC V151A,16,0
3,3152687|T|C|A,3152687,metC V151A,19,0
3,3152687|T|C|A,3152687,metC V151A,31,0
3,3152687|T|C|A,3152687,metC V151A,34,0
3,3152687|T|C|A,3152687,metC V151A,47,0
3,3152687|T|C|A,3152687,metC V151A,55,0
3,3152687|T|C|A,3152687,metC V151A,63,0
3,3152687|T|C|A,3152687,metC V151A,82,0.12
3,3172492|T|C|,3172492,ygiZ/mdaB snp_intergenic,0,0
3,3172492|T|C|,3172492,ygiZ/mdaB snp_intergenic,3,0
3,3172492|T|C|,3172492,ygiZ/mdaB snp_intergenic,16,0
3,3172492|T|C|,3172492,ygiZ/mdaB snp_intergenic,19,0
3,3172492|T|C|,3172492,ygiZ/mdaB snp_intergenic,31,0
3,3172492|T|C|,3172492,ygiZ/mdaB snp_intergenic,34,0
3,3172492|T|C|,3172492,ygiZ/mdaB snp_intergenic,47,0
3,3172492|T|C|,3172492,ygiZ/mdaB snp_intergenic,55,0
3,3172492|T|C|,3172492,ygiZ/mdaB snp_intergenic,63,0
3,3172492|T|C|,3172492,ygiZ/mdaB snp_intergenic,82,0.23
3,3197385|C|T|T,3197385,glnE A753T,0,0
3,3197385|C|T|T,3197385,glnE A753T,3,0
3,3197385|C|T|T,3197385,glnE A753T,16,0
3,3197385|C|T|T,3197385,glnE A753T,19,0
3,3197385|C|T|T,3197385,glnE A753T,31,0
3,3197385|C|T|T,3197385,glnE A753T,34,0
3,3197385|C|T|T,3197385,glnE A753T,47,0
3,3197385|C|T|T,3197385,glnE A753T,55,0
3,3197385|C|T|T,3197385,glnE A753T,63,0
3,3197385|C|T|T,3197385,glnE A753T,82,0.54
3,3214407|T|C|A,3214407,rpoD V454A,0,0
3,3214407|T|C|A,3214407,rpoD V454A,3,0
3,3214407|T|C|A,3214407,rpoD V454A,16,0
3,3214407|T|C|A,3214407,rpoD V454A,19,0
3,3214407|T|C|A,3214407,rpoD V454A,31,0
3,3214407|T|C|A,3214407,rpoD V454A,34,0
3,3214407|T|C|A,3214407,rpoD V454A,47,0
3,3214407|T|C|A,3214407,rpoD V454A,55,0
3,3214407|T|C|A,3214407,rpoD V454A,63,0
3,3214407|T|C|A,3214407,rpoD V454A,82,0.51
3,3227631|C|T|R,3227631,ygjI R466R,0,0
3,3227631|C|T|R,3227631,ygjI R466R,3,0
3,3227631|C|T|R,3227631,ygjI R466R,16,0
3,3227631|C|T|R,3227631,ygjI R466R,19,0
3,3227631|C|T|R,3227631,ygjI R466R,31,0
3,3227631|C|T|R,3227631,ygjI R466R,34,0
3,3227631|C|T|R,3227631,ygjI R466R,47,0
3,3227631|C|T|R,3227631,ygjI R466R,55,0
3,3227631|C|T|R,3227631,ygjI R466R,63,0
3,3227631|C|T|R,3227631,ygjI R466R,82,0.53
3,3269943|G|T|,3269943,yhaC/rnpB snp_intergenic,0,0
3,3269943|G|T|,3269943,yhaC/rnpB snp_intergenic,3,0
3,3269943|G|T|,3269943,yhaC/rnpB snp_intergenic,16,0
3,3269943|G|T|,3269943,yhaC/rnpB snp_intergenic,19,0
3,3269943|G|T|,3269943,yhaC/rnpB snp_intergenic,31,0
3,3269943|G|T|,3269943,yhaC/rnpB snp_intergenic,34,0.11
3,3269943|G|T|,3269943,yhaC/rnpB snp_intergenic,47,0
3,3269943|G|T|,3269943,yhaC/rnpB snp_intergenic,55,0
3,3269943|G|T|,3269943,yhaC/rnpB snp_intergenic,63,0
3,3269943|G|T|,3269943,yhaC/rnpB snp_intergenic,82,0
3,3326144|CAGACCAGCGCC||,3326144,ftsH small_indel,0,0
3,3326144|CAGACCAGCGCC||,3326144,ftsH small_indel,3,0
3,3326144|CAGACCAGCGCC||,3326144,ftsH small_indel,16,0
3,3326144|CAGACCAGCGCC||,3326144,ftsH small_indel,19,0
3,3326144|CAGACCAGCGCC||,3326144,ftsH small_indel,31,0
3,3326144|CAGACCAGCGCC||,3326144,ftsH small_indel,34,0
3,3326144|CAGACCAGCGCC||,3326144,ftsH small_indel,47,0
3,3326144|CAGACCAGCGCC||,3326144,ftsH small_indel,55,0
3,3326144|CAGACCAGCGCC||,3326144,ftsH small_indel,63,0
3,3326144|CAGACCAGCGCC||,3326144,ftsH small_indel,82,0.49
3,3367766|TCACC||,3367766,yhcF/yhcG mobile_element_insertion,0,0
3,3367766|TCACC||,3367766,yhcF/yhcG mobile_element_insertion,3,0
3,3367766|TCACC||,3367766,yhcF/yhcG mobile_element_insertion,16,0
3,3367766|TCACC||,3367766,yhcF/yhcG mobile_element_insertion,19,0
3,3367766|TCACC||,3367766,yhcF/yhcG mobile_element_insertion,31,0
3,3367766|TCACC||,3367766,yhcF/yhcG mobile_element_insertion,34,0.1
3,3367766|TCACC||,3367766,yhcF/yhcG mobile_element_insertion,47,0
3,3367766|TCACC||,3367766,yhcF/yhcG mobile_element_insertion,55,0
3,3367766|TCACC||,3367766,yhcF/yhcG mobile_element_insertion,63,0
3,3367766|TCACC||,3367766,yhcF/yhcG mobile_element_insertion,82,0
3,3380522|T|C|A,3380522,zapG V111A,0,0
3,3380522|T|C|A,3380522,zapG V111A,3,0
3,3380522|T|C|A,3380522,zapG V111A,16,0
3,3380522|T|C|A,3380522,zapG V111A,19,0
3,3380522|T|C|A,3380522,zapG V111A,31,0
3,3380522|T|C|A,3380522,zapG V111A,34,0
3,3380522|T|C|A,3380522,zapG V111A,47,0
3,3380522|T|C|A,3380522,zapG V111A,55,0
3,3380522|T|C|A,3380522,zapG V111A,63,0
3,3380522|T|C|A,3380522,zapG V111A,82,0.5
3,3387105|T|C|A,3387105,aaeB T362A,0,0
3,3387105|T|C|A,3387105,aaeB T362A,3,0
3,3387105|T|C|A,3387105,aaeB T362A,16,0
3,3387105|T|C|A,3387105,aaeB T362A,19,0
3,3387105|T|C|A,3387105,aaeB T362A,31,0
3,3387105|T|C|A,3387105,aaeB T362A,34,0
3,3387105|T|C|A,3387105,aaeB T362A,47,0
3,3387105|T|C|A,3387105,aaeB T362A,55,0
3,3387105|T|C|A,3387105,aaeB T362A,63,0
3,3387105|T|C|A,3387105,aaeB T362A,82,0.48
3,3389754|G|A|I,3389754,aaeR V79I,0,0
3,3389754|G|A|I,3389754,aaeR V79I,3,0
3,3389754|G|A|I,3389754,aaeR V79I,16,0
3,3389754|G|A|I,3389754,aaeR V79I,19,0
3,3389754|G|A|I,3389754,aaeR V79I,31,0
3,3389754|G|A|I,3389754,aaeR V79I,34,0
3,3389754|G|A|I,3389754,aaeR V79I,47,0
3,3389754|G|A|I,3389754,aaeR V79I,55,0
3,3389754|G|A|I,3389754,aaeR V79I,63,0
3,3389754|G|A|I,3389754,aaeR V79I,82,0.49
3,3417102|T|C|G,3417102,acrF G690G,0,0
3,3417102|T|C|G,3417102,acrF G690G,3,0
3,3417102|T|C|G,3417102,acrF G690G,16,0
3,3417102|T|C|G,3417102,acrF G690G,19,0
3,3417102|T|C|G,3417102,acrF G690G,31,0
3,3417102|T|C|G,3417102,acrF G690G,34,0
3,3417102|T|C|G,3417102,acrF G690G,47,0
3,3417102|T|C|G,3417102,acrF G690G,55,0
3,3417102|T|C|G,3417102,acrF G690G,63,0
3,3417102|T|C|G,3417102,acrF G690G,82,0.28
3,3473169|C|A|F,3473169,fusA V116F,0,0
3,3473169|C|A|F,3473169,fusA V116F,3,0
3,3473169|C|A|F,3473169,fusA V116F,16,0
3,3473169|C|A|F,3473169,fusA V116F,19,0
3,3473169|C|A|F,3473169,fusA V116F,31,1
3,3473169|C|A|F,3473169,fusA V116F,34,0
3,3473169|C|A|F,3473169,fusA V116F,47,0
3,3473169|C|A|F,3473169,fusA V116F,55,0
3,3473169|C|A|F,3473169,fusA V116F,63,0
3,3473169|C|A|F,3473169,fusA V116F,82,0
3,3473332|A|C|M,3473332,fusA I61M,0,0
3,3473332|A|C|M,3473332,fusA I61M,3,0
3,3473332|A|C|M,3473332,fusA I61M,16,0
3,3473332|A|C|M,3473332,fusA I61M,19,0
3,3473332|A|C|M,3473332,fusA I61M,31,0
3,3473332|A|C|M,3473332,fusA I61M,34,0.22
3,3473332|A|C|M,3473332,fusA I61M,47,0
3,3473332|A|C|M,3473332,fusA I61M,55,0
3,3473332|A|C|M,3473332,fusA I61M,63,0
3,3473332|A|C|M,3473332,fusA I61M,82,0
3,3514647|A|C|R,3514647,rpe L138R,0,0
3,3514647|A|C|R,3514647,rpe L138R,3,0
3,3514647|A|C|R,3514647,rpe L138R,16,0
3,3514647|A|C|R,3514647,rpe L138R,19,0
3,3514647|A|C|R,3514647,rpe L138R,31,0
3,3514647|A|C|R,3514647,rpe L138R,34,0
3,3514647|A|C|R,3514647,rpe L138R,47,0
3,3514647|A|C|R,3514647,rpe L138R,55,0
3,3514647|A|C|R,3514647,rpe L138R,63,1
3,3514647|A|C|R,3514647,rpe L138R,82,0
3,3542051|T|C|P,3542051,feoB S549P,0,0
3,3542051|T|C|P,3542051,feoB S549P,3,0
3,3542051|T|C|P,3542051,feoB S549P,16,0
3,3542051|T|C|P,3542051,feoB S549P,19,0
3,3542051|T|C|P,3542051,feoB S549P,31,0
3,3542051|T|C|P,3542051,feoB S549P,34,0
3,3542051|T|C|P,3542051,feoB S549P,47,0
3,3542051|T|C|P,3542051,feoB S549P,55,0
3,3542051|T|C|P,3542051,feoB S549P,63,0
3,3542051|T|C|P,3542051,feoB S549P,82,0.26
3,3589647|T|C|V,3589647,ugpE V127V,0,0
3,3589647|T|C|V,3589647,ugpE V127V,3,0
3,3589647|T|C|V,3589647,ugpE V127V,16,0
3,3589647|T|C|V,3589647,ugpE V127V,19,0
3,3589647|T|C|V,3589647,ugpE V127V,31,0
3,3589647|T|C|V,3589647,ugpE V127V,34,0
3,3589647|T|C|V,3589647,ugpE V127V,47,0
3,3589647|T|C|V,3589647,ugpE V127V,55,0
3,3589647|T|C|V,3589647,ugpE V127V,63,0
3,3589647|T|C|V,3589647,ugpE V127V,82,0.55
3,3597777|T|C|,3597777,livK/panZ snp_intergenic,0,0
3,3597777|T|C|,3597777,livK/panZ snp_intergenic,3,0
3,3597777|T|C|,3597777,livK/panZ snp_intergenic,16,0
3,3597777|T|C|,3597777,livK/panZ snp_intergenic,19,0
3,3597777|T|C|,3597777,livK/panZ snp_intergenic,31,0
3,3597777|T|C|,3597777,livK/panZ snp_intergenic,34,0
3,3597777|T|C|,3597777,livK/panZ snp_intergenic,47,0
3,3597777|T|C|,3597777,livK/panZ snp_intergenic,55,0
3,3597777|T|C|,3597777,livK/panZ snp_intergenic,63,0
3,3597777|T|C|,3597777,livK/panZ snp_intergenic,82,0.53
3,3624532|A|G|G,3624532,yhhI E52G,0,0
3,3624532|A|G|G,3624532,yhhI E52G,3,0
3,3624532|A|G|G,3624532,yhhI E52G,16,0
3,3624532|A|G|G,3624532,yhhI E52G,19,0
3,3624532|A|G|G,3624532,yhhI E52G,31,0
3,3624532|A|G|G,3624532,yhhI E52G,34,0
3,3624532|A|G|G,3624532,yhhI E52G,47,0
3,3624532|A|G|G,3624532,yhhI E52G,55,0
3,3624532|A|G|G,3624532,yhhI E52G,63,0
3,3624532|A|G|G,3624532,yhhI E52G,82,0.35
3,3643710|G|A|S,3643710,prlC S491S,0,0
3,3643710|G|A|S,3643710,prlC S491S,3,0
3,3643710|G|A|S,3643710,prlC S491S,16,0
3,3643710|G|A|S,3643710,prlC S491S,19,0
3,3643710|G|A|S,3643710,prlC S491S,31,0
3,3643710|G|A|S,3643710,prlC S491S,34,0
3,3643710|G|A|S,3643710,prlC S491S,47,0
3,3643710|G|A|S,3643710,prlC S491S,55,0
3,3643710|G|A|S,3643710,prlC S491S,63,0
3,3643710|G|A|S,3643710,prlC S491S,82,0.51
3,3659163|A|G|,3659163,gadF/mdtE snp_intergenic,0,0
3,3659163|A|G|,3659163,gadF/mdtE snp_intergenic,3,0
3,3659163|A|G|,3659163,gadF/mdtE snp_intergenic,16,0
3,3659163|A|G|,3659163,gadF/mdtE snp_intergenic,19,0
3,3659163|A|G|,3659163,gadF/mdtE snp_intergenic,31,0.27
3,3659163|A|G|,3659163,gadF/mdtE snp_intergenic,34,0
3,3659163|A|G|,3659163,gadF/mdtE snp_intergenic,47,0
3,3659163|A|G|,3659163,gadF/mdtE snp_intergenic,55,0
3,3659163|A|G|,3659163,gadF/mdtE snp_intergenic,63,0
3,3659163|A|G|,3659163,gadF/mdtE snp_intergenic,82,0
3,3745043|C|G|E,3745043,yiaN D80E,0,0
3,3745043|C|G|E,3745043,yiaN D80E,3,0
3,3745043|C|G|E,3745043,yiaN D80E,16,0
3,3745043|C|G|E,3745043,yiaN D80E,19,0
3,3745043|C|G|E,3745043,yiaN D80E,31,0
3,3745043|C|G|E,3745043,yiaN D80E,34,0
3,3745043|C|G|E,3745043,yiaN D80E,47,0
3,3745043|C|G|E,3745043,yiaN D80E,55,0
3,3745043|C|G|E,3745043,yiaN D80E,63,0
3,3745043|C|G|E,3745043,yiaN D80E,82,0.52
3,3748601|G|A|T,3748601,sgbH A9T,0,0
3,3748601|G|A|T,3748601,sgbH A9T,3,0
3,3748601|G|A|T,3748601,sgbH A9T,16,0
3,3748601|G|A|T,3748601,sgbH A9T,19,0
3,3748601|G|A|T,3748601,sgbH A9T,31,0
3,3748601|G|A|T,3748601,sgbH A9T,34,0
3,3748601|G|A|T,3748601,sgbH A9T,47,0
3,3748601|G|A|T,3748601,sgbH A9T,55,0
3,3748601|G|A|T,3748601,sgbH A9T,63,0
3,3748601|G|A|T,3748601,sgbH A9T,82,0.37
3,3758381|A|TG|,3758381,selB small_indel,0,0
3,3758381|A|TG|,3758381,selB small_indel,3,0
3,3758381|A|TG|,3758381,selB small_indel,16,0
3,3758381|A|TG|,3758381,selB small_indel,19,0
3,3758381|A|TG|,3758381,selB small_indel,31,0.93
3,3758381|A|TG|,3758381,selB small_indel,34,0
3,3758381|A|TG|,3758381,selB small_indel,47,0
3,3758381|A|TG|,3758381,selB small_indel,55,0
3,3758381|A|TG|,3758381,selB small_indel,63,0
3,3758381|A|TG|,3758381,selB small_indel,82,0.41
3,3767434|T|C|,3767434,yibA/yibG snp_intergenic,0,0
3,3767434|T|C|,3767434,yibA/yibG snp_intergenic,3,0
3,3767434|T|C|,3767434,yibA/yibG snp_intergenic,16,0
3,3767434|T|C|,3767434,yibA/yibG snp_intergenic,19,0
3,3767434|T|C|,3767434,yibA/yibG snp_intergenic,31,0
3,3767434|T|C|,3767434,yibA/yibG snp_intergenic,34,0
3,3767434|T|C|,3767434,yibA/yibG snp_intergenic,47,0
3,3767434|T|C|,3767434,yibA/yibG snp_intergenic,55,0
3,3767434|T|C|,3767434,yibA/yibG snp_intergenic,63,0
3,3767434|T|C|,3767434,yibA/yibG snp_intergenic,82,0.5
3,3822173|CCGCGCG||,3822173,rpoZ small_indel,0,0
3,3822173|CCGCGCG||,3822173,rpoZ small_indel,3,0
3,3822173|CCGCGCG||,3822173,rpoZ small_indel,16,0
3,3822173|CCGCGCG||,3822173,rpoZ small_indel,19,0
3,3822173|CCGCGCG||,3822173,rpoZ small_indel,31,0
3,3822173|CCGCGCG||,3822173,rpoZ small_indel,34,0
3,3822173|CCGCGCG||,3822173,rpoZ small_indel,47,0
3,3822173|CCGCGCG||,3822173,rpoZ small_indel,55,0
3,3822173|CCGCGCG||,3822173,rpoZ small_indel,63,0
3,3822173|CCGCGCG||,3822173,rpoZ small_indel,82,0.49
3,3833647|A|G|N,3833647,yicI N297N,0,0
3,3833647|A|G|N,3833647,yicI N297N,3,0
3,3833647|A|G|N,3833647,yicI N297N,16,0
3,3833647|A|G|N,3833647,yicI N297N,19,0
3,3833647|A|G|N,3833647,yicI N297N,31,0
3,3833647|A|G|N,3833647,yicI N297N,34,0
3,3833647|A|G|N,3833647,yicI N297N,47,0
3,3833647|A|G|N,3833647,yicI N297N,55,0
3,3833647|A|G|N,3833647,yicI N297N,63,0
3,3833647|A|G|N,3833647,yicI N297N,82,0.51
3,3862562|A||,3862562,glvC small_indel,0,0
3,3862562|A||,3862562,glvC small_indel,3,0
3,3862562|A||,3862562,glvC small_indel,16,0
3,3862562|A||,3862562,glvC small_indel,19,0
3,3862562|A||,3862562,glvC small_indel,31,1
3,3862562|A||,3862562,glvC small_indel,34,1
3,3862562|A||,3862562,glvC small_indel,47,1
3,3862562|A||,3862562,glvC small_indel,55,1
3,3862562|A||,3862562,glvC small_indel,63,1
3,3862562|A||,3862562,glvC small_indel,82,0.46
3,3897093|T|C|A,3897093,yieH V107A,0,0
3,3897093|T|C|A,3897093,yieH V107A,3,0
3,3897093|T|C|A,3897093,yieH V107A,16,0
3,3897093|T|C|A,3897093,yieH V107A,19,0
3,3897093|T|C|A,3897093,yieH V107A,31,0
3,3897093|T|C|A,3897093,yieH V107A,34,0
3,3897093|T|C|A,3897093,yieH V107A,47,0
3,3897093|T|C|A,3897093,yieH V107A,55,0
3,3897093|T|C|A,3897093,yieH V107A,63,0
3,3897093|T|C|A,3897093,yieH V107A,82,0.51
3,3960443|G|A|,3960443,ppiC/rep snp_intergenic,0,0
3,3960443|G|A|,3960443,ppiC/rep snp_intergenic,3,0
3,3960443|G|A|,3960443,ppiC/rep snp_intergenic,16,0
3,3960443|G|A|,3960443,ppiC/rep snp_intergenic,19,0
3,3960443|G|A|,3960443,ppiC/rep snp_intergenic,31,0
3,3960443|G|A|,3960443,ppiC/rep snp_intergenic,34,0
3,3960443|G|A|,3960443,ppiC/rep snp_intergenic,47,0
3,3960443|G|A|,3960443,ppiC/rep snp_intergenic,55,0
3,3960443|G|A|,3960443,ppiC/rep snp_intergenic,63,0
3,3960443|G|A|,3960443,ppiC/rep snp_intergenic,82,0.54
3,3968618|A|G|A,3968618,rfe T235A,0,0
3,3968618|A|G|A,3968618,rfe T235A,3,0
3,3968618|A|G|A,3968618,rfe T235A,16,0
3,3968618|A|G|A,3968618,rfe T235A,19,0
3,3968618|A|G|A,3968618,rfe T235A,31,0
3,3968618|A|G|A,3968618,rfe T235A,34,0
3,3968618|A|G|A,3968618,rfe T235A,47,0
3,3968618|A|G|A,3968618,rfe T235A,55,0
3,3968618|A|G|A,3968618,rfe T235A,63,0
3,3968618|A|G|A,3968618,rfe T235A,82,0.5
3,4012779|2973-bp||,4012779,[metR]–[ysgA] large_deletion,0,0
3,4012779|2973-bp||,4012779,[metR]–[ysgA] large_deletion,3,0
3,4012779|2973-bp||,4012779,[metR]–[ysgA] large_deletion,16,0
3,4012779|2973-bp||,4012779,[metR]–[ysgA] large_deletion,19,0
3,4012779|2973-bp||,4012779,[metR]–[ysgA] large_deletion,31,1
3,4012779|2973-bp||,4012779,[metR]–[ysgA] large_deletion,34,0
3,4012779|2973-bp||,4012779,[metR]–[ysgA] large_deletion,47,0
3,4012779|2973-bp||,4012779,[metR]–[ysgA] large_deletion,55,0
3,4012779|2973-bp||,4012779,[metR]–[ysgA] large_deletion,63,0
3,4012779|2973-bp||,4012779,[metR]–[ysgA] large_deletion,82,0
3,4033698|T|A|Q,4033698,trkH L185Q,0,0
3,4033698|T|A|Q,4033698,trkH L185Q,3,0
3,4033698|T|A|Q,4033698,trkH L185Q,16,0
3,4033698|T|A|Q,4033698,trkH L185Q,19,0
3,4033698|T|A|Q,4033698,trkH L185Q,31,1
3,4033698|T|A|Q,4033698,trkH L185Q,34,1
3,4033698|T|A|Q,4033698,trkH L185Q,47,1
3,4033698|T|A|Q,4033698,trkH L185Q,55,1
3,4033698|T|A|Q,4033698,trkH L185Q,63,1
3,4033698|T|A|Q,4033698,trkH L185Q,82,0.48
3,4056617|T|C|,4056617,glnL/glnA snp_intergenic,0,0
3,4056617|T|C|,4056617,glnL/glnA snp_intergenic,3,0
3,4056617|T|C|,4056617,glnL/glnA snp_intergenic,16,0
3,4056617|T|C|,4056617,glnL/glnA snp_intergenic,19,0
3,4056617|T|C|,4056617,glnL/glnA snp_intergenic,31,0
3,4056617|T|C|,4056617,glnL/glnA snp_intergenic,34,0
3,4056617|T|C|,4056617,glnL/glnA snp_intergenic,47,0
3,4056617|T|C|,4056617,glnL/glnA snp_intergenic,55,0
3,4056617|T|C|,4056617,glnL/glnA snp_intergenic,63,0
3,4056617|T|C|,4056617,glnL/glnA snp_intergenic,82,0.52
3,4104141|T|C|A,4104141,cpxA T279A,0,0
3,4104141|T|C|A,4104141,cpxA T279A,3,0
3,4104141|T|C|A,4104141,cpxA T279A,16,0
3,4104141|T|C|A,4104141,cpxA T279A,19,0
3,4104141|T|C|A,4104141,cpxA T279A,31,0
3,4104141|T|C|A,4104141,cpxA T279A,34,0
3,4104141|T|C|A,4104141,cpxA T279A,47,0
3,4104141|T|C|A,4104141,cpxA T279A,55,0
3,4104141|T|C|A,4104141,cpxA T279A,63,0
3,4104141|T|C|A,4104141,cpxA T279A,82,0.5
3,4116980|CGTAATACC||,4116980,glpK mobile_element_insertion,0,0
3,4116980|CGTAATACC||,4116980,glpK mobile_element_insertion,3,0
3,4116980|CGTAATACC||,4116980,glpK mobile_element_insertion,16,0
3,4116980|CGTAATACC||,4116980,glpK mobile_element_insertion,19,0
3,4116980|CGTAATACC||,4116980,glpK mobile_element_insertion,31,0
3,4116980|CGTAATACC||,4116980,glpK mobile_element_insertion,34,0
3,4116980|CGTAATACC||,4116980,glpK mobile_element_insertion,47,0.32
3,4116980|CGTAATACC||,4116980,glpK mobile_element_insertion,55,0
3,4116980|CGTAATACC||,4116980,glpK mobile_element_insertion,63,0
3,4116980|CGTAATACC||,4116980,glpK mobile_element_insertion,82,0
3,4117215|T||,4117215,glpK small_indel,0,0
3,4117215|T||,4117215,glpK small_indel,3,0
3,4117215|T||,4117215,glpK small_indel,16,0
3,4117215|T||,4117215,glpK small_indel,19,0
3,4117215|T||,4117215,glpK small_indel,31,0
3,4117215|T||,4117215,glpK small_indel,34,0
3,4117215|T||,4117215,glpK small_indel,47,0
3,4117215|T||,4117215,glpK small_indel,55,1
3,4117215|T||,4117215,glpK small_indel,63,0
3,4117215|T||,4117215,glpK small_indel,82,0
3,4117490|C|T|T,4117490,glpF A201T,0,0
3,4117490|C|T|T,4117490,glpF A201T,3,0
3,4117490|C|T|T,4117490,glpF A201T,16,0
3,4117490|C|T|T,4117490,glpF A201T,19,0
3,4117490|C|T|T,4117490,glpF A201T,31,0
3,4117490|C|T|T,4117490,glpF A201T,34,0
3,4117490|C|T|T,4117490,glpF A201T,47,0
3,4117490|C|T|T,4117490,glpF A201T,55,0
3,4117490|C|T|T,4117490,glpF A201T,63,0.91
3,4117490|C|T|T,4117490,glpF A201T,82,0
3,4117678|T|G|S,4117678,glpF Y138S,0,0
3,4117678|T|G|S,4117678,glpF Y138S,3,0
3,4117678|T|G|S,4117678,glpF Y138S,16,0
3,4117678|T|G|S,4117678,glpF Y138S,19,0
3,4117678|T|G|S,4117678,glpF Y138S,31,0
3,4117678|T|G|S,4117678,glpF Y138S,34,0
3,4117678|T|G|S,4117678,glpF Y138S,47,0.12
3,4117678|T|G|S,4117678,glpF Y138S,55,0
3,4117678|T|G|S,4117678,glpF Y138S,63,0
3,4117678|T|G|S,4117678,glpF Y138S,82,0
3,4117936|A|T|E,4117936,glpF V52E,0,0
3,4117936|A|T|E,4117936,glpF V52E,3,0
3,4117936|A|T|E,4117936,glpF V52E,16,0
3,4117936|A|T|E,4117936,glpF V52E,19,0
3,4117936|A|T|E,4117936,glpF V52E,31,0
3,4117936|A|T|E,4117936,glpF V52E,34,0.38
3,4117936|A|T|E,4117936,glpF V52E,47,1
3,4117936|A|T|E,4117936,glpF V52E,55,1
3,4117936|A|T|E,4117936,glpF V52E,63,1
3,4117936|A|T|E,4117936,glpF V52E,82,0
3,4183853|T|C|T,4183853,rpoB I870T,0,0
3,4183853|T|C|T,4183853,rpoB I870T,3,0
3,4183853|T|C|T,4183853,rpoB I870T,16,0
3,4183853|T|C|T,4183853,rpoB I870T,19,0
3,4183853|T|C|T,4183853,rpoB I870T,31,0
3,4183853|T|C|T,4183853,rpoB I870T,34,0
3,4183853|T|C|T,4183853,rpoB I870T,47,0
3,4183853|T|C|T,4183853,rpoB I870T,55,0
3,4183853|T|C|T,4183853,rpoB I870T,63,0
3,4183853|T|C|T,4183853,rpoB I870T,82,0.23
3,4184954|A|T|L,4184954,rpoB H1237L,0,0
3,4184954|A|T|L,4184954,rpoB H1237L,3,0
3,4184954|A|T|L,4184954,rpoB H1237L,16,0.32
3,4184954|A|T|L,4184954,rpoB H1237L,19,0.77
3,4184954|A|T|L,4184954,rpoB H1237L,31,0
3,4184954|A|T|L,4184954,rpoB H1237L,34,0
3,4184954|A|T|L,4184954,rpoB H1237L,47,0
3,4184954|A|T|L,4184954,rpoB H1237L,55,0
3,4184954|A|T|L,4184954,rpoB H1237L,63,0
3,4184954|A|T|L,4184954,rpoB H1237L,82,0
3,4185043|GGT||,4185043,rpoB small_indel,0,0
3,4185043|GGT||,4185043,rpoB small_indel,3,0
3,4185043|GGT||,4185043,rpoB small_indel,16,0
3,4185043|GGT||,4185043,rpoB small_indel,19,0
3,4185043|GGT||,4185043,rpoB small_indel,31,0
3,4185043|GGT||,4185043,rpoB small_indel,34,0
3,4185043|GGT||,4185043,rpoB small_indel,47,0
3,4185043|GGT||,4185043,rpoB small_indel,55,0
3,4185043|GGT||,4185043,rpoB small_indel,63,0
3,4185043|GGT||,4185043,rpoB small_indel,82,0.49
3,4185113|T|G|R,4185113,rpoB M1290R,0,0
3,4185113|T|G|R,4185113,rpoB M1290R,3,0
3,4185113|T|G|R,4185113,rpoB M1290R,16,0.64
3,4185113|T|G|R,4185113,rpoB M1290R,19,0.17
3,4185113|T|G|R,4185113,rpoB M1290R,31,0
3,4185113|T|G|R,4185113,rpoB M1290R,34,0
3,4185113|T|G|R,4185113,rpoB M1290R,47,0
3,4185113|T|G|R,4185113,rpoB M1290R,55,0
3,4185113|T|G|R,4185113,rpoB M1290R,63,0
3,4185113|T|G|R,4185113,rpoB M1290R,82,0
3,4187838|A|G|G,4187838,rpoC D830G,0,0
3,4187838|A|G|G,4187838,rpoC D830G,3,0
3,4187838|A|G|G,4187838,rpoC D830G,16,0
3,4187838|A|G|G,4187838,rpoC D830G,19,0
3,4187838|A|G|G,4187838,rpoC D830G,31,0
3,4187838|A|G|G,4187838,rpoC D830G,34,0
3,4187838|A|G|G,4187838,rpoC D830G,47,0
3,4187838|A|G|G,4187838,rpoC D830G,55,0
3,4187838|A|G|G,4187838,rpoC D830G,63,0
3,4187838|A|G|G,4187838,rpoC D830G,82,0.53
3,4220506|T|G|A,4220506,arpA D661A,0,0
3,4220506|T|G|A,4220506,arpA D661A,3,0
3,4220506|T|G|A,4220506,arpA D661A,16,0.15
3,4220506|T|G|A,4220506,arpA D661A,19,0
3,4220506|T|G|A,4220506,arpA D661A,31,0
3,4220506|T|G|A,4220506,arpA D661A,34,0
3,4220506|T|G|A,4220506,arpA D661A,47,0
3,4220506|T|G|A,4220506,arpA D661A,55,0
3,4220506|T|G|A,4220506,arpA D661A,63,0
3,4220506|T|G|A,4220506,arpA D661A,82,0
3,4326668|A|G|R,4326668,yjdM C23R,0,0
3,4326668|A|G|R,4326668,yjdM C23R,3,0
3,4326668|A|G|R,4326668,yjdM C23R,16,0
3,4326668|A|G|R,4326668,yjdM C23R,19,0
3,4326668|A|G|R,4326668,yjdM C23R,31,0
3,4326668|A|G|R,4326668,yjdM C23R,34,0
3,4326668|A|G|R,4326668,yjdM C23R,47,0
3,4326668|A|G|R,4326668,yjdM C23R,55,0
3,4326668|A|G|R,4326668,yjdM C23R,63,0
3,4326668|A|G|R,4326668,yjdM C23R,82,0.52
3,4383028|A|G|S,4383028,epmA N129S,0,0
3,4383028|A|G|S,4383028,epmA N129S,3,0
3,4383028|A|G|S,4383028,epmA N129S,16,0
3,4383028|A|G|S,4383028,epmA N129S,19,0
3,4383028|A|G|S,4383028,epmA N129S,31,0
3,4383028|A|G|S,4383028,epmA N129S,34,0
3,4383028|A|G|S,4383028,epmA N129S,47,0
3,4383028|A|G|S,4383028,epmA N129S,55,0
3,4383028|A|G|S,4383028,epmA N129S,63,0
3,4383028|A|G|S,4383028,epmA N129S,82,0.26
3,4397612|GCTGGC||,4397612,mutL small_indel,0,0
3,4397612|GCTGGC||,4397612,mutL small_indel,3,0
3,4397612|GCTGGC||,4397612,mutL small_indel,16,0
3,4397612|GCTGGC||,4397612,mutL small_indel,19,0
3,4397612|GCTGGC||,4397612,mutL small_indel,31,0
3,4397612|GCTGGC||,4397612,mutL small_indel,34,0
3,4397612|GCTGGC||,4397612,mutL small_indel,47,0
3,4397612|GCTGGC||,4397612,mutL small_indel,55,0
3,4397612|GCTGGC||,4397612,mutL small_indel,63,0
3,4397612|GCTGGC||,4397612,mutL small_indel,82,0.52
3,4463220|T|C|R,4463220,treC Q497R,0,0
3,4463220|T|C|R,4463220,treC Q497R,3,0
3,4463220|T|C|R,4463220,treC Q497R,16,0
3,4463220|T|C|R,4463220,treC Q497R,19,0
3,4463220|T|C|R,4463220,treC Q497R,31,0
3,4463220|T|C|R,4463220,treC Q497R,34,0
3,4463220|T|C|R,4463220,treC Q497R,47,0
3,4463220|T|C|R,4463220,treC Q497R,55,0
3,4463220|T|C|R,4463220,treC Q497R,63,0
3,4463220|T|C|R,4463220,treC Q497R,82,0.55
3,4542020|TTAG||,4542020,fimB/fimE mobile_element_insertion,0,0
3,4542020|TTAG||,4542020,fimB/fimE mobile_element_insertion,3,0
3,4542020|TTAG||,4542020,fimB/fimE mobile_element_insertion,16,0
3,4542020|TTAG||,4542020,fimB/fimE mobile_element_insertion,19,0
3,4542020|TTAG||,4542020,fimB/fimE mobile_element_insertion,31,1
3,4542020|TTAG||,4542020,fimB/fimE mobile_element_insertion,34,0
3,4542020|TTAG||,4542020,fimB/fimE mobile_element_insertion,47,0
3,4542020|TTAG||,4542020,fimB/fimE mobile_element_insertion,55,0
3,4542020|TTAG||,4542020,fimB/fimE mobile_element_insertion,63,0
3,4542020|TTAG||,4542020,fimB/fimE mobile_element_insertion,82,0.46
3,4640231|C|CGCTTCGAAAACATCATAGCCTTC|,4640231,arcA small_indel,0,0
3,4640231|C|CGCTTCGAAAACATCATAGCCTTC|,4640231,arcA small_indel,3,0
3,4640231|C|CGCTTCGAAAACATCATAGCCTTC|,4640231,arcA small_indel,16,0.25
3,4640231|C|CGCTTCGAAAACATCATAGCCTTC|,4640231,arcA small_indel,19,0
3,4640231|C|CGCTTCGAAAACATCATAGCCTTC|,4640231,arcA small_indel,31,0
3,4640231|C|CGCTTCGAAAACATCATAGCCTTC|,4640231,arcA small_indel,34,0
3,4640231|C|CGCTTCGAAAACATCATAGCCTTC|,4640231,arcA small_indel,47,0
3,4640231|C|CGCTTCGAAAACATCATAGCCTTC|,4640231,arcA small_indel,55,0
3,4640231|C|CGCTTCGAAAACATCATAGCCTTC|,4640231,arcA small_indel,63,0
3,4640231|C|CGCTTCGAAAACATCATAGCCTTC|,4640231,arcA small_indel,82,0
4,257908|776-bp||,257908,insB9–[crl] large_deletion,0,0
4,257908|776-bp||,257908,insB9–[crl] large_deletion,3,0
4,257908|776-bp||,257908,insB9–[crl] large_deletion,16,1
4,257908|776-bp||,257908,insB9–[crl] large_deletion,19,0
4,257908|776-bp||,257908,insB9–[crl] large_deletion,31,1
4,257908|776-bp||,257908,insB9–[crl] large_deletion,34,1
4,257908|776-bp||,257908,insB9–[crl] large_deletion,47,0
4,257908|776-bp||,257908,insB9–[crl] large_deletion,55,0
4,257908|776-bp||,257908,insB9–[crl] large_deletion,63,0
4,257908|776-bp||,257908,insB9–[crl] large_deletion,82,1
4,295280|GGCACTTTT||,295280,yagN mobile_element_insertion,0,0
4,295280|GGCACTTTT||,295280,yagN mobile_element_insertion,3,0
4,295280|GGCACTTTT||,295280,yagN mobile_element_insertion,16,0
4,295280|GGCACTTTT||,295280,yagN mobile_element_insertion,19,0
4,295280|GGCACTTTT||,295280,yagN mobile_element_insertion,31,0
4,295280|GGCACTTTT||,295280,yagN mobile_element_insertion,34,0.14
4,295280|GGCACTTTT||,295280,yagN mobile_element_insertion,47,0
4,295280|GGCACTTTT||,295280,yagN mobile_element_insertion,55,0
4,295280|GGCACTTTT||,295280,yagN mobile_element_insertion,63,0
4,295280|GGCACTTTT||,295280,yagN mobile_element_insertion,82,0
4,584487|T||,584487,appY/ompT small_indel,0,0
4,584487|T||,584487,appY/ompT small_indel,3,0
4,584487|T||,584487,appY/ompT small_indel,16,1
4,584487|T||,584487,appY/ompT small_indel,19,1
4,584487|T||,584487,appY/ompT small_indel,31,0
4,584487|T||,584487,appY/ompT small_indel,34,0
4,584487|T||,584487,appY/ompT small_indel,47,0
4,584487|T||,584487,appY/ompT small_indel,55,0
4,584487|T||,584487,appY/ompT small_indel,63,0
4,584487|T||,584487,appY/ompT small_indel,82,0
4,925901|TTCGAA||,925901,serW mobile_element_insertion,0,0
4,925901|TTCGAA||,925901,serW mobile_element_insertion,3,0
4,925901|TTCGAA||,925901,serW mobile_element_insertion,16,0
4,925901|TTCGAA||,925901,serW mobile_element_insertion,19,0
4,925901|TTCGAA||,925901,serW mobile_element_insertion,31,0.14
4,925901|TTCGAA||,925901,serW mobile_element_insertion,34,0
4,925901|TTCGAA||,925901,serW mobile_element_insertion,47,0
4,925901|TTCGAA||,925901,serW mobile_element_insertion,55,0
4,925901|TTCGAA||,925901,serW mobile_element_insertion,63,0
4,925901|TTCGAA||,925901,serW mobile_element_insertion,82,0
4,1196220|C|T|H,1196220,icd H366H,0,0
4,1196220|C|T|H,1196220,icd H366H,3,0
4,1196220|C|T|H,1196220,icd H366H,16,1
4,1196220|C|T|H,1196220,icd H366H,19,1
4,1196220|C|T|H,1196220,icd H366H,31,1
4,1196220|C|T|H,1196220,icd H366H,34,1
4,1196220|C|T|H,1196220,icd H366H,47,1
4,1196220|C|T|H,1196220,icd H366H,55,1
4,1196220|C|T|H,1196220,icd H366H,63,1
4,1196220|C|T|H,1196220,icd H366H,82,0
4,1196232|C|T|T,1196232,icd T370T,0,0
4,1196232|C|T|T,1196232,icd T370T,3,0
4,1196232|C|T|T,1196232,icd T370T,16,0
4,1196232|C|T|T,1196232,icd T370T,19,0
4,1196232|C|T|T,1196232,icd T370T,31,0
4,1196232|C|T|T,1196232,icd T370T,34,0
4,1196232|C|T|T,1196232,icd T370T,47,1
4,1196232|C|T|T,1196232,icd T370T,55,1
4,1196232|C|T|T,1196232,icd T370T,63,1
4,1196232|C|T|T,1196232,icd T370T,82,0
4,1196245|T|C|M,1196245,icd L375M,0,0
4,1196245|T|C|M,1196245,icd L375M,3,0
4,1196245|T|C|M,1196245,icd L375M,16,0
4,1196245|T|C|M,1196245,icd L375M,19,0
4,1196245|T|C|M,1196245,icd L375M,31,0
4,1196245|T|C|M,1196245,icd L375M,34,0
4,1196245|T|C|M,1196245,icd L375M,47,1
4,1196245|T|C|M,1196245,icd L375M,55,1
4,1196245|T|C|M,1196245,icd L375M,63,1
4,1196245|T|C|M,1196245,icd L375M,82,0
4,1196247|A|G|M,1196247,icd L375M,0,0
4,1196247|A|G|M,1196247,icd L375M,3,0
4,1196247|A|G|M,1196247,icd L375M,16,0
4,1196247|A|G|M,1196247,icd L375M,19,0
4,1196247|A|G|M,1196247,icd L375M,31,0
4,1196247|A|G|M,1196247,icd L375M,34,0
4,1196247|A|G|M,1196247,icd L375M,47,1
4,1196247|A|G|M,1196247,icd L375M,55,1
4,1196247|A|G|M,1196247,icd L375M,63,1
4,1196247|A|G|M,1196247,icd L375M,82,0
4,1293196|TTAG||,1293196,hns/tdk mobile_element_insertion,0,0
4,1293196|TTAG||,1293196,hns/tdk mobile_element_insertion,3,0
4,1293196|TTAG||,1293196,hns/tdk mobile_element_insertion,16,0
4,1293196|TTAG||,1293196,hns/tdk mobile_element_insertion,19,0
4,1293196|TTAG||,1293196,hns/tdk mobile_element_insertion,31,0
4,1293196|TTAG||,1293196,hns/tdk mobile_element_insertion,34,0
4,1293196|TTAG||,1293196,hns/tdk mobile_element_insertion,47,0
4,1293196|TTAG||,1293196,hns/tdk mobile_element_insertion,55,0
4,1293196|TTAG||,1293196,hns/tdk mobile_element_insertion,63,0
4,1293196|TTAG||,1293196,hns/tdk mobile_element_insertion,82,0.48
4,1331415|T|A|Q,1331415,topA L123Q,0,0
4,1331415|T|A|Q,1331415,topA L123Q,3,0
4,1331415|T|A|Q,1331415,topA L123Q,16,0
4,1331415|T|A|Q,1331415,topA L123Q,19,0.11
4,1331415|T|A|Q,1331415,topA L123Q,31,0
4,1331415|T|A|Q,1331415,topA L123Q,34,0
4,1331415|T|A|Q,1331415,topA L123Q,47,0
4,1331415|T|A|Q,1331415,topA L123Q,55,0
4,1331415|T|A|Q,1331415,topA L123Q,63,0
4,1331415|T|A|Q,1331415,topA L123Q,82,0
4,1502772|G|A|T,1502772,ydcL A106T,0,0
4,1502772|G|A|T,1502772,ydcL A106T,3,0
4,1502772|G|A|T,1502772,ydcL A106T,16,0
4,1502772|G|A|T,1502772,ydcL A106T,19,0
4,1502772|G|A|T,1502772,ydcL A106T,31,0
4,1502772|G|A|T,1502772,ydcL A106T,34,0
4,1502772|G|A|T,1502772,ydcL A106T,47,0
4,1502772|G|A|T,1502772,ydcL A106T,55,0
4,1502772|G|A|T,1502772,ydcL A106T,63,0
4,1502772|G|A|T,1502772,ydcL A106T,82,0.18
4,1591920|G|A|L,1591920,hipA P86L,0,0
4,1591920|G|A|L,1591920,hipA P86L,3,0
4,1591920|G|A|L,1591920,hipA P86L,16,0
4,1591920|G|A|L,1591920,hipA P86L,19,0
4,1591920|G|A|L,1591920,hipA P86L,31,0
4,1591920|G|A|L,1591920,hipA P86L,34,0
4,1591920|G|A|L,1591920,hipA P86L,47,1
4,1591920|G|A|L,1591920,hipA P86L,55,1
4,1591920|G|A|L,1591920,hipA P86L,63,1
4,1591920|G|A|L,1591920,hipA P86L,82,1
4,1724347|C|T|G,1724347,sodC G103G,0,0
4,1724347|C|T|G,1724347,sodC G103G,3,0
4,1724347|C|T|G,1724347,sodC G103G,16,0
4,1724347|C|T|G,1724347,sodC G103G,19,0.18
4,1724347|C|T|G,1724347,sodC G103G,31,0
4,1724347|C|T|G,1724347,sodC G103G,34,0
4,1724347|C|T|G,1724347,sodC G103G,47,0
4,1724347|C|T|G,1724347,sodC G103G,55,0
4,1724347|C|T|G,1724347,sodC G103G,63,0
4,1724347|C|T|G,1724347,sodC G103G,82,0
4,2162882|T|C|L,2162882,baeS F3L,0,0
4,2162882|T|C|L,2162882,baeS F3L,3,0
4,2162882|T|C|L,2162882,baeS F3L,16,0
4,2162882|T|C|L,2162882,baeS F3L,19,0.22
4,2162882|T|C|L,2162882,baeS F3L,31,0
4,2162882|T|C|L,2162882,baeS F3L,34,0
4,2162882|T|C|L,2162882,baeS F3L,47,0
4,2162882|T|C|L,2162882,baeS F3L,55,0
4,2162882|T|C|L,2162882,baeS F3L,63,0
4,2162882|T|C|L,2162882,baeS F3L,82,0
4,2174844|TTAG||,2174844,gatA mobile_element_insertion,0,0
4,2174844|TTAG||,2174844,gatA mobile_element_insertion,3,0
4,2174844|TTAG||,2174844,gatA mobile_element_insertion,16,0
4,2174844|TTAG||,2174844,gatA mobile_element_insertion,19,0
4,2174844|TTAG||,2174844,gatA mobile_element_insertion,31,0
4,2174844|TTAG||,2174844,gatA mobile_element_insertion,34,0
4,2174844|TTAG||,2174844,gatA mobile_element_insertion,47,0.16
4,2174844|TTAG||,2174844,gatA mobile_element_insertion,55,0.82
4,2174844|TTAG||,2174844,gatA mobile_element_insertion,63,1
4,2174844|TTAG||,2174844,gatA mobile_element_insertion,82,1
4,2229176|C|G|,2229176,yohP/dusC snp_intergenic,0,0
4,2229176|C|G|,2229176,yohP/dusC snp_intergenic,3,0
4,2229176|C|G|,2229176,yohP/dusC snp_intergenic,16,0
4,2229176|C|G|,2229176,yohP/dusC snp_intergenic,19,0
4,2229176|C|G|,2229176,yohP/dusC snp_intergenic,31,0
4,2229176|C|G|,2229176,yohP/dusC snp_intergenic,34,0
4,2229176|C|G|,2229176,yohP/dusC snp_intergenic,47,0
4,2229176|C|G|,2229176,yohP/dusC snp_intergenic,55,0
4,2229176|C|G|,2229176,yohP/dusC snp_intergenic,63,0.1
4,2229176|C|G|,2229176,yohP/dusC snp_intergenic,82,0
4,2311562|C|A|,2311562,ftp/ompC snp_intergenic,0,0
4,2311562|C|A|,2311562,ftp/ompC snp_intergenic,3,0
4,2311562|C|A|,2311562,ftp/ompC snp_intergenic,16,0
4,2311562|C|A|,2311562,ftp/ompC snp_intergenic,19,0.12
4,2311562|C|A|,2311562,ftp/ompC snp_intergenic,31,0
4,2311562|C|A|,2311562,ftp/ompC snp_intergenic,34,0
4,2311562|C|A|,2311562,ftp/ompC snp_intergenic,47,0
4,2311562|C|A|,2311562,ftp/ompC snp_intergenic,55,0
4,2311562|C|A|,2311562,ftp/ompC snp_intergenic,63,0
4,2311562|C|A|,2311562,ftp/ompC snp_intergenic,82,0
4,2339173|G|A|L,2339173,gyrA S83L,0,0
4,2339173|G|A|L,2339173,gyrA S83L,3,0
4,2339173|G|A|L,2339173,gyrA S83L,16,0
4,2339173|G|A|L,2339173,gyrA S83L,19,0
4,2339173|G|A|L,2339173,gyrA S83L,31,1
4,2339173|G|A|L,2339173,gyrA S83L,34,1
4,2339173|G|A|L,2339173,gyrA S83L,47,1
4,2339173|G|A|L,2339173,gyrA S83L,55,1
4,2339173|G|A|L,2339173,gyrA S83L,63,1
4,2339173|G|A|L,2339173,gyrA S83L,82,1
4,2339179|C|T|D,2339179,gyrA G81D,0,0
4,2339179|C|T|D,2339179,gyrA G81D,3,0
4,2339179|C|T|D,2339179,gyrA G81D,16,0.95
4,2339179|C|T|D,2339179,gyrA G81D,19,0
4,2339179|C|T|D,2339179,gyrA G81D,31,0
4,2339179|C|T|D,2339179,gyrA G81D,34,0
4,2339179|C|T|D,2339179,gyrA G81D,47,0
4,2339179|C|T|D,2339179,gyrA G81D,55,0
4,2339179|C|T|D,2339179,gyrA G81D,63,0
4,2339179|C|T|D,2339179,gyrA G81D,82,0
4,2566930|G|T|Q,2566930,eutH P393Q,0,0
4,2566930|G|T|Q,2566930,eutH P393Q,3,0
4,2566930|G|T|Q,2566930,eutH P393Q,16,0
4,2566930|G|T|Q,2566930,eutH P393Q,19,0
4,2566930|G|T|Q,2566930,eutH P393Q,31,0
4,2566930|G|T|Q,2566930,eutH P393Q,34,0
4,2566930|G|T|Q,2566930,eutH P393Q,47,0.23
4,2566930|G|T|Q,2566930,eutH P393Q,55,0
4,2566930|G|T|Q,2566930,eutH P393Q,63,0
4,2566930|G|T|Q,2566930,eutH P393Q,82,0
4,2875121|C|T|H,2875121,cysN R100H,0,0
4,2875121|C|T|H,2875121,cysN R100H,3,0
4,2875121|C|T|H,2875121,cysN R100H,16,0
4,2875121|C|T|H,2875121,cysN R100H,19,0.33
4,2875121|C|T|H,2875121,cysN R100H,31,0
4,2875121|C|T|H,2875121,cysN R100H,34,0
4,2875121|C|T|H,2875121,cysN R100H,47,0
4,2875121|C|T|H,2875121,cysN R100H,55,0
4,2875121|C|T|H,2875121,cysN R100H,63,0
4,2875121|C|T|H,2875121,cysN R100H,82,0
4,2894799|G|A|,2894799,ygcP/ygcQ snp_intergenic,0,0
4,2894799|G|A|,2894799,ygcP/ygcQ snp_intergenic,3,0
4,2894799|G|A|,2894799,ygcP/ygcQ snp_intergenic,16,0
4,2894799|G|A|,2894799,ygcP/ygcQ snp_intergenic,19,0.32
4,2894799|G|A|,2894799,ygcP/ygcQ snp_intergenic,31,0
4,2894799|G|A|,2894799,ygcP/ygcQ snp_intergenic,34,0
4,2894799|G|A|,2894799,ygcP/ygcQ snp_intergenic,47,0
4,2894799|G|A|,2894799,ygcP/ygcQ snp_intergenic,55,0
4,2894799|G|A|,2894799,ygcP/ygcQ snp_intergenic,63,0
4,2894799|G|A|,2894799,ygcP/ygcQ snp_intergenic,82,0
4,3054894|G|T|Q,3054894,ygfB P184Q,0,0
4,3054894|G|T|Q,3054894,ygfB P184Q,3,0.2
4,3054894|G|T|Q,3054894,ygfB P184Q,16,0
4,3054894|G|T|Q,3054894,ygfB P184Q,19,0
4,3054894|G|T|Q,3054894,ygfB P184Q,31,0
4,3054894|G|T|Q,3054894,ygfB P184Q,34,0
4,3054894|G|T|Q,3054894,ygfB P184Q,47,0
4,3054894|G|T|Q,3054894,ygfB P184Q,55,0
4,3054894|G|T|Q,3054894,ygfB P184Q,63,0.14
4,3054894|G|T|Q,3054894,ygfB P184Q,82,0
4,3187598|CTTG||,3187598,yqiG mobile_element_insertion,0,0
4,3187598|CTTG||,3187598,yqiG mobile_element_insertion,3,0
4,3187598|CTTG||,3187598,yqiG mobile_element_insertion,16,0
4,3187598|CTTG||,3187598,yqiG mobile_element_insertion,19,0
4,3187598|CTTG||,3187598,yqiG mobile_element_insertion,31,0
4,3187598|CTTG||,3187598,yqiG mobile_element_insertion,34,0
4,3187598|CTTG||,3187598,yqiG mobile_element_insertion,47,0
4,3187598|CTTG||,3187598,yqiG mobile_element_insertion,55,0.11
4,3187598|CTTG||,3187598,yqiG mobile_element_insertion,63,0.13
4,3187598|CTTG||,3187598,yqiG mobile_element_insertion,82,0
4,3326144|CAGACCAGCGCC||,3326144,ftsH small_indel,0,0
4,3326144|CAGACCAGCGCC||,3326144,ftsH small_indel,3,0
4,3326144|CAGACCAGCGCC||,3326144,ftsH small_indel,16,0
4,3326144|CAGACCAGCGCC||,3326144,ftsH small_indel,19,0
4,3326144|CAGACCAGCGCC||,3326144,ftsH small_indel,31,0
4,3326144|CAGACCAGCGCC||,3326144,ftsH small_indel,34,0
4,3326144|CAGACCAGCGCC||,3326144,ftsH small_indel,47,0
4,3326144|CAGACCAGCGCC||,3326144,ftsH small_indel,55,0.84
4,3326144|CAGACCAGCGCC||,3326144,ftsH small_indel,63,1
4,3326144|CAGACCAGCGCC||,3326144,ftsH small_indel,82,1
4,3471700|A|C|L,3471700,fusA F605L,0,0
4,3471700|A|C|L,3471700,fusA F605L,3,0
4,3471700|A|C|L,3471700,fusA F605L,16,0
4,3471700|A|C|L,3471700,fusA F605L,19,0
4,3471700|A|C|L,3471700,fusA F605L,31,0.26
4,3471700|A|C|L,3471700,fusA F605L,34,0.51
4,3471700|A|C|L,3471700,fusA F605L,47,0
4,3471700|A|C|L,3471700,fusA F605L,55,0
4,3471700|A|C|L,3471700,fusA F605L,63,0
4,3471700|A|C|L,3471700,fusA F605L,82,0
4,3471736|A|C|L,3471736,fusA F593L,0,0
4,3471736|A|C|L,3471736,fusA F593L,3,0
4,3471736|A|C|L,3471736,fusA F593L,16,0
4,3471736|A|C|L,3471736,fusA F593L,19,0
4,3471736|A|C|L,3471736,fusA F593L,31,0.52
4,3471736|A|C|L,3471736,fusA F593L,34,0
4,3471736|A|C|L,3471736,fusA F593L,47,0
4,3471736|A|C|L,3471736,fusA F593L,55,0
4,3471736|A|C|L,3471736,fusA F593L,63,0
4,3471736|A|C|L,3471736,fusA F593L,82,0
4,3638193|C|A|T,3638193,pitA T184T,0,0
4,3638193|C|A|T,3638193,pitA T184T,3,0
4,3638193|C|A|T,3638193,pitA T184T,16,0
4,3638193|C|A|T,3638193,pitA T184T,19,0
4,3638193|C|A|T,3638193,pitA T184T,31,0
4,3638193|C|A|T,3638193,pitA T184T,34,0
4,3638193|C|A|T,3638193,pitA T184T,47,0.12
4,3638193|C|A|T,3638193,pitA T184T,55,0
4,3638193|C|A|T,3638193,pitA T184T,63,0
4,3638193|C|A|T,3638193,pitA T184T,82,0
4,3758381|A|TG|,3758381,selB small_indel,0,0
4,3758381|A|TG|,3758381,selB small_indel,3,0
4,3758381|A|TG|,3758381,selB small_indel,16,0
4,3758381|A|TG|,3758381,selB small_indel,19,0
4,3758381|A|TG|,3758381,selB small_indel,31,0.92
4,3758381|A|TG|,3758381,selB small_indel,34,0.67
4,3758381|A|TG|,3758381,selB small_indel,47,0.93
4,3758381|A|TG|,3758381,selB small_indel,55,0.89
4,3758381|A|TG|,3758381,selB small_indel,63,0.92
4,3758381|A|TG|,3758381,selB small_indel,82,0.92
4,3822173|CCGCGCG||,3822173,rpoZ small_indel,0,0
4,3822173|CCGCGCG||,3822173,rpoZ small_indel,3,0
4,3822173|CCGCGCG||,3822173,rpoZ small_indel,16,0
4,3822173|CCGCGCG||,3822173,rpoZ small_indel,19,0
4,3822173|CCGCGCG||,3822173,rpoZ small_indel,31,0
4,3822173|CCGCGCG||,3822173,rpoZ small_indel,34,0
4,3822173|CCGCGCG||,3822173,rpoZ small_indel,47,0.31
4,3822173|CCGCGCG||,3822173,rpoZ small_indel,55,0.93
4,3822173|CCGCGCG||,3822173,rpoZ small_indel,63,1
4,3822173|CCGCGCG||,3822173,rpoZ small_indel,82,1
4,3862562|A||,3862562,glvC small_indel,0,0
4,3862562|A||,3862562,glvC small_indel,3,0
4,3862562|A||,3862562,glvC small_indel,16,0
4,3862562|A||,3862562,glvC small_indel,19,0
4,3862562|A||,3862562,glvC small_indel,31,1
4,3862562|A||,3862562,glvC small_indel,34,1
4,3862562|A||,3862562,glvC small_indel,47,1
4,3862562|A||,3862562,glvC small_indel,55,1
4,3862562|A||,3862562,glvC small_indel,63,1
4,3862562|A||,3862562,glvC small_indel,82,1
4,4033698|T|A|Q,4033698,trkH L185Q,0,0
4,4033698|T|A|Q,4033698,trkH L185Q,3,0
4,4033698|T|A|Q,4033698,trkH L185Q,16,0
4,4033698|T|A|Q,4033698,trkH L185Q,19,0
4,4033698|T|A|Q,4033698,trkH L185Q,31,1
4,4033698|T|A|Q,4033698,trkH L185Q,34,1
4,4033698|T|A|Q,4033698,trkH L185Q,47,1
4,4033698|T|A|Q,4033698,trkH L185Q,55,1
4,4033698|T|A|Q,4033698,trkH L185Q,63,1
4,4033698|T|A|Q,4033698,trkH L185Q,82,1
4,4117936|A|T|E,4117936,glpF V52E,0,0
4,4117936|A|T|E,4117936,glpF V52E,3,0
4,4117936|A|T|E,4117936,glpF V52E,16,0
4,4117936|A|T|E,4117936,glpF V52E,19,0
4,4117936|A|T|E,4117936,glpF V52E,31,0
4,4117936|A|T|E,4117936,glpF V52E,34,0.1
4,4117936|A|T|E,4117936,glpF V52E,47,0
4,4117936|A|T|E,4117936,glpF V52E,55,0
4,4117936|A|T|E,4117936,glpF V52E,63,0
4,4117936|A|T|E,4117936,glpF V52E,82,0
4,4184954|A|T|L,4184954,rpoB H1237L,0,0
4,4184954|A|T|L,4184954,rpoB H1237L,3,0
4,4184954|A|T|L,4184954,rpoB H1237L,16,1
4,4184954|A|T|L,4184954,rpoB H1237L,19,1
4,4184954|A|T|L,4184954,rpoB H1237L,31,0
4,4184954|A|T|L,4184954,rpoB H1237L,34,0
4,4184954|A|T|L,4184954,rpoB H1237L,47,0
4,4184954|A|T|L,4184954,rpoB H1237L,55,0
4,4184954|A|T|L,4184954,rpoB H1237L,63,0
4,4184954|A|T|L,4184954,rpoB H1237L,82,0
4,4542020|TTAG||,4542020,fimB/fimE mobile_element_insertion,0,0
4,4542020|TTAG||,4542020,fimB/fimE mobile_element_insertion,3,0
4,4542020|TTAG||,4542020,fimB/fimE mobile_element_insertion,16,0
4,4542020|TTAG||,4542020,fimB/fimE mobile_element_insertion,19,0
4,4542020|TTAG||,4542020,fimB/fimE mobile_element_insertion,31,1
4,4542020|TTAG||,4542020,fimB/fimE mobile_element_insertion,34,0.74
4,4542020|TTAG||,4542020,fimB/fimE mobile_element_insertion,47,1
4,4542020|TTAG||,4542020,fimB/fimE mobile_element_insertion,55,1
4,4542020|TTAG||,4542020,fimB/fimE mobile_element_insertion,63,1
4,4542020|TTAG||,4542020,fimB/fimE mobile_element_insertion,82,1
5,759127|T|C|A,759127,sucA V141A,0,0
5,759127|T|C|A,759127,sucA V141A,3,0
5,759127|T|C|A,759127,sucA V141A,16,0
5,759127|T|C|A,759127,sucA V141A,19,0
5,759127|T|C|A,759127,sucA V141A,31,1
5,759127|T|C|A,759127,sucA V141A,34,1
5,759127|T|C|A,759127,sucA V141A,47,1
5,759127|T|C|A,759127,sucA V141A,55,0.79
5,759127|T|C|A,759127,sucA V141A,63,0
5,759127|T|C|A,759127,sucA V141A,82,0
5,915226|T|C|,915226,lysO/aqpZ snp_intergenic,0,0
5,915226|T|C|,915226,lysO/aqpZ snp_intergenic,3,0
5,915226|T|C|,915226,lysO/aqpZ snp_intergenic,16,0
5,915226|T|C|,915226,lysO/aqpZ snp_intergenic,19,0
5,915226|T|C|,915226,lysO/aqpZ snp_intergenic,31,0
5,915226|T|C|,915226,lysO/aqpZ snp_intergenic,34,0
5,915226|T|C|,915226,lysO/aqpZ snp_intergenic,47,0.29
5,915226|T|C|,915226,lysO/aqpZ snp_intergenic,55,0
5,915226|T|C|,915226,lysO/aqpZ snp_intergenic,63,0
5,915226|T|C|,915226,lysO/aqpZ snp_intergenic,82,0
5,1087590|T|C|G,1087590,pgaC E86G,0,0
5,1087590|T|C|G,1087590,pgaC E86G,3,0
5,1087590|T|C|G,1087590,pgaC E86G,16,0.1
5,1087590|T|C|G,1087590,pgaC E86G,19,0
5,1087590|T|C|G,1087590,pgaC E86G,31,0
5,1087590|T|C|G,1087590,pgaC E86G,34,0
5,1087590|T|C|G,1087590,pgaC E86G,47,0
5,1087590|T|C|G,1087590,pgaC E86G,55,0
5,1087590|T|C|G,1087590,pgaC E86G,63,0
5,1087590|T|C|G,1087590,pgaC E86G,82,0
5,1158872|C|G|R,1158872,ptsG T335R,0,0
5,1158872|C|G|R,1158872,ptsG T335R,3,0
5,1158872|C|G|R,1158872,ptsG T335R,16,0
5,1158872|C|G|R,1158872,ptsG T335R,19,0
5,1158872|C|G|R,1158872,ptsG T335R,31,0
5,1158872|C|G|R,1158872,ptsG T335R,34,0
5,1158872|C|G|R,1158872,ptsG T335R,47,0
5,1158872|C|G|R,1158872,ptsG T335R,55,0.11
5,1158872|C|G|R,1158872,ptsG T335R,63,0
5,1158872|C|G|R,1158872,ptsG T335R,82,0
5,1196220|C|T|H,1196220,icd H366H,0,0
5,1196220|C|T|H,1196220,icd H366H,3,0
5,1196220|C|T|H,1196220,icd H366H,16,1
5,1196220|C|T|H,1196220,icd H366H,19,1
5,1196220|C|T|H,1196220,icd H366H,31,1
5,1196220|C|T|H,1196220,icd H366H,34,1
5,1196220|C|T|H,1196220,icd H366H,47,1
5,1196220|C|T|H,1196220,icd H366H,55,1
5,1196220|C|T|H,1196220,icd H366H,63,0
5,1196220|C|T|H,1196220,icd H366H,82,0
5,1196232|C|T|T,1196232,icd T370T,0,0
5,1196232|C|T|T,1196232,icd T370T,3,0
5,1196232|C|T|T,1196232,icd T370T,16,0
5,1196232|C|T|T,1196232,icd T370T,19,0
5,1196232|C|T|T,1196232,icd T370T,31,0
5,1196232|C|T|T,1196232,icd T370T,34,1
5,1196232|C|T|T,1196232,icd T370T,47,1
5,1196232|C|T|T,1196232,icd T370T,55,0
5,1196232|C|T|T,1196232,icd T370T,63,0
5,1196232|C|T|T,1196232,icd T370T,82,0
5,1196245|T|C|M,1196245,icd L375M,0,0
5,1196245|T|C|M,1196245,icd L375M,3,0
5,1196245|T|C|M,1196245,icd L375M,16,0
5,1196245|T|C|M,1196245,icd L375M,19,0
5,1196245|T|C|M,1196245,icd L375M,31,0
5,1196245|T|C|M,1196245,icd L375M,34,0
5,1196245|T|C|M,1196245,icd L375M,47,1
5,1196245|T|C|M,1196245,icd L375M,55,0
5,1196245|T|C|M,1196245,icd L375M,63,0
5,1196245|T|C|M,1196245,icd L375M,82,0
5,1196247|A|G|M,1196247,icd L375M,0,0
5,1196247|A|G|M,1196247,icd L375M,3,0
5,1196247|A|G|M,1196247,icd L375M,16,0
5,1196247|A|G|M,1196247,icd L375M,19,0
5,1196247|A|G|M,1196247,icd L375M,31,0
5,1196247|A|G|M,1196247,icd L375M,34,0
5,1196247|A|G|M,1196247,icd L375M,47,1
5,1196247|A|G|M,1196247,icd L375M,55,0
5,1196247|A|G|M,1196247,icd L375M,63,0
5,1196247|A|G|M,1196247,icd L375M,82,0
5,1196277|C|T|N,1196277,icd N385N,0,0
5,1196277|C|T|N,1196277,icd N385N,3,0
5,1196277|C|T|N,1196277,icd N385N,16,0
5,1196277|C|T|N,1196277,icd N385N,19,0
5,1196277|C|T|N,1196277,icd N385N,31,0
5,1196277|C|T|N,1196277,icd N385N,34,0
5,1196277|C|T|N,1196277,icd N385N,47,1
5,1196277|C|T|N,1196277,icd N385N,55,0
5,1196277|C|T|N,1196277,icd N385N,63,0
5,1196277|C|T|N,1196277,icd N385N,82,0
5,1196280|G|C|A,1196280,icd A386A,0,0
5,1196280|G|C|A,1196280,icd A386A,3,0
5,1196280|G|C|A,1196280,icd A386A,16,0
5,1196280|G|C|A,1196280,icd A386A,19,0
5,1196280|G|C|A,1196280,icd A386A,31,0
5,1196280|G|C|A,1196280,icd A386A,34,0
5,1196280|G|C|A,1196280,icd A386A,47,1
5,1196280|G|C|A,1196280,icd A386A,55,0
5,1196280|G|C|A,1196280,icd A386A,63,0
5,1196280|G|C|A,1196280,icd A386A,82,0
5,1196283|A|G|K,1196283,icd K387K,0,0
5,1196283|A|G|K,1196283,icd K387K,3,0
5,1196283|A|G|K,1196283,icd K387K,16,0
5,1196283|A|G|K,1196283,icd K387K,19,0
5,1196283|A|G|K,1196283,icd K387K,31,0
5,1196283|A|G|K,1196283,icd K387K,34,0
5,1196283|A|G|K,1196283,icd K387K,47,1
5,1196283|A|G|K,1196283,icd K387K,55,0
5,1196283|A|G|K,1196283,icd K387K,63,0
5,1196283|A|G|K,1196283,icd K387K,82,0
5,1333644|A|T|L,1333644,topA *866L,0,0
5,1333644|A|T|L,1333644,topA *866L,3,0
5,1333644|A|T|L,1333644,topA *866L,16,0
5,1333644|A|T|L,1333644,topA *866L,19,0.57
5,1333644|A|T|L,1333644,topA *866L,31,0
5,1333644|A|T|L,1333644,topA *866L,34,0
5,1333644|A|T|L,1333644,topA *866L,47,0
5,1333644|A|T|L,1333644,topA *866L,55,0
5,1333644|A|T|L,1333644,topA *866L,63,0
5,1333644|A|T|L,1333644,topA *866L,82,0
5,1591888|T|C|G,1591888,hipA S97G,0,0
5,1591888|T|C|G,1591888,hipA S97G,3,0
5,1591888|T|C|G,1591888,hipA S97G,16,0
5,1591888|T|C|G,1591888,hipA S97G,19,0
5,1591888|T|C|G,1591888,hipA S97G,31,0
5,1591888|T|C|G,1591888,hipA S97G,34,0
5,1591888|T|C|G,1591888,hipA S97G,47,0.24
5,1591888|T|C|G,1591888,hipA S97G,55,0.89
5,1591888|T|C|G,1591888,hipA S97G,63,0
5,1591888|T|C|G,1591888,hipA S97G,82,0
5,1591920|G|A|L,1591920,hipA P86L,0,0
5,1591920|G|A|L,1591920,hipA P86L,3,0
5,1591920|G|A|L,1591920,hipA P86L,16,0
5,1591920|G|A|L,1591920,hipA P86L,19,0
5,1591920|G|A|L,1591920,hipA P86L,31,0
5,1591920|G|A|L,1591920,hipA P86L,34,0
5,1591920|G|A|L,1591920,hipA P86L,47,0
5,1591920|G|A|L,1591920,hipA P86L,55,0
5,1591920|G|A|L,1591920,hipA P86L,63,1
5,1591920|G|A|L,1591920,hipA P86L,82,1
5,1621970|CTCTG||,1621970,ydeE mobile_element_insertion,0,0
5,1621970|CTCTG||,1621970,ydeE mobile_element_insertion,3,0
5,1621970|CTCTG||,1621970,ydeE mobile_element_insertion,16,0
5,1621970|CTCTG||,1621970,ydeE mobile_element_insertion,19,0
5,1621970|CTCTG||,1621970,ydeE mobile_element_insertion,31,0
5,1621970|CTCTG||,1621970,ydeE mobile_element_insertion,34,0
5,1621970|CTCTG||,1621970,ydeE mobile_element_insertion,47,0.14
5,1621970|CTCTG||,1621970,ydeE mobile_element_insertion,55,0
5,1621970|CTCTG||,1621970,ydeE mobile_element_insertion,63,0
5,1621970|CTCTG||,1621970,ydeE mobile_element_insertion,82,0
5,1679807|G|A|D,1679807,ydgI G84D,0,0
5,1679807|G|A|D,1679807,ydgI G84D,3,0
5,1679807|G|A|D,1679807,ydgI G84D,16,0
5,1679807|G|A|D,1679807,ydgI G84D,19,0
5,1679807|G|A|D,1679807,ydgI G84D,31,0
5,1679807|G|A|D,1679807,ydgI G84D,34,0
5,1679807|G|A|D,1679807,ydgI G84D,47,0
5,1679807|G|A|D,1679807,ydgI G84D,55,0
5,1679807|G|A|D,1679807,ydgI G84D,63,0
5,1679807|G|A|D,1679807,ydgI G84D,82,0.11
5,1904774|G|T|,1904774,manZ/yobD snp_intergenic,0,0
5,1904774|G|T|,1904774,manZ/yobD snp_intergenic,3,0
5,1904774|G|T|,1904774,manZ/yobD snp_intergenic,16,0
5,1904774|G|T|,1904774,manZ/yobD snp_intergenic,19,0
5,1904774|G|T|,1904774,manZ/yobD snp_intergenic,31,0
5,1904774|G|T|,1904774,manZ/yobD snp_intergenic,34,0
5,1904774|G|T|,1904774,manZ/yobD snp_intergenic,47,0.11
5,1904774|G|T|,1904774,manZ/yobD snp_intergenic,55,0
5,1904774|G|T|,1904774,manZ/yobD snp_intergenic,63,0
5,1904774|G|T|,1904774,manZ/yobD snp_intergenic,82,0
5,2174844|TTAG||,2174844,gatA mobile_element_insertion,0,0
5,2174844|TTAG||,2174844,gatA mobile_element_insertion,3,0
5,2174844|TTAG||,2174844,gatA mobile_element_insertion,16,0
5,2174844|TTAG||,2174844,gatA mobile_element_insertion,19,0
5,2174844|TTAG||,2174844,gatA mobile_element_insertion,31,0
5,2174844|TTAG||,2174844,gatA mobile_element_insertion,34,0
5,2174844|TTAG||,2174844,gatA mobile_element_insertion,47,0
5,2174844|TTAG||,2174844,gatA mobile_element_insertion,55,0
5,2174844|TTAG||,2174844,gatA mobile_element_insertion,63,1
5,2174844|TTAG||,2174844,gatA mobile_element_insertion,82,1
5,2304688|A|G|,2304688,eco/mqo snp_intergenic,0,0
5,2304688|A|G|,2304688,eco/mqo snp_intergenic,3,0
5,2304688|A|G|,2304688,eco/mqo snp_intergenic,16,0
5,2304688|A|G|,2304688,eco/mqo snp_intergenic,19,0
5,2304688|A|G|,2304688,eco/mqo snp_intergenic,31,0
5,2304688|A|G|,2304688,eco/mqo snp_intergenic,34,0
5,2304688|A|G|,2304688,eco/mqo snp_intergenic,47,0.14
5,2304688|A|G|,2304688,eco/mqo snp_intergenic,55,0
5,2304688|A|G|,2304688,eco/mqo snp_intergenic,63,0
5,2304688|A|G|,2304688,eco/mqo snp_intergenic,82,0
5,2339162|C|A|Y,2339162,gyrA D87Y,0,0
5,2339162|C|A|Y,2339162,gyrA D87Y,3,0
5,2339162|C|A|Y,2339162,gyrA D87Y,16,0.2
5,2339162|C|A|Y,2339162,gyrA D87Y,19,0
5,2339162|C|A|Y,2339162,gyrA D87Y,31,0
5,2339162|C|A|Y,2339162,gyrA D87Y,34,0
5,2339162|C|A|Y,2339162,gyrA D87Y,47,0
5,2339162|C|A|Y,2339162,gyrA D87Y,55,0
5,2339162|C|A|Y,2339162,gyrA D87Y,63,0
5,2339162|C|A|Y,2339162,gyrA D87Y,82,0
5,2339173|G|A|L,2339173,gyrA S83L,0,0
5,2339173|G|A|L,2339173,gyrA S83L,3,0
5,2339173|G|A|L,2339173,gyrA S83L,16,0.63
5,2339173|G|A|L,2339173,gyrA S83L,19,0.1
5,2339173|G|A|L,2339173,gyrA S83L,31,1
5,2339173|G|A|L,2339173,gyrA S83L,34,1
5,2339173|G|A|L,2339173,gyrA S83L,47,1
5,2339173|G|A|L,2339173,gyrA S83L,55,1
5,2339173|G|A|L,2339173,gyrA S83L,63,1
5,2339173|G|A|L,2339173,gyrA S83L,82,1
5,3054894|G|T|Q,3054894,ygfB P184Q,0,0
5,3054894|G|T|Q,3054894,ygfB P184Q,3,0
5,3054894|G|T|Q,3054894,ygfB P184Q,16,0
5,3054894|G|T|Q,3054894,ygfB P184Q,19,0
5,3054894|G|T|Q,3054894,ygfB P184Q,31,0.18
5,3054894|G|T|Q,3054894,ygfB P184Q,34,0
5,3054894|G|T|Q,3054894,ygfB P184Q,47,0
5,3054894|G|T|Q,3054894,ygfB P184Q,55,0
5,3054894|G|T|Q,3054894,ygfB P184Q,63,0.2
5,3054894|G|T|Q,3054894,ygfB P184Q,82,0
5,3269943|G|T|,3269943,yhaC/rnpB snp_intergenic,0,0
5,3269943|G|T|,3269943,yhaC/rnpB snp_intergenic,3,0
5,3269943|G|T|,3269943,yhaC/rnpB snp_intergenic,16,0.13
5,3269943|G|T|,3269943,yhaC/rnpB snp_intergenic,19,0
5,3269943|G|T|,3269943,yhaC/rnpB snp_intergenic,31,0
5,3269943|G|T|,3269943,yhaC/rnpB snp_intergenic,34,0
5,3269943|G|T|,3269943,yhaC/rnpB snp_intergenic,47,0
5,3269943|G|T|,3269943,yhaC/rnpB snp_intergenic,55,0
5,3269943|G|T|,3269943,yhaC/rnpB snp_intergenic,63,0
5,3269943|G|T|,3269943,yhaC/rnpB snp_intergenic,82,0
5,3326144|CAGACCAGCGCC||,3326144,ftsH small_indel,0,0
5,3326144|CAGACCAGCGCC||,3326144,ftsH small_indel,3,0
5,3326144|CAGACCAGCGCC||,3326144,ftsH small_indel,16,0
5,3326144|CAGACCAGCGCC||,3326144,ftsH small_indel,19,0
5,3326144|CAGACCAGCGCC||,3326144,ftsH small_indel,31,0
5,3326144|CAGACCAGCGCC||,3326144,ftsH small_indel,34,0
5,3326144|CAGACCAGCGCC||,3326144,ftsH small_indel,47,0
5,3326144|CAGACCAGCGCC||,3326144,ftsH small_indel,55,0
5,3326144|CAGACCAGCGCC||,3326144,ftsH small_indel,63,1
5,3326144|CAGACCAGCGCC||,3326144,ftsH small_indel,82,1
5,3471687|G|T|T,3471687,fusA P610T,0,0
5,3471687|G|T|T,3471687,fusA P610T,3,0
5,3471687|G|T|T,3471687,fusA P610T,16,0
5,3471687|G|T|T,3471687,fusA P610T,19,0
5,3471687|G|T|T,3471687,fusA P610T,31,0.66
5,3471687|G|T|T,3471687,fusA P610T,34,0.46
5,3471687|G|T|T,3471687,fusA P610T,47,0
5,3471687|G|T|T,3471687,fusA P610T,55,0
5,3471687|G|T|T,3471687,fusA P610T,63,0
5,3471687|G|T|T,3471687,fusA P610T,82,0
5,3473166|C|A|C,3473166,fusA G117C,0,0
5,3473166|C|A|C,3473166,fusA G117C,3,0
5,3473166|C|A|C,3473166,fusA G117C,16,0
5,3473166|C|A|C,3473166,fusA G117C,19,0
5,3473166|C|A|C,3473166,fusA G117C,31,0.21
5,3473166|C|A|C,3473166,fusA G117C,34,0
5,3473166|C|A|C,3473166,fusA G117C,47,0
5,3473166|C|A|C,3473166,fusA G117C,55,0
5,3473166|C|A|C,3473166,fusA G117C,63,0
5,3473166|C|A|C,3473166,fusA G117C,82,0
5,3491706|T|G|,3491706,yhfG/ppiA snp_intergenic,0,0
5,3491706|T|G|,3491706,yhfG/ppiA snp_intergenic,3,0
5,3491706|T|G|,3491706,yhfG/ppiA snp_intergenic,16,0
5,3491706|T|G|,3491706,yhfG/ppiA snp_intergenic,19,0
5,3491706|T|G|,3491706,yhfG/ppiA snp_intergenic,31,0
5,3491706|T|G|,3491706,yhfG/ppiA snp_intergenic,34,0
5,3491706|T|G|,3491706,yhfG/ppiA snp_intergenic,47,0.14
5,3491706|T|G|,3491706,yhfG/ppiA snp_intergenic,55,0
5,3491706|T|G|,3491706,yhfG/ppiA snp_intergenic,63,0
5,3491706|T|G|,3491706,yhfG/ppiA snp_intergenic,82,0
5,3630489|G|T|V,3630489,yhiI V38V,0,0
5,3630489|G|T|V,3630489,yhiI V38V,3,0
5,3630489|G|T|V,3630489,yhiI V38V,16,0.12
5,3630489|G|T|V,3630489,yhiI V38V,19,0
5,3630489|G|T|V,3630489,yhiI V38V,31,0
5,3630489|G|T|V,3630489,yhiI V38V,34,0
5,3630489|G|T|V,3630489,yhiI V38V,47,0
5,3630489|G|T|V,3630489,yhiI V38V,55,0
5,3630489|G|T|V,3630489,yhiI V38V,63,0
5,3630489|G|T|V,3630489,yhiI V38V,82,0
5,3665356|TTGATAACC||,3665356,gadX mobile_element_insertion,0,0
5,3665356|TTGATAACC||,3665356,gadX mobile_element_insertion,3,0
5,3665356|TTGATAACC||,3665356,gadX mobile_element_insertion,16,0
5,3665356|TTGATAACC||,3665356,gadX mobile_element_insertion,19,0
5,3665356|TTGATAACC||,3665356,gadX mobile_element_insertion,31,0
5,3665356|TTGATAACC||,3665356,gadX mobile_element_insertion,34,0
5,3665356|TTGATAACC||,3665356,gadX mobile_element_insertion,47,0.64
5,3665356|TTGATAACC||,3665356,gadX mobile_element_insertion,55,0
5,3665356|TTGATAACC||,3665356,gadX mobile_element_insertion,63,0
5,3665356|TTGATAACC||,3665356,gadX mobile_element_insertion,82,0
5,3758381|A|TG|,3758381,selB small_indel,0,0
5,3758381|A|TG|,3758381,selB small_indel,3,0
5,3758381|A|TG|,3758381,selB small_indel,16,0
5,3758381|A|TG|,3758381,selB small_indel,19,0
5,3758381|A|TG|,3758381,selB small_indel,31,0
5,3758381|A|TG|,3758381,selB small_indel,34,0
5,3758381|A|TG|,3758381,selB small_indel,47,0
5,3758381|A|TG|,3758381,selB small_indel,55,0
5,3758381|A|TG|,3758381,selB small_indel,63,0.9
5,3758381|A|TG|,3758381,selB small_indel,82,0.93
5,3822173|CCGCGCG||,3822173,rpoZ small_indel,0,0
5,3822173|CCGCGCG||,3822173,rpoZ small_indel,3,0
5,3822173|CCGCGCG||,3822173,rpoZ small_indel,16,0
5,3822173|CCGCGCG||,3822173,rpoZ small_indel,19,0
5,3822173|CCGCGCG||,3822173,rpoZ small_indel,31,0
5,3822173|CCGCGCG||,3822173,rpoZ small_indel,34,0
5,3822173|CCGCGCG||,3822173,rpoZ small_indel,47,0
5,3822173|CCGCGCG||,3822173,rpoZ small_indel,55,0
5,3822173|CCGCGCG||,3822173,rpoZ small_indel,63,1
5,3822173|CCGCGCG||,3822173,rpoZ small_indel,82,1
5,3824073|G||,3824073,spoT small_indel,0,0
5,3824073|G||,3824073,spoT small_indel,3,0
5,3824073|G||,3824073,spoT small_indel,16,0
5,3824073|G||,3824073,spoT small_indel,19,0
5,3824073|G||,3824073,spoT small_indel,31,0
5,3824073|G||,3824073,spoT small_indel,34,0
5,3824073|G||,3824073,spoT small_indel,47,0
5,3824073|G||,3824073,spoT small_indel,55,0.75
5,3824073|G||,3824073,spoT small_indel,63,0
5,3824073|G||,3824073,spoT small_indel,82,0
5,3862562|A||,3862562,glvC small_indel,0,0
5,3862562|A||,3862562,glvC small_indel,3,0
5,3862562|A||,3862562,glvC small_indel,16,0
5,3862562|A||,3862562,glvC small_indel,19,0
5,3862562|A||,3862562,glvC small_indel,31,1
5,3862562|A||,3862562,glvC small_indel,34,1
5,3862562|A||,3862562,glvC small_indel,47,1
5,3862562|A||,3862562,glvC small_indel,55,1
5,3862562|A||,3862562,glvC small_indel,63,1
5,3862562|A||,3862562,glvC small_indel,82,1
5,4033698|T|A|Q,4033698,trkH L185Q,0,0
5,4033698|T|A|Q,4033698,trkH L185Q,3,0
5,4033698|T|A|Q,4033698,trkH L185Q,16,0
5,4033698|T|A|Q,4033698,trkH L185Q,19,0
5,4033698|T|A|Q,4033698,trkH L185Q,31,1
5,4033698|T|A|Q,4033698,trkH L185Q,34,1
5,4033698|T|A|Q,4033698,trkH L185Q,47,1
5,4033698|T|A|Q,4033698,trkH L185Q,55,1
5,4033698|T|A|Q,4033698,trkH L185Q,63,1
5,4033698|T|A|Q,4033698,trkH L185Q,82,1
5,4117936|A|T|E,4117936,glpF V52E,0,0
5,4117936|A|T|E,4117936,glpF V52E,3,0
5,4117936|A|T|E,4117936,glpF V52E,16,0
5,4117936|A|T|E,4117936,glpF V52E,19,0
5,4117936|A|T|E,4117936,glpF V52E,31,0
5,4117936|A|T|E,4117936,glpF V52E,34,0.41
5,4117936|A|T|E,4117936,glpF V52E,47,0.81
5,4117936|A|T|E,4117936,glpF V52E,55,0.12
5,4117936|A|T|E,4117936,glpF V52E,63,0
5,4117936|A|T|E,4117936,glpF V52E,82,0
5,4184954|A|T|L,4184954,rpoB H1237L,0,0
5,4184954|A|T|L,4184954,rpoB H1237L,3,0
5,4184954|A|T|L,4184954,rpoB H1237L,16,1
5,4184954|A|T|L,4184954,rpoB H1237L,19,0.88
5,4184954|A|T|L,4184954,rpoB H1237L,31,0
5,4184954|A|T|L,4184954,rpoB H1237L,34,0
5,4184954|A|T|L,4184954,rpoB H1237L,47,0
5,4184954|A|T|L,4184954,rpoB H1237L,55,0
5,4184954|A|T|L,4184954,rpoB H1237L,63,0
5,4184954|A|T|L,4184954,rpoB H1237L,82,0
5,4542020|TTAG||,4542020,fimB/fimE mobile_element_insertion,0,0
5,4542020|TTAG||,4542020,fimB/fimE mobile_element_insertion,3,0
5,4542020|TTAG||,4542020,fimB/fimE mobile_element_insertion,16,0
5,4542020|TTAG||,4542020,fimB/fimE mobile_element_insertion,19,0
5,4542020|TTAG||,4542020,fimB/fimE mobile_element_insertion,31,0
5,4542020|TTAG||,4542020,fimB/fimE mobile_element_insertion,34,0
5,4542020|TTAG||,4542020,fimB/fimE mobile_element_insertion,47,0
5,4542020|TTAG||,4542020,fimB/fimE mobile_element_insertion,55,0
5,4542020|TTAG||,4542020,fimB/fimE mobile_element_insertion,63,1
5,4542020|TTAG||,4542020,fimB/fimE mobile_element_insertion,82,1
5,4542987|T||,4542987,fimE/fimA small_indel,0,0
5,4542987|T||,4542987,fimE/fimA small_indel,3,0
5,4542987|T||,4542987,fimE/fimA small_indel,16,0
5,4542987|T||,4542987,fimE/fimA small_indel,19,0
5,4542987|T||,4542987,fimE/fimA small_indel,31,0.18
5,4542987|T||,4542987,fimE/fimA small_indel,34,0.23
5,4542987|T||,4542987,fimE/fimA small_indel,47,0.21
5,4542987|T||,4542987,fimE/fimA small_indel,55,0
5,4542987|T||,4542987,fimE/fimA small_indel,63,0
5,4542987|T||,4542987,fimE/fimA small_indel,82,0
5,4640112|T|G|F,4640112,arcA L65F,0,0
5,4640112|T|G|F,4640112,arcA L65F,3,0
5,4640112|T|G|F,4640112,arcA L65F,16,0.18
5,4640112|T|G|F,4640112,arcA L65F,19,0
5,4640112|T|G|F,4640112,arcA L65F,31,0
5,4640112|T|G|F,4640112,arcA L65F,34,0
5,4640112|T|G|F,4640112,arcA L65F,47,0
5,4640112|T|G|F,4640112,arcA L65F,55,0
5,4640112|T|G|F,4640112,arcA L65F,63,0
5,4640112|T|G|F,4640112,arcA L65F,82,0
6,8944|T|A|Q,8944,talB L236Q,0,0
6,8944|T|A|Q,8944,talB L236Q,3,0
6,8944|T|A|Q,8944,talB L236Q,16,0
6,8944|T|A|Q,8944,talB L236Q,19,0
6,8944|T|A|Q,8944,talB L236Q,31,0
6,8944|T|A|Q,8944,talB L236Q,34,0
6,8944|T|A|Q,8944,talB L236Q,47,0
6,8944|T|A|Q,8944,talB L236Q,55,0
6,8944|T|A|Q,8944,talB L236Q,63,0.11
6,8944|T|A|Q,8944,talB L236Q,82,0
6,135606|G|G|,135606,speE small_indel,0,0
6,135606|G|G|,135606,speE small_indel,3,0
6,135606|G|G|,135606,speE small_indel,16,0
6,135606|G|G|,135606,speE small_indel,19,0
6,135606|G|G|,135606,speE small_indel,31,0.75
6,135606|G|G|,135606,speE small_indel,34,0.5
6,135606|G|G|,135606,speE small_indel,47,0
6,135606|G|G|,135606,speE small_indel,55,0
6,135606|G|G|,135606,speE small_indel,63,0
6,135606|G|G|,135606,speE small_indel,82,0
6,392967|5466-bp||,392967,yaiT–[yaiW] large_deletion,0,0
6,392967|5466-bp||,392967,yaiT–[yaiW] large_deletion,3,0
6,392967|5466-bp||,392967,yaiT–[yaiW] large_deletion,16,0
6,392967|5466-bp||,392967,yaiT–[yaiW] large_deletion,19,0
6,392967|5466-bp||,392967,yaiT–[yaiW] large_deletion,31,0
6,392967|5466-bp||,392967,yaiT–[yaiW] large_deletion,34,0
6,392967|5466-bp||,392967,yaiT–[yaiW] large_deletion,47,0
6,392967|5466-bp||,392967,yaiT–[yaiW] large_deletion,55,1
6,392967|5466-bp||,392967,yaiT–[yaiW] large_deletion,63,0
6,392967|5466-bp||,392967,yaiT–[yaiW] large_deletion,82,0
6,759127|T|C|A,759127,sucA V141A,0,0
6,759127|T|C|A,759127,sucA V141A,3,0
6,759127|T|C|A,759127,sucA V141A,16,0
6,759127|T|C|A,759127,sucA V141A,19,0.11
6,759127|T|C|A,759127,sucA V141A,31,0
6,759127|T|C|A,759127,sucA V141A,34,0
6,759127|T|C|A,759127,sucA V141A,47,0
6,759127|T|C|A,759127,sucA V141A,55,0
6,759127|T|C|A,759127,sucA V141A,63,0
6,759127|T|C|A,759127,sucA V141A,82,0
6,902255|A|G|,902255,artQ/artI snp_intergenic,0,0
6,902255|A|G|,902255,artQ/artI snp_intergenic,3,0
6,902255|A|G|,902255,artQ/artI snp_intergenic,16,0
6,902255|A|G|,902255,artQ/artI snp_intergenic,19,0
6,902255|A|G|,902255,artQ/artI snp_intergenic,31,0
6,902255|A|G|,902255,artQ/artI snp_intergenic,34,0
6,902255|A|G|,902255,artQ/artI snp_intergenic,47,0
6,902255|A|G|,902255,artQ/artI snp_intergenic,55,1
6,902255|A|G|,902255,artQ/artI snp_intergenic,63,0.63
6,902255|A|G|,902255,artQ/artI snp_intergenic,82,0
6,1087565|T|G|I,1087565,pgaC I94I,0,0
6,1087565|T|G|I,1087565,pgaC I94I,3,0
6,1087565|T|G|I,1087565,pgaC I94I,16,0
6,1087565|T|G|I,1087565,pgaC I94I,19,0
6,1087565|T|G|I,1087565,pgaC I94I,31,0
6,1087565|T|G|I,1087565,pgaC I94I,34,0
6,1087565|T|G|I,1087565,pgaC I94I,47,0
6,1087565|T|G|I,1087565,pgaC I94I,55,0
6,1087565|T|G|I,1087565,pgaC I94I,63,0
6,1087565|T|G|I,1087565,pgaC I94I,82,0.1
6,1158872|C|G|R,1158872,ptsG T335R,0,0
6,1158872|C|G|R,1158872,ptsG T335R,3,0
6,1158872|C|G|R,1158872,ptsG T335R,16,0
6,1158872|C|G|R,1158872,ptsG T335R,19,0
6,1158872|C|G|R,1158872,ptsG T335R,31,0
6,1158872|C|G|R,1158872,ptsG T335R,34,0
6,1158872|C|G|R,1158872,ptsG T335R,47,0
6,1158872|C|G|R,1158872,ptsG T335R,55,0
6,1158872|C|G|R,1158872,ptsG T335R,63,0.26
6,1158872|C|G|R,1158872,ptsG T335R,82,0.46
6,1196220|C|T|H,1196220,icd H366H,0,0
6,1196220|C|T|H,1196220,icd H366H,3,0
6,1196220|C|T|H,1196220,icd H366H,16,0
6,1196220|C|T|H,1196220,icd H366H,19,1
6,1196220|C|T|H,1196220,icd H366H,31,1
6,1196220|C|T|H,1196220,icd H366H,34,1
6,1196220|C|T|H,1196220,icd H366H,47,1
6,1196220|C|T|H,1196220,icd H366H,55,1
6,1196220|C|T|H,1196220,icd H366H,63,1
6,1196220|C|T|H,1196220,icd H366H,82,0
6,1196232|C|T|T,1196232,icd T370T,0,0
6,1196232|C|T|T,1196232,icd T370T,3,0
6,1196232|C|T|T,1196232,icd T370T,16,0
6,1196232|C|T|T,1196232,icd T370T,19,0
6,1196232|C|T|T,1196232,icd T370T,31,0
6,1196232|C|T|T,1196232,icd T370T,34,1
6,1196232|C|T|T,1196232,icd T370T,47,1
6,1196232|C|T|T,1196232,icd T370T,55,1
6,1196232|C|T|T,1196232,icd T370T,63,1
6,1196232|C|T|T,1196232,icd T370T,82,0
6,1196245|T|C|M,1196245,icd L375M,0,0
6,1196245|T|C|M,1196245,icd L375M,3,0
6,1196245|T|C|M,1196245,icd L375M,16,0
6,1196245|T|C|M,1196245,icd L375M,19,0
6,1196245|T|C|M,1196245,icd L375M,31,0
6,1196245|T|C|M,1196245,icd L375M,34,0
6,1196245|T|C|M,1196245,icd L375M,47,0
6,1196245|T|C|M,1196245,icd L375M,55,1
6,1196245|T|C|M,1196245,icd L375M,63,1
6,1196245|T|C|M,1196245,icd L375M,82,0
6,1196247|A|G|M,1196247,icd L375M,0,0
6,1196247|A|G|M,1196247,icd L375M,3,0
6,1196247|A|G|M,1196247,icd L375M,16,0
6,1196247|A|G|M,1196247,icd L375M,19,0
6,1196247|A|G|M,1196247,icd L375M,31,0
6,1196247|A|G|M,1196247,icd L375M,34,0
6,1196247|A|G|M,1196247,icd L375M,47,0
6,1196247|A|G|M,1196247,icd L375M,55,1
6,1196247|A|G|M,1196247,icd L375M,63,1
6,1196247|A|G|M,1196247,icd L375M,82,0
6,1591920|G|A|L,1591920,hipA P86L,0,0
6,1591920|G|A|L,1591920,hipA P86L,3,0
6,1591920|G|A|L,1591920,hipA P86L,16,0
6,1591920|G|A|L,1591920,hipA P86L,19,0
6,1591920|G|A|L,1591920,hipA P86L,31,0
6,1591920|G|A|L,1591920,hipA P86L,34,0
6,1591920|G|A|L,1591920,hipA P86L,47,0.75
6,1591920|G|A|L,1591920,hipA P86L,55,0
6,1591920|G|A|L,1591920,hipA P86L,63,0
6,1591920|G|A|L,1591920,hipA P86L,82,0.45
6,1937499|TTAA||,1937499,yebK mobile_element_insertion,0,0
6,1937499|TTAA||,1937499,yebK mobile_element_insertion,3,0
6,1937499|TTAA||,1937499,yebK mobile_element_insertion,16,0
6,1937499|TTAA||,1937499,yebK mobile_element_insertion,19,0
6,1937499|TTAA||,1937499,yebK mobile_element_insertion,31,0
6,1937499|TTAA||,1937499,yebK mobile_element_insertion,34,0
6,1937499|TTAA||,1937499,yebK mobile_element_insertion,47,0
6,1937499|TTAA||,1937499,yebK mobile_element_insertion,55,0
6,1937499|TTAA||,1937499,yebK mobile_element_insertion,63,0
6,1937499|TTAA||,1937499,yebK mobile_element_insertion,82,0.47
6,2074675|C|T|,2074675,flu/yeeR snp_intergenic,0,0
6,2074675|C|T|,2074675,flu/yeeR snp_intergenic,3,0
6,2074675|C|T|,2074675,flu/yeeR snp_intergenic,16,0
6,2074675|C|T|,2074675,flu/yeeR snp_intergenic,19,0
6,2074675|C|T|,2074675,flu/yeeR snp_intergenic,31,0
6,2074675|C|T|,2074675,flu/yeeR snp_intergenic,34,0
6,2074675|C|T|,2074675,flu/yeeR snp_intergenic,47,0.13
6,2074675|C|T|,2074675,flu/yeeR snp_intergenic,55,0
6,2074675|C|T|,2074675,flu/yeeR snp_intergenic,63,0
6,2074675|C|T|,2074675,flu/yeeR snp_intergenic,82,0
6,2174844|TTAG||,2174844,gatA mobile_element_insertion,0,0
6,2174844|TTAG||,2174844,gatA mobile_element_insertion,3,0
6,2174844|TTAG||,2174844,gatA mobile_element_insertion,16,0
6,2174844|TTAG||,2174844,gatA mobile_element_insertion,19,0
6,2174844|TTAG||,2174844,gatA mobile_element_insertion,31,0
6,2174844|TTAG||,2174844,gatA mobile_element_insertion,34,0
6,2174844|TTAG||,2174844,gatA mobile_element_insertion,47,0
6,2174844|TTAG||,2174844,gatA mobile_element_insertion,55,0
6,2174844|TTAG||,2174844,gatA mobile_element_insertion,63,0
6,2174844|TTAG||,2174844,gatA mobile_element_insertion,82,0.49
6,2339173|G|A|L,2339173,gyrA S83L,0,0
6,2339173|G|A|L,2339173,gyrA S83L,3,0
6,2339173|G|A|L,2339173,gyrA S83L,16,0
6,2339173|G|A|L,2339173,gyrA S83L,19,1
6,2339173|G|A|L,2339173,gyrA S83L,31,1
6,2339173|G|A|L,2339173,gyrA S83L,34,1
6,2339173|G|A|L,2339173,gyrA S83L,47,1
6,2339173|G|A|L,2339173,gyrA S83L,55,1
6,2339173|G|A|L,2339173,gyrA S83L,63,1
6,2339173|G|A|L,2339173,gyrA S83L,82,1
6,2339179|C|T|D,2339179,gyrA G81D,0,0
6,2339179|C|T|D,2339179,gyrA G81D,3,0
6,2339179|C|T|D,2339179,gyrA G81D,16,1
6,2339179|C|T|D,2339179,gyrA G81D,19,0
6,2339179|C|T|D,2339179,gyrA G81D,31,0
6,2339179|C|T|D,2339179,gyrA G81D,34,0
6,2339179|C|T|D,2339179,gyrA G81D,47,0
6,2339179|C|T|D,2339179,gyrA G81D,55,0
6,2339179|C|T|D,2339179,gyrA G81D,63,0
6,2339179|C|T|D,2339179,gyrA G81D,82,0
6,2352111|A|T|E,2352111,glpT D88E,0,0
6,2352111|A|T|E,2352111,glpT D88E,3,0
6,2352111|A|T|E,2352111,glpT D88E,16,0
6,2352111|A|T|E,2352111,glpT D88E,19,0
6,2352111|A|T|E,2352111,glpT D88E,31,0
6,2352111|A|T|E,2352111,glpT D88E,34,0
6,2352111|A|T|E,2352111,glpT D88E,47,0.1
6,2352111|A|T|E,2352111,glpT D88E,55,0
6,2352111|A|T|E,2352111,glpT D88E,63,0.33
6,2352111|A|T|E,2352111,glpT D88E,82,0.49
6,2411250|C|A|F,2411250,yfbS V35F,0,0
6,2411250|C|A|F,2411250,yfbS V35F,3,0
6,2411250|C|A|F,2411250,yfbS V35F,16,0
6,2411250|C|A|F,2411250,yfbS V35F,19,0
6,2411250|C|A|F,2411250,yfbS V35F,31,0
6,2411250|C|A|F,2411250,yfbS V35F,34,0
6,2411250|C|A|F,2411250,yfbS V35F,47,0
6,2411250|C|A|F,2411250,yfbS V35F,55,0
6,2411250|C|A|F,2411250,yfbS V35F,63,0.11
6,2411250|C|A|F,2411250,yfbS V35F,82,0
6,3270068|G|A|,3270068,yhaC/rnpB snp_intergenic,0,0
6,3270068|G|A|,3270068,yhaC/rnpB snp_intergenic,3,0
6,3270068|G|A|,3270068,yhaC/rnpB snp_intergenic,16,0
6,3270068|G|A|,3270068,yhaC/rnpB snp_intergenic,19,0.13
6,3270068|G|A|,3270068,yhaC/rnpB snp_intergenic,31,0
6,3270068|G|A|,3270068,yhaC/rnpB snp_intergenic,34,0
6,3270068|G|A|,3270068,yhaC/rnpB snp_intergenic,47,0
6,3270068|G|A|,3270068,yhaC/rnpB snp_intergenic,55,0
6,3270068|G|A|,3270068,yhaC/rnpB snp_intergenic,63,0
6,3270068|G|A|,3270068,yhaC/rnpB snp_intergenic,82,0
6,3326144|CAGACCAGCGCC||,3326144,ftsH small_indel,0,0
6,3326144|CAGACCAGCGCC||,3326144,ftsH small_indel,3,0
6,3326144|CAGACCAGCGCC||,3326144,ftsH small_indel,16,0
6,3326144|CAGACCAGCGCC||,3326144,ftsH small_indel,19,0
6,3326144|CAGACCAGCGCC||,3326144,ftsH small_indel,31,0
6,3326144|CAGACCAGCGCC||,3326144,ftsH small_indel,34,0
6,3326144|CAGACCAGCGCC||,3326144,ftsH small_indel,47,0
6,3326144|CAGACCAGCGCC||,3326144,ftsH small_indel,55,0
6,3326144|CAGACCAGCGCC||,3326144,ftsH small_indel,63,0
6,3326144|CAGACCAGCGCC||,3326144,ftsH small_indel,82,0.47
6,3326602|G|CAG|,3326602,ftsH small_ins,0,0
6,3326602|G|CAG|,3326602,ftsH small_ins,3,0
6,3326602|G|CAG|,3326602,ftsH small_ins,16,0
6,3326602|G|CAG|,3326602,ftsH small_ins,19,0
6,3326602|G|CAG|,3326602,ftsH small_ins,31,0
6,3326602|G|CAG|,3326602,ftsH small_ins,34,0
6,3326602|G|CAG|,3326602,ftsH small_ins,47,0
6,3326602|G|CAG|,3326602,ftsH small_ins,55,1
6,3326602|G|CAG|,3326602,ftsH small_ins,63,0.69
6,3326602|G|CAG|,3326602,ftsH small_ins,82,0
6,3473332|A|C|M,3473332,fusA I61M,0,0
6,3473332|A|C|M,3473332,fusA I61M,3,0
6,3473332|A|C|M,3473332,fusA I61M,16,0
6,3473332|A|C|M,3473332,fusA I61M,19,0
6,3473332|A|C|M,3473332,fusA I61M,31,0.85
6,3473332|A|C|M,3473332,fusA I61M,34,0.53
6,3473332|A|C|M,3473332,fusA I61M,47,0
6,3473332|A|C|M,3473332,fusA I61M,55,0
6,3473332|A|C|M,3473332,fusA I61M,63,0
6,3473332|A|C|M,3473332,fusA I61M,82,0
6,3473339|C|T|H,3473339,fusA R59H,0,0
6,3473339|C|T|H,3473339,fusA R59H,3,0
6,3473339|C|T|H,3473339,fusA R59H,16,0
6,3473339|C|T|H,3473339,fusA R59H,19,0
6,3473339|C|T|H,3473339,fusA R59H,31,0
6,3473339|C|T|H,3473339,fusA R59H,34,0
6,3473339|C|T|H,3473339,fusA R59H,47,0.74
6,3473339|C|T|H,3473339,fusA R59H,55,0
6,3473339|C|T|H,3473339,fusA R59H,63,0
6,3473339|C|T|H,3473339,fusA R59H,82,0
6,3758381|A|TG|,3758381,selB small_indel,0,0
6,3758381|A|TG|,3758381,selB small_indel,3,0
6,3758381|A|TG|,3758381,selB small_indel,16,0
6,3758381|A|TG|,3758381,selB small_indel,19,0.49
6,3758381|A|TG|,3758381,selB small_indel,31,0.82
6,3758381|A|TG|,3758381,selB small_indel,34,0.56
6,3758381|A|TG|,3758381,selB small_indel,47,0.74
6,3758381|A|TG|,3758381,selB small_indel,55,0.88
6,3758381|A|TG|,3758381,selB small_indel,63,0.62
6,3758381|A|TG|,3758381,selB small_indel,82,0.46
6,3822173|CCGCGCG||,3822173,rpoZ small_indel,0,0
6,3822173|CCGCGCG||,3822173,rpoZ small_indel,3,0
6,3822173|CCGCGCG||,3822173,rpoZ small_indel,16,0
6,3822173|CCGCGCG||,3822173,rpoZ small_indel,19,0
6,3822173|CCGCGCG||,3822173,rpoZ small_indel,31,0
6,3822173|CCGCGCG||,3822173,rpoZ small_indel,34,0
6,3822173|CCGCGCG||,3822173,rpoZ small_indel,47,0
6,3822173|CCGCGCG||,3822173,rpoZ small_indel,55,0
6,3822173|CCGCGCG||,3822173,rpoZ small_indel,63,0
6,3822173|CCGCGCG||,3822173,rpoZ small_indel,82,0.47
6,3862562|A||,3862562,glvC small_indel,0,0
6,3862562|A||,3862562,glvC small_indel,3,0
6,3862562|A||,3862562,glvC small_indel,16,0
6,3862562|A||,3862562,glvC small_indel,19,1
6,3862562|A||,3862562,glvC small_indel,31,1
6,3862562|A||,3862562,glvC small_indel,34,1
6,3862562|A||,3862562,glvC small_indel,47,1
6,3862562|A||,3862562,glvC small_indel,55,1
6,3862562|A||,3862562,glvC small_indel,63,1
6,3862562|A||,3862562,glvC small_indel,82,1
6,4033698|T|A|Q,4033698,trkH L185Q,0,0
6,4033698|T|A|Q,4033698,trkH L185Q,3,0
6,4033698|T|A|Q,4033698,trkH L185Q,16,0
6,4033698|T|A|Q,4033698,trkH L185Q,19,1
6,4033698|T|A|Q,4033698,trkH L185Q,31,1
6,4033698|T|A|Q,4033698,trkH L185Q,34,1
6,4033698|T|A|Q,4033698,trkH L185Q,47,1
6,4033698|T|A|Q,4033698,trkH L185Q,55,1
6,4033698|T|A|Q,4033698,trkH L185Q,63,1
6,4033698|T|A|Q,4033698,trkH L185Q,82,1
6,4104659|C|A|L,4104659,cpxA R106L,0,0
6,4104659|C|A|L,4104659,cpxA R106L,3,0
6,4104659|C|A|L,4104659,cpxA R106L,16,0
6,4104659|C|A|L,4104659,cpxA R106L,19,0
6,4104659|C|A|L,4104659,cpxA R106L,31,0
6,4104659|C|A|L,4104659,cpxA R106L,34,0
6,4104659|C|A|L,4104659,cpxA R106L,47,0
6,4104659|C|A|L,4104659,cpxA R106L,55,1
6,4104659|C|A|L,4104659,cpxA R106L,63,0.65
6,4104659|C|A|L,4104659,cpxA R106L,82,0
6,4117936|A|T|E,4117936,glpF V52E,0,0
6,4117936|A|T|E,4117936,glpF V52E,3,0
6,4117936|A|T|E,4117936,glpF V52E,16,0
6,4117936|A|T|E,4117936,glpF V52E,19,0
6,4117936|A|T|E,4117936,glpF V52E,31,0
6,4117936|A|T|E,4117936,glpF V52E,34,0.36
6,4117936|A|T|E,4117936,glpF V52E,47,0.21
6,4117936|A|T|E,4117936,glpF V52E,55,0
6,4117936|A|T|E,4117936,glpF V52E,63,0.32
6,4117936|A|T|E,4117936,glpF V52E,82,0.49
6,4184434|G|A|N,4184434,rpoB D1064N,0,0
6,4184434|G|A|N,4184434,rpoB D1064N,3,0
6,4184434|G|A|N,4184434,rpoB D1064N,16,1
6,4184434|G|A|N,4184434,rpoB D1064N,19,0
6,4184434|G|A|N,4184434,rpoB D1064N,31,0
6,4184434|G|A|N,4184434,rpoB D1064N,34,0
6,4184434|G|A|N,4184434,rpoB D1064N,47,0
6,4184434|G|A|N,4184434,rpoB D1064N,55,0
6,4184434|G|A|N,4184434,rpoB D1064N,63,0
6,4184434|G|A|N,4184434,rpoB D1064N,82,0
6,4542020|TTAG||,4542020,fimB/fimE mobile_element_insertion,0,0
6,4542020|TTAG||,4542020,fimB/fimE mobile_element_insertion,3,0
6,4542020|TTAG||,4542020,fimB/fimE mobile_element_insertion,16,0
6,4542020|TTAG||,4542020,fimB/fimE mobile_element_insertion,19,0.57
6,4542020|TTAG||,4542020,fimB/fimE mobile_element_insertion,31,0.93
6,4542020|TTAG||,4542020,fimB/fimE mobile_element_insertion,34,0.57
6,4542020|TTAG||,4542020,fimB/fimE mobile_element_insertion,47,0.82
6,4542020|TTAG||,4542020,fimB/fimE mobile_element_insertion,55,1
6,4542020|TTAG||,4542020,fimB/fimE mobile_element_insertion,63,0.64
6,4542020|TTAG||,4542020,fimB/fimE mobile_element_insertion,82,0.49
7,396591|TTAA||,396591,ampH/sbmA mobile_element_insertion,0,0
7,396591|TTAA||,396591,ampH/sbmA mobile_element_insertion,3,0
7,396591|TTAA||,396591,ampH/sbmA mobile_element_insertion,16,0
7,396591|TTAA||,396591,ampH/sbmA mobile_element_insertion,19,0
7,396591|TTAA||,396591,ampH/sbmA mobile_element_insertion,31,0.66
7,396591|TTAA||,396591,ampH/sbmA mobile_element_insertion,34,0.78
7,396591|TTAA||,396591,ampH/sbmA mobile_element_insertion,47,1
7,396591|TTAA||,396591,ampH/sbmA mobile_element_insertion,55,0.78
7,396591|TTAA||,396591,ampH/sbmA mobile_element_insertion,63,0.5
7,396591|TTAA||,396591,ampH/sbmA mobile_element_insertion,82,0
7,396624|TTAG||,396624,ampH/sbmA mobile_element_insertion,0,0
7,396624|TTAG||,396624,ampH/sbmA mobile_element_insertion,3,0
7,396624|TTAG||,396624,ampH/sbmA mobile_element_insertion,16,0
7,396624|TTAG||,396624,ampH/sbmA mobile_element_insertion,19,0
7,396624|TTAG||,396624,ampH/sbmA mobile_element_insertion,31,0.13
7,396624|TTAG||,396624,ampH/sbmA mobile_element_insertion,34,0
7,396624|TTAG||,396624,ampH/sbmA mobile_element_insertion,47,0
7,396624|TTAG||,396624,ampH/sbmA mobile_element_insertion,55,0
7,396624|TTAG||,396624,ampH/sbmA mobile_element_insertion,63,0
7,396624|TTAG||,396624,ampH/sbmA mobile_element_insertion,82,0
7,397126|T|A|E,397126,sbmA V163E,0,0
7,397126|T|A|E,397126,sbmA V163E,3,0
7,397126|T|A|E,397126,sbmA V163E,16,0
7,397126|T|A|E,397126,sbmA V163E,19,0
7,397126|T|A|E,397126,sbmA V163E,31,0.15
7,397126|T|A|E,397126,sbmA V163E,34,0.21
7,397126|T|A|E,397126,sbmA V163E,47,0
7,397126|T|A|E,397126,sbmA V163E,55,0
7,397126|T|A|E,397126,sbmA V163E,63,0
7,397126|T|A|E,397126,sbmA V163E,82,0
7,397203|C|T|*,397203,sbmA Q189*,0,0
7,397203|C|T|*,397203,sbmA Q189*,3,0
7,397203|C|T|*,397203,sbmA Q189*,16,0
7,397203|C|T|*,397203,sbmA Q189*,19,0
7,397203|C|T|*,397203,sbmA Q189*,31,0
7,397203|C|T|*,397203,sbmA Q189*,34,0
7,397203|C|T|*,397203,sbmA Q189*,47,0
7,397203|C|T|*,397203,sbmA Q189*,55,0.15
7,397203|C|T|*,397203,sbmA Q189*,63,0
7,397203|C|T|*,397203,sbmA Q189*,82,0
7,759127|T|C|A,759127,sucA V141A,0,0
7,759127|T|C|A,759127,sucA V141A,3,0
7,759127|T|C|A,759127,sucA V141A,16,0.31
7,759127|T|C|A,759127,sucA V141A,19,0
7,759127|T|C|A,759127,sucA V141A,31,0
7,759127|T|C|A,759127,sucA V141A,34,0
7,759127|T|C|A,759127,sucA V141A,47,0
7,759127|T|C|A,759127,sucA V141A,55,0
7,759127|T|C|A,759127,sucA V141A,63,0
7,759127|T|C|A,759127,sucA V141A,82,0
7,822909|G|A|G,822909,clsB G277G,0,0
7,822909|G|A|G,822909,clsB G277G,3,0
7,822909|G|A|G,822909,clsB G277G,16,0
7,822909|G|A|G,822909,clsB G277G,19,0
7,822909|G|A|G,822909,clsB G277G,31,0.81
7,822909|G|A|G,822909,clsB G277G,34,1
7,822909|G|A|G,822909,clsB G277G,47,1
7,822909|G|A|G,822909,clsB G277G,55,1
7,822909|G|A|G,822909,clsB G277G,63,0.41
7,822909|G|A|G,822909,clsB G277G,82,0
7,915226|T|C|,915226,lysO/aqpZ snp_intergenic,0,0
7,915226|T|C|,915226,lysO/aqpZ snp_intergenic,3,0.12
7,915226|T|C|,915226,lysO/aqpZ snp_intergenic,16,0
7,915226|T|C|,915226,lysO/aqpZ snp_intergenic,19,0
7,915226|T|C|,915226,lysO/aqpZ snp_intergenic,31,0
7,915226|T|C|,915226,lysO/aqpZ snp_intergenic,34,0.12
7,915226|T|C|,915226,lysO/aqpZ snp_intergenic,47,0
7,915226|T|C|,915226,lysO/aqpZ snp_intergenic,55,0
7,915226|T|C|,915226,lysO/aqpZ snp_intergenic,63,0
7,915226|T|C|,915226,lysO/aqpZ snp_intergenic,82,0
7,1158638|AAATG||,1158638,ptsG mobile_element_insertion,0,0
7,1158638|AAATG||,1158638,ptsG mobile_element_insertion,3,0
7,1158638|AAATG||,1158638,ptsG mobile_element_insertion,16,0
7,1158638|AAATG||,1158638,ptsG mobile_element_insertion,19,0
7,1158638|AAATG||,1158638,ptsG mobile_element_insertion,31,0
7,1158638|AAATG||,1158638,ptsG mobile_element_insertion,34,0
7,1158638|AAATG||,1158638,ptsG mobile_element_insertion,47,0
7,1158638|AAATG||,1158638,ptsG mobile_element_insertion,55,0
7,1158638|AAATG||,1158638,ptsG mobile_element_insertion,63,0.11
7,1158638|AAATG||,1158638,ptsG mobile_element_insertion,82,0
7,1196220|C|T|H,1196220,icd H366H,0,0
7,1196220|C|T|H,1196220,icd H366H,3,0
7,1196220|C|T|H,1196220,icd H366H,16,1
7,1196220|C|T|H,1196220,icd H366H,19,1
7,1196220|C|T|H,1196220,icd H366H,31,1
7,1196220|C|T|H,1196220,icd H366H,34,1
7,1196220|C|T|H,1196220,icd H366H,47,1
7,1196220|C|T|H,1196220,icd H366H,55,1
7,1196220|C|T|H,1196220,icd H366H,63,1
7,1196220|C|T|H,1196220,icd H366H,82,0
7,1196232|C|T|T,1196232,icd T370T,0,0
7,1196232|C|T|T,1196232,icd T370T,3,0
7,1196232|C|T|T,1196232,icd T370T,16,0
7,1196232|C|T|T,1196232,icd T370T,19,0
7,1196232|C|T|T,1196232,icd T370T,31,0
7,1196232|C|T|T,1196232,icd T370T,34,0
7,1196232|C|T|T,1196232,icd T370T,47,1
7,1196232|C|T|T,1196232,icd T370T,55,1
7,1196232|C|T|T,1196232,icd T370T,63,1
7,1196232|C|T|T,1196232,icd T370T,82,0
7,1196245|T|C|M,1196245,icd L375M,0,0
7,1196245|T|C|M,1196245,icd L375M,3,0
7,1196245|T|C|M,1196245,icd L375M,16,0
7,1196245|T|C|M,1196245,icd L375M,19,0
7,1196245|T|C|M,1196245,icd L375M,31,0
7,1196245|T|C|M,1196245,icd L375M,34,0
7,1196245|T|C|M,1196245,icd L375M,47,1
7,1196245|T|C|M,1196245,icd L375M,55,1
7,1196245|T|C|M,1196245,icd L375M,63,1
7,1196245|T|C|M,1196245,icd L375M,82,0
7,1196247|A|G|M,1196247,icd L375M,0,0
7,1196247|A|G|M,1196247,icd L375M,3,0
7,1196247|A|G|M,1196247,icd L375M,16,0
7,1196247|A|G|M,1196247,icd L375M,19,0
7,1196247|A|G|M,1196247,icd L375M,31,0
7,1196247|A|G|M,1196247,icd L375M,34,0
7,1196247|A|G|M,1196247,icd L375M,47,1
7,1196247|A|G|M,1196247,icd L375M,55,1
7,1196247|A|G|M,1196247,icd L375M,63,1
7,1196247|A|G|M,1196247,icd L375M,82,0
7,1395492|C|T|D,1395492,ynaI G144D,0,0
7,1395492|C|T|D,1395492,ynaI G144D,3,0
7,1395492|C|T|D,1395492,ynaI G144D,16,0
7,1395492|C|T|D,1395492,ynaI G144D,19,0
7,1395492|C|T|D,1395492,ynaI G144D,31,0
7,1395492|C|T|D,1395492,ynaI G144D,34,0
7,1395492|C|T|D,1395492,ynaI G144D,47,1
7,1395492|C|T|D,1395492,ynaI G144D,55,0.79
7,1395492|C|T|D,1395492,ynaI G144D,63,0.33
7,1395492|C|T|D,1395492,ynaI G144D,82,0
7,1591920|G|A|L,1591920,hipA P86L,0,0
7,1591920|G|A|L,1591920,hipA P86L,3,0
7,1591920|G|A|L,1591920,hipA P86L,16,0
7,1591920|G|A|L,1591920,hipA P86L,19,0
7,1591920|G|A|L,1591920,hipA P86L,31,0
7,1591920|G|A|L,1591920,hipA P86L,34,0
7,1591920|G|A|L,1591920,hipA P86L,47,0
7,1591920|G|A|L,1591920,hipA P86L,55,0
7,1591920|G|A|L,1591920,hipA P86L,63,0.62
7,1591920|G|A|L,1591920,hipA P86L,82,1
7,1626071|TTAA||,1626071,dcp mobile_element_insertion,0,0
7,1626071|TTAA||,1626071,dcp mobile_element_insertion,3,0
7,1626071|TTAA||,1626071,dcp mobile_element_insertion,16,0
7,1626071|TTAA||,1626071,dcp mobile_element_insertion,19,0
7,1626071|TTAA||,1626071,dcp mobile_element_insertion,31,0
7,1626071|TTAA||,1626071,dcp mobile_element_insertion,34,0
7,1626071|TTAA||,1626071,dcp mobile_element_insertion,47,0.56
7,1626071|TTAA||,1626071,dcp mobile_element_insertion,55,0.81
7,1626071|TTAA||,1626071,dcp mobile_element_insertion,63,0.45
7,1626071|TTAA||,1626071,dcp mobile_element_insertion,82,0
7,2174844|TTAG||,2174844,gatA mobile_element_insertion,0,0
7,2174844|TTAG||,2174844,gatA mobile_element_insertion,3,0
7,2174844|TTAG||,2174844,gatA mobile_element_insertion,16,0
7,2174844|TTAG||,2174844,gatA mobile_element_insertion,19,0
7,2174844|TTAG||,2174844,gatA mobile_element_insertion,31,0
7,2174844|TTAG||,2174844,gatA mobile_element_insertion,34,0
7,2174844|TTAG||,2174844,gatA mobile_element_insertion,47,0
7,2174844|TTAG||,2174844,gatA mobile_element_insertion,55,0
7,2174844|TTAG||,2174844,gatA mobile_element_insertion,63,0.55
7,2174844|TTAG||,2174844,gatA mobile_element_insertion,82,1
7,2304680|T|C|,2304680,eco/mqo snp_intergenic,0,0
7,2304680|T|C|,2304680,eco/mqo snp_intergenic,3,0
7,2304680|T|C|,2304680,eco/mqo snp_intergenic,16,0
7,2304680|T|C|,2304680,eco/mqo snp_intergenic,19,0
7,2304680|T|C|,2304680,eco/mqo snp_intergenic,31,0
7,2304680|T|C|,2304680,eco/mqo snp_intergenic,34,0
7,2304680|T|C|,2304680,eco/mqo snp_intergenic,47,0
7,2304680|T|C|,2304680,eco/mqo snp_intergenic,55,0.15
7,2304680|T|C|,2304680,eco/mqo snp_intergenic,63,0
7,2304680|T|C|,2304680,eco/mqo snp_intergenic,82,0
7,2339173|G|A|L,2339173,gyrA S83L,0,0
7,2339173|G|A|L,2339173,gyrA S83L,3,0
7,2339173|G|A|L,2339173,gyrA S83L,16,1
7,2339173|G|A|L,2339173,gyrA S83L,19,1
7,2339173|G|A|L,2339173,gyrA S83L,31,1
7,2339173|G|A|L,2339173,gyrA S83L,34,1
7,2339173|G|A|L,2339173,gyrA S83L,47,1
7,2339173|G|A|L,2339173,gyrA S83L,55,1
7,2339173|G|A|L,2339173,gyrA S83L,63,1
7,2339173|G|A|L,2339173,gyrA S83L,82,1
7,2388525|GTTAT||,2388525,yfbN/yfbO mobile_element_insertion,0,0
7,2388525|GTTAT||,2388525,yfbN/yfbO mobile_element_insertion,3,0
7,2388525|GTTAT||,2388525,yfbN/yfbO mobile_element_insertion,16,0
7,2388525|GTTAT||,2388525,yfbN/yfbO mobile_element_insertion,19,0
7,2388525|GTTAT||,2388525,yfbN/yfbO mobile_element_insertion,31,0
7,2388525|GTTAT||,2388525,yfbN/yfbO mobile_element_insertion,34,0
7,2388525|GTTAT||,2388525,yfbN/yfbO mobile_element_insertion,47,0
7,2388525|GTTAT||,2388525,yfbN/yfbO mobile_element_insertion,55,0
7,2388525|GTTAT||,2388525,yfbN/yfbO mobile_element_insertion,63,0
7,2388525|GTTAT||,2388525,yfbN/yfbO mobile_element_insertion,82,0.16
7,2758577|G|T|K,2758577,yfjH N8K,0,0
7,2758577|G|T|K,2758577,yfjH N8K,3,0
7,2758577|G|T|K,2758577,yfjH N8K,16,0
7,2758577|G|T|K,2758577,yfjH N8K,19,0
7,2758577|G|T|K,2758577,yfjH N8K,31,0
7,2758577|G|T|K,2758577,yfjH N8K,34,0
7,2758577|G|T|K,2758577,yfjH N8K,47,0
7,2758577|G|T|K,2758577,yfjH N8K,55,0
7,2758577|G|T|K,2758577,yfjH N8K,63,0.38
7,2758577|G|T|K,2758577,yfjH N8K,82,0.63
7,3032307|C|T|M,3032307,uacT T314M,0,0
7,3032307|C|T|M,3032307,uacT T314M,3,0
7,3032307|C|T|M,3032307,uacT T314M,16,0
7,3032307|C|T|M,3032307,uacT T314M,19,0
7,3032307|C|T|M,3032307,uacT T314M,31,0
7,3032307|C|T|M,3032307,uacT T314M,34,0
7,3032307|C|T|M,3032307,uacT T314M,47,0
7,3032307|C|T|M,3032307,uacT T314M,55,0
7,3032307|C|T|M,3032307,uacT T314M,63,0
7,3032307|C|T|M,3032307,uacT T314M,82,0.18
7,3054894|G|T|Q,3054894,ygfB P184Q,0,0
7,3054894|G|T|Q,3054894,ygfB P184Q,3,0
7,3054894|G|T|Q,3054894,ygfB P184Q,16,0.19
7,3054894|G|T|Q,3054894,ygfB P184Q,19,0
7,3054894|G|T|Q,3054894,ygfB P184Q,31,0
7,3054894|G|T|Q,3054894,ygfB P184Q,34,0
7,3054894|G|T|Q,3054894,ygfB P184Q,47,0
7,3054894|G|T|Q,3054894,ygfB P184Q,55,0
7,3054894|G|T|Q,3054894,ygfB P184Q,63,0
7,3054894|G|T|Q,3054894,ygfB P184Q,82,0.15
7,3326144|CAGACCAGCGCC||,3326144,ftsH small_indel,0,0
7,3326144|CAGACCAGCGCC||,3326144,ftsH small_indel,3,0
7,3326144|CAGACCAGCGCC||,3326144,ftsH small_indel,16,0
7,3326144|CAGACCAGCGCC||,3326144,ftsH small_indel,19,0
7,3326144|CAGACCAGCGCC||,3326144,ftsH small_indel,31,0
7,3326144|CAGACCAGCGCC||,3326144,ftsH small_indel,34,0
7,3326144|CAGACCAGCGCC||,3326144,ftsH small_indel,47,0
7,3326144|CAGACCAGCGCC||,3326144,ftsH small_indel,55,0
7,3326144|CAGACCAGCGCC||,3326144,ftsH small_indel,63,0.51
7,3326144|CAGACCAGCGCC||,3326144,ftsH small_indel,82,1
7,3437506|T|C|T,3437506,trkA I330T,0,0
7,3437506|T|C|T,3437506,trkA I330T,3,0
7,3437506|T|C|T,3437506,trkA I330T,16,0
7,3437506|T|C|T,3437506,trkA I330T,19,0
7,3437506|T|C|T,3437506,trkA I330T,31,0
7,3437506|T|C|T,3437506,trkA I330T,34,0
7,3437506|T|C|T,3437506,trkA I330T,47,0.19
7,3437506|T|C|T,3437506,trkA I330T,55,0
7,3437506|T|C|T,3437506,trkA I330T,63,0
7,3437506|T|C|T,3437506,trkA I330T,82,0
7,3486163|T|C|S,3486163,crp F15S,0,0
7,3486163|T|C|S,3486163,crp F15S,3,0
7,3486163|T|C|S,3486163,crp F15S,16,0
7,3486163|T|C|S,3486163,crp F15S,19,0
7,3486163|T|C|S,3486163,crp F15S,31,0
7,3486163|T|C|S,3486163,crp F15S,34,0
7,3486163|T|C|S,3486163,crp F15S,47,0.37
7,3486163|T|C|S,3486163,crp F15S,55,0.8
7,3486163|T|C|S,3486163,crp F15S,63,0.5
7,3486163|T|C|S,3486163,crp F15S,82,0
7,3575614|A|G|V,3575614,yhgN M182V,0,0
7,3575614|A|G|V,3575614,yhgN M182V,3,0
7,3575614|A|G|V,3575614,yhgN M182V,16,0
7,3575614|A|G|V,3575614,yhgN M182V,19,0
7,3575614|A|G|V,3575614,yhgN M182V,31,0
7,3575614|A|G|V,3575614,yhgN M182V,34,0
7,3575614|A|G|V,3575614,yhgN M182V,47,0
7,3575614|A|G|V,3575614,yhgN M182V,55,0
7,3575614|A|G|V,3575614,yhgN M182V,63,0
7,3575614|A|G|V,3575614,yhgN M182V,82,0.21
7,3638193|C|A|T,3638193,pitA T184T,0,0
7,3638193|C|A|T,3638193,pitA T184T,3,0
7,3638193|C|A|T,3638193,pitA T184T,16,0
7,3638193|C|A|T,3638193,pitA T184T,19,0
7,3638193|C|A|T,3638193,pitA T184T,31,0
7,3638193|C|A|T,3638193,pitA T184T,34,0
7,3638193|C|A|T,3638193,pitA T184T,47,0.17
7,3638193|C|A|T,3638193,pitA T184T,55,0
7,3638193|C|A|T,3638193,pitA T184T,63,0
7,3638193|C|A|T,3638193,pitA T184T,82,0
7,3758381|A|TG|,3758381,selB small_indel,0,0
7,3758381|A|TG|,3758381,selB small_indel,3,0
7,3758381|A|TG|,3758381,selB small_indel,16,0.11
7,3758381|A|TG|,3758381,selB small_indel,19,0
7,3758381|A|TG|,3758381,selB small_indel,31,0.94
7,3758381|A|TG|,3758381,selB small_indel,34,0.92
7,3758381|A|TG|,3758381,selB small_indel,47,0.92
7,3758381|A|TG|,3758381,selB small_indel,55,0.9
7,3758381|A|TG|,3758381,selB small_indel,63,0.91
7,3758381|A|TG|,3758381,selB small_indel,82,0.92
7,3809910|T|C|S,3809910,coaD F29S,0,0
7,3809910|T|C|S,3809910,coaD F29S,3,0
7,3809910|T|C|S,3809910,coaD F29S,16,0
7,3809910|T|C|S,3809910,coaD F29S,19,0
7,3809910|T|C|S,3809910,coaD F29S,31,0
7,3809910|T|C|S,3809910,coaD F29S,34,0
7,3809910|T|C|S,3809910,coaD F29S,47,0
7,3809910|T|C|S,3809910,coaD F29S,55,0.18
7,3809910|T|C|S,3809910,coaD F29S,63,0
7,3809910|T|C|S,3809910,coaD F29S,82,0
7,3822173|CCGCGCG||,3822173,rpoZ small_indel,0,0
7,3822173|CCGCGCG||,3822173,rpoZ small_indel,3,0
7,3822173|CCGCGCG||,3822173,rpoZ small_indel,16,0
7,3822173|CCGCGCG||,3822173,rpoZ small_indel,19,0
7,3822173|CCGCGCG||,3822173,rpoZ small_indel,31,0
7,3822173|CCGCGCG||,3822173,rpoZ small_indel,34,0
7,3822173|CCGCGCG||,3822173,rpoZ small_indel,47,0
7,3822173|CCGCGCG||,3822173,rpoZ small_indel,55,0
7,3822173|CCGCGCG||,3822173,rpoZ small_indel,63,0.56
7,3822173|CCGCGCG||,3822173,rpoZ small_indel,82,1
7,3862562|A||,3862562,glvC small_indel,0,0
7,3862562|A||,3862562,glvC small_indel,3,0
7,3862562|A||,3862562,glvC small_indel,16,0.94
7,3862562|A||,3862562,glvC small_indel,19,1
7,3862562|A||,3862562,glvC small_indel,31,1
7,3862562|A||,3862562,glvC small_indel,34,1
7,3862562|A||,3862562,glvC small_indel,47,1
7,3862562|A||,3862562,glvC small_indel,55,1
7,3862562|A||,3862562,glvC small_indel,63,1
7,3862562|A||,3862562,glvC small_indel,82,1
7,4033698|T|A|Q,4033698,trkH L185Q,0,0
7,4033698|T|A|Q,4033698,trkH L185Q,3,0
7,4033698|T|A|Q,4033698,trkH L185Q,16,1
7,4033698|T|A|Q,4033698,trkH L185Q,19,1
7,4033698|T|A|Q,4033698,trkH L185Q,31,1
7,4033698|T|A|Q,4033698,trkH L185Q,34,1
7,4033698|T|A|Q,4033698,trkH L185Q,47,1
7,4033698|T|A|Q,4033698,trkH L185Q,55,1
7,4033698|T|A|Q,4033698,trkH L185Q,63,1
7,4033698|T|A|Q,4033698,trkH L185Q,82,1
7,4104926|AGC||,4104926,cpxA small_indel,0,0
7,4104926|AGC||,4104926,cpxA small_indel,3,0
7,4104926|AGC||,4104926,cpxA small_indel,16,0
7,4104926|AGC||,4104926,cpxA small_indel,19,0
7,4104926|AGC||,4104926,cpxA small_indel,31,0.81
7,4104926|AGC||,4104926,cpxA small_indel,34,1
7,4104926|AGC||,4104926,cpxA small_indel,47,1
7,4104926|AGC||,4104926,cpxA small_indel,55,1
7,4104926|AGC||,4104926,cpxA small_indel,63,0.48
7,4104926|AGC||,4104926,cpxA small_indel,82,0
7,4296060|C|T|,4296060,gltP/yjcO snp_intergenic,0,0
7,4296060|C|T|,4296060,gltP/yjcO snp_intergenic,3,0.23
7,4296060|C|T|,4296060,gltP/yjcO snp_intergenic,16,0.18
7,4296060|C|T|,4296060,gltP/yjcO snp_intergenic,19,0.19
7,4296060|C|T|,4296060,gltP/yjcO snp_intergenic,31,0.22
7,4296060|C|T|,4296060,gltP/yjcO snp_intergenic,34,0.22
7,4296060|C|T|,4296060,gltP/yjcO snp_intergenic,47,0.19
7,4296060|C|T|,4296060,gltP/yjcO snp_intergenic,55,0.22
7,4296060|C|T|,4296060,gltP/yjcO snp_intergenic,63,0.15
7,4296060|C|T|,4296060,gltP/yjcO snp_intergenic,82,0.23
7,4542020|TTAG||,4542020,fimB/fimE mobile_element_insertion,0,0
7,4542020|TTAG||,4542020,fimB/fimE mobile_element_insertion,3,0
7,4542020|TTAG||,4542020,fimB/fimE mobile_element_insertion,16,0.13
7,4542020|TTAG||,4542020,fimB/fimE mobile_element_insertion,19,0.14
7,4542020|TTAG||,4542020,fimB/fimE mobile_element_insertion,31,1
7,4542020|TTAG||,4542020,fimB/fimE mobile_element_insertion,34,1
7,4542020|TTAG||,4542020,fimB/fimE mobile_element_insertion,47,1
7,4542020|TTAG||,4542020,fimB/fimE mobile_element_insertion,55,1
7,4542020|TTAG||,4542020,fimB/fimE mobile_element_insertion,63,1
7,4542020|TTAG||,4542020,fimB/fimE mobile_element_insertion,82,1
8,50470|A||,50470,apaH small_indel,0,0
8,50470|A||,50470,apaH small_indel,3,0
8,50470|A||,50470,apaH small_indel,16,0
8,50470|A||,50470,apaH small_indel,19,0
8,50470|A||,50470,apaH small_indel,31,0
8,50470|A||,50470,apaH small_indel,34,0
8,50470|A||,50470,apaH small_indel,47,0
8,50470|A||,50470,apaH small_indel,55,0.26
8,50470|A||,50470,apaH small_indel,63,0
8,50470|A||,50470,apaH small_indel,82,0
8,96063|A|G|C,96063,mraY Y21C,0,0
8,96063|A|G|C,96063,mraY Y21C,3,0
8,96063|A|G|C,96063,mraY Y21C,16,0
8,96063|A|G|C,96063,mraY Y21C,19,0
8,96063|A|G|C,96063,mraY Y21C,31,0
8,96063|A|G|C,96063,mraY Y21C,34,0
8,96063|A|G|C,96063,mraY Y21C,47,0
8,96063|A|G|C,96063,mraY Y21C,55,0
8,96063|A|G|C,96063,mraY Y21C,63,0.47
8,96063|A|G|C,96063,mraY Y21C,82,0
8,141604|A|G|V,141604,hpt V58V,0,0
8,141604|A|G|V,141604,hpt V58V,3,0
8,141604|A|G|V,141604,hpt V58V,16,0
8,141604|A|G|V,141604,hpt V58V,19,0
8,141604|A|G|V,141604,hpt V58V,31,0
8,141604|A|G|V,141604,hpt V58V,34,0
8,141604|A|G|V,141604,hpt V58V,47,0
8,141604|A|G|V,141604,hpt V58V,55,0
8,141604|A|G|V,141604,hpt V58V,63,0
8,141604|A|G|V,141604,hpt V58V,82,0.29
8,236357|C|T|I,236357,dnaQ I97I,0,0
8,236357|C|T|I,236357,dnaQ I97I,3,0
8,236357|C|T|I,236357,dnaQ I97I,16,0
8,236357|C|T|I,236357,dnaQ I97I,19,0
8,236357|C|T|I,236357,dnaQ I97I,31,0
8,236357|C|T|I,236357,dnaQ I97I,34,0
8,236357|C|T|I,236357,dnaQ I97I,47,0
8,236357|C|T|I,236357,dnaQ I97I,55,0
8,236357|C|T|I,236357,dnaQ I97I,63,0
8,236357|C|T|I,236357,dnaQ I97I,82,0.34
8,262729|C|T|G,262729,proA G409G,0,0
8,262729|C|T|G,262729,proA G409G,3,0
8,262729|C|T|G,262729,proA G409G,16,0
8,262729|C|T|G,262729,proA G409G,19,0
8,262729|C|T|G,262729,proA G409G,31,0
8,262729|C|T|G,262729,proA G409G,34,0
8,262729|C|T|G,262729,proA G409G,47,0
8,262729|C|T|G,262729,proA G409G,55,0
8,262729|C|T|G,262729,proA G409G,63,0
8,262729|C|T|G,262729,proA G409G,82,0.12
8,600474|T|C|S,600474,cusA S587S,0,0
8,600474|T|C|S,600474,cusA S587S,3,0
8,600474|T|C|S,600474,cusA S587S,16,0
8,600474|T|C|S,600474,cusA S587S,19,0
8,600474|T|C|S,600474,cusA S587S,31,0
8,600474|T|C|S,600474,cusA S587S,34,0
8,600474|T|C|S,600474,cusA S587S,47,0
8,600474|T|C|S,600474,cusA S587S,55,0
8,600474|T|C|S,600474,cusA S587S,63,0
8,600474|T|C|S,600474,cusA S587S,82,0.27
8,731816|A|G|G,731816,rhsC D745G,0,0
8,731816|A|G|G,731816,rhsC D745G,3,0
8,731816|A|G|G,731816,rhsC D745G,16,0
8,731816|A|G|G,731816,rhsC D745G,19,0
8,731816|A|G|G,731816,rhsC D745G,31,0
8,731816|A|G|G,731816,rhsC D745G,34,0
8,731816|A|G|G,731816,rhsC D745G,47,0
8,731816|A|G|G,731816,rhsC D745G,55,0
8,731816|A|G|G,731816,rhsC D745G,63,0
8,731816|A|G|G,731816,rhsC D745G,82,0.27
8,785183|T|C|V,785183,ybgS V45V,0,0
8,785183|T|C|V,785183,ybgS V45V,3,0
8,785183|T|C|V,785183,ybgS V45V,16,0
8,785183|T|C|V,785183,ybgS V45V,19,0
8,785183|T|C|V,785183,ybgS V45V,31,0
8,785183|T|C|V,785183,ybgS V45V,34,0
8,785183|T|C|V,785183,ybgS V45V,47,0
8,785183|T|C|V,785183,ybgS V45V,55,0
8,785183|T|C|V,785183,ybgS V45V,63,0
8,785183|T|C|V,785183,ybgS V45V,82,0.28
8,822959|G|A|S,822959,clsB P261S,0,0
8,822959|G|A|S,822959,clsB P261S,3,0.12
8,822959|G|A|S,822959,clsB P261S,16,0
8,822959|G|A|S,822959,clsB P261S,19,0
8,822959|G|A|S,822959,clsB P261S,31,0
8,822959|G|A|S,822959,clsB P261S,34,0
8,822959|G|A|S,822959,clsB P261S,47,0
8,822959|G|A|S,822959,clsB P261S,55,0
8,822959|G|A|S,822959,clsB P261S,63,0
8,822959|G|A|S,822959,clsB P261S,82,0
8,884189|A|G|V,884189,mdfA M173V,0,0
8,884189|A|G|V,884189,mdfA M173V,3,0
8,884189|A|G|V,884189,mdfA M173V,16,0
8,884189|A|G|V,884189,mdfA M173V,19,0
8,884189|A|G|V,884189,mdfA M173V,31,0
8,884189|A|G|V,884189,mdfA M173V,34,0
8,884189|A|G|V,884189,mdfA M173V,47,0
8,884189|A|G|V,884189,mdfA M173V,55,0
8,884189|A|G|V,884189,mdfA M173V,63,0
8,884189|A|G|V,884189,mdfA M173V,82,0.33
8,957694|A|G|L,957694,serC L14L,0,0
8,957694|A|G|L,957694,serC L14L,3,0
8,957694|A|G|L,957694,serC L14L,16,0
8,957694|A|G|L,957694,serC L14L,19,0
8,957694|A|G|L,957694,serC L14L,31,0
8,957694|A|G|L,957694,serC L14L,34,0
8,957694|A|G|L,957694,serC L14L,47,0
8,957694|A|G|L,957694,serC L14L,55,0
8,957694|A|G|L,957694,serC L14L,63,0
8,957694|A|G|L,957694,serC L14L,82,0.3
8,961237|C|T|S,961237,cmk P13S,0,0
8,961237|C|T|S,961237,cmk P13S,3,0
8,961237|C|T|S,961237,cmk P13S,16,0
8,961237|C|T|S,961237,cmk P13S,19,0
8,961237|C|T|S,961237,cmk P13S,31,0
8,961237|C|T|S,961237,cmk P13S,34,0
8,961237|C|T|S,961237,cmk P13S,47,0
8,961237|C|T|S,961237,cmk P13S,55,0
8,961237|C|T|S,961237,cmk P13S,63,0
8,961237|C|T|S,961237,cmk P13S,82,0.32
8,993545|G|A|M,993545,ssuB T167M,0,0
8,993545|G|A|M,993545,ssuB T167M,3,0
8,993545|G|A|M,993545,ssuB T167M,16,0
8,993545|G|A|M,993545,ssuB T167M,19,0
8,993545|G|A|M,993545,ssuB T167M,31,0
8,993545|G|A|M,993545,ssuB T167M,34,0
8,993545|G|A|M,993545,ssuB T167M,47,0
8,993545|G|A|M,993545,ssuB T167M,55,0
8,993545|G|A|M,993545,ssuB T167M,63,0
8,993545|G|A|M,993545,ssuB T167M,82,0.32
8,1036634|C|T|V,1036634,hyaE A94V,0,0
8,1036634|C|T|V,1036634,hyaE A94V,3,0
8,1036634|C|T|V,1036634,hyaE A94V,16,0
8,1036634|C|T|V,1036634,hyaE A94V,19,0
8,1036634|C|T|V,1036634,hyaE A94V,31,0
8,1036634|C|T|V,1036634,hyaE A94V,34,0
8,1036634|C|T|V,1036634,hyaE A94V,47,0
8,1036634|C|T|V,1036634,hyaE A94V,55,0
8,1036634|C|T|V,1036634,hyaE A94V,63,0
8,1036634|C|T|V,1036634,hyaE A94V,82,0.29
8,1087590|T|C|G,1087590,pgaC E86G,0,0
8,1087590|T|C|G,1087590,pgaC E86G,3,0
8,1087590|T|C|G,1087590,pgaC E86G,16,0
8,1087590|T|C|G,1087590,pgaC E86G,19,0
8,1087590|T|C|G,1087590,pgaC E86G,31,0.11
8,1087590|T|C|G,1087590,pgaC E86G,34,0
8,1087590|T|C|G,1087590,pgaC E86G,47,0
8,1087590|T|C|G,1087590,pgaC E86G,55,0
8,1087590|T|C|G,1087590,pgaC E86G,63,0
8,1087590|T|C|G,1087590,pgaC E86G,82,0
8,1127069|A|G|V,1127069,yceM V88V,0,0
8,1127069|A|G|V,1127069,yceM V88V,3,0
8,1127069|A|G|V,1127069,yceM V88V,16,0
8,1127069|A|G|V,1127069,yceM V88V,19,0
8,1127069|A|G|V,1127069,yceM V88V,31,0
8,1127069|A|G|V,1127069,yceM V88V,34,0
8,1127069|A|G|V,1127069,yceM V88V,47,0
8,1127069|A|G|V,1127069,yceM V88V,55,0
8,1127069|A|G|V,1127069,yceM V88V,63,0
8,1127069|A|G|V,1127069,yceM V88V,82,0.26
8,1196220|C|T|H,1196220,icd H366H,0,0
8,1196220|C|T|H,1196220,icd H366H,3,0
8,1196220|C|T|H,1196220,icd H366H,16,1
8,1196220|C|T|H,1196220,icd H366H,19,1
8,1196220|C|T|H,1196220,icd H366H,31,1
8,1196220|C|T|H,1196220,icd H366H,34,0
8,1196220|C|T|H,1196220,icd H366H,47,1
8,1196220|C|T|H,1196220,icd H366H,55,1
8,1196220|C|T|H,1196220,icd H366H,63,0
8,1196220|C|T|H,1196220,icd H366H,82,0
8,1196232|C|T|T,1196232,icd T370T,0,0
8,1196232|C|T|T,1196232,icd T370T,3,0
8,1196232|C|T|T,1196232,icd T370T,16,0
8,1196232|C|T|T,1196232,icd T370T,19,0
8,1196232|C|T|T,1196232,icd T370T,31,0
8,1196232|C|T|T,1196232,icd T370T,34,0
8,1196232|C|T|T,1196232,icd T370T,47,1
8,1196232|C|T|T,1196232,icd T370T,55,1
8,1196232|C|T|T,1196232,icd T370T,63,0
8,1196232|C|T|T,1196232,icd T370T,82,0
8,1196245|T|C|M,1196245,icd L375M,0,0
8,1196245|T|C|M,1196245,icd L375M,3,0
8,1196245|T|C|M,1196245,icd L375M,16,0
8,1196245|T|C|M,1196245,icd L375M,19,0
8,1196245|T|C|M,1196245,icd L375M,31,0
8,1196245|T|C|M,1196245,icd L375M,34,0
8,1196245|T|C|M,1196245,icd L375M,47,1
8,1196245|T|C|M,1196245,icd L375M,55,1
8,1196245|T|C|M,1196245,icd L375M,63,0
8,1196245|T|C|M,1196245,icd L375M,82,0
8,1196247|A|G|M,1196247,icd L375M,0,0
8,1196247|A|G|M,1196247,icd L375M,3,0
8,1196247|A|G|M,1196247,icd L375M,16,0
8,1196247|A|G|M,1196247,icd L375M,19,0
8,1196247|A|G|M,1196247,icd L375M,31,0
8,1196247|A|G|M,1196247,icd L375M,34,0
8,1196247|A|G|M,1196247,icd L375M,47,1
8,1196247|A|G|M,1196247,icd L375M,55,1
8,1196247|A|G|M,1196247,icd L375M,63,0
8,1196247|A|G|M,1196247,icd L375M,82,0
8,1251481|T|C|A,1251481,dhaR V139A,0,0
8,1251481|T|C|A,1251481,dhaR V139A,3,0
8,1251481|T|C|A,1251481,dhaR V139A,16,0
8,1251481|T|C|A,1251481,dhaR V139A,19,0
8,1251481|T|C|A,1251481,dhaR V139A,31,0
8,1251481|T|C|A,1251481,dhaR V139A,34,0
8,1251481|T|C|A,1251481,dhaR V139A,47,0
8,1251481|T|C|A,1251481,dhaR V139A,55,0
8,1251481|T|C|A,1251481,dhaR V139A,63,0
8,1251481|T|C|A,1251481,dhaR V139A,82,0.3
8,1283935|T|C|P,1283935,narH L111P,0,0
8,1283935|T|C|P,1283935,narH L111P,3,0
8,1283935|T|C|P,1283935,narH L111P,16,0
8,1283935|T|C|P,1283935,narH L111P,19,0
8,1283935|T|C|P,1283935,narH L111P,31,0
8,1283935|T|C|P,1283935,narH L111P,34,0
8,1283935|T|C|P,1283935,narH L111P,47,0
8,1283935|T|C|P,1283935,narH L111P,55,0
8,1283935|T|C|P,1283935,narH L111P,63,0
8,1283935|T|C|P,1283935,narH L111P,82,0.14
8,1395273|G|A|L,1395273,ynaI P217L,0,0
8,1395273|G|A|L,1395273,ynaI P217L,3,0
8,1395273|G|A|L,1395273,ynaI P217L,16,0
8,1395273|G|A|L,1395273,ynaI P217L,19,0
8,1395273|G|A|L,1395273,ynaI P217L,31,0
8,1395273|G|A|L,1395273,ynaI P217L,34,0
8,1395273|G|A|L,1395273,ynaI P217L,47,0.53
8,1395273|G|A|L,1395273,ynaI P217L,55,0.69
8,1395273|G|A|L,1395273,ynaI P217L,63,0.73
8,1395273|G|A|L,1395273,ynaI P217L,82,0
8,1395960|C|A|,1395960,ynaI/insH4 small_indel,0,0
8,1395960|C|A|,1395960,ynaI/insH4 small_indel,3,0
8,1395960|C|A|,1395960,ynaI/insH4 small_indel,16,0
8,1395960|C|A|,1395960,ynaI/insH4 small_indel,19,0
8,1395960|C|A|,1395960,ynaI/insH4 small_indel,31,0
8,1395960|C|A|,1395960,ynaI/insH4 small_indel,34,0
8,1395960|C|A|,1395960,ynaI/insH4 small_indel,47,0.23
8,1395960|C|A|,1395960,ynaI/insH4 small_indel,55,0.32
8,1395960|C|A|,1395960,ynaI/insH4 small_indel,63,0.21
8,1395960|C|A|,1395960,ynaI/insH4 small_indel,82,0
8,1395961|G|A|,1395961,ynaI/insH4 snp_intergenic,0,0
8,1395961|G|A|,1395961,ynaI/insH4 snp_intergenic,3,0
8,1395961|G|A|,1395961,ynaI/insH4 snp_intergenic,16,0
8,1395961|G|A|,1395961,ynaI/insH4 snp_intergenic,19,0
8,1395961|G|A|,1395961,ynaI/insH4 snp_intergenic,31,0
8,1395961|G|A|,1395961,ynaI/insH4 snp_intergenic,34,0
8,1395961|G|A|,1395961,ynaI/insH4 snp_intergenic,47,0.21
8,1395961|G|A|,1395961,ynaI/insH4 snp_intergenic,55,0.31
8,1395961|G|A|,1395961,ynaI/insH4 snp_intergenic,63,0.61
8,1395961|G|A|,1395961,ynaI/insH4 snp_intergenic,82,0
8,1457801|A|G|C,1457801,paaF Y102C,0,0
8,1457801|A|G|C,1457801,paaF Y102C,3,0
8,1457801|A|G|C,1457801,paaF Y102C,16,0
8,1457801|A|G|C,1457801,paaF Y102C,19,0
8,1457801|A|G|C,1457801,paaF Y102C,31,0
8,1457801|A|G|C,1457801,paaF Y102C,34,0
8,1457801|A|G|C,1457801,paaF Y102C,47,0
8,1457801|A|G|C,1457801,paaF Y102C,55,0
8,1457801|A|G|C,1457801,paaF Y102C,63,0
8,1457801|A|G|C,1457801,paaF Y102C,82,0.29
8,1458984|A|T|C,1458984,paaG S241C,0,0
8,1458984|A|T|C,1458984,paaG S241C,3,0
8,1458984|A|T|C,1458984,paaG S241C,16,0
8,1458984|A|T|C,1458984,paaG S241C,19,0
8,1458984|A|T|C,1458984,paaG S241C,31,0
8,1458984|A|T|C,1458984,paaG S241C,34,0
8,1458984|A|T|C,1458984,paaG S241C,47,0
8,1458984|A|T|C,1458984,paaG S241C,55,0
8,1458984|A|T|C,1458984,paaG S241C,63,0
8,1458984|A|T|C,1458984,paaG S241C,82,0.31
8,1460362|G|A|S,1460362,paaH G437S,0,0
8,1460362|G|A|S,1460362,paaH G437S,3,0
8,1460362|G|A|S,1460362,paaH G437S,16,0
8,1460362|G|A|S,1460362,paaH G437S,19,0
8,1460362|G|A|S,1460362,paaH G437S,31,0
8,1460362|G|A|S,1460362,paaH G437S,34,0
8,1460362|G|A|S,1460362,paaH G437S,47,0
8,1460362|G|A|S,1460362,paaH G437S,55,0
8,1460362|G|A|S,1460362,paaH G437S,63,0
8,1460362|G|A|S,1460362,paaH G437S,82,0.28
8,1526353|A|G|R,1526353,yncG H36R,0,0
8,1526353|A|G|R,1526353,yncG H36R,3,0
8,1526353|A|G|R,1526353,yncG H36R,16,0
8,1526353|A|G|R,1526353,yncG H36R,19,0
8,1526353|A|G|R,1526353,yncG H36R,31,0
8,1526353|A|G|R,1526353,yncG H36R,34,0
8,1526353|A|G|R,1526353,yncG H36R,47,0
8,1526353|A|G|R,1526353,yncG H36R,55,0
8,1526353|A|G|R,1526353,yncG H36R,63,0
8,1526353|A|G|R,1526353,yncG H36R,82,0.3
8,1536747|T|C|G,1536747,narW E188G,0,0
8,1536747|T|C|G,1536747,narW E188G,3,0
8,1536747|T|C|G,1536747,narW E188G,16,0
8,1536747|T|C|G,1536747,narW E188G,19,0
8,1536747|T|C|G,1536747,narW E188G,31,0
8,1536747|T|C|G,1536747,narW E188G,34,0
8,1536747|T|C|G,1536747,narW E188G,47,0
8,1536747|T|C|G,1536747,narW E188G,55,0
8,1536747|T|C|G,1536747,narW E188G,63,0
8,1536747|T|C|G,1536747,narW E188G,82,0.34
8,1591920|G|A|L,1591920,hipA P86L,0,0
8,1591920|G|A|L,1591920,hipA P86L,3,0
8,1591920|G|A|L,1591920,hipA P86L,16,0
8,1591920|G|A|L,1591920,hipA P86L,19,0
8,1591920|G|A|L,1591920,hipA P86L,31,0
8,1591920|G|A|L,1591920,hipA P86L,34,0
8,1591920|G|A|L,1591920,hipA P86L,47,0
8,1591920|G|A|L,1591920,hipA P86L,55,0
8,1591920|G|A|L,1591920,hipA P86L,63,0.23
8,1591920|G|A|L,1591920,hipA P86L,82,0.64
8,1622481|A|G|V,1622481,ydeE I384V,0,0
8,1622481|A|G|V,1622481,ydeE I384V,3,0
8,1622481|A|G|V,1622481,ydeE I384V,16,0
8,1622481|A|G|V,1622481,ydeE I384V,19,0
8,1622481|A|G|V,1622481,ydeE I384V,31,0
8,1622481|A|G|V,1622481,ydeE I384V,34,0
8,1622481|A|G|V,1622481,ydeE I384V,47,0
8,1622481|A|G|V,1622481,ydeE I384V,55,0
8,1622481|A|G|V,1622481,ydeE I384V,63,0
8,1622481|A|G|V,1622481,ydeE I384V,82,0.28
8,1703819|G|A|C,1703819,ydgJ R164C,0,0
8,1703819|G|A|C,1703819,ydgJ R164C,3,0
8,1703819|G|A|C,1703819,ydgJ R164C,16,0
8,1703819|G|A|C,1703819,ydgJ R164C,19,0
8,1703819|G|A|C,1703819,ydgJ R164C,31,0
8,1703819|G|A|C,1703819,ydgJ R164C,34,0
8,1703819|G|A|C,1703819,ydgJ R164C,47,0
8,1703819|G|A|C,1703819,ydgJ R164C,55,0
8,1703819|G|A|C,1703819,ydgJ R164C,63,0
8,1703819|G|A|C,1703819,ydgJ R164C,82,0.25
8,1740890|A|G|R,1740890,punC H327R,0,0
8,1740890|A|G|R,1740890,punC H327R,3,0
8,1740890|A|G|R,1740890,punC H327R,16,0
8,1740890|A|G|R,1740890,punC H327R,19,0
8,1740890|A|G|R,1740890,punC H327R,31,0
8,1740890|A|G|R,1740890,punC H327R,34,0
8,1740890|A|G|R,1740890,punC H327R,47,0
8,1740890|A|G|R,1740890,punC H327R,55,0
8,1740890|A|G|R,1740890,punC H327R,63,0
8,1740890|A|G|R,1740890,punC H327R,82,0.29
8,1864768|T|C|,1864768,yeaD/yeaE snp_intergenic,0,0
8,1864768|T|C|,1864768,yeaD/yeaE snp_intergenic,3,0
8,1864768|T|C|,1864768,yeaD/yeaE snp_intergenic,16,0
8,1864768|T|C|,1864768,yeaD/yeaE snp_intergenic,19,0
8,1864768|T|C|,1864768,yeaD/yeaE snp_intergenic,31,0
8,1864768|T|C|,1864768,yeaD/yeaE snp_intergenic,34,0
8,1864768|T|C|,1864768,yeaD/yeaE snp_intergenic,47,0
8,1864768|T|C|,1864768,yeaD/yeaE snp_intergenic,55,0.13
8,1864768|T|C|,1864768,yeaD/yeaE snp_intergenic,63,0
8,1864768|T|C|,1864768,yeaD/yeaE snp_intergenic,82,0
8,1898065|T|C|G,1898065,sdaA G378G,0,0
8,1898065|T|C|G,1898065,sdaA G378G,3,0
8,1898065|T|C|G,1898065,sdaA G378G,16,0
8,1898065|T|C|G,1898065,sdaA G378G,19,0
8,1898065|T|C|G,1898065,sdaA G378G,31,0
8,1898065|T|C|G,1898065,sdaA G378G,34,0
8,1898065|T|C|G,1898065,sdaA G378G,47,0
8,1898065|T|C|G,1898065,sdaA G378G,55,0
8,1898065|T|C|G,1898065,sdaA G378G,63,0
8,1898065|T|C|G,1898065,sdaA G378G,82,0.3
8,1931778|T|C|L,1931778,purT F300L,0,0
8,1931778|T|C|L,1931778,purT F300L,3,0
8,1931778|T|C|L,1931778,purT F300L,16,0
8,1931778|T|C|L,1931778,purT F300L,19,0
8,1931778|T|C|L,1931778,purT F300L,31,0
8,1931778|T|C|L,1931778,purT F300L,34,0
8,1931778|T|C|L,1931778,purT F300L,47,0
8,1931778|T|C|L,1931778,purT F300L,55,0
8,1931778|T|C|L,1931778,purT F300L,63,0
8,1931778|T|C|L,1931778,purT F300L,82,0.3
8,1941229|C|T|D,1941229,mepM G136D,0,0
8,1941229|C|T|D,1941229,mepM G136D,3,0
8,1941229|C|T|D,1941229,mepM G136D,16,0
8,1941229|C|T|D,1941229,mepM G136D,19,0
8,1941229|C|T|D,1941229,mepM G136D,31,0
8,1941229|C|T|D,1941229,mepM G136D,34,0
8,1941229|C|T|D,1941229,mepM G136D,47,0
8,1941229|C|T|D,1941229,mepM G136D,55,0
8,1941229|C|T|D,1941229,mepM G136D,63,0
8,1941229|C|T|D,1941229,mepM G136D,82,0.32
8,2141059|G|T|*,2141059,asmA S185*,0,0
8,2141059|G|T|*,2141059,asmA S185*,3,0
8,2141059|G|T|*,2141059,asmA S185*,16,0
8,2141059|G|T|*,2141059,asmA S185*,19,0
8,2141059|G|T|*,2141059,asmA S185*,31,0
8,2141059|G|T|*,2141059,asmA S185*,34,0
8,2141059|G|T|*,2141059,asmA S185*,47,0
8,2141059|G|T|*,2141059,asmA S185*,55,0.15
8,2141059|G|T|*,2141059,asmA S185*,63,0
8,2141059|G|T|*,2141059,asmA S185*,82,0
8,2174199|TTAG||,2174199,gatD/gatB mobile_element_insertion,0,0
8,2174199|TTAG||,2174199,gatD/gatB mobile_element_insertion,3,0
8,2174199|TTAG||,2174199,gatD/gatB mobile_element_insertion,16,0
8,2174199|TTAG||,2174199,gatD/gatB mobile_element_insertion,19,0
8,2174199|TTAG||,2174199,gatD/gatB mobile_element_insertion,31,0
8,2174199|TTAG||,2174199,gatD/gatB mobile_element_insertion,34,0
8,2174199|TTAG||,2174199,gatD/gatB mobile_element_insertion,47,0.5
8,2174199|TTAG||,2174199,gatD/gatB mobile_element_insertion,55,0.7
8,2174199|TTAG||,2174199,gatD/gatB mobile_element_insertion,63,0.76
8,2174199|TTAG||,2174199,gatD/gatB mobile_element_insertion,82,0
8,2174844|TTAG||,2174844,gatA mobile_element_insertion,0,0
8,2174844|TTAG||,2174844,gatA mobile_element_insertion,3,0
8,2174844|TTAG||,2174844,gatA mobile_element_insertion,16,0
8,2174844|TTAG||,2174844,gatA mobile_element_insertion,19,0
8,2174844|TTAG||,2174844,gatA mobile_element_insertion,31,0
8,2174844|TTAG||,2174844,gatA mobile_element_insertion,34,0
8,2174844|TTAG||,2174844,gatA mobile_element_insertion,47,0
8,2174844|TTAG||,2174844,gatA mobile_element_insertion,55,0
8,2174844|TTAG||,2174844,gatA mobile_element_insertion,63,0.26
8,2174844|TTAG||,2174844,gatA mobile_element_insertion,82,0.69
8,2196254|T|A|K,2196254,metG M652K,0,0
8,2196254|T|A|K,2196254,metG M652K,3,0
8,2196254|T|A|K,2196254,metG M652K,16,0
8,2196254|T|A|K,2196254,metG M652K,19,0
8,2196254|T|A|K,2196254,metG M652K,31,0
8,2196254|T|A|K,2196254,metG M652K,34,0
8,2196254|T|A|K,2196254,metG M652K,47,0.15
8,2196254|T|A|K,2196254,metG M652K,55,0.28
8,2196254|T|A|K,2196254,metG M652K,63,0
8,2196254|T|A|K,2196254,metG M652K,82,0
8,2229176|C|G|,2229176,yohP/dusC snp_intergenic,0,0
8,2229176|C|G|,2229176,yohP/dusC snp_intergenic,3,0
8,2229176|C|G|,2229176,yohP/dusC snp_intergenic,16,0
8,2229176|C|G|,2229176,yohP/dusC snp_intergenic,19,0
8,2229176|C|G|,2229176,yohP/dusC snp_intergenic,31,0
8,2229176|C|G|,2229176,yohP/dusC snp_intergenic,34,0
8,2229176|C|G|,2229176,yohP/dusC snp_intergenic,47,0.13
8,2229176|C|G|,2229176,yohP/dusC snp_intergenic,55,0
8,2229176|C|G|,2229176,yohP/dusC snp_intergenic,63,0
8,2229176|C|G|,2229176,yohP/dusC snp_intergenic,82,0
8,2241466|T|C|G,2241466,galS D68G,0,0
8,2241466|T|C|G,2241466,galS D68G,3,0
8,2241466|T|C|G,2241466,galS D68G,16,0
8,2241466|T|C|G,2241466,galS D68G,19,0
8,2241466|T|C|G,2241466,galS D68G,31,0
8,2241466|T|C|G,2241466,galS D68G,34,0
8,2241466|T|C|G,2241466,galS D68G,47,0
8,2241466|T|C|G,2241466,galS D68G,55,0
8,2241466|T|C|G,2241466,galS D68G,63,0
8,2241466|T|C|G,2241466,galS D68G,82,0.33
8,2284434|A|G|R,2284434,lapC H20R,0,0
8,2284434|A|G|R,2284434,lapC H20R,3,0
8,2284434|A|G|R,2284434,lapC H20R,16,0
8,2284434|A|G|R,2284434,lapC H20R,19,0
8,2284434|A|G|R,2284434,lapC H20R,31,0
8,2284434|A|G|R,2284434,lapC H20R,34,0
8,2284434|A|G|R,2284434,lapC H20R,47,0
8,2284434|A|G|R,2284434,lapC H20R,55,0
8,2284434|A|G|R,2284434,lapC H20R,63,0
8,2284434|A|G|R,2284434,lapC H20R,82,0.32
8,2311562|C|A|,2311562,ftp/ompC snp_intergenic,0,0
8,2311562|C|A|,2311562,ftp/ompC snp_intergenic,3,0
8,2311562|C|A|,2311562,ftp/ompC snp_intergenic,16,0.13
8,2311562|C|A|,2311562,ftp/ompC snp_intergenic,19,0
8,2311562|C|A|,2311562,ftp/ompC snp_intergenic,31,0
8,2311562|C|A|,2311562,ftp/ompC snp_intergenic,34,0
8,2311562|C|A|,2311562,ftp/ompC snp_intergenic,47,0
8,2311562|C|A|,2311562,ftp/ompC snp_intergenic,55,0
8,2311562|C|A|,2311562,ftp/ompC snp_intergenic,63,0
8,2311562|C|A|,2311562,ftp/ompC snp_intergenic,82,0
8,2329107|T|C|E,2329107,yfaQ K231E,0,0
8,2329107|T|C|E,2329107,yfaQ K231E,3,0
8,2329107|T|C|E,2329107,yfaQ K231E,16,0
8,2329107|T|C|E,2329107,yfaQ K231E,19,0
8,2329107|T|C|E,2329107,yfaQ K231E,31,0
8,2329107|T|C|E,2329107,yfaQ K231E,34,0
8,2329107|T|C|E,2329107,yfaQ K231E,47,0
8,2329107|T|C|E,2329107,yfaQ K231E,55,0
8,2329107|T|C|E,2329107,yfaQ K231E,63,0
8,2329107|T|C|E,2329107,yfaQ K231E,82,0.34
8,2339173|G|A|L,2339173,gyrA S83L,0,0
8,2339173|G|A|L,2339173,gyrA S83L,3,0
8,2339173|G|A|L,2339173,gyrA S83L,16,0
8,2339173|G|A|L,2339173,gyrA S83L,19,1
8,2339173|G|A|L,2339173,gyrA S83L,31,1
8,2339173|G|A|L,2339173,gyrA S83L,34,1
8,2339173|G|A|L,2339173,gyrA S83L,47,1
8,2339173|G|A|L,2339173,gyrA S83L,55,1
8,2339173|G|A|L,2339173,gyrA S83L,63,1
8,2339173|G|A|L,2339173,gyrA S83L,82,1
8,2339173|G|C|W,2339173,gyrA S83W,0,0
8,2339173|G|C|W,2339173,gyrA S83W,3,0
8,2339173|G|C|W,2339173,gyrA S83W,16,0.74
8,2339173|G|C|W,2339173,gyrA S83W,19,0
8,2339173|G|C|W,2339173,gyrA S83W,31,0
8,2339173|G|C|W,2339173,gyrA S83W,34,0
8,2339173|G|C|W,2339173,gyrA S83W,47,0
8,2339173|G|C|W,2339173,gyrA S83W,55,0
8,2339173|G|C|W,2339173,gyrA S83W,63,0
8,2339173|G|C|W,2339173,gyrA S83W,82,0
8,2475804|T|C|V,2475804,yfdS V98V,0,0
8,2475804|T|C|V,2475804,yfdS V98V,3,0
8,2475804|T|C|V,2475804,yfdS V98V,16,0
8,2475804|T|C|V,2475804,yfdS V98V,19,0
8,2475804|T|C|V,2475804,yfdS V98V,31,0
8,2475804|T|C|V,2475804,yfdS V98V,34,0
8,2475804|T|C|V,2475804,yfdS V98V,47,0
8,2475804|T|C|V,2475804,yfdS V98V,55,0
8,2475804|T|C|V,2475804,yfdS V98V,63,0
8,2475804|T|C|V,2475804,yfdS V98V,82,0.27
8,2551918|A|G|A,2551918,ypeA V74A,0,0
8,2551918|A|G|A,2551918,ypeA V74A,3,0
8,2551918|A|G|A,2551918,ypeA V74A,16,0
8,2551918|A|G|A,2551918,ypeA V74A,19,0
8,2551918|A|G|A,2551918,ypeA V74A,31,0
8,2551918|A|G|A,2551918,ypeA V74A,34,0
8,2551918|A|G|A,2551918,ypeA V74A,47,0
8,2551918|A|G|A,2551918,ypeA V74A,55,0
8,2551918|A|G|A,2551918,ypeA V74A,63,0
8,2551918|A|G|A,2551918,ypeA V74A,82,0.11
8,2566930|G|T|Q,2566930,eutH P393Q,0,0
8,2566930|G|T|Q,2566930,eutH P393Q,3,0
8,2566930|G|T|Q,2566930,eutH P393Q,16,0
8,2566930|G|T|Q,2566930,eutH P393Q,19,0
8,2566930|G|T|Q,2566930,eutH P393Q,31,0
8,2566930|G|T|Q,2566930,eutH P393Q,34,0
8,2566930|G|T|Q,2566930,eutH P393Q,47,0.17
8,2566930|G|T|Q,2566930,eutH P393Q,55,0
8,2566930|G|T|Q,2566930,eutH P393Q,63,0
8,2566930|G|T|Q,2566930,eutH P393Q,82,0
8,2582847|C|T|,2582847,ypfG/nudK snp_intergenic,0,0
8,2582847|C|T|,2582847,ypfG/nudK snp_intergenic,3,0
8,2582847|C|T|,2582847,ypfG/nudK snp_intergenic,16,0
8,2582847|C|T|,2582847,ypfG/nudK snp_intergenic,19,0
8,2582847|C|T|,2582847,ypfG/nudK snp_intergenic,31,0
8,2582847|C|T|,2582847,ypfG/nudK snp_intergenic,34,0
8,2582847|C|T|,2582847,ypfG/nudK snp_intergenic,47,0
8,2582847|C|T|,2582847,ypfG/nudK snp_intergenic,55,0
8,2582847|C|T|,2582847,ypfG/nudK snp_intergenic,63,0
8,2582847|C|T|,2582847,ypfG/nudK snp_intergenic,82,0.11
8,2623793|T|C|S,2623793,ppk S250S,0,0
8,2623793|T|C|S,2623793,ppk S250S,3,0
8,2623793|T|C|S,2623793,ppk S250S,16,0
8,2623793|T|C|S,2623793,ppk S250S,19,0
8,2623793|T|C|S,2623793,ppk S250S,31,0
8,2623793|T|C|S,2623793,ppk S250S,34,0
8,2623793|T|C|S,2623793,ppk S250S,47,0
8,2623793|T|C|S,2623793,ppk S250S,55,0
8,2623793|T|C|S,2623793,ppk S250S,63,0
8,2623793|T|C|S,2623793,ppk S250S,82,0.33
8,2662334|C|A|,2662334,iscR/trmJ snp_intergenic,0,0
8,2662334|C|A|,2662334,iscR/trmJ snp_intergenic,3,0
8,2662334|C|A|,2662334,iscR/trmJ snp_intergenic,16,0
8,2662334|C|A|,2662334,iscR/trmJ snp_intergenic,19,0
8,2662334|C|A|,2662334,iscR/trmJ snp_intergenic,31,0
8,2662334|C|A|,2662334,iscR/trmJ snp_intergenic,34,0
8,2662334|C|A|,2662334,iscR/trmJ snp_intergenic,47,0
8,2662334|C|A|,2662334,iscR/trmJ snp_intergenic,55,0
8,2662334|C|A|,2662334,iscR/trmJ snp_intergenic,63,0
8,2662334|C|A|,2662334,iscR/trmJ snp_intergenic,82,0.3
8,2722723|T||,2722723,pssL small_indel,0,0
8,2722723|T||,2722723,pssL small_indel,3,0
8,2722723|T||,2722723,pssL small_indel,16,0
8,2722723|T||,2722723,pssL small_indel,19,0
8,2722723|T||,2722723,pssL small_indel,31,0
8,2722723|T||,2722723,pssL small_indel,34,0
8,2722723|T||,2722723,pssL small_indel,47,0
8,2722723|T||,2722723,pssL small_indel,55,0
8,2722723|T||,2722723,pssL small_indel,63,0
8,2722723|T||,2722723,pssL small_indel,82,0.3
8,2853262|T|C|N,2853262,hypE N3N,0,0
8,2853262|T|C|N,2853262,hypE N3N,3,0
8,2853262|T|C|N,2853262,hypE N3N,16,0
8,2853262|T|C|N,2853262,hypE N3N,19,0
8,2853262|T|C|N,2853262,hypE N3N,31,0
8,2853262|T|C|N,2853262,hypE N3N,34,0
8,2853262|T|C|N,2853262,hypE N3N,47,0
8,2853262|T|C|N,2853262,hypE N3N,55,0
8,2853262|T|C|N,2853262,hypE N3N,63,0
8,2853262|T|C|N,2853262,hypE N3N,82,0.3
8,3054894|G|T|Q,3054894,ygfB P184Q,0,0
8,3054894|G|T|Q,3054894,ygfB P184Q,3,0
8,3054894|G|T|Q,3054894,ygfB P184Q,16,0
8,3054894|G|T|Q,3054894,ygfB P184Q,19,0
8,3054894|G|T|Q,3054894,ygfB P184Q,31,0.19
8,3054894|G|T|Q,3054894,ygfB P184Q,34,0.19
8,3054894|G|T|Q,3054894,ygfB P184Q,47,0
8,3054894|G|T|Q,3054894,ygfB P184Q,55,0
8,3054894|G|T|Q,3054894,ygfB P184Q,63,0
8,3054894|G|T|Q,3054894,ygfB P184Q,82,0.18
8,3214407|T|C|A,3214407,rpoD V454A,0,0
8,3214407|T|C|A,3214407,rpoD V454A,3,0
8,3214407|T|C|A,3214407,rpoD V454A,16,0
8,3214407|T|C|A,3214407,rpoD V454A,19,0
8,3214407|T|C|A,3214407,rpoD V454A,31,0
8,3214407|T|C|A,3214407,rpoD V454A,34,0
8,3214407|T|C|A,3214407,rpoD V454A,47,0
8,3214407|T|C|A,3214407,rpoD V454A,55,0
8,3214407|T|C|A,3214407,rpoD V454A,63,0
8,3214407|T|C|A,3214407,rpoD V454A,82,0.3
8,3326144|CAGACCAGCGCC||,3326144,ftsH small_indel,0,0
8,3326144|CAGACCAGCGCC||,3326144,ftsH small_indel,3,0
8,3326144|CAGACCAGCGCC||,3326144,ftsH small_indel,16,0
8,3326144|CAGACCAGCGCC||,3326144,ftsH small_indel,19,0
8,3326144|CAGACCAGCGCC||,3326144,ftsH small_indel,31,0
8,3326144|CAGACCAGCGCC||,3326144,ftsH small_indel,34,0
8,3326144|CAGACCAGCGCC||,3326144,ftsH small_indel,47,0
8,3326144|CAGACCAGCGCC||,3326144,ftsH small_indel,55,0
8,3326144|CAGACCAGCGCC||,3326144,ftsH small_indel,63,0.18
8,3326144|CAGACCAGCGCC||,3326144,ftsH small_indel,82,0.69
8,3352254|C|A|C,3352254,arcB G258C,0,0
8,3352254|C|A|C,3352254,arcB G258C,3,0
8,3352254|C|A|C,3352254,arcB G258C,16,0.69
8,3352254|C|A|C,3352254,arcB G258C,19,0
8,3352254|C|A|C,3352254,arcB G258C,31,0
8,3352254|C|A|C,3352254,arcB G258C,34,0
8,3352254|C|A|C,3352254,arcB G258C,47,0
8,3352254|C|A|C,3352254,arcB G258C,55,0
8,3352254|C|A|C,3352254,arcB G258C,63,0
8,3352254|C|A|C,3352254,arcB G258C,82,0
8,3380522|T|C|A,3380522,zapG V111A,0,0
8,3380522|T|C|A,3380522,zapG V111A,3,0
8,3380522|T|C|A,3380522,zapG V111A,16,0
8,3380522|T|C|A,3380522,zapG V111A,19,0
8,3380522|T|C|A,3380522,zapG V111A,31,0
8,3380522|T|C|A,3380522,zapG V111A,34,0
8,3380522|T|C|A,3380522,zapG V111A,47,0
8,3380522|T|C|A,3380522,zapG V111A,55,0
8,3380522|T|C|A,3380522,zapG V111A,63,0
8,3380522|T|C|A,3380522,zapG V111A,82,0.29
8,3389754|G|A|I,3389754,aaeR V79I,0,0
8,3389754|G|A|I,3389754,aaeR V79I,3,0
8,3389754|G|A|I,3389754,aaeR V79I,16,0
8,3389754|G|A|I,3389754,aaeR V79I,19,0
8,3389754|G|A|I,3389754,aaeR V79I,31,0
8,3389754|G|A|I,3389754,aaeR V79I,34,0
8,3389754|G|A|I,3389754,aaeR V79I,47,0
8,3389754|G|A|I,3389754,aaeR V79I,55,0
8,3389754|G|A|I,3389754,aaeR V79I,63,0
8,3389754|G|A|I,3389754,aaeR V79I,82,0.33
8,3461046|CGGTTTTAC||,3461046,gspG mobile_element_insertion,0,0
8,3461046|CGGTTTTAC||,3461046,gspG mobile_element_insertion,3,0
8,3461046|CGGTTTTAC||,3461046,gspG mobile_element_insertion,16,0
8,3461046|CGGTTTTAC||,3461046,gspG mobile_element_insertion,19,0
8,3461046|CGGTTTTAC||,3461046,gspG mobile_element_insertion,31,0
8,3461046|CGGTTTTAC||,3461046,gspG mobile_element_insertion,34,0
8,3461046|CGGTTTTAC||,3461046,gspG mobile_element_insertion,47,0.2
8,3461046|CGGTTTTAC||,3461046,gspG mobile_element_insertion,55,0.33
8,3461046|CGGTTTTAC||,3461046,gspG mobile_element_insertion,63,0.68
8,3461046|CGGTTTTAC||,3461046,gspG mobile_element_insertion,82,0
8,3471482|G|A|V,3471482,fusA A678V,0,0
8,3471482|G|A|V,3471482,fusA A678V,3,0
8,3471482|G|A|V,3471482,fusA A678V,16,0
8,3471482|G|A|V,3471482,fusA A678V,19,0
8,3471482|G|A|V,3471482,fusA A678V,31,0.23
8,3471482|G|A|V,3471482,fusA A678V,34,0
8,3471482|G|A|V,3471482,fusA A678V,47,0
8,3471482|G|A|V,3471482,fusA A678V,55,0
8,3471482|G|A|V,3471482,fusA A678V,63,0
8,3471482|G|A|V,3471482,fusA A678V,82,0
8,3471513|T|C|A,3471513,fusA T668A,0,0
8,3471513|T|C|A,3471513,fusA T668A,3,0
8,3471513|T|C|A,3471513,fusA T668A,16,0
8,3471513|T|C|A,3471513,fusA T668A,19,0
8,3471513|T|C|A,3471513,fusA T668A,31,0.13
8,3471513|T|C|A,3471513,fusA T668A,34,0
8,3471513|T|C|A,3471513,fusA T668A,47,0
8,3471513|T|C|A,3471513,fusA T668A,55,0
8,3471513|T|C|A,3471513,fusA T668A,63,0
8,3471513|T|C|A,3471513,fusA T668A,82,0
8,3471692|G|A|V,3471692,fusA A608V,0,0
8,3471692|G|A|V,3471692,fusA A608V,3,0
8,3471692|G|A|V,3471692,fusA A608V,16,0
8,3471692|G|A|V,3471692,fusA A608V,19,0
8,3471692|G|A|V,3471692,fusA A608V,31,0
8,3471692|G|A|V,3471692,fusA A608V,34,0
8,3471692|G|A|V,3471692,fusA A608V,47,0.15
8,3471692|G|A|V,3471692,fusA A608V,55,0.32
8,3471692|G|A|V,3471692,fusA A608V,63,0
8,3471692|G|A|V,3471692,fusA A608V,82,0
8,3471848|C|A|V,3471848,fusA G556V,0,0
8,3471848|C|A|V,3471848,fusA G556V,3,0
8,3471848|C|A|V,3471848,fusA G556V,16,0
8,3471848|C|A|V,3471848,fusA G556V,19,0
8,3471848|C|A|V,3471848,fusA G556V,31,0
8,3471848|C|A|V,3471848,fusA G556V,34,0.2
8,3471848|C|A|V,3471848,fusA G556V,47,0
8,3471848|C|A|V,3471848,fusA G556V,55,0
8,3471848|C|A|V,3471848,fusA G556V,63,0
8,3471848|C|A|V,3471848,fusA G556V,82,0
8,3473337|C|A|C,3473337,fusA G60C,0,0
8,3473337|C|A|C,3473337,fusA G60C,3,0
8,3473337|C|A|C,3473337,fusA G60C,16,0
8,3473337|C|A|C,3473337,fusA G60C,19,0
8,3473337|C|A|C,3473337,fusA G60C,31,0.17
8,3473337|C|A|C,3473337,fusA G60C,34,0
8,3473337|C|A|C,3473337,fusA G60C,47,0
8,3473337|C|A|C,3473337,fusA G60C,55,0
8,3473337|C|A|C,3473337,fusA G60C,63,0
8,3473337|C|A|C,3473337,fusA G60C,82,0
8,3473339|C|T|H,3473339,fusA R59H,0,0
8,3473339|C|T|H,3473339,fusA R59H,3,0
8,3473339|C|T|H,3473339,fusA R59H,16,0
8,3473339|C|T|H,3473339,fusA R59H,19,0
8,3473339|C|T|H,3473339,fusA R59H,31,0.16
8,3473339|C|T|H,3473339,fusA R59H,34,0
8,3473339|C|T|H,3473339,fusA R59H,47,0
8,3473339|C|T|H,3473339,fusA R59H,55,0
8,3473339|C|T|H,3473339,fusA R59H,63,0
8,3473339|C|T|H,3473339,fusA R59H,82,0
8,3693675|C|T|Q,3693675,bcsA R521Q,0,0
8,3693675|C|T|Q,3693675,bcsA R521Q,3,0
8,3693675|C|T|Q,3693675,bcsA R521Q,16,0
8,3693675|C|T|Q,3693675,bcsA R521Q,19,0
8,3693675|C|T|Q,3693675,bcsA R521Q,31,0
8,3693675|C|T|Q,3693675,bcsA R521Q,34,0
8,3693675|C|T|Q,3693675,bcsA R521Q,47,0
8,3693675|C|T|Q,3693675,bcsA R521Q,55,0
8,3693675|C|T|Q,3693675,bcsA R521Q,63,0
8,3693675|C|T|Q,3693675,bcsA R521Q,82,0.28
8,3719117|A|G|,3719117,yiaF/yiaG snp_intergenic,0,0
8,3719117|A|G|,3719117,yiaF/yiaG snp_intergenic,3,0
8,3719117|A|G|,3719117,yiaF/yiaG snp_intergenic,16,0
8,3719117|A|G|,3719117,yiaF/yiaG snp_intergenic,19,0
8,3719117|A|G|,3719117,yiaF/yiaG snp_intergenic,31,0
8,3719117|A|G|,3719117,yiaF/yiaG snp_intergenic,34,0
8,3719117|A|G|,3719117,yiaF/yiaG snp_intergenic,47,0
8,3719117|A|G|,3719117,yiaF/yiaG snp_intergenic,55,0
8,3719117|A|G|,3719117,yiaF/yiaG snp_intergenic,63,0
8,3719117|A|G|,3719117,yiaF/yiaG snp_intergenic,82,0.23
8,3745043|C|G|E,3745043,yiaN D80E,0,0
8,3745043|C|G|E,3745043,yiaN D80E,3,0
8,3745043|C|G|E,3745043,yiaN D80E,16,0
8,3745043|C|G|E,3745043,yiaN D80E,19,0
8,3745043|C|G|E,3745043,yiaN D80E,31,0
8,3745043|C|G|E,3745043,yiaN D80E,34,0
8,3745043|C|G|E,3745043,yiaN D80E,47,0
8,3745043|C|G|E,3745043,yiaN D80E,55,0
8,3745043|C|G|E,3745043,yiaN D80E,63,0
8,3745043|C|G|E,3745043,yiaN D80E,82,0.29
8,3758381|A|TG|,3758381,selB small_indel,0,0
8,3758381|A|TG|,3758381,selB small_indel,3,0
8,3758381|A|TG|,3758381,selB small_indel,16,0
8,3758381|A|TG|,3758381,selB small_indel,19,0.9
8,3758381|A|TG|,3758381,selB small_indel,31,0.91
8,3758381|A|TG|,3758381,selB small_indel,34,0.91
8,3758381|A|TG|,3758381,selB small_indel,47,1
8,3758381|A|TG|,3758381,selB small_indel,55,0.92
8,3758381|A|TG|,3758381,selB small_indel,63,0.9
8,3758381|A|TG|,3758381,selB small_indel,82,0.62
8,3767434|T|C|,3767434,yibA/yibG snp_intergenic,0,0
8,3767434|T|C|,3767434,yibA/yibG snp_intergenic,3,0
8,3767434|T|C|,3767434,yibA/yibG snp_intergenic,16,0
8,3767434|T|C|,3767434,yibA/yibG snp_intergenic,19,0
8,3767434|T|C|,3767434,yibA/yibG snp_intergenic,31,0
8,3767434|T|C|,3767434,yibA/yibG snp_intergenic,34,0
8,3767434|T|C|,3767434,yibA/yibG snp_intergenic,47,0
8,3767434|T|C|,3767434,yibA/yibG snp_intergenic,55,0
8,3767434|T|C|,3767434,yibA/yibG snp_intergenic,63,0
8,3767434|T|C|,3767434,yibA/yibG snp_intergenic,82,0.31
8,3810024|T|G|G,3810024,coaD V67G,0,0
8,3810024|T|G|G,3810024,coaD V67G,3,0
8,3810024|T|G|G,3810024,coaD V67G,16,0
8,3810024|T|G|G,3810024,coaD V67G,19,0
8,3810024|T|G|G,3810024,coaD V67G,31,0
8,3810024|T|G|G,3810024,coaD V67G,34,0
8,3810024|T|G|G,3810024,coaD V67G,47,0.34
8,3810024|T|G|G,3810024,coaD V67G,55,0
8,3810024|T|G|G,3810024,coaD V67G,63,0
8,3810024|T|G|G,3810024,coaD V67G,82,0
8,3822173|CCGCGCG||,3822173,rpoZ small_indel,0,0
8,3822173|CCGCGCG||,3822173,rpoZ small_indel,3,0
8,3822173|CCGCGCG||,3822173,rpoZ small_indel,16,0
8,3822173|CCGCGCG||,3822173,rpoZ small_indel,19,0
8,3822173|CCGCGCG||,3822173,rpoZ small_indel,31,0
8,3822173|CCGCGCG||,3822173,rpoZ small_indel,34,0
8,3822173|CCGCGCG||,3822173,rpoZ small_indel,47,0
8,3822173|CCGCGCG||,3822173,rpoZ small_indel,55,0
8,3822173|CCGCGCG||,3822173,rpoZ small_indel,63,0.14
8,3822173|CCGCGCG||,3822173,rpoZ small_indel,82,0.7
8,3862562|A||,3862562,glvC small_indel,0,0
8,3862562|A||,3862562,glvC small_indel,3,0
8,3862562|A||,3862562,glvC small_indel,16,0
8,3862562|A||,3862562,glvC small_indel,19,1
8,3862562|A||,3862562,glvC small_indel,31,1
8,3862562|A||,3862562,glvC small_indel,34,1
8,3862562|A||,3862562,glvC small_indel,47,1
8,3862562|A||,3862562,glvC small_indel,55,1
8,3862562|A||,3862562,glvC small_indel,63,1
8,3862562|A||,3862562,glvC small_indel,82,0.72
8,3897093|T|C|A,3897093,yieH V107A,0,0
8,3897093|T|C|A,3897093,yieH V107A,3,0
8,3897093|T|C|A,3897093,yieH V107A,16,0
8,3897093|T|C|A,3897093,yieH V107A,19,0
8,3897093|T|C|A,3897093,yieH V107A,31,0
8,3897093|T|C|A,3897093,yieH V107A,34,0
8,3897093|T|C|A,3897093,yieH V107A,47,0
8,3897093|T|C|A,3897093,yieH V107A,55,0
8,3897093|T|C|A,3897093,yieH V107A,63,0
8,3897093|T|C|A,3897093,yieH V107A,82,0.29
8,3926760|A|G|H,3926760,asnC Y82H,0,0
8,3926760|A|G|H,3926760,asnC Y82H,3,0
8,3926760|A|G|H,3926760,asnC Y82H,16,0
8,3926760|A|G|H,3926760,asnC Y82H,19,0
8,3926760|A|G|H,3926760,asnC Y82H,31,0
8,3926760|A|G|H,3926760,asnC Y82H,34,0
8,3926760|A|G|H,3926760,asnC Y82H,47,0
8,3926760|A|G|H,3926760,asnC Y82H,55,0
8,3926760|A|G|H,3926760,asnC Y82H,63,0
8,3926760|A|G|H,3926760,asnC Y82H,82,0.23
8,3957219|A|G|A,3957219,ilvY V201A,0,0
8,3957219|A|G|A,3957219,ilvY V201A,3,0
8,3957219|A|G|A,3957219,ilvY V201A,16,0
8,3957219|A|G|A,3957219,ilvY V201A,19,0
8,3957219|A|G|A,3957219,ilvY V201A,31,0
8,3957219|A|G|A,3957219,ilvY V201A,34,0
8,3957219|A|G|A,3957219,ilvY V201A,47,0
8,3957219|A|G|A,3957219,ilvY V201A,55,0
8,3957219|A|G|A,3957219,ilvY V201A,63,0
8,3957219|A|G|A,3957219,ilvY V201A,82,0.29
8,3960443|G|A|,3960443,ppiC/rep snp_intergenic,0,0
8,3960443|G|A|,3960443,ppiC/rep snp_intergenic,3,0
8,3960443|G|A|,3960443,ppiC/rep snp_intergenic,16,0
8,3960443|G|A|,3960443,ppiC/rep snp_intergenic,19,0
8,3960443|G|A|,3960443,ppiC/rep snp_intergenic,31,0
8,3960443|G|A|,3960443,ppiC/rep snp_intergenic,34,0
8,3960443|G|A|,3960443,ppiC/rep snp_intergenic,47,0
8,3960443|G|A|,3960443,ppiC/rep snp_intergenic,55,0
8,3960443|G|A|,3960443,ppiC/rep snp_intergenic,63,0
8,3960443|G|A|,3960443,ppiC/rep snp_intergenic,82,0.27
8,3968618|A|G|A,3968618,rfe T235A,0,0
8,3968618|A|G|A,3968618,rfe T235A,3,0
8,3968618|A|G|A,3968618,rfe T235A,16,0
8,3968618|A|G|A,3968618,rfe T235A,19,0
8,3968618|A|G|A,3968618,rfe T235A,31,0
8,3968618|A|G|A,3968618,rfe T235A,34,0
8,3968618|A|G|A,3968618,rfe T235A,47,0
8,3968618|A|G|A,3968618,rfe T235A,55,0
8,3968618|A|G|A,3968618,rfe T235A,63,0
8,3968618|A|G|A,3968618,rfe T235A,82,0.34
8,4033698|T|A|Q,4033698,trkH L185Q,0,0
8,4033698|T|A|Q,4033698,trkH L185Q,3,0
8,4033698|T|A|Q,4033698,trkH L185Q,16,0
8,4033698|T|A|Q,4033698,trkH L185Q,19,1
8,4033698|T|A|Q,4033698,trkH L185Q,31,1
8,4033698|T|A|Q,4033698,trkH L185Q,34,1
8,4033698|T|A|Q,4033698,trkH L185Q,47,1
8,4033698|T|A|Q,4033698,trkH L185Q,55,1
8,4033698|T|A|Q,4033698,trkH L185Q,63,1
8,4033698|T|A|Q,4033698,trkH L185Q,82,0.74
8,4056617|T|C|,4056617,glnL/glnA snp_intergenic,0,0
8,4056617|T|C|,4056617,glnL/glnA snp_intergenic,3,0
8,4056617|T|C|,4056617,glnL/glnA snp_intergenic,16,0
8,4056617|T|C|,4056617,glnL/glnA snp_intergenic,19,0
8,4056617|T|C|,4056617,glnL/glnA snp_intergenic,31,0
8,4056617|T|C|,4056617,glnL/glnA snp_intergenic,34,0
8,4056617|T|C|,4056617,glnL/glnA snp_intergenic,47,0
8,4056617|T|C|,4056617,glnL/glnA snp_intergenic,55,0
8,4056617|T|C|,4056617,glnL/glnA snp_intergenic,63,0
8,4056617|T|C|,4056617,glnL/glnA snp_intergenic,82,0.29
8,4068748|A|G|H,4068748,yihQ Y177H,0,0
8,4068748|A|G|H,4068748,yihQ Y177H,3,0
8,4068748|A|G|H,4068748,yihQ Y177H,16,0
8,4068748|A|G|H,4068748,yihQ Y177H,19,0
8,4068748|A|G|H,4068748,yihQ Y177H,31,0
8,4068748|A|G|H,4068748,yihQ Y177H,34,0
8,4068748|A|G|H,4068748,yihQ Y177H,47,0
8,4068748|A|G|H,4068748,yihQ Y177H,55,0
8,4068748|A|G|H,4068748,yihQ Y177H,63,0
8,4068748|A|G|H,4068748,yihQ Y177H,82,0.26
8,4104141|T|C|A,4104141,cpxA T279A,0,0
8,4104141|T|C|A,4104141,cpxA T279A,3,0
8,4104141|T|C|A,4104141,cpxA T279A,16,0
8,4104141|T|C|A,4104141,cpxA T279A,19,0
8,4104141|T|C|A,4104141,cpxA T279A,31,0
8,4104141|T|C|A,4104141,cpxA T279A,34,0
8,4104141|T|C|A,4104141,cpxA T279A,47,0
8,4104141|T|C|A,4104141,cpxA T279A,55,0
8,4104141|T|C|A,4104141,cpxA T279A,63,0
8,4104141|T|C|A,4104141,cpxA T279A,82,0.3
8,4104944|GCGAAGATG||,4104944,cpxA small_indel,0,0
8,4104944|GCGAAGATG||,4104944,cpxA small_indel,3,0
8,4104944|GCGAAGATG||,4104944,cpxA small_indel,16,0
8,4104944|GCGAAGATG||,4104944,cpxA small_indel,19,0
8,4104944|GCGAAGATG||,4104944,cpxA small_indel,31,0
8,4104944|GCGAAGATG||,4104944,cpxA small_indel,34,0.59
8,4104944|GCGAAGATG||,4104944,cpxA small_indel,47,0.31
8,4104944|GCGAAGATG||,4104944,cpxA small_indel,55,0
8,4104944|GCGAAGATG||,4104944,cpxA small_indel,63,0
8,4104944|GCGAAGATG||,4104944,cpxA small_indel,82,0
8,4184954|A|T|L,4184954,rpoB H1237L,0,0
8,4184954|A|T|L,4184954,rpoB H1237L,3,0
8,4184954|A|T|L,4184954,rpoB H1237L,16,1
8,4184954|A|T|L,4184954,rpoB H1237L,19,0
8,4184954|A|T|L,4184954,rpoB H1237L,31,0
8,4184954|A|T|L,4184954,rpoB H1237L,34,0
8,4184954|A|T|L,4184954,rpoB H1237L,47,0
8,4184954|A|T|L,4184954,rpoB H1237L,55,0
8,4184954|A|T|L,4184954,rpoB H1237L,63,0
8,4184954|A|T|L,4184954,rpoB H1237L,82,0
8,4185043|GGT||,4185043,rpoB small_indel,0,0
8,4185043|GGT||,4185043,rpoB small_indel,3,0
8,4185043|GGT||,4185043,rpoB small_indel,16,0
8,4185043|GGT||,4185043,rpoB small_indel,19,0
8,4185043|GGT||,4185043,rpoB small_indel,31,0
8,4185043|GGT||,4185043,rpoB small_indel,34,0
8,4185043|GGT||,4185043,rpoB small_indel,47,0
8,4185043|GGT||,4185043,rpoB small_indel,55,0
8,4185043|GGT||,4185043,rpoB small_indel,63,0
8,4185043|GGT||,4185043,rpoB small_indel,82,0.32
8,4187838|A|G|G,4187838,rpoC D830G,0,0
8,4187838|A|G|G,4187838,rpoC D830G,3,0
8,4187838|A|G|G,4187838,rpoC D830G,16,0
8,4187838|A|G|G,4187838,rpoC D830G,19,0
8,4187838|A|G|G,4187838,rpoC D830G,31,0
8,4187838|A|G|G,4187838,rpoC D830G,34,0
8,4187838|A|G|G,4187838,rpoC D830G,47,0
8,4187838|A|G|G,4187838,rpoC D830G,55,0
8,4187838|A|G|G,4187838,rpoC D830G,63,0
8,4187838|A|G|G,4187838,rpoC D830G,82,0.3
8,4326668|A|G|R,4326668,yjdM C23R,0,0
8,4326668|A|G|R,4326668,yjdM C23R,3,0
8,4326668|A|G|R,4326668,yjdM C23R,16,0
8,4326668|A|G|R,4326668,yjdM C23R,19,0
8,4326668|A|G|R,4326668,yjdM C23R,31,0
8,4326668|A|G|R,4326668,yjdM C23R,34,0
8,4326668|A|G|R,4326668,yjdM C23R,47,0
8,4326668|A|G|R,4326668,yjdM C23R,55,0
8,4326668|A|G|R,4326668,yjdM C23R,63,0
8,4326668|A|G|R,4326668,yjdM C23R,82,0.31
8,4397612|GCTGGC||,4397612,mutL small_indel,0,0
8,4397612|GCTGGC||,4397612,mutL small_indel,3,0
8,4397612|GCTGGC||,4397612,mutL small_indel,16,0
8,4397612|GCTGGC||,4397612,mutL small_indel,19,0
8,4397612|GCTGGC||,4397612,mutL small_indel,31,0
8,4397612|GCTGGC||,4397612,mutL small_indel,34,0
8,4397612|GCTGGC||,4397612,mutL small_indel,47,0
8,4397612|GCTGGC||,4397612,mutL small_indel,55,0
8,4397612|GCTGGC||,4397612,mutL small_indel,63,0
8,4397612|GCTGGC||,4397612,mutL small_indel,82,0.34
8,4437277|A|G|A,4437277,cysQ T175A,0,0
8,4437277|A|G|A,4437277,cysQ T175A,3,0
8,4437277|A|G|A,4437277,cysQ T175A,16,0
8,4437277|A|G|A,4437277,cysQ T175A,19,0
8,4437277|A|G|A,4437277,cysQ T175A,31,0
8,4437277|A|G|A,4437277,cysQ T175A,34,0
8,4437277|A|G|A,4437277,cysQ T175A,47,0
8,4437277|A|G|A,4437277,cysQ T175A,55,0
8,4437277|A|G|A,4437277,cysQ T175A,63,0
8,4437277|A|G|A,4437277,cysQ T175A,82,0.25
8,4443637|C|T|V,4443637,tamA A419V,0,0
8,4443637|C|T|V,4443637,tamA A419V,3,0
8,4443637|C|T|V,4443637,tamA A419V,16,0
8,4443637|C|T|V,4443637,tamA A419V,19,0
8,4443637|C|T|V,4443637,tamA A419V,31,0
8,4443637|C|T|V,4443637,tamA A419V,34,0
8,4443637|C|T|V,4443637,tamA A419V,47,0
8,4443637|C|T|V,4443637,tamA A419V,55,0
8,4443637|C|T|V,4443637,tamA A419V,63,0
8,4443637|C|T|V,4443637,tamA A419V,82,0.27
8,4463220|T|C|R,4463220,treC Q497R,0,0
8,4463220|T|C|R,4463220,treC Q497R,3,0
8,4463220|T|C|R,4463220,treC Q497R,16,0
8,4463220|T|C|R,4463220,treC Q497R,19,0
8,4463220|T|C|R,4463220,treC Q497R,31,0
8,4463220|T|C|R,4463220,treC Q497R,34,0
8,4463220|T|C|R,4463220,treC Q497R,47,0
8,4463220|T|C|R,4463220,treC Q497R,55,0
8,4463220|T|C|R,4463220,treC Q497R,63,0
8,4463220|T|C|R,4463220,treC Q497R,82,0.32
8,4542020|TTAG||,4542020,fimB/fimE mobile_element_insertion,0,0
8,4542020|TTAG||,4542020,fimB/fimE mobile_element_insertion,3,0
8,4542020|TTAG||,4542020,fimB/fimE mobile_element_insertion,16,0
8,4542020|TTAG||,4542020,fimB/fimE mobile_element_insertion,19,1
8,4542020|TTAG||,4542020,fimB/fimE mobile_element_insertion,31,1
8,4542020|TTAG||,4542020,fimB/fimE mobile_element_insertion,34,1
8,4542020|TTAG||,4542020,fimB/fimE mobile_element_insertion,47,1
8,4542020|TTAG||,4542020,fimB/fimE mobile_element_insertion,55,1
8,4542020|TTAG||,4542020,fimB/fimE mobile_element_insertion,63,1
8,4542020|TTAG||,4542020,fimB/fimE mobile_element_insertion,82,0.68
9,135606|G|G|,135606,speE small_indel,0,0
9,135606|G|G|,135606,speE small_indel,3,0
9,135606|G|G|,135606,speE small_indel,16,0
9,135606|G|G|,135606,speE small_indel,19,0
9,135606|G|G|,135606,speE small_indel,31,0
9,135606|G|G|,135606,speE small_indel,34,0.25
9,135606|G|G|,135606,speE small_indel,47,0
9,135606|G|G|,135606,speE small_indel,55,0
9,135606|G|G|,135606,speE small_indel,63,0
9,135606|G|G|,135606,speE small_indel,82,0
9,335576|T|C|N,335576,yahD N99N,0,0
9,335576|T|C|N,335576,yahD N99N,3,0
9,335576|T|C|N,335576,yahD N99N,16,0
9,335576|T|C|N,335576,yahD N99N,19,0
9,335576|T|C|N,335576,yahD N99N,31,0
9,335576|T|C|N,335576,yahD N99N,34,0.18
9,335576|T|C|N,335576,yahD N99N,47,0.12
9,335576|T|C|N,335576,yahD N99N,55,0.17
9,335576|T|C|N,335576,yahD N99N,63,0.47
9,335576|T|C|N,335576,yahD N99N,82,0
9,489327|T|G|C,489327,mscK F931C,0,0
9,489327|T|G|C,489327,mscK F931C,3,0
9,489327|T|G|C,489327,mscK F931C,16,0
9,489327|T|G|C,489327,mscK F931C,19,0
9,489327|T|G|C,489327,mscK F931C,31,0
9,489327|T|G|C,489327,mscK F931C,34,0
9,489327|T|G|C,489327,mscK F931C,47,0
9,489327|T|G|C,489327,mscK F931C,55,0
9,489327|T|G|C,489327,mscK F931C,63,0.47
9,489327|T|G|C,489327,mscK F931C,82,0
9,759127|T|C|A,759127,sucA V141A,0,0
9,759127|T|C|A,759127,sucA V141A,3,0
9,759127|T|C|A,759127,sucA V141A,16,0
9,759127|T|C|A,759127,sucA V141A,19,0
9,759127|T|C|A,759127,sucA V141A,31,0
9,759127|T|C|A,759127,sucA V141A,34,0.66
9,759127|T|C|A,759127,sucA V141A,47,1
9,759127|T|C|A,759127,sucA V141A,55,0.27
9,759127|T|C|A,759127,sucA V141A,63,0.37
9,759127|T|C|A,759127,sucA V141A,82,0
9,847955|G|A|V,847955,glnH A17V,0,0
9,847955|G|A|V,847955,glnH A17V,3,0
9,847955|G|A|V,847955,glnH A17V,16,0
9,847955|G|A|V,847955,glnH A17V,19,0
9,847955|G|A|V,847955,glnH A17V,31,0.43
9,847955|G|A|V,847955,glnH A17V,34,0
9,847955|G|A|V,847955,glnH A17V,47,0
9,847955|G|A|V,847955,glnH A17V,55,0
9,847955|G|A|V,847955,glnH A17V,63,0
9,847955|G|A|V,847955,glnH A17V,82,0
9,1087565|T|G|I,1087565,pgaC I94I,0,0
9,1087565|T|G|I,1087565,pgaC I94I,3,0
9,1087565|T|G|I,1087565,pgaC I94I,16,0
9,1087565|T|G|I,1087565,pgaC I94I,19,0
9,1087565|T|G|I,1087565,pgaC I94I,31,0
9,1087565|T|G|I,1087565,pgaC I94I,34,0
9,1087565|T|G|I,1087565,pgaC I94I,47,0
9,1087565|T|G|I,1087565,pgaC I94I,55,0
9,1087565|T|G|I,1087565,pgaC I94I,63,0
9,1087565|T|G|I,1087565,pgaC I94I,82,0.12
9,1196220|C|T|H,1196220,icd H366H,0,0
9,1196220|C|T|H,1196220,icd H366H,3,0
9,1196220|C|T|H,1196220,icd H366H,16,0
9,1196220|C|T|H,1196220,icd H366H,19,1
9,1196220|C|T|H,1196220,icd H366H,31,1
9,1196220|C|T|H,1196220,icd H366H,34,1
9,1196220|C|T|H,1196220,icd H366H,47,1
9,1196220|C|T|H,1196220,icd H366H,55,1
9,1196220|C|T|H,1196220,icd H366H,63,1
9,1196220|C|T|H,1196220,icd H366H,82,0
9,1196232|C|T|T,1196232,icd T370T,0,0
9,1196232|C|T|T,1196232,icd T370T,3,0
9,1196232|C|T|T,1196232,icd T370T,16,0
9,1196232|C|T|T,1196232,icd T370T,19,0
9,1196232|C|T|T,1196232,icd T370T,31,0
9,1196232|C|T|T,1196232,icd T370T,34,1
9,1196232|C|T|T,1196232,icd T370T,47,1
9,1196232|C|T|T,1196232,icd T370T,55,1
9,1196232|C|T|T,1196232,icd T370T,63,1
9,1196232|C|T|T,1196232,icd T370T,82,0
9,1196245|T|C|M,1196245,icd L375M,0,0
9,1196245|T|C|M,1196245,icd L375M,3,0
9,1196245|T|C|M,1196245,icd L375M,16,0
9,1196245|T|C|M,1196245,icd L375M,19,0
9,1196245|T|C|M,1196245,icd L375M,31,0
9,1196245|T|C|M,1196245,icd L375M,34,0
9,1196245|T|C|M,1196245,icd L375M,47,1
9,1196245|T|C|M,1196245,icd L375M,55,1
9,1196245|T|C|M,1196245,icd L375M,63,1
9,1196245|T|C|M,1196245,icd L375M,82,0
9,1196247|A|G|M,1196247,icd L375M,0,0
9,1196247|A|G|M,1196247,icd L375M,3,0
9,1196247|A|G|M,1196247,icd L375M,16,0
9,1196247|A|G|M,1196247,icd L375M,19,0
9,1196247|A|G|M,1196247,icd L375M,31,0
9,1196247|A|G|M,1196247,icd L375M,34,0
9,1196247|A|G|M,1196247,icd L375M,47,1
9,1196247|A|G|M,1196247,icd L375M,55,1
9,1196247|A|G|M,1196247,icd L375M,63,1
9,1196247|A|G|M,1196247,icd L375M,82,0
9,1228409|A|G|V,1228409,ycgM M111V,0,0
9,1228409|A|G|V,1228409,ycgM M111V,3,0
9,1228409|A|G|V,1228409,ycgM M111V,16,0
9,1228409|A|G|V,1228409,ycgM M111V,19,0
9,1228409|A|G|V,1228409,ycgM M111V,31,0
9,1228409|A|G|V,1228409,ycgM M111V,34,0
9,1228409|A|G|V,1228409,ycgM M111V,47,0.64
9,1228409|A|G|V,1228409,ycgM M111V,55,0
9,1228409|A|G|V,1228409,ycgM M111V,63,0
9,1228409|A|G|V,1228409,ycgM M111V,82,0
9,1230269|T|A|D,1230269,hlyE E42D,0,0
9,1230269|T|A|D,1230269,hlyE E42D,3,0
9,1230269|T|A|D,1230269,hlyE E42D,16,0.1
9,1230269|T|A|D,1230269,hlyE E42D,19,0
9,1230269|T|A|D,1230269,hlyE E42D,31,0
9,1230269|T|A|D,1230269,hlyE E42D,34,0
9,1230269|T|A|D,1230269,hlyE E42D,47,0
9,1230269|T|A|D,1230269,hlyE E42D,55,0
9,1230269|T|A|D,1230269,hlyE E42D,63,0
9,1230269|T|A|D,1230269,hlyE E42D,82,0
9,1348077|C|T|H,1348077,rnb R279H,0,0
9,1348077|C|T|H,1348077,rnb R279H,3,0
9,1348077|C|T|H,1348077,rnb R279H,16,0
9,1348077|C|T|H,1348077,rnb R279H,19,0
9,1348077|C|T|H,1348077,rnb R279H,31,0.13
9,1348077|C|T|H,1348077,rnb R279H,34,0
9,1348077|C|T|H,1348077,rnb R279H,47,0
9,1348077|C|T|H,1348077,rnb R279H,55,0
9,1348077|C|T|H,1348077,rnb R279H,63,0
9,1348077|C|T|H,1348077,rnb R279H,82,0
9,1544571|G||,1544571,narU/yddK small_indel,0,0
9,1544571|G||,1544571,narU/yddK small_indel,3,0
9,1544571|G||,1544571,narU/yddK small_indel,16,0
9,1544571|G||,1544571,narU/yddK small_indel,19,0
9,1544571|G||,1544571,narU/yddK small_indel,31,1
9,1544571|G||,1544571,narU/yddK small_indel,34,0
9,1544571|G||,1544571,narU/yddK small_indel,47,0
9,1544571|G||,1544571,narU/yddK small_indel,55,0
9,1544571|G||,1544571,narU/yddK small_indel,63,0
9,1544571|G||,1544571,narU/yddK small_indel,82,0
9,1591920|G|A|L,1591920,hipA P86L,0,0
9,1591920|G|A|L,1591920,hipA P86L,3,0
9,1591920|G|A|L,1591920,hipA P86L,16,0
9,1591920|G|A|L,1591920,hipA P86L,19,0
9,1591920|G|A|L,1591920,hipA P86L,31,0
9,1591920|G|A|L,1591920,hipA P86L,34,0
9,1591920|G|A|L,1591920,hipA P86L,47,0
9,1591920|G|A|L,1591920,hipA P86L,55,0.72
9,1591920|G|A|L,1591920,hipA P86L,63,0.71
9,1591920|G|A|L,1591920,hipA P86L,82,1
9,2311562|C|A|,2311562,ftp/ompC snp_intergenic,0,0
9,2311562|C|A|,2311562,ftp/ompC snp_intergenic,3,0
9,2311562|C|A|,2311562,ftp/ompC snp_intergenic,16,0
9,2311562|C|A|,2311562,ftp/ompC snp_intergenic,19,0.14
9,2311562|C|A|,2311562,ftp/ompC snp_intergenic,31,0
9,2311562|C|A|,2311562,ftp/ompC snp_intergenic,34,0
9,2311562|C|A|,2311562,ftp/ompC snp_intergenic,47,0
9,2311562|C|A|,2311562,ftp/ompC snp_intergenic,55,0
9,2311562|C|A|,2311562,ftp/ompC snp_intergenic,63,0
9,2311562|C|A|,2311562,ftp/ompC snp_intergenic,82,0
9,2339173|G|A|L,2339173,gyrA S83L,0,0
9,2339173|G|A|L,2339173,gyrA S83L,3,0
9,2339173|G|A|L,2339173,gyrA S83L,16,0
9,2339173|G|A|L,2339173,gyrA S83L,19,0
9,2339173|G|A|L,2339173,gyrA S83L,31,1
9,2339173|G|A|L,2339173,gyrA S83L,34,1
9,2339173|G|A|L,2339173,gyrA S83L,47,1
9,2339173|G|A|L,2339173,gyrA S83L,55,1
9,2339173|G|A|L,2339173,gyrA S83L,63,1
9,2339173|G|A|L,2339173,gyrA S83L,82,1
9,2339173|G|C|W,2339173,gyrA S83W,0,0
9,2339173|G|C|W,2339173,gyrA S83W,3,0
9,2339173|G|C|W,2339173,gyrA S83W,16,1
9,2339173|G|C|W,2339173,gyrA S83W,19,0.92
9,2339173|G|C|W,2339173,gyrA S83W,31,0
9,2339173|G|C|W,2339173,gyrA S83W,34,0
9,2339173|G|C|W,2339173,gyrA S83W,47,0
9,2339173|G|C|W,2339173,gyrA S83W,55,0
9,2339173|G|C|W,2339173,gyrA S83W,63,0
9,2339173|G|C|W,2339173,gyrA S83W,82,0
9,2562049|A|C|,2562049,yffN/yffO snp_intergenic,0,0
9,2562049|A|C|,2562049,yffN/yffO snp_intergenic,3,0
9,2562049|A|C|,2562049,yffN/yffO snp_intergenic,16,0.1
9,2562049|A|C|,2562049,yffN/yffO snp_intergenic,19,0.11
9,2562049|A|C|,2562049,yffN/yffO snp_intergenic,31,0
9,2562049|A|C|,2562049,yffN/yffO snp_intergenic,34,0
9,2562049|A|C|,2562049,yffN/yffO snp_intergenic,47,0
9,2562049|A|C|,2562049,yffN/yffO snp_intergenic,55,0
9,2562049|A|C|,2562049,yffN/yffO snp_intergenic,63,0
9,2562049|A|C|,2562049,yffN/yffO snp_intergenic,82,0
9,3054894|G|T|Q,3054894,ygfB P184Q,0,0
9,3054894|G|T|Q,3054894,ygfB P184Q,3,0
9,3054894|G|T|Q,3054894,ygfB P184Q,16,0
9,3054894|G|T|Q,3054894,ygfB P184Q,19,0
9,3054894|G|T|Q,3054894,ygfB P184Q,31,0
9,3054894|G|T|Q,3054894,ygfB P184Q,34,0
9,3054894|G|T|Q,3054894,ygfB P184Q,47,0
9,3054894|G|T|Q,3054894,ygfB P184Q,55,0.15
9,3054894|G|T|Q,3054894,ygfB P184Q,63,0
9,3054894|G|T|Q,3054894,ygfB P184Q,82,0
9,3079761|CAGGCCAAC||,3079761,tktA mobile_element_insertion,0,0
9,3079761|CAGGCCAAC||,3079761,tktA mobile_element_insertion,3,0
9,3079761|CAGGCCAAC||,3079761,tktA mobile_element_insertion,16,0
9,3079761|CAGGCCAAC||,3079761,tktA mobile_element_insertion,19,0
9,3079761|CAGGCCAAC||,3079761,tktA mobile_element_insertion,31,0
9,3079761|CAGGCCAAC||,3079761,tktA mobile_element_insertion,34,0
9,3079761|CAGGCCAAC||,3079761,tktA mobile_element_insertion,47,0.11
9,3079761|CAGGCCAAC||,3079761,tktA mobile_element_insertion,55,0
9,3079761|CAGGCCAAC||,3079761,tktA mobile_element_insertion,63,0
9,3079761|CAGGCCAAC||,3079761,tktA mobile_element_insertion,82,0
9,3214385|G|C|P,3214385,rpoD A447P,0,0
9,3214385|G|C|P,3214385,rpoD A447P,3,0
9,3214385|G|C|P,3214385,rpoD A447P,16,0
9,3214385|G|C|P,3214385,rpoD A447P,19,0.18
9,3214385|G|C|P,3214385,rpoD A447P,31,0
9,3214385|G|C|P,3214385,rpoD A447P,34,0
9,3214385|G|C|P,3214385,rpoD A447P,47,0
9,3214385|G|C|P,3214385,rpoD A447P,55,0
9,3214385|G|C|P,3214385,rpoD A447P,63,0
9,3214385|G|C|P,3214385,rpoD A447P,82,0
9,3473332|A|C|M,3473332,fusA I61M,0,0
9,3473332|A|C|M,3473332,fusA I61M,3,0
9,3473332|A|C|M,3473332,fusA I61M,16,0
9,3473332|A|C|M,3473332,fusA I61M,19,0
9,3473332|A|C|M,3473332,fusA I61M,31,0
9,3473332|A|C|M,3473332,fusA I61M,34,0.18
9,3473332|A|C|M,3473332,fusA I61M,47,0
9,3473332|A|C|M,3473332,fusA I61M,55,0
9,3473332|A|C|M,3473332,fusA I61M,63,0
9,3473332|A|C|M,3473332,fusA I61M,82,0
9,3473379|C|A|C,3473379,fusA G46C,0,0
9,3473379|C|A|C,3473379,fusA G46C,3,0
9,3473379|C|A|C,3473379,fusA G46C,16,0
9,3473379|C|A|C,3473379,fusA G46C,19,0
9,3473379|C|A|C,3473379,fusA G46C,31,0.22
9,3473379|C|A|C,3473379,fusA G46C,34,0
9,3473379|C|A|C,3473379,fusA G46C,47,0
9,3473379|C|A|C,3473379,fusA G46C,55,0
9,3473379|C|A|C,3473379,fusA G46C,63,0
9,3473379|C|A|C,3473379,fusA G46C,82,0
9,3545512|T|G|V,3545512,yhgH L211V,0,0
9,3545512|T|G|V,3545512,yhgH L211V,3,0
9,3545512|T|G|V,3545512,yhgH L211V,16,0
9,3545512|T|G|V,3545512,yhgH L211V,19,0
9,3545512|T|G|V,3545512,yhgH L211V,31,0
9,3545512|T|G|V,3545512,yhgH L211V,34,0
9,3545512|T|G|V,3545512,yhgH L211V,47,0
9,3545512|T|G|V,3545512,yhgH L211V,55,0
9,3545512|T|G|V,3545512,yhgH L211V,63,0.49
9,3545512|T|G|V,3545512,yhgH L211V,82,0
9,3561970|T|C|,3561970,glpE/glpD snp_intergenic,0,0
9,3561970|T|C|,3561970,glpE/glpD snp_intergenic,3,0
9,3561970|T|C|,3561970,glpE/glpD snp_intergenic,16,0
9,3561970|T|C|,3561970,glpE/glpD snp_intergenic,19,0
9,3561970|T|C|,3561970,glpE/glpD snp_intergenic,31,0
9,3561970|T|C|,3561970,glpE/glpD snp_intergenic,34,0
9,3561970|T|C|,3561970,glpE/glpD snp_intergenic,47,0
9,3561970|T|C|,3561970,glpE/glpD snp_intergenic,55,0.24
9,3561970|T|C|,3561970,glpE/glpD snp_intergenic,63,0.4
9,3561970|T|C|,3561970,glpE/glpD snp_intergenic,82,0
9,3638193|C|A|T,3638193,pitA T184T,0,0
9,3638193|C|A|T,3638193,pitA T184T,3,0
9,3638193|C|A|T,3638193,pitA T184T,16,0
9,3638193|C|A|T,3638193,pitA T184T,19,0
9,3638193|C|A|T,3638193,pitA T184T,31,0
9,3638193|C|A|T,3638193,pitA T184T,34,0
9,3638193|C|A|T,3638193,pitA T184T,47,0
9,3638193|C|A|T,3638193,pitA T184T,55,0.1
9,3638193|C|A|T,3638193,pitA T184T,63,0
9,3638193|C|A|T,3638193,pitA T184T,82,0
9,3659164|A|G|,3659164,gadF/mdtE snp_intergenic,0,0
9,3659164|A|G|,3659164,gadF/mdtE snp_intergenic,3,0
9,3659164|A|G|,3659164,gadF/mdtE snp_intergenic,16,0
9,3659164|A|G|,3659164,gadF/mdtE snp_intergenic,19,0.22
9,3659164|A|G|,3659164,gadF/mdtE snp_intergenic,31,0
9,3659164|A|G|,3659164,gadF/mdtE snp_intergenic,34,0
9,3659164|A|G|,3659164,gadF/mdtE snp_intergenic,47,0
9,3659164|A|G|,3659164,gadF/mdtE snp_intergenic,55,0
9,3659164|A|G|,3659164,gadF/mdtE snp_intergenic,63,0
9,3659164|A|G|,3659164,gadF/mdtE snp_intergenic,82,0
9,3758381|A|TG|,3758381,selB small_indel,0,0
9,3758381|A|TG|,3758381,selB small_indel,3,0
9,3758381|A|TG|,3758381,selB small_indel,16,0
9,3758381|A|TG|,3758381,selB small_indel,19,0
9,3758381|A|TG|,3758381,selB small_indel,31,0
9,3758381|A|TG|,3758381,selB small_indel,34,0.16
9,3758381|A|TG|,3758381,selB small_indel,47,0
9,3758381|A|TG|,3758381,selB small_indel,55,0.7
9,3758381|A|TG|,3758381,selB small_indel,63,0.48
9,3758381|A|TG|,3758381,selB small_indel,82,0.84
9,3822173|CCGCGCG||,3822173,rpoZ small_indel,0,0
9,3822173|CCGCGCG||,3822173,rpoZ small_indel,3,0
9,3822173|CCGCGCG||,3822173,rpoZ small_indel,16,0
9,3822173|CCGCGCG||,3822173,rpoZ small_indel,19,0
9,3822173|CCGCGCG||,3822173,rpoZ small_indel,31,0
9,3822173|CCGCGCG||,3822173,rpoZ small_indel,34,0
9,3822173|CCGCGCG||,3822173,rpoZ small_indel,47,0
9,3822173|CCGCGCG||,3822173,rpoZ small_indel,55,0.67
9,3822173|CCGCGCG||,3822173,rpoZ small_indel,63,0.55
9,3822173|CCGCGCG||,3822173,rpoZ small_indel,82,0.93
9,3854770|GGCTGGCT||,3854770,emrD small_indel,0,0
9,3854770|GGCTGGCT||,3854770,emrD small_indel,3,0
9,3854770|GGCTGGCT||,3854770,emrD small_indel,16,0
9,3854770|GGCTGGCT||,3854770,emrD small_indel,19,0
9,3854770|GGCTGGCT||,3854770,emrD small_indel,31,0
9,3854770|GGCTGGCT||,3854770,emrD small_indel,34,0
9,3854770|GGCTGGCT||,3854770,emrD small_indel,47,0
9,3854770|GGCTGGCT||,3854770,emrD small_indel,55,0
9,3854770|GGCTGGCT||,3854770,emrD small_indel,63,0
9,3854770|GGCTGGCT||,3854770,emrD small_indel,82,0.22
9,3862562|A||,3862562,glvC small_indel,0,0
9,3862562|A||,3862562,glvC small_indel,3,0
9,3862562|A||,3862562,glvC small_indel,16,0
9,3862562|A||,3862562,glvC small_indel,19,0
9,3862562|A||,3862562,glvC small_indel,31,0
9,3862562|A||,3862562,glvC small_indel,34,0.9
9,3862562|A||,3862562,glvC small_indel,47,1
9,3862562|A||,3862562,glvC small_indel,55,1
9,3862562|A||,3862562,glvC small_indel,63,1
9,3862562|A||,3862562,glvC small_indel,82,1
9,3993186|101-bp||,3993186,cyaA large_deletion,0,0
9,3993186|101-bp||,3993186,cyaA large_deletion,3,0
9,3993186|101-bp||,3993186,cyaA large_deletion,16,0
9,3993186|101-bp||,3993186,cyaA large_deletion,19,0
9,3993186|101-bp||,3993186,cyaA large_deletion,31,1
9,3993186|101-bp||,3993186,cyaA large_deletion,34,0
9,3993186|101-bp||,3993186,cyaA large_deletion,47,0
9,3993186|101-bp||,3993186,cyaA large_deletion,55,0
9,3993186|101-bp||,3993186,cyaA large_deletion,63,0
9,3993186|101-bp||,3993186,cyaA large_deletion,82,0
9,4033383|T|A|Q,4033383,trkH L80Q,0,0
9,4033383|T|A|Q,4033383,trkH L80Q,3,0
9,4033383|T|A|Q,4033383,trkH L80Q,16,0
9,4033383|T|A|Q,4033383,trkH L80Q,19,0
9,4033383|T|A|Q,4033383,trkH L80Q,31,1
9,4033383|T|A|Q,4033383,trkH L80Q,34,0
9,4033383|T|A|Q,4033383,trkH L80Q,47,0
9,4033383|T|A|Q,4033383,trkH L80Q,55,0
9,4033383|T|A|Q,4033383,trkH L80Q,63,0
9,4033383|T|A|Q,4033383,trkH L80Q,82,0
9,4033698|T|A|Q,4033698,trkH L185Q,0,0
9,4033698|T|A|Q,4033698,trkH L185Q,3,0
9,4033698|T|A|Q,4033698,trkH L185Q,16,0
9,4033698|T|A|Q,4033698,trkH L185Q,19,0
9,4033698|T|A|Q,4033698,trkH L185Q,31,0
9,4033698|T|A|Q,4033698,trkH L185Q,34,0.88
9,4033698|T|A|Q,4033698,trkH L185Q,47,1
9,4033698|T|A|Q,4033698,trkH L185Q,55,1
9,4033698|T|A|Q,4033698,trkH L185Q,63,1
9,4033698|T|A|Q,4033698,trkH L185Q,82,0.94
9,4117564|C|G|A,4117564,glpF G176A,0,0
9,4117564|C|G|A,4117564,glpF G176A,3,0
9,4117564|C|G|A,4117564,glpF G176A,16,0
9,4117564|C|G|A,4117564,glpF G176A,19,0
9,4117564|C|G|A,4117564,glpF G176A,31,0
9,4117564|C|G|A,4117564,glpF G176A,34,0
9,4117564|C|G|A,4117564,glpF G176A,47,0.58
9,4117564|C|G|A,4117564,glpF G176A,55,0
9,4117564|C|G|A,4117564,glpF G176A,63,0
9,4117564|C|G|A,4117564,glpF G176A,82,0
9,4117565|C|T|S,4117565,glpF G176S,0,0
9,4117565|C|T|S,4117565,glpF G176S,3,0
9,4117565|C|T|S,4117565,glpF G176S,16,0
9,4117565|C|T|S,4117565,glpF G176S,19,0
9,4117565|C|T|S,4117565,glpF G176S,31,0
9,4117565|C|T|S,4117565,glpF G176S,34,0
9,4117565|C|T|S,4117565,glpF G176S,47,0.15
9,4117565|C|T|S,4117565,glpF G176S,55,0
9,4117565|C|T|S,4117565,glpF G176S,63,0
9,4117565|C|T|S,4117565,glpF G176S,82,0
9,4117936|A|T|E,4117936,glpF V52E,0,0
9,4117936|A|T|E,4117936,glpF V52E,3,0
9,4117936|A|T|E,4117936,glpF V52E,16,0
9,4117936|A|T|E,4117936,glpF V52E,19,0
9,4117936|A|T|E,4117936,glpF V52E,31,0
9,4117936|A|T|E,4117936,glpF V52E,34,0.68
9,4117936|A|T|E,4117936,glpF V52E,47,1
9,4117936|A|T|E,4117936,glpF V52E,55,0.31
9,4117936|A|T|E,4117936,glpF V52E,63,0.52
9,4117936|A|T|E,4117936,glpF V52E,82,0
9,4182858|GACCCGTGAACG||,4182858,rpoB small_indel,0,0
9,4182858|GACCCGTGAACG||,4182858,rpoB small_indel,3,0
9,4182858|GACCCGTGAACG||,4182858,rpoB small_indel,16,1
9,4182858|GACCCGTGAACG||,4182858,rpoB small_indel,19,0.92
9,4182858|GACCCGTGAACG||,4182858,rpoB small_indel,31,0
9,4182858|GACCCGTGAACG||,4182858,rpoB small_indel,34,0
9,4182858|GACCCGTGAACG||,4182858,rpoB small_indel,47,0
9,4182858|GACCCGTGAACG||,4182858,rpoB small_indel,55,0
9,4182858|GACCCGTGAACG||,4182858,rpoB small_indel,63,0
9,4182858|GACCCGTGAACG||,4182858,rpoB small_indel,82,0
9,4182931|A|G|A,4182931,rpoB T563A,0,0
9,4182931|A|G|A,4182931,rpoB T563A,3,0
9,4182931|A|G|A,4182931,rpoB T563A,16,0
9,4182931|A|G|A,4182931,rpoB T563A,19,0
9,4182931|A|G|A,4182931,rpoB T563A,31,1
9,4182931|A|G|A,4182931,rpoB T563A,34,0
9,4182931|A|G|A,4182931,rpoB T563A,47,0
9,4182931|A|G|A,4182931,rpoB T563A,55,0
9,4182931|A|G|A,4182931,rpoB T563A,63,0
9,4182931|A|G|A,4182931,rpoB T563A,82,0
9,4388892|C|A|V,4388892,mscM G160V,0,0
9,4388892|C|A|V,4388892,mscM G160V,3,0
9,4388892|C|A|V,4388892,mscM G160V,16,0
9,4388892|C|A|V,4388892,mscM G160V,19,0
9,4388892|C|A|V,4388892,mscM G160V,31,1
9,4388892|C|A|V,4388892,mscM G160V,34,0
9,4388892|C|A|V,4388892,mscM G160V,47,0
9,4388892|C|A|V,4388892,mscM G160V,55,0
9,4388892|C|A|V,4388892,mscM G160V,63,0
9,4388892|C|A|V,4388892,mscM G160V,82,0
9,4542020|TTAG||,4542020,fimB/fimE mobile_element_insertion,0,0
9,4542020|TTAG||,4542020,fimB/fimE mobile_element_insertion,3,0
9,4542020|TTAG||,4542020,fimB/fimE mobile_element_insertion,16,0
9,4542020|TTAG||,4542020,fimB/fimE mobile_element_insertion,19,0
9,4542020|TTAG||,4542020,fimB/fimE mobile_element_insertion,31,0
9,4542020|TTAG||,4542020,fimB/fimE mobile_element_insertion,34,0.19
9,4542020|TTAG||,4542020,fimB/fimE mobile_element_insertion,47,0
9,4542020|TTAG||,4542020,fimB/fimE mobile_element_insertion,55,0.71
9,4542020|TTAG||,4542020,fimB/fimE mobile_element_insertion,63,0.56
9,4542020|TTAG||,4542020,fimB/fimE mobile_element_insertion,82,0.93
9,4542987|T||,4542987,fimE/fimA small_indel,0,0
9,4542987|T||,4542987,fimE/fimA small_indel,3,0
9,4542987|T||,4542987,fimE/fimA small_indel,16,0
9,4542987|T||,4542987,fimE/fimA small_indel,19,0
9,4542987|T||,4542987,fimE/fimA small_indel,31,0
9,4542987|T||,4542987,fimE/fimA small_indel,34,0.27
9,4542987|T||,4542987,fimE/fimA small_indel,47,0.12
9,4542987|T||,4542987,fimE/fimA small_indel,55,0
9,4542987|T||,4542987,fimE/fimA small_indel,63,0.55
9,4542987|T||,4542987,fimE/fimA small_indel,82,0
10,9153|C|T|*,9153,talB Q306*,0,0
10,9153|C|T|*,9153,talB Q306*,3,0
10,9153|C|T|*,9153,talB Q306*,16,0
10,9153|C|T|*,9153,talB Q306*,19,0
10,9153|C|T|*,9153,talB Q306*,31,0
10,9153|C|T|*,9153,talB Q306*,34,0
10,9153|C|T|*,9153,talB Q306*,47,0.2
10,9153|C|T|*,9153,talB Q306*,55,0.36
10,9153|C|T|*,9153,talB Q306*,63,0.13
10,9153|C|T|*,9153,talB Q306*,82,0
10,9154|AGGAAAAAC||,9154,talB small_indel,0,0
10,9154|AGGAAAAAC||,9154,talB small_indel,3,0
10,9154|AGGAAAAAC||,9154,talB small_indel,16,0
10,9154|AGGAAAAAC||,9154,talB small_indel,19,0
10,9154|AGGAAAAAC||,9154,talB small_indel,31,0
10,9154|AGGAAAAAC||,9154,talB small_indel,34,0
10,9154|AGGAAAAAC||,9154,talB small_indel,47,0.34
10,9154|AGGAAAAAC||,9154,talB small_indel,55,0
10,9154|AGGAAAAAC||,9154,talB small_indel,63,0
10,9154|AGGAAAAAC||,9154,talB small_indel,82,0
10,161589|G|A|V,161589,thpR A148V,0,0
10,161589|G|A|V,161589,thpR A148V,3,0
10,161589|G|A|V,161589,thpR A148V,16,0
10,161589|G|A|V,161589,thpR A148V,19,0
10,161589|G|A|V,161589,thpR A148V,31,0.1
10,161589|G|A|V,161589,thpR A148V,34,0
10,161589|G|A|V,161589,thpR A148V,47,0
10,161589|G|A|V,161589,thpR A148V,55,0
10,161589|G|A|V,161589,thpR A148V,63,0
10,161589|G|A|V,161589,thpR A148V,82,0
10,295280|GGCACTTTT||,295280,yagN mobile_element_insertion,0,0
10,295280|GGCACTTTT||,295280,yagN mobile_element_insertion,3,0
10,295280|GGCACTTTT||,295280,yagN mobile_element_insertion,16,0
10,295280|GGCACTTTT||,295280,yagN mobile_element_insertion,19,0.42
10,295280|GGCACTTTT||,295280,yagN mobile_element_insertion,31,0.46
10,295280|GGCACTTTT||,295280,yagN mobile_element_insertion,34,0.8
10,295280|GGCACTTTT||,295280,yagN mobile_element_insertion,47,1
10,295280|GGCACTTTT||,295280,yagN mobile_element_insertion,55,0.41
10,295280|GGCACTTTT||,295280,yagN mobile_element_insertion,63,0.32
10,295280|GGCACTTTT||,295280,yagN mobile_element_insertion,82,0
10,397585|A||,397585,sbmA small_indel,0,0
10,397585|A||,397585,sbmA small_indel,3,0
10,397585|A||,397585,sbmA small_indel,16,0
10,397585|A||,397585,sbmA small_indel,19,0
10,397585|A||,397585,sbmA small_indel,31,0
10,397585|A||,397585,sbmA small_indel,34,0.12
10,397585|A||,397585,sbmA small_indel,47,0
10,397585|A||,397585,sbmA small_indel,55,0
10,397585|A||,397585,sbmA small_indel,63,0
10,397585|A||,397585,sbmA small_indel,82,0
10,502278|A||,502278,ybaL small_indel,0,0
10,502278|A||,502278,ybaL small_indel,3,0
10,502278|A||,502278,ybaL small_indel,16,0
10,502278|A||,502278,ybaL small_indel,19,0
10,502278|A||,502278,ybaL small_indel,31,0
10,502278|A||,502278,ybaL small_indel,34,0
10,502278|A||,502278,ybaL small_indel,47,1
10,502278|A||,502278,ybaL small_indel,55,0
10,502278|A||,502278,ybaL small_indel,63,0
10,502278|A||,502278,ybaL small_indel,82,0
10,759127|T|C|A,759127,sucA V141A,0,0
10,759127|T|C|A,759127,sucA V141A,3,0
10,759127|T|C|A,759127,sucA V141A,16,0
10,759127|T|C|A,759127,sucA V141A,19,0.48
10,759127|T|C|A,759127,sucA V141A,31,0.47
10,759127|T|C|A,759127,sucA V141A,34,0.12
10,759127|T|C|A,759127,sucA V141A,47,0
10,759127|T|C|A,759127,sucA V141A,55,0
10,759127|T|C|A,759127,sucA V141A,63,0
10,759127|T|C|A,759127,sucA V141A,82,0
10,847955|G|A|V,847955,glnH A17V,0,0
10,847955|G|A|V,847955,glnH A17V,3,0
10,847955|G|A|V,847955,glnH A17V,16,0
10,847955|G|A|V,847955,glnH A17V,19,0
10,847955|G|A|V,847955,glnH A17V,31,0
10,847955|G|A|V,847955,glnH A17V,34,0.35
10,847955|G|A|V,847955,glnH A17V,47,0
10,847955|G|A|V,847955,glnH A17V,55,0
10,847955|G|A|V,847955,glnH A17V,63,0
10,847955|G|A|V,847955,glnH A17V,82,0.34
10,1158581|C|TTCC|,1158581,ptsG small_indel,0,0
10,1158581|C|TTCC|,1158581,ptsG small_indel,3,0
10,1158581|C|TTCC|,1158581,ptsG small_indel,16,0
10,1158581|C|TTCC|,1158581,ptsG small_indel,19,0
10,1158581|C|TTCC|,1158581,ptsG small_indel,31,0
10,1158581|C|TTCC|,1158581,ptsG small_indel,34,0
10,1158581|C|TTCC|,1158581,ptsG small_indel,47,0
10,1158581|C|TTCC|,1158581,ptsG small_indel,55,0.11
10,1158581|C|TTCC|,1158581,ptsG small_indel,63,0
10,1158581|C|TTCC|,1158581,ptsG small_indel,82,0
10,1158616|CTGTC||,1158616,ptsG mobile_element_insertion,0,0
10,1158616|CTGTC||,1158616,ptsG mobile_element_insertion,3,0
10,1158616|CTGTC||,1158616,ptsG mobile_element_insertion,16,0
10,1158616|CTGTC||,1158616,ptsG mobile_element_insertion,19,0
10,1158616|CTGTC||,1158616,ptsG mobile_element_insertion,31,0
10,1158616|CTGTC||,1158616,ptsG mobile_element_insertion,34,0
10,1158616|CTGTC||,1158616,ptsG mobile_element_insertion,47,0
10,1158616|CTGTC||,1158616,ptsG mobile_element_insertion,55,0.26
10,1158616|CTGTC||,1158616,ptsG mobile_element_insertion,63,0.13
10,1158616|CTGTC||,1158616,ptsG mobile_element_insertion,82,0
10,1196220|C|T|H,1196220,icd H366H,0,0
10,1196220|C|T|H,1196220,icd H366H,3,0
10,1196220|C|T|H,1196220,icd H366H,16,0
10,1196220|C|T|H,1196220,icd H366H,19,1
10,1196220|C|T|H,1196220,icd H366H,31,0
10,1196220|C|T|H,1196220,icd H366H,34,1
10,1196220|C|T|H,1196220,icd H366H,47,1
10,1196220|C|T|H,1196220,icd H366H,55,1
10,1196220|C|T|H,1196220,icd H366H,63,1
10,1196220|C|T|H,1196220,icd H366H,82,1
10,1196232|C|T|T,1196232,icd T370T,0,0
10,1196232|C|T|T,1196232,icd T370T,3,0
10,1196232|C|T|T,1196232,icd T370T,16,0
10,1196232|C|T|T,1196232,icd T370T,19,0
10,1196232|C|T|T,1196232,icd T370T,31,0
10,1196232|C|T|T,1196232,icd T370T,34,1
10,1196232|C|T|T,1196232,icd T370T,47,1
10,1196232|C|T|T,1196232,icd T370T,55,0
10,1196232|C|T|T,1196232,icd T370T,63,1
10,1196232|C|T|T,1196232,icd T370T,82,1
10,1196245|T|C|M,1196245,icd L375M,0,0
10,1196245|T|C|M,1196245,icd L375M,3,0
10,1196245|T|C|M,1196245,icd L375M,16,0
10,1196245|T|C|M,1196245,icd L375M,19,0
10,1196245|T|C|M,1196245,icd L375M,31,0
10,1196245|T|C|M,1196245,icd L375M,34,0
10,1196245|T|C|M,1196245,icd L375M,47,1
10,1196245|T|C|M,1196245,icd L375M,55,0
10,1196245|T|C|M,1196245,icd L375M,63,0
10,1196245|T|C|M,1196245,icd L375M,82,0
10,1196247|A|G|M,1196247,icd L375M,0,0
10,1196247|A|G|M,1196247,icd L375M,3,0
10,1196247|A|G|M,1196247,icd L375M,16,0
10,1196247|A|G|M,1196247,icd L375M,19,0
10,1196247|A|G|M,1196247,icd L375M,31,0
10,1196247|A|G|M,1196247,icd L375M,34,0
10,1196247|A|G|M,1196247,icd L375M,47,1
10,1196247|A|G|M,1196247,icd L375M,55,0
10,1196247|A|G|M,1196247,icd L375M,63,0
10,1196247|A|G|M,1196247,icd L375M,82,0
10,1388114|C|C|,1388114,tyrR small_indel,0,0
10,1388114|C|C|,1388114,tyrR small_indel,3,0
10,1388114|C|C|,1388114,tyrR small_indel,16,0
10,1388114|C|C|,1388114,tyrR small_indel,19,0
10,1388114|C|C|,1388114,tyrR small_indel,31,0
10,1388114|C|C|,1388114,tyrR small_indel,34,0
10,1388114|C|C|,1388114,tyrR small_indel,47,0
10,1388114|C|C|,1388114,tyrR small_indel,55,0
10,1388114|C|C|,1388114,tyrR small_indel,63,0
10,1388114|C|C|,1388114,tyrR small_indel,82,0.89
10,1591920|G|A|L,1591920,hipA P86L,0,0
10,1591920|G|A|L,1591920,hipA P86L,3,0
10,1591920|G|A|L,1591920,hipA P86L,16,0
10,1591920|G|A|L,1591920,hipA P86L,19,0
10,1591920|G|A|L,1591920,hipA P86L,31,0
10,1591920|G|A|L,1591920,hipA P86L,34,0
10,1591920|G|A|L,1591920,hipA P86L,47,0
10,1591920|G|A|L,1591920,hipA P86L,55,0.63
10,1591920|G|A|L,1591920,hipA P86L,63,0.79
10,1591920|G|A|L,1591920,hipA P86L,82,1
10,2339173|G|A|L,2339173,gyrA S83L,0,0
10,2339173|G|A|L,2339173,gyrA S83L,3,0
10,2339173|G|A|L,2339173,gyrA S83L,16,0.91
10,2339173|G|A|L,2339173,gyrA S83L,19,1
10,2339173|G|A|L,2339173,gyrA S83L,31,1
10,2339173|G|A|L,2339173,gyrA S83L,34,1
10,2339173|G|A|L,2339173,gyrA S83L,47,1
10,2339173|G|A|L,2339173,gyrA S83L,55,1
10,2339173|G|A|L,2339173,gyrA S83L,63,1
10,2339173|G|A|L,2339173,gyrA S83L,82,1
10,2755863|G|A|,2755863,ssrA snp_noncoding,0,0
10,2755863|G|A|,2755863,ssrA snp_noncoding,3,0.11
10,2755863|G|A|,2755863,ssrA snp_noncoding,16,0
10,2755863|G|A|,2755863,ssrA snp_noncoding,19,0
10,2755863|G|A|,2755863,ssrA snp_noncoding,31,0
10,2755863|G|A|,2755863,ssrA snp_noncoding,34,0
10,2755863|G|A|,2755863,ssrA snp_noncoding,47,0
10,2755863|G|A|,2755863,ssrA snp_noncoding,55,0
10,2755863|G|A|,2755863,ssrA snp_noncoding,63,0
10,2755863|G|A|,2755863,ssrA snp_noncoding,82,0
10,3054894|G|T|Q,3054894,ygfB P184Q,0,0
10,3054894|G|T|Q,3054894,ygfB P184Q,3,0.2
10,3054894|G|T|Q,3054894,ygfB P184Q,16,0
10,3054894|G|T|Q,3054894,ygfB P184Q,19,0
10,3054894|G|T|Q,3054894,ygfB P184Q,31,0
10,3054894|G|T|Q,3054894,ygfB P184Q,34,0
10,3054894|G|T|Q,3054894,ygfB P184Q,47,0
10,3054894|G|T|Q,3054894,ygfB P184Q,55,0
10,3054894|G|T|Q,3054894,ygfB P184Q,63,0
10,3054894|G|T|Q,3054894,ygfB P184Q,82,0
10,3269943|G|T|,3269943,yhaC/rnpB snp_intergenic,0,0
10,3269943|G|T|,3269943,yhaC/rnpB snp_intergenic,3,0
10,3269943|G|T|,3269943,yhaC/rnpB snp_intergenic,16,0
10,3269943|G|T|,3269943,yhaC/rnpB snp_intergenic,19,0
10,3269943|G|T|,3269943,yhaC/rnpB snp_intergenic,31,0
10,3269943|G|T|,3269943,yhaC/rnpB snp_intergenic,34,0
10,3269943|G|T|,3269943,yhaC/rnpB snp_intergenic,47,0
10,3269943|G|T|,3269943,yhaC/rnpB snp_intergenic,55,0
10,3269943|G|T|,3269943,yhaC/rnpB snp_intergenic,63,0.12
10,3269943|G|T|,3269943,yhaC/rnpB snp_intergenic,82,0
10,3471686|G|A|L,3471686,fusA P610L,0,0
10,3471686|G|A|L,3471686,fusA P610L,3,0
10,3471686|G|A|L,3471686,fusA P610L,16,0
10,3471686|G|A|L,3471686,fusA P610L,19,0
10,3471686|G|A|L,3471686,fusA P610L,31,0.54
10,3471686|G|A|L,3471686,fusA P610L,34,0
10,3471686|G|A|L,3471686,fusA P610L,47,0
10,3471686|G|A|L,3471686,fusA P610L,55,0
10,3471686|G|A|L,3471686,fusA P610L,63,0
10,3471686|G|A|L,3471686,fusA P610L,82,0
10,3473332|A|C|M,3473332,fusA I61M,0,0
10,3473332|A|C|M,3473332,fusA I61M,3,0
10,3473332|A|C|M,3473332,fusA I61M,16,0
10,3473332|A|C|M,3473332,fusA I61M,19,0
10,3473332|A|C|M,3473332,fusA I61M,31,0.39
10,3473332|A|C|M,3473332,fusA I61M,34,0
10,3473332|A|C|M,3473332,fusA I61M,47,0
10,3473332|A|C|M,3473332,fusA I61M,55,0
10,3473332|A|C|M,3473332,fusA I61M,63,0
10,3473332|A|C|M,3473332,fusA I61M,82,0
10,3758381|A|TG|,3758381,selB small_indel,0,0
10,3758381|A|TG|,3758381,selB small_indel,3,0
10,3758381|A|TG|,3758381,selB small_indel,16,0
10,3758381|A|TG|,3758381,selB small_indel,19,0
10,3758381|A|TG|,3758381,selB small_indel,31,0
10,3758381|A|TG|,3758381,selB small_indel,34,0
10,3758381|A|TG|,3758381,selB small_indel,47,0
10,3758381|A|TG|,3758381,selB small_indel,55,0.41
10,3758381|A|TG|,3758381,selB small_indel,63,0.74
10,3758381|A|TG|,3758381,selB small_indel,82,0.92
10,3822173|CCGCGCG||,3822173,rpoZ small_indel,0,0
10,3822173|CCGCGCG||,3822173,rpoZ small_indel,3,0
10,3822173|CCGCGCG||,3822173,rpoZ small_indel,16,0
10,3822173|CCGCGCG||,3822173,rpoZ small_indel,19,0
10,3822173|CCGCGCG||,3822173,rpoZ small_indel,31,0
10,3822173|CCGCGCG||,3822173,rpoZ small_indel,34,0
10,3822173|CCGCGCG||,3822173,rpoZ small_indel,47,0
10,3822173|CCGCGCG||,3822173,rpoZ small_indel,55,0.59
10,3822173|CCGCGCG||,3822173,rpoZ small_indel,63,0.74
10,3822173|CCGCGCG||,3822173,rpoZ small_indel,82,1
10,3862562|A||,3862562,glvC small_indel,0,0
10,3862562|A||,3862562,glvC small_indel,3,0
10,3862562|A||,3862562,glvC small_indel,16,0
10,3862562|A||,3862562,glvC small_indel,19,1
10,3862562|A||,3862562,glvC small_indel,31,1
10,3862562|A||,3862562,glvC small_indel,34,1
10,3862562|A||,3862562,glvC small_indel,47,1
10,3862562|A||,3862562,glvC small_indel,55,1
10,3862562|A||,3862562,glvC small_indel,63,1
10,3862562|A||,3862562,glvC small_indel,82,1
10,4033698|T|A|Q,4033698,trkH L185Q,0,0
10,4033698|T|A|Q,4033698,trkH L185Q,3,0
10,4033698|T|A|Q,4033698,trkH L185Q,16,0
10,4033698|T|A|Q,4033698,trkH L185Q,19,1
10,4033698|T|A|Q,4033698,trkH L185Q,31,1
10,4033698|T|A|Q,4033698,trkH L185Q,34,1
10,4033698|T|A|Q,4033698,trkH L185Q,47,1
10,4033698|T|A|Q,4033698,trkH L185Q,55,1
10,4033698|T|A|Q,4033698,trkH L185Q,63,1
10,4033698|T|A|Q,4033698,trkH L185Q,82,1
10,4104929|GTCAGC||,4104929,cpxA small_indel,0,0
10,4104929|GTCAGC||,4104929,cpxA small_indel,3,0
10,4104929|GTCAGC||,4104929,cpxA small_indel,16,0
10,4104929|GTCAGC||,4104929,cpxA small_indel,19,0
10,4104929|GTCAGC||,4104929,cpxA small_indel,31,0
10,4104929|GTCAGC||,4104929,cpxA small_indel,34,0.18
10,4104929|GTCAGC||,4104929,cpxA small_indel,47,0
10,4104929|GTCAGC||,4104929,cpxA small_indel,55,0
10,4104929|GTCAGC||,4104929,cpxA small_indel,63,0
10,4104929|GTCAGC||,4104929,cpxA small_indel,82,0
10,4117215|T||,4117215,glpK small_indel,0,0
10,4117215|T||,4117215,glpK small_indel,3,0
10,4117215|T||,4117215,glpK small_indel,16,0
10,4117215|T||,4117215,glpK small_indel,19,0
10,4117215|T||,4117215,glpK small_indel,31,0
10,4117215|T||,4117215,glpK small_indel,34,0
10,4117215|T||,4117215,glpK small_indel,47,1
10,4117215|T||,4117215,glpK small_indel,55,0
10,4117215|T||,4117215,glpK small_indel,63,0
10,4117215|T||,4117215,glpK small_indel,82,0
10,4117936|A|T|E,4117936,glpF V52E,0,0
10,4117936|A|T|E,4117936,glpF V52E,3,0
10,4117936|A|T|E,4117936,glpF V52E,16,0
10,4117936|A|T|E,4117936,glpF V52E,19,0
10,4117936|A|T|E,4117936,glpF V52E,31,0
10,4117936|A|T|E,4117936,glpF V52E,34,0.68
10,4117936|A|T|E,4117936,glpF V52E,47,1
10,4117936|A|T|E,4117936,glpF V52E,55,0.48
10,4117936|A|T|E,4117936,glpF V52E,63,0.24
10,4117936|A|T|E,4117936,glpF V52E,82,0
10,4182930|A|C|D,4182930,rpoB E562D,0,0
10,4182930|A|C|D,4182930,rpoB E562D,3,0
10,4182930|A|C|D,4182930,rpoB E562D,16,0.83
10,4182930|A|C|D,4182930,rpoB E562D,19,0
10,4182930|A|C|D,4182930,rpoB E562D,31,0
10,4182930|A|C|D,4182930,rpoB E562D,34,0
10,4182930|A|C|D,4182930,rpoB E562D,47,0
10,4182930|A|C|D,4182930,rpoB E562D,55,0
10,4182930|A|C|D,4182930,rpoB E562D,63,0
10,4182930|A|C|D,4182930,rpoB E562D,82,0
10,4220007|T|G|G,4220007,aceK V471G,0,0
10,4220007|T|G|G,4220007,aceK V471G,3,0
10,4220007|T|G|G,4220007,aceK V471G,16,0
10,4220007|T|G|G,4220007,aceK V471G,19,0
10,4220007|T|G|G,4220007,aceK V471G,31,0
10,4220007|T|G|G,4220007,aceK V471G,34,0
10,4220007|T|G|G,4220007,aceK V471G,47,0.18
10,4220007|T|G|G,4220007,aceK V471G,55,0
10,4220007|T|G|G,4220007,aceK V471G,63,0
10,4220007|T|G|G,4220007,aceK V471G,82,0
10,4449870|G|T|,4449870,ppa/ytfQ snp_intergenic,0,0
10,4449870|G|T|,4449870,ppa/ytfQ snp_intergenic,3,0
10,4449870|G|T|,4449870,ppa/ytfQ snp_intergenic,16,0
10,4449870|G|T|,4449870,ppa/ytfQ snp_intergenic,19,0.45
10,4449870|G|T|,4449870,ppa/ytfQ snp_intergenic,31,0.43
10,4449870|G|T|,4449870,ppa/ytfQ snp_intergenic,34,0
10,4449870|G|T|,4449870,ppa/ytfQ snp_intergenic,47,0
10,4449870|G|T|,4449870,ppa/ytfQ snp_intergenic,55,0
10,4449870|G|T|,4449870,ppa/ytfQ snp_intergenic,63,0
10,4449870|G|T|,4449870,ppa/ytfQ snp_intergenic,82,0
10,4496444|T|G|,4496444,leuX snp_noncoding,0,0
10,4496444|T|G|,4496444,leuX snp_noncoding,3,0
10,4496444|T|G|,4496444,leuX snp_noncoding,16,0
10,4496444|T|G|,4496444,leuX snp_noncoding,19,0
10,4496444|T|G|,4496444,leuX snp_noncoding,31,0
10,4496444|T|G|,4496444,leuX snp_noncoding,34,0
10,4496444|T|G|,4496444,leuX snp_noncoding,47,0.29
10,4496444|T|G|,4496444,leuX snp_noncoding,55,0
10,4496444|T|G|,4496444,leuX snp_noncoding,63,0
10,4496444|T|G|,4496444,leuX snp_noncoding,82,0
10,4542020|TTAG||,4542020,fimB/fimE mobile_element_insertion,0,0
10,4542020|TTAG||,4542020,fimB/fimE mobile_element_insertion,3,0
10,4542020|TTAG||,4542020,fimB/fimE mobile_element_insertion,16,0
10,4542020|TTAG||,4542020,fimB/fimE mobile_element_insertion,19,0
10,4542020|TTAG||,4542020,fimB/fimE mobile_element_insertion,31,0
10,4542020|TTAG||,4542020,fimB/fimE mobile_element_insertion,34,0
10,4542020|TTAG||,4542020,fimB/fimE mobile_element_insertion,47,0
10,4542020|TTAG||,4542020,fimB/fimE mobile_element_insertion,55,0.53
10,4542020|TTAG||,4542020,fimB/fimE mobile_element_insertion,63,0.81
10,4542020|TTAG||,4542020,fimB/fimE mobile_element_insertion,82,1
10,4542987|T||,4542987,fimE/fimA small_indel,0,0
10,4542987|T||,4542987,fimE/fimA small_indel,3,0
10,4542987|T||,4542987,fimE/fimA small_indel,16,0
10,4542987|T||,4542987,fimE/fimA small_indel,19,0
10,4542987|T||,4542987,fimE/fimA small_indel,31,0.14
10,4542987|T||,4542987,fimE/fimA small_indel,34,0
10,4542987|T||,4542987,fimE/fimA small_indel,47,0
10,4542987|T||,4542987,fimE/fimA small_indel,55,0
10,4542987|T||,4542987,fimE/fimA small_indel,63,0
10,4542987|T||,4542987,fimE/fimA small_indel,82,0
