dataset,strain,group,culture_id,drug,IC50,MIC,biological_unit,unit_type,lineage_id,matching,included_in_comparison,analysis_source,Experiment,Day,Plate,Plate_ID,Well,Row,Column
fig2_paplpc,P1,P,1,Levofloxacin,0.03075589757246813,0.06329206379515726,P1,culture,1,confirmed 17 August 2026,True,cache/fig2_paplpc__df_analysis.pkl,1|2,,,1|100,A1|A2|A3|A4|A5|A6|A7|A8|A9|A10|A11|A12|B1|B2|B3|B4|B5|B6|B7|B8|B9|B10|B11|B12|C1|C2|C3|C4|C5|C6|C7|C8|C9|C10|C11|C12|D1|D2|D3|D4|D5|D6|D7|D8|D9|D10|D11|D12,1|2|3|4,1|2|3|4|5|6|7|8|9|10|11|12
fig2_paplpc,P2,P,2,Levofloxacin,0.03508597696730427,0.10326810869900518,P2,culture,2,confirmed 17 August 2026,True,cache/fig2_paplpc__df_analysis.pkl,1|2,,,1|100,D1|D2|D3|D4|D5|D6|D7|D8|D9|D10|D11|D12|E1|E2|E3|E4|E5|E6|E7|E8|E9|E10|E11|E12|F1|F2|F3|F4|F5|F6|F7|F8|F9|F10|F11|F12|G1|G2|G3|G4|G5|G6|G7|G8|G9|G10|G11|G12,4|5|6|7,1|2|3|4|5|6|7|8|9|10|11|12
fig2_paplpc,P3,P,3,Levofloxacin,0.031816097289626366,0.08200273790199224,P3,culture,3,confirmed 17 August 2026,True,cache/fig2_paplpc__df_analysis.pkl,1|2,,,1|2|101,G1|G2|G3|G4|G5|G6|G7|G8|G9|G10|G11|G12|A1|A2|A3|A4|A5|A6|A7|A8|A9|A10|A11|A12|B1|B2|B3|B4|B5|B6|B7|B8|B9|B10|B11|B12|C1|C2|C3|C4|C5|C6|C7|C8|C9|C10|C11|C12|D1|D2|D3|D4|D5|D6|D7|D8|D9|D10|D11|D12,7|1|2|3|4,1|2|3|4|5|6|7|8|9|10|11|12
fig2_paplpc,P4,P,4,Levofloxacin,0.039580666917931995,0.16315742225621668,P4,culture,4,confirmed 17 August 2026,True,cache/fig2_paplpc__df_analysis.pkl,1|2,,,2|101,C1|C2|C3|C4|C5|C6|C7|C8|C9|C10|C11|C12|D1|D2|D3|D4|D5|D6|D7|D8|D9|D10|D11|D12|E1|E2|E3|E4|E5|E6|E7|E8|E9|E10|E11|E12|F1|F2|F3|F4|F5|F6|F7|F8|F9|F10|F11|F12|G1|G2|G3|G4|G5|G6|G7|G8|G9|G10|G11|G12,3|4|5|6|7,1|2|3|4|5|6|7|8|9|10|11|12
fig2_paplpc,P5,P,5,Levofloxacin,0.030620599370258288,0.07603460336329834,P5,culture,5,confirmed 17 August 2026,True,cache/fig2_paplpc__df_analysis.pkl,1|2,,,2|3|102,F1|F2|F3|F4|F5|F6|F7|F8|F9|F10|F11|F12|G1|G2|G3|G4|G5|G6|G7|G8|G9|G10|G11|G12|A1|A2|A3|A4|A5|A6|A7|A8|A9|A10|A11|A12|B1|B2|B3|B4|B5|B6|B7|B8|B9|B10|B11|B12|C1|C2|C3|C4|C5|C6|C7|C8|C9|C10|C11|C12|D1|D2|D3|D4|D5|D6|D7|D8|D9|D10|D11|D12,6|7|1|2|3|4,1|2|3|4|5|6|7|8|9|10|11|12
fig2_paplpc,P6,P,6,Levofloxacin,0.026797113765329523,0.08584711635207026,P6,culture,6,confirmed 17 August 2026,True,cache/fig2_paplpc__df_analysis.pkl,1|2,,,3|102,B1|B2|B3|B4|B5|B6|B7|B8|B9|B10|B11|B12|C1|C2|C3|C4|C5|C6|C7|C8|C9|C10|C11|C12|D1|D2|D3|D4|D5|D6|D7|D8|D9|D10|D11|D12|E1|E2|E3|E4|E5|E6|E7|E8|E9|E10|E11|E12|F1|F2|F3|F4|F5|F6|F7|F8|F9|F10|F11|F12|G1|G2|G3|G4|G5|G6|G7|G8|G9|G10|G11|G12,2|3|4|5|6|7,1|2|3|4|5|6|7|8|9|10|11|12
fig2_paplpc,P7,P,7,Levofloxacin,0.030205450204539356,0.06560713595887836,P7,culture,7,confirmed 17 August 2026,True,cache/fig2_paplpc__df_analysis.pkl,1,,,3,E1|E2|E3|E4|E5|E6|E7|E8|E9|E10|E11|E12|F1|F2|F3|F4|F5|F6|F7|F8|F9|F10|F11|F12|G1|G2|G3|G4|G5|G6|G7|G8|G9|G10|G11|G12,5|6|7,1|2|3|4|5|6|7|8|9|10|11|12
fig2_paplpc,P8,P,8,Levofloxacin,0.057518282313681855,0.2031387008875681,P8,culture,8,confirmed 17 August 2026,True,cache/fig2_paplpc__df_analysis.pkl,1,,,4,A1|A2|A3|A4|A5|A6|A7|A8|A9|A10|A11|A12|B1|B2|B3|B4|B5|B6|B7|B8|B9|B10|B11|B12|C1|C2|C3|C4|C5|C6|C7|C8|C9|C10|C11|C12,1|2|3,1|2|3|4|5|6|7|8|9|10|11|12
fig2_paplpc,P9,P,9,Levofloxacin,0.042772903120535104,0.10858083053754158,P9,culture,9,confirmed 17 August 2026,True,cache/fig2_paplpc__df_analysis.pkl,1,,,4,D1|D2|D3|D4|D5|D6|D7|D8|D9|D10|D11|D12|E1|E2|E3|E4|E5|E6|E7|E8|E9|E10|E11|E12|F1|F2|F3|F4|F5|F6|F7|F8|F9|F10|F11|F12,4|5|6,1|2|3|4|5|6|7|8|9|10|11|12
fig2_paplpc,P10,P,10,Levofloxacin,0.04118297592291217,0.1759867410623531,P10,culture,10,confirmed 17 August 2026,True,cache/fig2_paplpc__df_analysis.pkl,1,,,4|5,G1|G2|G3|G4|G5|G6|G7|G8|G9|G10|G11|G12|A1|A2|A3|A4|A5|A6|A7|A8|A9|A10|A11|A12|B1|B2|B3|B4|B5|B6|B7|B8|B9|B10|B11|B12,7|1|2,1|2|3|4|5|6|7|8|9|10|11|12
fig2_paplpc,PA1,PA,1,Levofloxacin,0.02594511806948044,0.06344605350636436,PA1,culture,1,confirmed 17 August 2026,True,cache/fig2_paplpc__df_analysis.pkl,1,,,5,C1|C2|C3|C4|C5|C6|C7|C8|C9|C10|C11|C12|D1|D2|D3|D4|D5|D6|D7|D8|D9|D10|D11|D12|E1|E2|E3|E4|E5|E6|E7|E8|E9|E10|E11|E12,3|4|5,1|2|3|4|5|6|7|8|9|10|11|12
fig2_paplpc,PA2,PA,2,Levofloxacin,0.03619368536416417,0.06106723962637218,PA2,culture,2,confirmed 17 August 2026,True,cache/fig2_paplpc__df_analysis.pkl,1,,,5|6,F1|F2|F3|F4|F5|F6|F7|F8|F9|F10|F11|F12|G1|G2|G3|G4|G5|G6|G7|G8|G9|G10|G11|G12|A1|A2|A3|A4|A5|A6|A7|A8|A9|A10|A11|A12,6|7|1,1|2|3|4|5|6|7|8|9|10|11|12
fig2_paplpc,PA3,PA,3,Levofloxacin,0.026527551931505033,0.06668891731969584,PA3,culture,3,confirmed 17 August 2026,True,cache/fig2_paplpc__df_analysis.pkl,1,,,6,B1|B2|B3|B4|B5|B6|B7|B8|B9|B10|B11|B12|C1|C2|C3|C4|C5|C6|C7|C8|C9|C10|C11|C12|D1|D2|D3|D4|D5|D6|D7|D8|D9|D10|D11|D12,2|3|4,1|2|3|4|5|6|7|8|9|10|11|12
fig2_paplpc,PA4,PA,4,Levofloxacin,0.023398481115972068,0.042876377830778724,PA4,culture,4,confirmed 17 August 2026,True,cache/fig2_paplpc__df_analysis.pkl,1,,,6,E1|E2|E3|E4|E5|E6|E7|E8|E9|E10|E11|E12|F1|F2|F3|F4|F5|F6|F7|F8|F9|F10|F11|F12|G1|G2|G3|G4|G5|G6|G7|G8|G9|G10|G11|G12,5|6|7,1|2|3|4|5|6|7|8|9|10|11|12
fig2_paplpc,PA5,PA,5,Levofloxacin,0.023830570352744503,0.05666071947056205,PA5,culture,5,confirmed 17 August 2026,True,cache/fig2_paplpc__df_analysis.pkl,1,,,7,A1|A2|A3|A4|A5|A6|A7|A8|A9|A10|A11|A12|B1|B2|B3|B4|B5|B6|B7|B8|B9|B10|B11|B12|C1|C2|C3|C4|C5|C6|C7|C8|C9|C10|C11|C12,1|2|3,1|2|3|4|5|6|7|8|9|10|11|12
fig2_paplpc,PA6,PA,6,Levofloxacin,0.02568599954676293,0.07025679553216092,PA6,culture,6,confirmed 17 August 2026,True,cache/fig2_paplpc__df_analysis.pkl,1,,,7,D1|D2|D3|D4|D5|D6|D7|D8|D9|D10|D11|D12|E1|E2|E3|E4|E5|E6|E7|E8|E9|E10|E11|E12|F1|F2|F3|F4|F5|F6|F7|F8|F9|F10|F11|F12,4|5|6,1|2|3|4|5|6|7|8|9|10|11|12
fig2_paplpc,PA7,PA,7,Levofloxacin,0.02578416079005818,0.0784854210613522,PA7,culture,7,confirmed 17 August 2026,True,cache/fig2_paplpc__df_analysis.pkl,1,,,7|8,G1|G2|G3|G4|G5|G6|G7|G8|G9|G10|G11|G12|A1|A2|A3|A4|A5|A6|A7|A8|A9|A10|A11|A12|B1|B2|B3|B4|B5|B6|B7|B8|B9|B10|B11|B12,7|1|2,1|2|3|4|5|6|7|8|9|10|11|12
fig2_paplpc,PA8,PA,8,Levofloxacin,0.02955829628702406,0.06743514534419079,PA8,culture,8,confirmed 17 August 2026,True,cache/fig2_paplpc__df_analysis.pkl,1,,,8,C1|C2|C3|C4|C5|C6|C7|C8|C9|C10|C11|C12|D1|D2|D3|D4|D5|D6|D7|D8|D9|D10|D11|D12|E1|E2|E3|E4|E5|E6|E7|E8|E9|E10|E11|E12,3|4|5,1|2|3|4|5|6|7|8|9|10|11|12
fig2_paplpc,PA9,PA,9,Levofloxacin,0.03659513947463944,0.2349497951286562,PA9,culture,9,confirmed 17 August 2026,True,cache/fig2_paplpc__df_analysis.pkl,1,,,8|9,F1|F2|F3|F4|F5|F6|F7|F8|F9|F10|F11|F12|G1|G2|G3|G4|G5|G6|G7|G8|G9|G10|G11|G12|A1|A2|A3|A4|A5|A6|A7|A8|A9|A10|A11|A12,6|7|1,1|2|3|4|5|6|7|8|9|10|11|12
fig2_paplpc,PA10,PA,10,Levofloxacin,0.029224778411318868,0.04479159819655887,PA10,culture,10,confirmed 17 August 2026,True,cache/fig2_paplpc__df_analysis.pkl,1,,,9,B1|B2|B3|B4|B5|B6|B7|B8|B9|B10|B11|B12|C1|C2|C3|C4|C5|C6|C7|C8|C9|C10|C11|C12|D1|D2|D3|D4|D5|D6|D7|D8|D9|D10|D11|D12,2|3|4,1|2|3|4|5|6|7|8|9|10|11|12
fig2_paplpc,PC1,PC,1,Levofloxacin,0.06419681894099023,0.19156294828687553,PC1,culture,1,confirmed 17 August 2026,True,cache/fig2_paplpc__df_analysis.pkl,1,,,9,E1|E2|E3|E4|E5|E6|E7|E8|E9|E10|E11|E12|F1|F2|F3|F4|F5|F6|F7|F8|F9|F10|F11|F12|G1|G2|G3|G4|G5|G6|G7|G8|G9|G10|G11|G12,5|6|7,1|2|3|4|5|6|7|8|9|10|11|12
fig2_paplpc,PC2,PC,2,Levofloxacin,0.029064018340791784,0.06903349971007387,PC2,culture,2,confirmed 17 August 2026,True,cache/fig2_paplpc__df_analysis.pkl,1,,,10,A1|A2|A3|A4|A5|A6|A7|A8|A9|A10|A11|A12|B1|B2|B3|B4|B5|B6|B7|B8|B9|B10|B11|B12|C1|C2|C3|C4|C5|C6|C7|C8|C9|C10|C11|C12,1|2|3,1|2|3|4|5|6|7|8|9|10|11|12
fig2_paplpc,PC3,PC,3,Levofloxacin,0.03622655675145436,0.09350860023720194,PC3,culture,3,confirmed 17 August 2026,True,cache/fig2_paplpc__df_analysis.pkl,1,,,10,D1|D2|D3|D4|D5|D6|D7|D8|D9|D10|D11|D12|E1|E2|E3|E4|E5|E6|E7|E8|E9|E10|E11|E12|F1|F2|F3|F4|F5|F6|F7|F8|F9|F10|F11|F12,4|5|6,1|2|3|4|5|6|7|8|9|10|11|12
fig2_paplpc,PC4,PC,4,Levofloxacin,0.04029510890210807,0.12397655635844833,PC4,culture,4,confirmed 17 August 2026,True,cache/fig2_paplpc__df_analysis.pkl,1,,,10|11,G1|G2|G3|G4|G5|G6|G7|G8|G9|G10|G11|G12|A1|A2|A3|A4|A5|A6|A7|A8|A9|A10|A11|A12|B1|B2|B3|B4|B5|B6|B7|B8|B9|B10|B11|B12,7|1|2,1|2|3|4|5|6|7|8|9|10|11|12
fig2_paplpc,PC5,PC,5,Levofloxacin,0.031219404431799335,0.034037379664118364,PC5,culture,5,confirmed 17 August 2026,True,cache/fig2_paplpc__df_analysis.pkl,1,,,11,C1|C2|C3|C4|C5|C6|C7|C8|C9|C10|C11|C12|D1|D2|D3|D4|D5|D6|D7|D8|D9|D10|D11|D12|E1|E2|E3|E4|E5|E6|E7|E8|E9|E10|E11|E12,3|4|5,1|2|3|4|5|6|7|8|9|10|11|12
fig2_paplpc,PC6,PC,6,Levofloxacin,0.07230794595815458,0.21937359023415737,PC6,culture,6,confirmed 17 August 2026,True,cache/fig2_paplpc__df_analysis.pkl,1,,,11|12,F1|F2|F3|F4|F5|F6|F7|F8|F9|F10|F11|F12|G1|G2|G3|G4|G5|G6|G7|G8|G9|G10|G11|G12|A1|A2|A3|A4|A5|A6|A7|A8|A9|A10|A11|A12,6|7|1,1|2|3|4|5|6|7|8|9|10|11|12
fig2_paplpc,PC7,PC,7,Levofloxacin,0.02957432793423479,0.09427657010556115,PC7,culture,7,confirmed 17 August 2026,True,cache/fig2_paplpc__df_analysis.pkl,1,,,12,B1|B2|B3|B4|B5|B6|B7|B8|B9|B10|B11|B12|C1|C2|C3|C4|C5|C6|C7|C8|C9|C10|C11|C12|D1|D2|D3|D4|D5|D6|D7|D8|D9|D10|D11|D12,2|3|4,1|2|3|4|5|6|7|8|9|10|11|12
fig2_paplpc,PC8,PC,8,Levofloxacin,0.052175750229673745,0.17400674991597115,PC8,culture,8,confirmed 17 August 2026,True,cache/fig2_paplpc__df_analysis.pkl,1,,,12,E1|E2|E3|E4|E5|E6|E7|E8|E9|E10|E11|E12|F1|F2|F3|F4|F5|F6|F7|F8|F9|F10|F11|F12|G1|G2|G3|G4|G5|G6|G7|G8|G9|G10|G11|G12,5|6|7,1|2|3|4|5|6|7|8|9|10|11|12
fig2_paplpc,PC9,PC,9,Levofloxacin,0.02815465919573318,0.09860969601246385,PC9,culture,9,confirmed 17 August 2026,True,cache/fig2_paplpc__df_analysis.pkl,1,,,13,A1|A2|A3|A4|A5|A6|A7|A8|A9|A10|A11|A12|B1|B2|B3|B4|B5|B6|B7|B8|B9|B10|B11|B12|C1|C2|C3|C4|C5|C6|C7|C8|C9|C10|C11|C12,1|2|3,1|2|3|4|5|6|7|8|9|10|11|12
fig2_paplpc,PC10,PC,10,Levofloxacin,0.044599438089343864,0.20056452222005897,PC10,culture,10,confirmed 17 August 2026,True,cache/fig2_paplpc__df_analysis.pkl,1,,,13,D1|D2|D3|D4|D5|D6|D7|D8|D9|D10|D11|D12|E1|E2|E3|E4|E5|E6|E7|E8|E9|E10|E11|E12|F1|F2|F3|F4|F5|F6|F7|F8|F9|F10|F11|F12,4|5|6,1|2|3|4|5|6|7|8|9|10|11|12
fig2_paplpc,PL1,PL,1,Levofloxacin,2.616124382296593,16.44365294822226,PL1,culture,1,confirmed 17 August 2026,True,cache/fig2_paplpc__df_analysis.pkl,1,,,13|14,G1|G2|G3|G4|G5|G6|G7|G8|G9|G10|G11|G12|A1|A2|A3|A4|A5|A6|A7|A8|A9|A10|A11|A12|B1|B2|B3|B4|B5|B6|B7|B8|B9|B10|B11|B12,7|1|2,1|2|3|4|5|6|7|8|9|10|11|12
fig2_paplpc,PL2,PL,2,Levofloxacin,1.3912923905197805,8.394422238771934,PL2,culture,2,confirmed 17 August 2026,True,cache/fig2_paplpc__df_analysis.pkl,1,,,14,C1|C2|C3|C4|C5|C6|C7|C8|C9|C10|C11|C12|D1|D2|D3|D4|D5|D6|D7|D8|D9|D10|D11|D12|E1|E2|E3|E4|E5|E6|E7|E8|E9|E10|E11|E12,3|4|5,1|2|3|4|5|6|7|8|9|10|11|12
fig2_paplpc,PL3,PL,3,Levofloxacin,1.4701919577491567,8.086322006551958,PL3,culture,3,confirmed 17 August 2026,True,cache/fig2_paplpc__df_analysis.pkl,1,,,14|15,F1|F2|F3|F4|F5|F6|F7|F8|F9|F10|F11|F12|G1|G2|G3|G4|G5|G6|G7|G8|G9|G10|G11|G12|A1|A2|A3|A4|A5|A6|A7|A8|A9|A10|A11|A12,6|7|1,1|2|3|4|5|6|7|8|9|10|11|12
fig2_paplpc,PL4,PL,4,Levofloxacin,1.199280955434481,5.2234910913909856,PL4,culture,4,confirmed 17 August 2026,True,cache/fig2_paplpc__df_analysis.pkl,1,,,15,B1|B2|B3|B4|B5|B6|B7|B8|B9|B10|B11|B12|C1|C2|C3|C4|C5|C6|C7|C8|C9|C10|C11|C12|D1|D2|D3|D4|D5|D6|D7|D8|D9|D10|D11|D12,2|3|4,1|2|3|4|5|6|7|8|9|10|11|12
fig2_paplpc,PL5,PL,5,Levofloxacin,0.6948054429478341,49.30108250755711,PL5,culture,5,confirmed 17 August 2026,True,cache/fig2_paplpc__df_analysis.pkl,1,,,15,E1|E2|E3|E4|E5|E6|E7|E8|E9|E10|E11|E12|F1|F2|F3|F4|F5|F6|F7|F8|F9|F10|F11|F12|G1|G2|G3|G4|G5|G6|G7|G8|G9|G10|G11|G12,5|6|7,1|2|3|4|5|6|7|8|9|10|11|12
fig2_paplpc,PL6,PL,6,Levofloxacin,1.6555029808967152,4.95310645186283,PL6,culture,6,confirmed 17 August 2026,True,cache/fig2_paplpc__df_analysis.pkl,1,,,16,A1|A2|A3|A4|A5|A6|A7|A8|A9|A10|A11|A12|B1|B2|B3|B4|B5|B6|B7|B8|B9|B10|B11|B12|C1|C2|C3|C4|C5|C6|C7|C8|C9|C10|C11|C12,1|2|3,1|2|3|4|5|6|7|8|9|10|11|12
fig2_paplpc,PL7,PL,7,Levofloxacin,0.8217436486689456,3.823483987954424,PL7,culture,7,confirmed 17 August 2026,True,cache/fig2_paplpc__df_analysis.pkl,1,,,16,D1|D2|D3|D4|D5|D6|D7|D8|D9|D10|D11|D12|E1|E2|E3|E4|E5|E6|E7|E8|E9|E10|E11|E12|F1|F2|F3|F4|F5|F6|F7|F8|F9|F10|F11|F12,4|5|6,1|2|3|4|5|6|7|8|9|10|11|12
fig2_paplpc,PL8,PL,8,Levofloxacin,1.07546804078312,9.64082134117312,PL8,culture,8,confirmed 17 August 2026,True,cache/fig2_paplpc__df_analysis.pkl,1,,,16|17,G1|G2|G3|G4|G5|G6|G7|G8|G9|G10|G11|G12|A1|A2|A3|A4|A5|A6|A7|A8|A9|A10|A11|A12|B1|B2|B3|B4|B5|B6|B7|B8|B9|B10|B11|B12,7|1|2,1|2|3|4|5|6|7|8|9|10|11|12
fig2_paplpc,PL9,PL,9,Levofloxacin,1.3193828698380163,6.3599417909307245,PL9,culture,9,confirmed 17 August 2026,True,cache/fig2_paplpc__df_analysis.pkl,1,,,17,C1|C2|C3|C4|C5|C6|C7|C8|C9|C10|C11|C12|D1|D2|D3|D4|D5|D6|D7|D8|D9|D10|D11|D12|E1|E2|E3|E4|E5|E6|E7|E8|E9|E10|E11|E12,3|4|5,1|2|3|4|5|6|7|8|9|10|11|12
fig2_paplpc,PL10,PL,10,Levofloxacin,1.49665459049535,11.421921608179554,PL10,culture,10,confirmed 17 August 2026,True,cache/fig2_paplpc__df_analysis.pkl,1,,,17|18,F1|F2|F3|F4|F5|F6|F7|F8|F9|F10|F11|F12|G1|G2|G3|G4|G5|G6|G7|G8|G9|G10|G11|G12|A1|A2|A3|A4|A5|A6|A7|A8|A9|A10|A11|A12,6|7|1,1|2|3|4|5|6|7|8|9|10|11|12
fig2_paplpc,P1,P,1,Amikacin,2.787036757387843,81.26520359691659,P1,culture,1,confirmed 17 August 2026,True,cache/fig2_paplpc__df_analysis.pkl,1|2,,,34|114,A1|A2|A3|A4|A5|A6|A7|A8|A9|A10|A11|A12|B1|B2|B3|B4|B5|B6|B7|B8|B9|B10|B11|B12|C1|C2|C3|C4|C5|C6|C7|C8|C9|C10|C11|C12|D1|D2|D3|D4|D5|D6|D7|D8|D9|D10|D11|D12,1|2|3|4,1|2|3|4|5|6|7|8|9|10|11|12
fig2_paplpc,P2,P,2,Amikacin,3.223472622720201,34.40183238139791,P2,culture,2,confirmed 17 August 2026,True,cache/fig2_paplpc__df_analysis.pkl,1|2,,,34|114,D1|D2|D3|D4|D5|D6|D7|D8|D9|D10|D11|D12|E1|E2|E3|E4|E5|E6|E7|E8|E9|E10|E11|E12|F1|F2|F3|F4|F5|F6|F7|F8|F9|F10|F11|F12|G1|G2|G3|G4|G5|G6|G7|G8|G9|G10|G11|G12,4|5|6|7,1|2|3|4|5|6|7|8|9|10|11|12
fig2_paplpc,P3,P,3,Amikacin,3.531480499059938,28.66918509176829,P3,culture,3,confirmed 17 August 2026,True,cache/fig2_paplpc__df_analysis.pkl,1|2,,,34|35|115,G1|G2|G3|G4|G5|G6|G7|G8|G9|G10|G11|G12|A1|A2|A3|A4|A5|A6|A7|A8|A9|A10|A11|A12|B1|B2|B3|B4|B5|B6|B7|B8|B9|B10|B11|B12|C1|C2|C3|C4|C5|C6|C7|C8|C9|C10|C11|C12|D1|D2|D3|D4|D5|D6|D7|D8|D9|D10|D11|D12,7|1|2|3|4,1|2|3|4|5|6|7|8|9|10|11|12
fig2_paplpc,P4,P,4,Amikacin,2.9855803093276463,41.08543898857884,P4,culture,4,confirmed 17 August 2026,True,cache/fig2_paplpc__df_analysis.pkl,1|2,,,35|115,C1|C2|C3|C4|C5|C6|C7|C8|C9|C10|C11|C12|D1|D2|D3|D4|D5|D6|D7|D8|D9|D10|D11|D12|E1|E2|E3|E4|E5|E6|E7|E8|E9|E10|E11|E12|F1|F2|F3|F4|F5|F6|F7|F8|F9|F10|F11|F12|G1|G2|G3|G4|G5|G6|G7|G8|G9|G10|G11|G12,3|4|5|6|7,1|2|3|4|5|6|7|8|9|10|11|12
fig2_paplpc,P5,P,5,Amikacin,2.793775192217125,32.33970561545491,P5,culture,5,confirmed 17 August 2026,True,cache/fig2_paplpc__df_analysis.pkl,1|2,,,35|36|116,F1|F2|F3|F4|F5|F6|F7|F8|F9|F10|F11|F12|G1|G2|G3|G4|G5|G6|G7|G8|G9|G10|G11|G12|A1|A2|A3|A4|A5|A6|A7|A8|A9|A10|A11|A12|B1|B2|B3|B4|B5|B6|B7|B8|B9|B10|B11|B12|C1|C2|C3|C4|C5|C6|C7|C8|C9|C10|C11|C12|D1|D2|D3|D4|D5|D6|D7|D8|D9|D10|D11|D12,6|7|1|2|3|4,1|2|3|4|5|6|7|8|9|10|11|12
fig2_paplpc,P6,P,6,Amikacin,1.8671780258019623,26.28682926586932,P6,culture,6,confirmed 17 August 2026,True,cache/fig2_paplpc__df_analysis.pkl,1|2,,,36|116,B1|B2|B3|B4|B5|B6|B7|B8|B9|B10|B11|B12|C1|C2|C3|C4|C5|C6|C7|C8|C9|C10|C11|C12|D1|D2|D3|D4|D5|D6|D7|D8|D9|D10|D11|D12|E1|E2|E3|E4|E5|E6|E7|E8|E9|E10|E11|E12|F1|F2|F3|F4|F5|F6|F7|F8|F9|F10|F11|F12|G1|G2|G3|G4|G5|G6|G7|G8|G9|G10|G11|G12,2|3|4|5|6|7,1|2|3|4|5|6|7|8|9|10|11|12
fig2_paplpc,P7,P,7,Amikacin,2.3428260777137524,26.66288314867671,P7,culture,7,confirmed 17 August 2026,True,cache/fig2_paplpc__df_analysis.pkl,1,,,36,E1|E2|E3|E4|E5|E6|E7|E8|E9|E10|E11|E12|F1|F2|F3|F4|F5|F6|F7|F8|F9|F10|F11|F12|G1|G2|G3|G4|G5|G6|G7|G8|G9|G10|G11|G12,5|6|7,1|2|3|4|5|6|7|8|9|10|11|12
fig2_paplpc,P8,P,8,Amikacin,3.1204141050789835,45.63122815387165,P8,culture,8,confirmed 17 August 2026,True,cache/fig2_paplpc__df_analysis.pkl,1,,,37,A1|A2|A3|A4|A5|A6|A7|A8|A9|A10|A11|A12|B1|B2|B3|B4|B5|B6|B7|B8|B9|B10|B11|B12|C1|C2|C3|C4|C5|C6|C7|C8|C9|C10|C11|C12,1|2|3,1|2|3|4|5|6|7|8|9|10|11|12
fig2_paplpc,P9,P,9,Amikacin,4.78367664930266,98.61428507992309,P9,culture,9,confirmed 17 August 2026,True,cache/fig2_paplpc__df_analysis.pkl,1,,,37,D1|D2|D3|D4|D5|D6|D7|D8|D9|D10|D11|D12|E1|E2|E3|E4|E5|E6|E7|E8|E9|E10|E11|E12|F1|F2|F3|F4|F5|F6|F7|F8|F9|F10|F11|F12,4|5|6,1|2|3|4|5|6|7|8|9|10|11|12
fig2_paplpc,P10,P,10,Amikacin,3.2845679945527646,55.84735668287935,P10,culture,10,confirmed 17 August 2026,True,cache/fig2_paplpc__df_analysis.pkl,1,,,37|38,G1|G2|G3|G4|G5|G6|G7|G8|G9|G10|G11|G12|A1|A2|A3|A4|A5|A6|A7|A8|A9|A10|A11|A12|B1|B2|B3|B4|B5|B6|B7|B8|B9|B10|B11|B12,7|1|2,1|2|3|4|5|6|7|8|9|10|11|12
fig2_paplpc,PA1,PA,1,Amikacin,28.42641146008283,695.2657879010369,PA1,culture,1,confirmed 17 August 2026,True,cache/fig2_paplpc__df_analysis.pkl,1,,,38,C1|C2|C3|C4|C5|C6|C7|C8|C9|C10|C11|C12|D1|D2|D3|D4|D5|D6|D7|D8|D9|D10|D11|D12|E1|E2|E3|E4|E5|E6|E7|E8|E9|E10|E11|E12,3|4|5,1|2|3|4|5|6|7|8|9|10|11|12
fig2_paplpc,PA2,PA,2,Amikacin,27.381910006069592,452.4027788935952,PA2,culture,2,confirmed 17 August 2026,True,cache/fig2_paplpc__df_analysis.pkl,1,,,38|39,F1|F2|F3|F4|F5|F6|F7|F8|F9|F10|F11|F12|G1|G2|G3|G4|G5|G6|G7|G8|G9|G10|G11|G12|A1|A2|A3|A4|A5|A6|A7|A8|A9|A10|A11|A12,6|7|1,1|2|3|4|5|6|7|8|9|10|11|12
fig2_paplpc,PA3,PA,3,Amikacin,31.88495518789734,884.5049308397129,PA3,culture,3,confirmed 17 August 2026,True,cache/fig2_paplpc__df_analysis.pkl,1,,,39,B1|B2|B3|B4|B5|B6|B7|B8|B9|B10|B11|B12|C1|C2|C3|C4|C5|C6|C7|C8|C9|C10|C11|C12|D1|D2|D3|D4|D5|D6|D7|D8|D9|D10|D11|D12,2|3|4,1|2|3|4|5|6|7|8|9|10|11|12
fig2_paplpc,PA4,PA,4,Amikacin,27.1815430097282,259.2547849030515,PA4,culture,4,confirmed 17 August 2026,True,cache/fig2_paplpc__df_analysis.pkl,1,,,39,E1|E2|E3|E4|E5|E6|E7|E8|E9|E10|E11|E12|F1|F2|F3|F4|F5|F6|F7|F8|F9|F10|F11|F12|G1|G2|G3|G4|G5|G6|G7|G8|G9|G10|G11|G12,5|6|7,1|2|3|4|5|6|7|8|9|10|11|12
fig2_paplpc,PA5,PA,5,Amikacin,52.77797483532102,192.99152063708019,PA5,culture,5,confirmed 17 August 2026,True,cache/fig2_paplpc__df_analysis.pkl,1,,,40,A1|A2|A3|A4|A5|A6|A7|A8|A9|A10|A11|A12|B1|B2|B3|B4|B5|B6|B7|B8|B9|B10|B11|B12|C1|C2|C3|C4|C5|C6|C7|C8|C9|C10|C11|C12,1|2|3,1|2|3|4|5|6|7|8|9|10|11|12
fig2_paplpc,PA6,PA,6,Amikacin,74.22648767920991,117.65668927387347,PA6,culture,6,confirmed 17 August 2026,True,cache/fig2_paplpc__df_analysis.pkl,1,,,40,D1|D2|D3|D4|D5|D6|D7|D8|D9|D10|D11|D12|E1|E2|E3|E4|E5|E6|E7|E8|E9|E10|E11|E12|F1|F2|F3|F4|F5|F6|F7|F8|F9|F10|F11|F12,4|5|6,1|2|3|4|5|6|7|8|9|10|11|12
fig2_paplpc,PA7,PA,7,Amikacin,51.05820419828167,189.53751634238293,PA7,culture,7,confirmed 17 August 2026,True,cache/fig2_paplpc__df_analysis.pkl,1,,,40|41,G1|G2|G3|G4|G5|G6|G7|G8|G9|G10|G11|G12|A1|A2|A3|A4|A5|A6|A7|A8|A9|A10|A11|A12|B1|B2|B3|B4|B5|B6|B7|B8|B9|B10|B11|B12,7|1|2,1|2|3|4|5|6|7|8|9|10|11|12
fig2_paplpc,PA8,PA,8,Amikacin,41.94158605588169,232.6434241414412,PA8,culture,8,confirmed 17 August 2026,True,cache/fig2_paplpc__df_analysis.pkl,1,,,41,C1|C2|C3|C4|C5|C6|C7|C8|C9|C10|C11|C12|D1|D2|D3|D4|D5|D6|D7|D8|D9|D10|D11|D12|E1|E2|E3|E4|E5|E6|E7|E8|E9|E10|E11|E12,3|4|5,1|2|3|4|5|6|7|8|9|10|11|12
fig2_paplpc,PA9,PA,9,Amikacin,26.32085132598235,78.87156489040086,PA9,culture,9,confirmed 17 August 2026,True,cache/fig2_paplpc__df_analysis.pkl,1,,,41|42,F1|F2|F3|F4|F5|F6|F7|F8|F9|F10|F11|F12|G1|G2|G3|G4|G5|G6|G7|G8|G9|G10|G11|G12|A1|A2|A3|A4|A5|A6|A7|A8|A9|A10|A11|A12,6|7|1,1|2|3|4|5|6|7|8|9|10|11|12
fig2_paplpc,PA10,PA,10,Amikacin,27.436938867570547,147.70964271295367,PA10,culture,10,confirmed 17 August 2026,True,cache/fig2_paplpc__df_analysis.pkl,1,,,42,B1|B2|B3|B4|B5|B6|B7|B8|B9|B10|B11|B12|C1|C2|C3|C4|C5|C6|C7|C8|C9|C10|C11|C12|D1|D2|D3|D4|D5|D6|D7|D8|D9|D10|D11|D12,2|3|4,1|2|3|4|5|6|7|8|9|10|11|12
fig2_paplpc,PC1,PC,1,Amikacin,2.7323929429653484,30.534660571266887,PC1,culture,1,confirmed 17 August 2026,True,cache/fig2_paplpc__df_analysis.pkl,1,,,42,E1|E2|E3|E4|E5|E6|E7|E8|E9|E10|E11|E12|F1|F2|F3|F4|F5|F6|F7|F8|F9|F10|F11|F12|G1|G2|G3|G4|G5|G6|G7|G8|G9|G10|G11|G12,5|6|7,1|2|3|4|5|6|7|8|9|10|11|12
fig2_paplpc,PC2,PC,2,Amikacin,2.992201322299042,25.76784446056371,PC2,culture,2,confirmed 17 August 2026,True,cache/fig2_paplpc__df_analysis.pkl,1,,,43,A1|A2|A3|A4|A5|A6|A7|A8|A9|A10|A11|A12|B1|B2|B3|B4|B5|B6|B7|B8|B9|B10|B11|B12|C1|C2|C3|C4|C5|C6|C7|C8|C9|C10|C11|C12,1|2|3,1|2|3|4|5|6|7|8|9|10|11|12
fig2_paplpc,PC3,PC,3,Amikacin,3.126327407968998,47.45759656069047,PC3,culture,3,confirmed 17 August 2026,True,cache/fig2_paplpc__df_analysis.pkl,1,,,43,D1|D2|D3|D4|D5|D6|D7|D8|D9|D10|D11|D12|E1|E2|E3|E4|E5|E6|E7|E8|E9|E10|E11|E12|F1|F2|F3|F4|F5|F6|F7|F8|F9|F10|F11|F12,4|5|6,1|2|3|4|5|6|7|8|9|10|11|12
fig2_paplpc,PC4,PC,4,Amikacin,3.640022719300203,46.79452941812258,PC4,culture,4,confirmed 17 August 2026,True,cache/fig2_paplpc__df_analysis.pkl,1,,,43|44,G1|G2|G3|G4|G5|G6|G7|G8|G9|G10|G11|G12|A1|A2|A3|A4|A5|A6|A7|A8|A9|A10|A11|A12|B1|B2|B3|B4|B5|B6|B7|B8|B9|B10|B11|B12,7|1|2,1|2|3|4|5|6|7|8|9|10|11|12
fig2_paplpc,PC5,PC,5,Amikacin,4.3059085413475,20.136472273137272,PC5,culture,5,confirmed 17 August 2026,True,cache/fig2_paplpc__df_analysis.pkl,1,,,44,C1|C2|C3|C4|C5|C6|C7|C8|C9|C10|C11|C12|D1|D2|D3|D4|D5|D6|D7|D8|D9|D10|D11|D12|E1|E2|E3|E4|E5|E6|E7|E8|E9|E10|E11|E12,3|4|5,1|2|3|4|5|6|7|8|9|10|11|12
fig2_paplpc,PC6,PC,6,Amikacin,2.8549888500756953,18.475747449732566,PC6,culture,6,confirmed 17 August 2026,True,cache/fig2_paplpc__df_analysis.pkl,1,,,44|45,F1|F2|F3|F4|F5|F6|F7|F8|F9|F10|F11|F12|G1|G2|G3|G4|G5|G6|G7|G8|G9|G10|G11|G12|A1|A2|A3|A4|A5|A6|A7|A8|A9|A10|A11|A12,6|7|1,1|2|3|4|5|6|7|8|9|10|11|12
fig2_paplpc,PC7,PC,7,Amikacin,2.608472597192894,30.282961132678594,PC7,culture,7,confirmed 17 August 2026,True,cache/fig2_paplpc__df_analysis.pkl,1,,,45,B1|B2|B3|B4|B5|B6|B7|B8|B9|B10|B11|B12|C1|C2|C3|C4|C5|C6|C7|C8|C9|C10|C11|C12|D1|D2|D3|D4|D5|D6|D7|D8|D9|D10|D11|D12,2|3|4,1|2|3|4|5|6|7|8|9|10|11|12
fig2_paplpc,PC8,PC,8,Amikacin,2.343923298040108,14.717764612979801,PC8,culture,8,confirmed 17 August 2026,True,cache/fig2_paplpc__df_analysis.pkl,1,,,45,E1|E2|E3|E4|E5|E6|E7|E8|E9|E10|E11|E12|F1|F2|F3|F4|F5|F6|F7|F8|F9|F10|F11|F12|G1|G2|G3|G4|G5|G6|G7|G8|G9|G10|G11|G12,5|6|7,1|2|3|4|5|6|7|8|9|10|11|12
fig2_paplpc,PC9,PC,9,Amikacin,4.210392041545271,50.469013627197135,PC9,culture,9,confirmed 17 August 2026,True,cache/fig2_paplpc__df_analysis.pkl,1,,,46,A1|A2|A3|A4|A5|A6|A7|A8|A9|A10|A11|A12|B1|B2|B3|B4|B5|B6|B7|B8|B9|B10|B11|B12|C1|C2|C3|C4|C5|C6|C7|C8|C9|C10|C11|C12,1|2|3,1|2|3|4|5|6|7|8|9|10|11|12
fig2_paplpc,PC10,PC,10,Amikacin,5.097102660112946,35.369026920775994,PC10,culture,10,confirmed 17 August 2026,True,cache/fig2_paplpc__df_analysis.pkl,1,,,46,D1|D2|D3|D4|D5|D6|D7|D8|D9|D10|D11|D12|E1|E2|E3|E4|E5|E6|E7|E8|E9|E10|E11|E12|F1|F2|F3|F4|F5|F6|F7|F8|F9|F10|F11|F12,4|5|6,1|2|3|4|5|6|7|8|9|10|11|12
fig2_paplpc,PL1,PL,1,Amikacin,2.2771916279156525,10.092173794926465,PL1,culture,1,confirmed 17 August 2026,True,cache/fig2_paplpc__df_analysis.pkl,1,,,46|47,G1|G2|G3|G4|G5|G6|G7|G8|G9|G10|G11|G12|A1|A2|A3|A4|A5|A6|A7|A8|A9|A10|A11|A12|B1|B2|B3|B4|B5|B6|B7|B8|B9|B10|B11|B12,7|1|2,1|2|3|4|5|6|7|8|9|10|11|12
fig2_paplpc,PL2,PL,2,Amikacin,5.801776731063872,19.77662666052216,PL2,culture,2,confirmed 17 August 2026,True,cache/fig2_paplpc__df_analysis.pkl,1,,,47,C1|C2|C3|C4|C5|C6|C7|C8|C9|C10|C11|C12|D1|D2|D3|D4|D5|D6|D7|D8|D9|D10|D11|D12|E1|E2|E3|E4|E5|E6|E7|E8|E9|E10|E11|E12,3|4|5,1|2|3|4|5|6|7|8|9|10|11|12
fig2_paplpc,PL3,PL,3,Amikacin,2.3089195341759243,18.95852064190424,PL3,culture,3,confirmed 17 August 2026,True,cache/fig2_paplpc__df_analysis.pkl,1,,,47|48,F1|F2|F3|F4|F5|F6|F7|F8|F9|F10|F11|F12|G1|G2|G3|G4|G5|G6|G7|G8|G9|G10|G11|G12|A1|A2|A3|A4|A5|A6|A7|A8|A9|A10|A11|A12,6|7|1,1|2|3|4|5|6|7|8|9|10|11|12
fig2_paplpc,PL4,PL,4,Amikacin,3.251995655954399,28.401149196712165,PL4,culture,4,confirmed 17 August 2026,True,cache/fig2_paplpc__df_analysis.pkl,1,,,48,B1|B2|B3|B4|B5|B6|B7|B8|B9|B10|B11|B12|C1|C2|C3|C4|C5|C6|C7|C8|C9|C10|C11|C12|D1|D2|D3|D4|D5|D6|D7|D8|D9|D10|D11|D12,2|3|4,1|2|3|4|5|6|7|8|9|10|11|12
fig2_paplpc,PL5,PL,5,Amikacin,2.3231349414532674,18.318917014092648,PL5,culture,5,confirmed 17 August 2026,True,cache/fig2_paplpc__df_analysis.pkl,1,,,48,E1|E2|E3|E4|E5|E6|E7|E8|E9|E10|E11|E12|F1|F2|F3|F4|F5|F6|F7|F8|F9|F10|F11|F12|G1|G2|G3|G4|G5|G6|G7|G8|G9|G10|G11|G12,5|6|7,1|2|3|4|5|6|7|8|9|10|11|12
fig2_paplpc,PL6,PL,6,Amikacin,2.270049085626627,4.107280875149,PL6,culture,6,confirmed 17 August 2026,True,cache/fig2_paplpc__df_analysis.pkl,1,,,49,A1|A2|A3|A4|A5|A6|A7|A8|A9|A10|A11|A12|B1|B2|B3|B4|B5|B6|B7|B8|B9|B10|B11|B12|C1|C2|C3|C4|C5|C6|C7|C8|C9|C10|C11|C12,1|2|3,1|2|3|4|5|6|7|8|9|10|11|12
fig2_paplpc,PL7,PL,7,Amikacin,4.758441719809861,73.9565535850617,PL7,culture,7,confirmed 17 August 2026,True,cache/fig2_paplpc__df_analysis.pkl,1,,,49,D1|D2|D3|D4|D5|D6|D7|D8|D9|D10|D11|D12|E1|E2|E3|E4|E5|E6|E7|E8|E9|E10|E11|E12|F1|F2|F3|F4|F5|F6|F7|F8|F9|F10|F11|F12,4|5|6,1|2|3|4|5|6|7|8|9|10|11|12
fig2_paplpc,PL8,PL,8,Amikacin,2.0700224242491054,17.421044132749657,PL8,culture,8,confirmed 17 August 2026,True,cache/fig2_paplpc__df_analysis.pkl,1,,,49|50,G1|G2|G3|G4|G5|G6|G7|G8|G9|G10|G11|G12|A1|A2|A3|A4|A5|A6|A7|A8|A9|A10|A11|A12|B1|B2|B3|B4|B5|B6|B7|B8|B9|B10|B11|B12,7|1|2,1|2|3|4|5|6|7|8|9|10|11|12
fig2_paplpc,PL9,PL,9,Amikacin,3.012459200174423,20.254625405415148,PL9,culture,9,confirmed 17 August 2026,True,cache/fig2_paplpc__df_analysis.pkl,1,,,50,C1|C2|C3|C4|C5|C6|C7|C8|C9|C10|C11|C12|D1|D2|D3|D4|D5|D6|D7|D8|D9|D10|D11|D12|E1|E2|E3|E4|E5|E6|E7|E8|E9|E10|E11|E12,3|4|5,1|2|3|4|5|6|7|8|9|10|11|12
fig2_paplpc,PL10,PL,10,Amikacin,3.661077106077072,21.83284016720712,PL10,culture,10,confirmed 17 August 2026,True,cache/fig2_paplpc__df_analysis.pkl,1,,,50|51,F1|F2|F3|F4|F5|F6|F7|F8|F9|F10|F11|F12|G1|G2|G3|G4|G5|G6|G7|G8|G9|G10|G11|G12|A1|A2|A3|A4|A5|A6|A7|A8|A9|A10|A11|A12,6|7|1,1|2|3|4|5|6|7|8|9|10|11|12
fig2_paplpc,P1,P,1,Cefepime,0.038326503495386084,0.16894828525728908,P1,culture,1,confirmed 17 August 2026,True,cache/fig2_paplpc__df_analysis.pkl,1|2,,,67|128|130,A1|A2|A3|A4|A5|A6|A7|A8|A9|A10|A11|A12|B1|B2|B3|B4|B5|B6|B7|B8|B9|B10|B11|B12|C1|C2|C3|C4|C5|C6|C7|C8|C9|C10|C11|C12|D1|D2|D3|D4|D5|D6|D7|D8|D9|D10|D11|D12,1|2|3|4,1|2|3|4|5|6|7|8|9|10|11|12
fig2_paplpc,P2,P,2,Cefepime,0.03769818783462549,0.31442615598493306,P2,culture,2,confirmed 17 August 2026,True,cache/fig2_paplpc__df_analysis.pkl,1|2,,,67|128|130,D1|D2|D3|D4|D5|D6|D7|D8|D9|D10|D11|D12|E1|E2|E3|E4|E5|E6|E7|E8|E9|E10|E11|E12|F1|F2|F3|F4|F5|F6|F7|F8|F9|F10|F11|F12|G1|G2|G3|G4|G5|G6|G7|G8|G9|G10|G11|G12,4|5|6|7,1|2|3|4|5|6|7|8|9|10|11|12
fig2_paplpc,P3,P,3,Cefepime,0.02806047660761293,0.15922005026167838,P3,culture,3,confirmed 17 August 2026,True,cache/fig2_paplpc__df_analysis.pkl,1|2,,,67|68|129|130,G1|G2|G3|G4|G5|G6|G7|G8|G9|G10|G11|G12|A1|A2|A3|A4|A5|A6|A7|A8|A9|A10|A11|A12|B1|B2|B3|B4|B5|B6|B7|B8|B9|B10|B11|B12|C1|C2|C3|C4|C5|C6|C7|C8|C9|C10|C11|C12|D1|D2|D3|D4|D5|D6|D7|D8|D9|D10|D11|D12,7|1|2|3|4,1|2|3|4|5|6|7|8|9|10|11|12
fig2_paplpc,P4,P,4,Cefepime,0.03381407040760437,0.3402523743994889,P4,culture,4,confirmed 17 August 2026,True,cache/fig2_paplpc__df_analysis.pkl,1|2,,,68|129|130,C1|C2|C3|C4|C5|C6|C7|C8|C9|C10|C11|C12|D1|D2|D3|D4|D5|D6|D7|D8|D9|D10|D11|D12|E1|E2|E3|E4|E5|E6|E7|E8|E9|E10|E11|E12|F1|F2|F3|F4|F5|F6|F7|F8|F9|F10|F11|F12|G1|G2|G3|G4|G5|G6|G7|G8|G9|G10|G11|G12,3|4|5|6|7,1|2|3|4|5|6|7|8|9|10|11|12
fig2_paplpc,P5,P,5,Cefepime,0.04303544639928328,0.22556117264683728,P5,culture,5,confirmed 17 August 2026,True,cache/fig2_paplpc__df_analysis.pkl,1|2,,,68|69|131|133,F1|F2|F3|F4|F5|F6|F7|F8|F9|F10|F11|F12|G1|G2|G3|G4|G5|G6|G7|G8|G9|G10|G11|G12|A1|A2|A3|A4|A5|A6|A7|A8|A9|A10|A11|A12|B1|B2|B3|B4|B5|B6|B7|B8|B9|B10|B11|B12|C1|C2|C3|C4|C5|C6|C7|C8|C9|C10|C11|C12|D1|D2|D3|D4|D5|D6|D7|D8|D9|D10|D11|D12,6|7|1|2|3|4,1|2|3|4|5|6|7|8|9|10|11|12
fig2_paplpc,P6,P,6,Cefepime,0.035611559644781514,0.09660866489543081,P6,culture,6,confirmed 17 August 2026,True,cache/fig2_paplpc__df_analysis.pkl,1|2,,,69|131|133,B1|B2|B3|B4|B5|B6|B7|B8|B9|B10|B11|B12|C1|C2|C3|C4|C5|C6|C7|C8|C9|C10|C11|C12|D1|D2|D3|D4|D5|D6|D7|D8|D9|D10|D11|D12|E1|E2|E3|E4|E5|E6|E7|E8|E9|E10|E11|E12|F1|F2|F3|F4|F5|F6|F7|F8|F9|F10|F11|F12|G1|G2|G3|G4|G5|G6|G7|G8|G9|G10|G11|G12,2|3|4|5|6|7,1|2|3|4|5|6|7|8|9|10|11|12
fig2_paplpc,P7,P,7,Cefepime,0.04003177222717989,0.06297940786573564,P7,culture,7,confirmed 17 August 2026,True,cache/fig2_paplpc__df_analysis.pkl,1,,,69,E1|E2|E3|E4|E5|E6|E7|E8|E9|E10|E11|E12|F1|F2|F3|F4|F5|F6|F7|F8|F9|F10|F11|F12|G1|G2|G3|G4|G5|G6|G7|G8|G9|G10|G11|G12,5|6|7,1|2|3|4|5|6|7|8|9|10|11|12
fig2_paplpc,P8,P,8,Cefepime,0.046615563090480185,0.22462497949520535,P8,culture,8,confirmed 17 August 2026,True,cache/fig2_paplpc__df_analysis.pkl,1,,,70,A1|A2|A3|A4|A5|A6|A7|A8|A9|A10|A11|A12|B1|B2|B3|B4|B5|B6|B7|B8|B9|B10|B11|B12|C1|C2|C3|C4|C5|C6|C7|C8|C9|C10|C11|C12,1|2|3,1|2|3|4|5|6|7|8|9|10|11|12
fig2_paplpc,P9,P,9,Cefepime,0.049389032340961606,0.13461773366213906,P9,culture,9,confirmed 17 August 2026,True,cache/fig2_paplpc__df_analysis.pkl,1,,,70,D1|D2|D3|D4|D5|D6|D7|D8|D9|D10|D11|D12|E1|E2|E3|E4|E5|E6|E7|E8|E9|E10|E11|E12|F1|F2|F3|F4|F5|F6|F7|F8|F9|F10|F11|F12,4|5|6,1|2|3|4|5|6|7|8|9|10|11|12
fig2_paplpc,P10,P,10,Cefepime,0.034044348881338386,0.05586367778214366,P10,culture,10,confirmed 17 August 2026,True,cache/fig2_paplpc__df_analysis.pkl,1,,,70|71,G1|G2|G3|G4|G5|G6|G7|G8|G9|G10|G11|G12|A1|A2|A3|A4|A5|A6|A7|A8|A9|A10|A11|A12|B1|B2|B3|B4|B5|B6|B7|B8|B9|B10|B11|B12,7|1|2,1|2|3|4|5|6|7|8|9|10|11|12
fig2_paplpc,PA1,PA,1,Cefepime,0.02731028021389431,0.05583602736435903,PA1,culture,1,confirmed 17 August 2026,True,cache/fig2_paplpc__df_analysis.pkl,1,,,71,C1|C2|C3|C4|C5|C6|C7|C8|C9|C10|C11|C12|D1|D2|D3|D4|D5|D6|D7|D8|D9|D10|D11|D12|E1|E2|E3|E4|E5|E6|E7|E8|E9|E10|E11|E12,3|4|5,1|2|3|4|5|6|7|8|9|10|11|12
fig2_paplpc,PA2,PA,2,Cefepime,0.04032160211936248,0.1295436874423724,PA2,culture,2,confirmed 17 August 2026,True,cache/fig2_paplpc__df_analysis.pkl,1,,,71|72,F1|F2|F3|F4|F5|F6|F7|F8|F9|F10|F11|F12|G1|G2|G3|G4|G5|G6|G7|G8|G9|G10|G11|G12|A1|A2|A3|A4|A5|A6|A7|A8|A9|A10|A11|A12,6|7|1,1|2|3|4|5|6|7|8|9|10|11|12
fig2_paplpc,PA3,PA,3,Cefepime,0.04353469356553015,0.11127862050843979,PA3,culture,3,confirmed 17 August 2026,True,cache/fig2_paplpc__df_analysis.pkl,1,,,72,B1|B2|B3|B4|B5|B6|B7|B8|B9|B10|B11|B12|C1|C2|C3|C4|C5|C6|C7|C8|C9|C10|C11|C12|D1|D2|D3|D4|D5|D6|D7|D8|D9|D10|D11|D12,2|3|4,1|2|3|4|5|6|7|8|9|10|11|12
fig2_paplpc,PA4,PA,4,Cefepime,0.02119994567474019,0.0581638665428073,PA4,culture,4,confirmed 17 August 2026,True,cache/fig2_paplpc__df_analysis.pkl,1,,,72,E1|E2|E3|E4|E5|E6|E7|E8|E9|E10|E11|E12|F1|F2|F3|F4|F5|F6|F7|F8|F9|F10|F11|F12|G1|G2|G3|G4|G5|G6|G7|G8|G9|G10|G11|G12,5|6|7,1|2|3|4|5|6|7|8|9|10|11|12
fig2_paplpc,PA5,PA,5,Cefepime,0.02445207028196175,0.05803561003480012,PA5,culture,5,confirmed 17 August 2026,True,cache/fig2_paplpc__df_analysis.pkl,1,,,73,A1|A2|A3|A4|A5|A6|A7|A8|A9|A10|A11|A12|B1|B2|B3|B4|B5|B6|B7|B8|B9|B10|B11|B12|C1|C2|C3|C4|C5|C6|C7|C8|C9|C10|C11|C12,1|2|3,1|2|3|4|5|6|7|8|9|10|11|12
fig2_paplpc,PA6,PA,6,Cefepime,0.024174156644885293,0.046765895433903845,PA6,culture,6,confirmed 17 August 2026,True,cache/fig2_paplpc__df_analysis.pkl,1,,,73,D1|D2|D3|D4|D5|D6|D7|D8|D9|D10|D11|D12|E1|E2|E3|E4|E5|E6|E7|E8|E9|E10|E11|E12|F1|F2|F3|F4|F5|F6|F7|F8|F9|F10|F11|F12,4|5|6,1|2|3|4|5|6|7|8|9|10|11|12
fig2_paplpc,PA7,PA,7,Cefepime,0.03021096027059328,0.07232444105469793,PA7,culture,7,confirmed 17 August 2026,True,cache/fig2_paplpc__df_analysis.pkl,1,,,73|74,G1|G2|G3|G4|G5|G6|G7|G8|G9|G10|G11|G12|A1|A2|A3|A4|A5|A6|A7|A8|A9|A10|A11|A12|B1|B2|B3|B4|B5|B6|B7|B8|B9|B10|B11|B12,7|1|2,1|2|3|4|5|6|7|8|9|10|11|12
fig2_paplpc,PA8,PA,8,Cefepime,0.03418043827246335,0.06546100024628619,PA8,culture,8,confirmed 17 August 2026,True,cache/fig2_paplpc__df_analysis.pkl,1,,,74,C1|C2|C3|C4|C5|C6|C7|C8|C9|C10|C11|C12|D1|D2|D3|D4|D5|D6|D7|D8|D9|D10|D11|D12|E1|E2|E3|E4|E5|E6|E7|E8|E9|E10|E11|E12,3|4|5,1|2|3|4|5|6|7|8|9|10|11|12
fig2_paplpc,PA9,PA,9,Cefepime,0.033971710253505344,0.10996142628153775,PA9,culture,9,confirmed 17 August 2026,True,cache/fig2_paplpc__df_analysis.pkl,1,,,74|75,F1|F2|F3|F4|F5|F6|F7|F8|F9|F10|F11|F12|G1|G2|G3|G4|G5|G6|G7|G8|G9|G10|G11|G12|A1|A2|A3|A4|A5|A6|A7|A8|A9|A10|A11|A12,6|7|1,1|2|3|4|5|6|7|8|9|10|11|12
fig2_paplpc,PA10,PA,10,Cefepime,0.02962058440112561,0.06336779691649314,PA10,culture,10,confirmed 17 August 2026,True,cache/fig2_paplpc__df_analysis.pkl,1,,,75,B1|B2|B3|B4|B5|B6|B7|B8|B9|B10|B11|B12|C1|C2|C3|C4|C5|C6|C7|C8|C9|C10|C11|C12|D1|D2|D3|D4|D5|D6|D7|D8|D9|D10|D11|D12,2|3|4,1|2|3|4|5|6|7|8|9|10|11|12
fig2_paplpc,PC1,PC,1,Cefepime,0.07417280716005543,0.14203172643612602,PC1,culture,1,confirmed 17 August 2026,True,cache/fig2_paplpc__df_analysis.pkl,1,,,75,E1|E2|E3|E4|E5|E6|E7|E8|E9|E10|E11|E12|F1|F2|F3|F4|F5|F6|F7|F8|F9|F10|F11|F12|G1|G2|G3|G4|G5|G6|G7|G8|G9|G10|G11|G12,5|6|7,1|2|3|4|5|6|7|8|9|10|11|12
fig2_paplpc,PC2,PC,2,Cefepime,0.07047600084750573,0.1217631218765366,PC2,culture,2,confirmed 17 August 2026,True,cache/fig2_paplpc__df_analysis.pkl,1,,,76,A1|A2|A3|A4|A5|A6|A7|A8|A9|A10|A11|A12|B1|B2|B3|B4|B5|B6|B7|B8|B9|B10|B11|B12|C1|C2|C3|C4|C5|C6|C7|C8|C9|C10|C11|C12,1|2|3,1|2|3|4|5|6|7|8|9|10|11|12
fig2_paplpc,PC3,PC,3,Cefepime,0.04872712995993276,0.13924029008213587,PC3,culture,3,confirmed 17 August 2026,True,cache/fig2_paplpc__df_analysis.pkl,1,,,76,D1|D2|D3|D4|D5|D6|D7|D8|D9|D10|D11|D12|E1|E2|E3|E4|E5|E6|E7|E8|E9|E10|E11|E12|F1|F2|F3|F4|F5|F6|F7|F8|F9|F10|F11|F12,4|5|6,1|2|3|4|5|6|7|8|9|10|11|12
fig2_paplpc,PC4,PC,4,Cefepime,0.07540441859751328,0.11478144651592262,PC4,culture,4,confirmed 17 August 2026,True,cache/fig2_paplpc__df_analysis.pkl,1,,,76|77,G1|G2|G3|G4|G5|G6|G7|G8|G9|G10|G11|G12|A1|A2|A3|A4|A5|A6|A7|A8|A9|A10|A11|A12|B1|B2|B3|B4|B5|B6|B7|B8|B9|B10|B11|B12,7|1|2,1|2|3|4|5|6|7|8|9|10|11|12
fig2_paplpc,PC5,PC,5,Cefepime,0.031131711456459717,0.1077927745643726,PC5,culture,5,confirmed 17 August 2026,True,cache/fig2_paplpc__df_analysis.pkl,1,,,77,C1|C2|C3|C4|C5|C6|C7|C8|C9|C10|C11|C12|D1|D2|D3|D4|D5|D6|D7|D8|D9|D10|D11|D12|E1|E2|E3|E4|E5|E6|E7|E8|E9|E10|E11|E12,3|4|5,1|2|3|4|5|6|7|8|9|10|11|12
fig2_paplpc,PC6,PC,6,Cefepime,0.06942133114071698,0.4873618980673283,PC6,culture,6,confirmed 17 August 2026,True,cache/fig2_paplpc__df_analysis.pkl,1,,,77|78,F1|F2|F3|F4|F5|F6|F7|F8|F9|F10|F11|F12|G1|G2|G3|G4|G5|G6|G7|G8|G9|G10|G11|G12|A1|A2|A3|A4|A5|A6|A7|A8|A9|A10|A11|A12,6|7|1,1|2|3|4|5|6|7|8|9|10|11|12
fig2_paplpc,PC7,PC,7,Cefepime,0.031665185014288146,0.15224272571821526,PC7,culture,7,confirmed 17 August 2026,True,cache/fig2_paplpc__df_analysis.pkl,1,,,78,B1|B2|B3|B4|B5|B6|B7|B8|B9|B10|B11|B12|C1|C2|C3|C4|C5|C6|C7|C8|C9|C10|C11|C12|D1|D2|D3|D4|D5|D6|D7|D8|D9|D10|D11|D12,2|3|4,1|2|3|4|5|6|7|8|9|10|11|12
fig2_paplpc,PC8,PC,8,Cefepime,0.12968426426949156,0.7624708937949576,PC8,culture,8,confirmed 17 August 2026,True,cache/fig2_paplpc__df_analysis.pkl,1,,,78,E1|E2|E3|E4|E5|E6|E7|E8|E9|E10|E11|E12|F1|F2|F3|F4|F5|F6|F7|F8|F9|F10|F11|F12|G1|G2|G3|G4|G5|G6|G7|G8|G9|G10|G11|G12,5|6|7,1|2|3|4|5|6|7|8|9|10|11|12
fig2_paplpc,PC9,PC,9,Cefepime,0.04888583670095269,0.0943373999879399,PC9,culture,9,confirmed 17 August 2026,True,cache/fig2_paplpc__df_analysis.pkl,1,,,79,A1|A2|A3|A4|A5|A6|A7|A8|A9|A10|A11|A12|B1|B2|B3|B4|B5|B6|B7|B8|B9|B10|B11|B12|C1|C2|C3|C4|C5|C6|C7|C8|C9|C10|C11|C12,1|2|3,1|2|3|4|5|6|7|8|9|10|11|12
fig2_paplpc,PC10,PC,10,Cefepime,0.09053623696093299,0.6433005691934823,PC10,culture,10,confirmed 17 August 2026,True,cache/fig2_paplpc__df_analysis.pkl,1,,,79,D1|D2|D3|D4|D5|D6|D7|D8|D9|D10|D11|D12|E1|E2|E3|E4|E5|E6|E7|E8|E9|E10|E11|E12|F1|F2|F3|F4|F5|F6|F7|F8|F9|F10|F11|F12,4|5|6,1|2|3|4|5|6|7|8|9|10|11|12
fig2_paplpc,PL1,PL,1,Cefepime,0.08635547041448322,0.4061740970830712,PL1,culture,1,confirmed 17 August 2026,True,cache/fig2_paplpc__df_analysis.pkl,1,,,79|80,G1|G2|G3|G4|G5|G6|G7|G8|G9|G10|G11|G12|A1|A2|A3|A4|A5|A6|A7|A8|A9|A10|A11|A12|B1|B2|B3|B4|B5|B6|B7|B8|B9|B10|B11|B12,7|1|2,1|2|3|4|5|6|7|8|9|10|11|12
fig2_paplpc,PL2,PL,2,Cefepime,0.12223689313336417,0.5783248688496058,PL2,culture,2,confirmed 17 August 2026,True,cache/fig2_paplpc__df_analysis.pkl,1,,,80,C1|C2|C3|C4|C5|C6|C7|C8|C9|C10|C11|C12|D1|D2|D3|D4|D5|D6|D7|D8|D9|D10|D11|D12|E1|E2|E3|E4|E5|E6|E7|E8|E9|E10|E11|E12,3|4|5,1|2|3|4|5|6|7|8|9|10|11|12
fig2_paplpc,PL3,PL,3,Cefepime,0.1254602900486695,1.2107969802273821,PL3,culture,3,confirmed 17 August 2026,True,cache/fig2_paplpc__df_analysis.pkl,1,,,80|81,F1|F2|F3|F4|F5|F6|F7|F8|F9|F10|F11|F12|G1|G2|G3|G4|G5|G6|G7|G8|G9|G10|G11|G12|A1|A2|A3|A4|A5|A6|A7|A8|A9|A10|A11|A12,6|7|1,1|2|3|4|5|6|7|8|9|10|11|12
fig2_paplpc,PL4,PL,4,Cefepime,0.05922847635829483,0.8386347936733005,PL4,culture,4,confirmed 17 August 2026,True,cache/fig2_paplpc__df_analysis.pkl,1,,,81,B1|B2|B3|B4|B5|B6|B7|B8|B9|B10|B11|B12|C1|C2|C3|C4|C5|C6|C7|C8|C9|C10|C11|C12|D1|D2|D3|D4|D5|D6|D7|D8|D9|D10|D11|D12,2|3|4,1|2|3|4|5|6|7|8|9|10|11|12
fig2_paplpc,PL5,PL,5,Cefepime,0.06892190597450333,0.5391920842033283,PL5,culture,5,confirmed 17 August 2026,True,cache/fig2_paplpc__df_analysis.pkl,1,,,81,E1|E2|E3|E4|E5|E6|E7|E8|E9|E10|E11|E12|F1|F2|F3|F4|F5|F6|F7|F8|F9|F10|F11|F12|G1|G2|G3|G4|G5|G6|G7|G8|G9|G10|G11|G12,5|6|7,1|2|3|4|5|6|7|8|9|10|11|12
fig2_paplpc,PL6,PL,6,Cefepime,0.07560772170520756,0.42867386133566904,PL6,culture,6,confirmed 17 August 2026,True,cache/fig2_paplpc__df_analysis.pkl,1,,,82,A1|A2|A3|A4|A5|A6|A7|A8|A9|A10|A11|A12|B1|B2|B3|B4|B5|B6|B7|B8|B9|B10|B11|B12|C1|C2|C3|C4|C5|C6|C7|C8|C9|C10|C11|C12,1|2|3,1|2|3|4|5|6|7|8|9|10|11|12
fig2_paplpc,PL7,PL,7,Cefepime,0.05169029720517194,0.22217215902377443,PL7,culture,7,confirmed 17 August 2026,True,cache/fig2_paplpc__df_analysis.pkl,1,,,82,D1|D2|D3|D4|D5|D6|D7|D8|D9|D10|D11|D12|E1|E2|E3|E4|E5|E6|E7|E8|E9|E10|E11|E12|F1|F2|F3|F4|F5|F6|F7|F8|F9|F10|F11|F12,4|5|6,1|2|3|4|5|6|7|8|9|10|11|12
fig2_paplpc,PL8,PL,8,Cefepime,0.0817858426185684,0.7395184304575645,PL8,culture,8,confirmed 17 August 2026,True,cache/fig2_paplpc__df_analysis.pkl,1,,,82|83,G1|G2|G3|G4|G5|G6|G7|G8|G9|G10|G11|G12|A1|A2|A3|A4|A5|A6|A7|A8|A9|A10|A11|A12|B1|B2|B3|B4|B5|B6|B7|B8|B9|B10|B11|B12,7|1|2,1|2|3|4|5|6|7|8|9|10|11|12
fig2_paplpc,PL9,PL,9,Cefepime,0.07254308737232475,0.5363703448048661,PL9,culture,9,confirmed 17 August 2026,True,cache/fig2_paplpc__df_analysis.pkl,1,,,83,C1|C2|C3|C4|C5|C6|C7|C8|C9|C10|C11|C12|D1|D2|D3|D4|D5|D6|D7|D8|D9|D10|D11|D12|E1|E2|E3|E4|E5|E6|E7|E8|E9|E10|E11|E12,3|4|5,1|2|3|4|5|6|7|8|9|10|11|12
fig2_paplpc,PL10,PL,10,Cefepime,0.07953810267906146,0.5624118709033322,PL10,culture,10,confirmed 17 August 2026,True,cache/fig2_paplpc__df_analysis.pkl,1,,,83|84,F1|F2|F3|F4|F5|F6|F7|F8|F9|F10|F11|F12|G1|G2|G3|G4|G5|G6|G7|G8|G9|G10|G11|G12|A1|A2|A3|A4|A5|A6|A7|A8|A9|A10|A11|A12,6|7|1,1|2|3|4|5|6|7|8|9|10|11|12
fig3_plac,P1,P,1,Levofloxacin,0.03075589757246813,0.06329206379515726,P1,culture,1,confirmed 17 August 2026,True,cache/fig3_plac__df_analysis.pkl,1|2,,,1|100,A1|A2|A3|A4|A5|A6|A7|A8|A9|A10|A11|A12|B1|B2|B3|B4|B5|B6|B7|B8|B9|B10|B11|B12|C1|C2|C3|C4|C5|C6|C7|C8|C9|C10|C11|C12|D1|D2|D3|D4|D5|D6|D7|D8|D9|D10|D11|D12,1|2|3|4,1|2|3|4|5|6|7|8|9|10|11|12
fig3_plac,P2,P,2,Levofloxacin,0.03508597696730427,0.10326810869900518,P2,culture,2,confirmed 17 August 2026,True,cache/fig3_plac__df_analysis.pkl,1|2,,,1|100,D1|D2|D3|D4|D5|D6|D7|D8|D9|D10|D11|D12|E1|E2|E3|E4|E5|E6|E7|E8|E9|E10|E11|E12|F1|F2|F3|F4|F5|F6|F7|F8|F9|F10|F11|F12|G1|G2|G3|G4|G5|G6|G7|G8|G9|G10|G11|G12,4|5|6|7,1|2|3|4|5|6|7|8|9|10|11|12
fig3_plac,P3,P,3,Levofloxacin,0.031816097289626366,0.08200273790199224,P3,culture,3,confirmed 17 August 2026,True,cache/fig3_plac__df_analysis.pkl,1|2,,,1|2|101,G1|G2|G3|G4|G5|G6|G7|G8|G9|G10|G11|G12|A1|A2|A3|A4|A5|A6|A7|A8|A9|A10|A11|A12|B1|B2|B3|B4|B5|B6|B7|B8|B9|B10|B11|B12|C1|C2|C3|C4|C5|C6|C7|C8|C9|C10|C11|C12|D1|D2|D3|D4|D5|D6|D7|D8|D9|D10|D11|D12,7|1|2|3|4,1|2|3|4|5|6|7|8|9|10|11|12
fig3_plac,P4,P,4,Levofloxacin,0.039580666917931995,0.16315742225621668,P4,culture,4,confirmed 17 August 2026,True,cache/fig3_plac__df_analysis.pkl,1|2,,,2|101,C1|C2|C3|C4|C5|C6|C7|C8|C9|C10|C11|C12|D1|D2|D3|D4|D5|D6|D7|D8|D9|D10|D11|D12|E1|E2|E3|E4|E5|E6|E7|E8|E9|E10|E11|E12|F1|F2|F3|F4|F5|F6|F7|F8|F9|F10|F11|F12|G1|G2|G3|G4|G5|G6|G7|G8|G9|G10|G11|G12,3|4|5|6|7,1|2|3|4|5|6|7|8|9|10|11|12
fig3_plac,P5,P,5,Levofloxacin,0.030620599370258288,0.07603460336329834,P5,culture,5,confirmed 17 August 2026,True,cache/fig3_plac__df_analysis.pkl,1|2,,,2|3|102,F1|F2|F3|F4|F5|F6|F7|F8|F9|F10|F11|F12|G1|G2|G3|G4|G5|G6|G7|G8|G9|G10|G11|G12|A1|A2|A3|A4|A5|A6|A7|A8|A9|A10|A11|A12|B1|B2|B3|B4|B5|B6|B7|B8|B9|B10|B11|B12|C1|C2|C3|C4|C5|C6|C7|C8|C9|C10|C11|C12|D1|D2|D3|D4|D5|D6|D7|D8|D9|D10|D11|D12,6|7|1|2|3|4,1|2|3|4|5|6|7|8|9|10|11|12
fig3_plac,P6,P,6,Levofloxacin,0.026797113765329523,0.08584711635207026,P6,culture,6,confirmed 17 August 2026,True,cache/fig3_plac__df_analysis.pkl,1|2,,,3|102,B1|B2|B3|B4|B5|B6|B7|B8|B9|B10|B11|B12|C1|C2|C3|C4|C5|C6|C7|C8|C9|C10|C11|C12|D1|D2|D3|D4|D5|D6|D7|D8|D9|D10|D11|D12|E1|E2|E3|E4|E5|E6|E7|E8|E9|E10|E11|E12|F1|F2|F3|F4|F5|F6|F7|F8|F9|F10|F11|F12|G1|G2|G3|G4|G5|G6|G7|G8|G9|G10|G11|G12,2|3|4|5|6|7,1|2|3|4|5|6|7|8|9|10|11|12
fig3_plac,P7,P,7,Levofloxacin,0.030205450204539356,0.06560713595887836,P7,culture,7,confirmed 17 August 2026,True,cache/fig3_plac__df_analysis.pkl,1,,,3,E1|E2|E3|E4|E5|E6|E7|E8|E9|E10|E11|E12|F1|F2|F3|F4|F5|F6|F7|F8|F9|F10|F11|F12|G1|G2|G3|G4|G5|G6|G7|G8|G9|G10|G11|G12,5|6|7,1|2|3|4|5|6|7|8|9|10|11|12
fig3_plac,P8,P,8,Levofloxacin,0.057518282313681855,0.2031387008875681,P8,culture,8,confirmed 17 August 2026,True,cache/fig3_plac__df_analysis.pkl,1,,,4,A1|A2|A3|A4|A5|A6|A7|A8|A9|A10|A11|A12|B1|B2|B3|B4|B5|B6|B7|B8|B9|B10|B11|B12|C1|C2|C3|C4|C5|C6|C7|C8|C9|C10|C11|C12,1|2|3,1|2|3|4|5|6|7|8|9|10|11|12
fig3_plac,P9,P,9,Levofloxacin,0.042772903120535104,0.10858083053754158,P9,culture,9,confirmed 17 August 2026,True,cache/fig3_plac__df_analysis.pkl,1,,,4,D1|D2|D3|D4|D5|D6|D7|D8|D9|D10|D11|D12|E1|E2|E3|E4|E5|E6|E7|E8|E9|E10|E11|E12|F1|F2|F3|F4|F5|F6|F7|F8|F9|F10|F11|F12,4|5|6,1|2|3|4|5|6|7|8|9|10|11|12
fig3_plac,P10,P,10,Levofloxacin,0.04118297592291217,0.1759867410623531,P10,culture,10,confirmed 17 August 2026,True,cache/fig3_plac__df_analysis.pkl,1,,,4|5,G1|G2|G3|G4|G5|G6|G7|G8|G9|G10|G11|G12|A1|A2|A3|A4|A5|A6|A7|A8|A9|A10|A11|A12|B1|B2|B3|B4|B5|B6|B7|B8|B9|B10|B11|B12,7|1|2,1|2|3|4|5|6|7|8|9|10|11|12
fig3_plac,PL1,PL,1,Levofloxacin,2.616124382296593,16.44365294822226,PL1,culture,1,confirmed 17 August 2026,True,cache/fig3_plac__df_analysis.pkl,1,,,13|14,G1|G2|G3|G4|G5|G6|G7|G8|G9|G10|G11|G12|A1|A2|A3|A4|A5|A6|A7|A8|A9|A10|A11|A12|B1|B2|B3|B4|B5|B6|B7|B8|B9|B10|B11|B12,7|1|2,1|2|3|4|5|6|7|8|9|10|11|12
fig3_plac,PL2,PL,2,Levofloxacin,1.3912923905197805,8.394422238771934,PL2,culture,2,confirmed 17 August 2026,True,cache/fig3_plac__df_analysis.pkl,1,,,14,C1|C2|C3|C4|C5|C6|C7|C8|C9|C10|C11|C12|D1|D2|D3|D4|D5|D6|D7|D8|D9|D10|D11|D12|E1|E2|E3|E4|E5|E6|E7|E8|E9|E10|E11|E12,3|4|5,1|2|3|4|5|6|7|8|9|10|11|12
fig3_plac,PL3,PL,3,Levofloxacin,1.4701919577491567,8.086322006551958,PL3,culture,3,confirmed 17 August 2026,True,cache/fig3_plac__df_analysis.pkl,1,,,14|15,F1|F2|F3|F4|F5|F6|F7|F8|F9|F10|F11|F12|G1|G2|G3|G4|G5|G6|G7|G8|G9|G10|G11|G12|A1|A2|A3|A4|A5|A6|A7|A8|A9|A10|A11|A12,6|7|1,1|2|3|4|5|6|7|8|9|10|11|12
fig3_plac,PL4,PL,4,Levofloxacin,1.199280955434481,5.2234910913909856,PL4,culture,4,confirmed 17 August 2026,True,cache/fig3_plac__df_analysis.pkl,1,,,15,B1|B2|B3|B4|B5|B6|B7|B8|B9|B10|B11|B12|C1|C2|C3|C4|C5|C6|C7|C8|C9|C10|C11|C12|D1|D2|D3|D4|D5|D6|D7|D8|D9|D10|D11|D12,2|3|4,1|2|3|4|5|6|7|8|9|10|11|12
fig3_plac,PL5,PL,5,Levofloxacin,0.6948054429478341,49.30108250755711,PL5,culture,5,confirmed 17 August 2026,True,cache/fig3_plac__df_analysis.pkl,1,,,15,E1|E2|E3|E4|E5|E6|E7|E8|E9|E10|E11|E12|F1|F2|F3|F4|F5|F6|F7|F8|F9|F10|F11|F12|G1|G2|G3|G4|G5|G6|G7|G8|G9|G10|G11|G12,5|6|7,1|2|3|4|5|6|7|8|9|10|11|12
fig3_plac,PL6,PL,6,Levofloxacin,1.6555029808967152,4.95310645186283,PL6,culture,6,confirmed 17 August 2026,True,cache/fig3_plac__df_analysis.pkl,1,,,16,A1|A2|A3|A4|A5|A6|A7|A8|A9|A10|A11|A12|B1|B2|B3|B4|B5|B6|B7|B8|B9|B10|B11|B12|C1|C2|C3|C4|C5|C6|C7|C8|C9|C10|C11|C12,1|2|3,1|2|3|4|5|6|7|8|9|10|11|12
fig3_plac,PL7,PL,7,Levofloxacin,0.8217436486689456,3.823483987954424,PL7,culture,7,confirmed 17 August 2026,True,cache/fig3_plac__df_analysis.pkl,1,,,16,D1|D2|D3|D4|D5|D6|D7|D8|D9|D10|D11|D12|E1|E2|E3|E4|E5|E6|E7|E8|E9|E10|E11|E12|F1|F2|F3|F4|F5|F6|F7|F8|F9|F10|F11|F12,4|5|6,1|2|3|4|5|6|7|8|9|10|11|12
fig3_plac,PL8,PL,8,Levofloxacin,1.07546804078312,9.64082134117312,PL8,culture,8,confirmed 17 August 2026,True,cache/fig3_plac__df_analysis.pkl,1,,,16|17,G1|G2|G3|G4|G5|G6|G7|G8|G9|G10|G11|G12|A1|A2|A3|A4|A5|A6|A7|A8|A9|A10|A11|A12|B1|B2|B3|B4|B5|B6|B7|B8|B9|B10|B11|B12,7|1|2,1|2|3|4|5|6|7|8|9|10|11|12
fig3_plac,PL9,PL,9,Levofloxacin,1.3193828698380163,6.3599417909307245,PL9,culture,9,confirmed 17 August 2026,True,cache/fig3_plac__df_analysis.pkl,1,,,17,C1|C2|C3|C4|C5|C6|C7|C8|C9|C10|C11|C12|D1|D2|D3|D4|D5|D6|D7|D8|D9|D10|D11|D12|E1|E2|E3|E4|E5|E6|E7|E8|E9|E10|E11|E12,3|4|5,1|2|3|4|5|6|7|8|9|10|11|12
fig3_plac,PL10,PL,10,Levofloxacin,1.49665459049535,11.421921608179554,PL10,culture,10,confirmed 17 August 2026,True,cache/fig3_plac__df_analysis.pkl,1,,,17|18,F1|F2|F3|F4|F5|F6|F7|F8|F9|F10|F11|F12|G1|G2|G3|G4|G5|G6|G7|G8|G9|G10|G11|G12|A1|A2|A3|A4|A5|A6|A7|A8|A9|A10|A11|A12,6|7|1,1|2|3|4|5|6|7|8|9|10|11|12
fig3_plac,PLA1,PLA,1,Levofloxacin,0.5085167922026672,1.3350880908261482,PLA1,culture,1,confirmed 17 August 2026,True,cache/fig3_plac__df_analysis.pkl,1,,,22,D1|D2|D3|D4|D5|D6|D7|D8|D9|D10|D11|D12|E1|E2|E3|E4|E5|E6|E7|E8|E9|E10|E11|E12|F1|F2|F3|F4|F5|F6|F7|F8|F9|F10|F11|F12,4|5|6,1|2|3|4|5|6|7|8|9|10|11|12
fig3_plac,PLA2,PLA,2,Levofloxacin,1.8099893116523367,2.919029900563792,PLA2,culture,2,confirmed 17 August 2026,True,cache/fig3_plac__df_analysis.pkl,1,,,22|23,G1|G2|G3|G4|G5|G6|G7|G8|G9|G10|G11|G12|A1|A2|A3|A4|A5|A6|A7|A8|A9|A10|A11|A12|B1|B2|B3|B4|B5|B6|B7|B8|B9|B10|B11|B12,7|1|2,1|2|3|4|5|6|7|8|9|10|11|12
fig3_plac,PLA3,PLA,3,Levofloxacin,0.5603812235177772,0.89805080119194,PLA3,culture,3,confirmed 17 August 2026,True,cache/fig3_plac__df_analysis.pkl,1,,,23,C1|C2|C3|C4|C5|C6|C7|C8|C9|C10|C11|C12|D1|D2|D3|D4|D5|D6|D7|D8|D9|D10|D11|D12|E1|E2|E3|E4|E5|E6|E7|E8|E9|E10|E11|E12,3|4|5,1|2|3|4|5|6|7|8|9|10|11|12
fig3_plac,PLA4,PLA,4,Levofloxacin,0.43224395312796815,1.0505347550679769,PLA4,culture,4,confirmed 17 August 2026,True,cache/fig3_plac__df_analysis.pkl,1,,,23|24,F1|F2|F3|F4|F5|F6|F7|F8|F9|F10|F11|F12|G1|G2|G3|G4|G5|G6|G7|G8|G9|G10|G11|G12|A1|A2|A3|A4|A5|A6|A7|A8|A9|A10|A11|A12,6|7|1,1|2|3|4|5|6|7|8|9|10|11|12
fig3_plac,PLA5,PLA,5,Levofloxacin,0.34777724177829766,0.5801283715553921,PLA5,culture,5,confirmed 17 August 2026,True,cache/fig3_plac__df_analysis.pkl,1,,,24,B1|B2|B3|B4|B5|B6|B7|B8|B9|B10|B11|B12|C1|C2|C3|C4|C5|C6|C7|C8|C9|C10|C11|C12|D1|D2|D3|D4|D5|D6|D7|D8|D9|D10|D11|D12,2|3|4,1|2|3|4|5|6|7|8|9|10|11|12
fig3_plac,PLA6,PLA,6,Levofloxacin,0.4918965994375096,0.6776378934728164,PLA6,culture,6,confirmed 17 August 2026,True,cache/fig3_plac__df_analysis.pkl,1,,,24,E1|E2|E3|E4|E5|E6|E7|E8|E9|E10|E11|E12|F1|F2|F3|F4|F5|F6|F7|F8|F9|F10|F11|F12|G1|G2|G3|G4|G5|G6|G7|G8|G9|G10|G11|G12,5|6|7,1|2|3|4|5|6|7|8|9|10|11|12
fig3_plac,PLA7,PLA,7,Levofloxacin,0.4903128445826583,1.018744431817739,PLA7,culture,7,confirmed 17 August 2026,True,cache/fig3_plac__df_analysis.pkl,1,,,25,A1|A2|A3|A4|A5|A6|A7|A8|A9|A10|A11|A12|B1|B2|B3|B4|B5|B6|B7|B8|B9|B10|B11|B12|C1|C2|C3|C4|C5|C6|C7|C8|C9|C10|C11|C12,1|2|3,1|2|3|4|5|6|7|8|9|10|11|12
fig3_plac,PLA8,PLA,8,Levofloxacin,0.44465107094636536,0.767468999533398,PLA8,culture,8,confirmed 17 August 2026,True,cache/fig3_plac__df_analysis.pkl,1,,,25,D1|D2|D3|D4|D5|D6|D7|D8|D9|D10|D11|D12|E1|E2|E3|E4|E5|E6|E7|E8|E9|E10|E11|E12|F1|F2|F3|F4|F5|F6|F7|F8|F9|F10|F11|F12,4|5|6,1|2|3|4|5|6|7|8|9|10|11|12
fig3_plac,PLA9,PLA,9,Levofloxacin,0.5974117861744147,0.8436757708198891,PLA9,culture,9,confirmed 17 August 2026,True,cache/fig3_plac__df_analysis.pkl,1,,,25|26,G1|G2|G3|G4|G5|G6|G7|G8|G9|G10|G11|G12|A1|A2|A3|A4|A5|A6|A7|A8|A9|A10|A11|A12|B1|B2|B3|B4|B5|B6|B7|B8|B9|B10|B11|B12,7|1|2,1|2|3|4|5|6|7|8|9|10|11|12
fig3_plac,PLA10,PLA,10,Levofloxacin,0.4639776843492993,0.5151388510965491,PLA10,culture,10,confirmed 17 August 2026,True,cache/fig3_plac__df_analysis.pkl,1,,,26,C1|C2|C3|C4|C5|C6|C7|C8|C9|C10|C11|C12|D1|D2|D3|D4|D5|D6|D7|D8|D9|D10|D11|D12|E1|E2|E3|E4|E5|E6|E7|E8|E9|E10|E11|E12,3|4|5,1|2|3|4|5|6|7|8|9|10|11|12
fig3_plac,PLAC1,PLAC,1,Levofloxacin,0.4164776435104561,0.8843653297848532,PLAC1,culture,1,confirmed 17 August 2026,True,cache/fig3_plac__df_analysis.pkl,1,,,26|27,F1|F2|F3|F4|F5|F6|F7|F8|F9|F10|F11|F12|G1|G2|G3|G4|G5|G6|G7|G8|G9|G10|G11|G12|A1|A2|A3|A4|A5|A6|A7|A8|A9|A10|A11|A12,6|7|1,1|2|3|4|5|6|7|8|9|10|11|12
fig3_plac,PLAC2,PLAC,2,Levofloxacin,1.8122449352658527,11.7008071201441,PLAC2,culture,2,confirmed 17 August 2026,True,cache/fig3_plac__df_analysis.pkl,1,,,27,B1|B2|B3|B4|B5|B6|B7|B8|B9|B10|B11|B12|C1|C2|C3|C4|C5|C6|C7|C8|C9|C10|C11|C12|D1|D2|D3|D4|D5|D6|D7|D8|D9|D10|D11|D12,2|3|4,1|2|3|4|5|6|7|8|9|10|11|12
fig3_plac,PLAC3,PLAC,3,Levofloxacin,1.749480449865976,8.642293784410061,PLAC3,culture,3,confirmed 17 August 2026,True,cache/fig3_plac__df_analysis.pkl,1,,,27,E1|E2|E3|E4|E5|E6|E7|E8|E9|E10|E11|E12|F1|F2|F3|F4|F5|F6|F7|F8|F9|F10|F11|F12|G1|G2|G3|G4|G5|G6|G7|G8|G9|G10|G11|G12,5|6|7,1|2|3|4|5|6|7|8|9|10|11|12
fig3_plac,PLAC4,PLAC,4,Levofloxacin,0.42892511199210903,1.0757535944585916,PLAC4,culture,4,confirmed 17 August 2026,True,cache/fig3_plac__df_analysis.pkl,1,,,28,A1|A2|A3|A4|A5|A6|A7|A8|A9|A10|A11|A12|B1|B2|B3|B4|B5|B6|B7|B8|B9|B10|B11|B12|C1|C2|C3|C4|C5|C6|C7|C8|C9|C10|C11|C12,1|2|3,1|2|3|4|5|6|7|8|9|10|11|12
fig3_plac,PLAC5,PLAC,5,Levofloxacin,0.4490578720038919,0.8712222188868809,PLAC5,culture,5,confirmed 17 August 2026,True,cache/fig3_plac__df_analysis.pkl,1,,,28,D1|D2|D3|D4|D5|D6|D7|D8|D9|D10|D11|D12|E1|E2|E3|E4|E5|E6|E7|E8|E9|E10|E11|E12|F1|F2|F3|F4|F5|F6|F7|F8|F9|F10|F11|F12,4|5|6,1|2|3|4|5|6|7|8|9|10|11|12
fig3_plac,PLAC6,PLAC,6,Levofloxacin,0.7237702647526332,2.7955135851126696,PLAC6,culture,6,confirmed 17 August 2026,True,cache/fig3_plac__df_analysis.pkl,1,,,28|29,G1|G2|G3|G4|G5|G6|G7|G8|G9|G10|G11|G12|A1|A2|A3|A4|A5|A6|A7|A8|A9|A10|A11|A12|B1|B2|B3|B4|B5|B6|B7|B8|B9|B10|B11|B12,7|1|2,1|2|3|4|5|6|7|8|9|10|11|12
fig3_plac,PLAC8,PLAC,8,Levofloxacin,0.6372330693179924,8.947683046574166,PLAC8,culture,8,confirmed 17 August 2026,True,cache/fig3_plac__df_analysis.pkl,1,,,29|30,F1|F2|F3|F4|F5|F6|F7|F8|F9|F10|F11|F12|G1|G2|G3|G4|G5|G6|G7|G8|G9|G10|G11|G12|A1|A2|A3|A4|A5|A6|A7|A8|A9|A10|A11|A12,6|7|1,1|2|3|4|5|6|7|8|9|10|11|12
fig3_plac,PLAC9,PLAC,9,Levofloxacin,0.6718239789683471,2.5918201332453594,PLAC9,culture,9,confirmed 17 August 2026,True,cache/fig3_plac__df_analysis.pkl,1,,,30,B1|B2|B3|B4|B5|B6|B7|B8|B9|B10|B11|B12|C1|C2|C3|C4|C5|C6|C7|C8|C9|C10|C11|C12|D1|D2|D3|D4|D5|D6|D7|D8|D9|D10|D11|D12,2|3|4,1|2|3|4|5|6|7|8|9|10|11|12
fig3_plac,P1,P,1,Amikacin,2.787036757387843,81.26520359691659,P1,culture,1,confirmed 17 August 2026,True,cache/fig3_plac__df_analysis.pkl,1|2,,,34|114,A1|A2|A3|A4|A5|A6|A7|A8|A9|A10|A11|A12|B1|B2|B3|B4|B5|B6|B7|B8|B9|B10|B11|B12|C1|C2|C3|C4|C5|C6|C7|C8|C9|C10|C11|C12|D1|D2|D3|D4|D5|D6|D7|D8|D9|D10|D11|D12,1|2|3|4,1|2|3|4|5|6|7|8|9|10|11|12
fig3_plac,P2,P,2,Amikacin,3.223472622720201,34.40183238139791,P2,culture,2,confirmed 17 August 2026,True,cache/fig3_plac__df_analysis.pkl,1|2,,,34|114,D1|D2|D3|D4|D5|D6|D7|D8|D9|D10|D11|D12|E1|E2|E3|E4|E5|E6|E7|E8|E9|E10|E11|E12|F1|F2|F3|F4|F5|F6|F7|F8|F9|F10|F11|F12|G1|G2|G3|G4|G5|G6|G7|G8|G9|G10|G11|G12,4|5|6|7,1|2|3|4|5|6|7|8|9|10|11|12
fig3_plac,P3,P,3,Amikacin,3.531480499059938,28.66918509176829,P3,culture,3,confirmed 17 August 2026,True,cache/fig3_plac__df_analysis.pkl,1|2,,,34|35|115,G1|G2|G3|G4|G5|G6|G7|G8|G9|G10|G11|G12|A1|A2|A3|A4|A5|A6|A7|A8|A9|A10|A11|A12|B1|B2|B3|B4|B5|B6|B7|B8|B9|B10|B11|B12|C1|C2|C3|C4|C5|C6|C7|C8|C9|C10|C11|C12|D1|D2|D3|D4|D5|D6|D7|D8|D9|D10|D11|D12,7|1|2|3|4,1|2|3|4|5|6|7|8|9|10|11|12
fig3_plac,P4,P,4,Amikacin,2.9855803093276463,41.08543898857884,P4,culture,4,confirmed 17 August 2026,True,cache/fig3_plac__df_analysis.pkl,1|2,,,35|115,C1|C2|C3|C4|C5|C6|C7|C8|C9|C10|C11|C12|D1|D2|D3|D4|D5|D6|D7|D8|D9|D10|D11|D12|E1|E2|E3|E4|E5|E6|E7|E8|E9|E10|E11|E12|F1|F2|F3|F4|F5|F6|F7|F8|F9|F10|F11|F12|G1|G2|G3|G4|G5|G6|G7|G8|G9|G10|G11|G12,3|4|5|6|7,1|2|3|4|5|6|7|8|9|10|11|12
fig3_plac,P5,P,5,Amikacin,2.793775192217125,32.33970561545491,P5,culture,5,confirmed 17 August 2026,True,cache/fig3_plac__df_analysis.pkl,1|2,,,35|36|116,F1|F2|F3|F4|F5|F6|F7|F8|F9|F10|F11|F12|G1|G2|G3|G4|G5|G6|G7|G8|G9|G10|G11|G12|A1|A2|A3|A4|A5|A6|A7|A8|A9|A10|A11|A12|B1|B2|B3|B4|B5|B6|B7|B8|B9|B10|B11|B12|C1|C2|C3|C4|C5|C6|C7|C8|C9|C10|C11|C12|D1|D2|D3|D4|D5|D6|D7|D8|D9|D10|D11|D12,6|7|1|2|3|4,1|2|3|4|5|6|7|8|9|10|11|12
fig3_plac,P6,P,6,Amikacin,1.8671780258019623,26.28682926586932,P6,culture,6,confirmed 17 August 2026,True,cache/fig3_plac__df_analysis.pkl,1|2,,,36|116,B1|B2|B3|B4|B5|B6|B7|B8|B9|B10|B11|B12|C1|C2|C3|C4|C5|C6|C7|C8|C9|C10|C11|C12|D1|D2|D3|D4|D5|D6|D7|D8|D9|D10|D11|D12|E1|E2|E3|E4|E5|E6|E7|E8|E9|E10|E11|E12|F1|F2|F3|F4|F5|F6|F7|F8|F9|F10|F11|F12|G1|G2|G3|G4|G5|G6|G7|G8|G9|G10|G11|G12,2|3|4|5|6|7,1|2|3|4|5|6|7|8|9|10|11|12
fig3_plac,P7,P,7,Amikacin,2.3428260777137524,26.66288314867671,P7,culture,7,confirmed 17 August 2026,True,cache/fig3_plac__df_analysis.pkl,1,,,36,E1|E2|E3|E4|E5|E6|E7|E8|E9|E10|E11|E12|F1|F2|F3|F4|F5|F6|F7|F8|F9|F10|F11|F12|G1|G2|G3|G4|G5|G6|G7|G8|G9|G10|G11|G12,5|6|7,1|2|3|4|5|6|7|8|9|10|11|12
fig3_plac,P8,P,8,Amikacin,3.1204141050789835,45.63122815387165,P8,culture,8,confirmed 17 August 2026,True,cache/fig3_plac__df_analysis.pkl,1,,,37,A1|A2|A3|A4|A5|A6|A7|A8|A9|A10|A11|A12|B1|B2|B3|B4|B5|B6|B7|B8|B9|B10|B11|B12|C1|C2|C3|C4|C5|C6|C7|C8|C9|C10|C11|C12,1|2|3,1|2|3|4|5|6|7|8|9|10|11|12
fig3_plac,P9,P,9,Amikacin,4.78367664930266,98.61428507992309,P9,culture,9,confirmed 17 August 2026,True,cache/fig3_plac__df_analysis.pkl,1,,,37,D1|D2|D3|D4|D5|D6|D7|D8|D9|D10|D11|D12|E1|E2|E3|E4|E5|E6|E7|E8|E9|E10|E11|E12|F1|F2|F3|F4|F5|F6|F7|F8|F9|F10|F11|F12,4|5|6,1|2|3|4|5|6|7|8|9|10|11|12
fig3_plac,P10,P,10,Amikacin,3.2845679945527646,55.84735668287935,P10,culture,10,confirmed 17 August 2026,True,cache/fig3_plac__df_analysis.pkl,1,,,37|38,G1|G2|G3|G4|G5|G6|G7|G8|G9|G10|G11|G12|A1|A2|A3|A4|A5|A6|A7|A8|A9|A10|A11|A12|B1|B2|B3|B4|B5|B6|B7|B8|B9|B10|B11|B12,7|1|2,1|2|3|4|5|6|7|8|9|10|11|12
fig3_plac,PL1,PL,1,Amikacin,2.2771916279156525,10.092173794926465,PL1,culture,1,confirmed 17 August 2026,True,cache/fig3_plac__df_analysis.pkl,1,,,46|47,G1|G2|G3|G4|G5|G6|G7|G8|G9|G10|G11|G12|A1|A2|A3|A4|A5|A6|A7|A8|A9|A10|A11|A12|B1|B2|B3|B4|B5|B6|B7|B8|B9|B10|B11|B12,7|1|2,1|2|3|4|5|6|7|8|9|10|11|12
fig3_plac,PL2,PL,2,Amikacin,5.801776731063872,19.77662666052216,PL2,culture,2,confirmed 17 August 2026,True,cache/fig3_plac__df_analysis.pkl,1,,,47,C1|C2|C3|C4|C5|C6|C7|C8|C9|C10|C11|C12|D1|D2|D3|D4|D5|D6|D7|D8|D9|D10|D11|D12|E1|E2|E3|E4|E5|E6|E7|E8|E9|E10|E11|E12,3|4|5,1|2|3|4|5|6|7|8|9|10|11|12
fig3_plac,PL3,PL,3,Amikacin,2.3089195341759243,18.95852064190424,PL3,culture,3,confirmed 17 August 2026,True,cache/fig3_plac__df_analysis.pkl,1,,,47|48,F1|F2|F3|F4|F5|F6|F7|F8|F9|F10|F11|F12|G1|G2|G3|G4|G5|G6|G7|G8|G9|G10|G11|G12|A1|A2|A3|A4|A5|A6|A7|A8|A9|A10|A11|A12,6|7|1,1|2|3|4|5|6|7|8|9|10|11|12
fig3_plac,PL4,PL,4,Amikacin,3.251995655954399,28.401149196712165,PL4,culture,4,confirmed 17 August 2026,True,cache/fig3_plac__df_analysis.pkl,1,,,48,B1|B2|B3|B4|B5|B6|B7|B8|B9|B10|B11|B12|C1|C2|C3|C4|C5|C6|C7|C8|C9|C10|C11|C12|D1|D2|D3|D4|D5|D6|D7|D8|D9|D10|D11|D12,2|3|4,1|2|3|4|5|6|7|8|9|10|11|12
fig3_plac,PL5,PL,5,Amikacin,2.3231349414532674,18.318917014092648,PL5,culture,5,confirmed 17 August 2026,True,cache/fig3_plac__df_analysis.pkl,1,,,48,E1|E2|E3|E4|E5|E6|E7|E8|E9|E10|E11|E12|F1|F2|F3|F4|F5|F6|F7|F8|F9|F10|F11|F12|G1|G2|G3|G4|G5|G6|G7|G8|G9|G10|G11|G12,5|6|7,1|2|3|4|5|6|7|8|9|10|11|12
fig3_plac,PL6,PL,6,Amikacin,2.270049085626627,4.107280875149,PL6,culture,6,confirmed 17 August 2026,True,cache/fig3_plac__df_analysis.pkl,1,,,49,A1|A2|A3|A4|A5|A6|A7|A8|A9|A10|A11|A12|B1|B2|B3|B4|B5|B6|B7|B8|B9|B10|B11|B12|C1|C2|C3|C4|C5|C6|C7|C8|C9|C10|C11|C12,1|2|3,1|2|3|4|5|6|7|8|9|10|11|12
fig3_plac,PL7,PL,7,Amikacin,4.758441719809861,73.9565535850617,PL7,culture,7,confirmed 17 August 2026,True,cache/fig3_plac__df_analysis.pkl,1,,,49,D1|D2|D3|D4|D5|D6|D7|D8|D9|D10|D11|D12|E1|E2|E3|E4|E5|E6|E7|E8|E9|E10|E11|E12|F1|F2|F3|F4|F5|F6|F7|F8|F9|F10|F11|F12,4|5|6,1|2|3|4|5|6|7|8|9|10|11|12
fig3_plac,PL8,PL,8,Amikacin,2.0700224242491054,17.421044132749657,PL8,culture,8,confirmed 17 August 2026,True,cache/fig3_plac__df_analysis.pkl,1,,,49|50,G1|G2|G3|G4|G5|G6|G7|G8|G9|G10|G11|G12|A1|A2|A3|A4|A5|A6|A7|A8|A9|A10|A11|A12|B1|B2|B3|B4|B5|B6|B7|B8|B9|B10|B11|B12,7|1|2,1|2|3|4|5|6|7|8|9|10|11|12
fig3_plac,PL9,PL,9,Amikacin,3.012459200174423,20.254625405415148,PL9,culture,9,confirmed 17 August 2026,True,cache/fig3_plac__df_analysis.pkl,1,,,50,C1|C2|C3|C4|C5|C6|C7|C8|C9|C10|C11|C12|D1|D2|D3|D4|D5|D6|D7|D8|D9|D10|D11|D12|E1|E2|E3|E4|E5|E6|E7|E8|E9|E10|E11|E12,3|4|5,1|2|3|4|5|6|7|8|9|10|11|12
fig3_plac,PL10,PL,10,Amikacin,3.661077106077072,21.83284016720712,PL10,culture,10,confirmed 17 August 2026,True,cache/fig3_plac__df_analysis.pkl,1,,,50|51,F1|F2|F3|F4|F5|F6|F7|F8|F9|F10|F11|F12|G1|G2|G3|G4|G5|G6|G7|G8|G9|G10|G11|G12|A1|A2|A3|A4|A5|A6|A7|A8|A9|A10|A11|A12,6|7|1,1|2|3|4|5|6|7|8|9|10|11|12
fig3_plac,PLA1,PLA,1,Amikacin,26.584179540889558,240.92760826938675,PLA1,culture,1,confirmed 17 August 2026,True,cache/fig3_plac__df_analysis.pkl,1,,,55,D1|D2|D3|D4|D5|D6|D7|D8|D9|D10|D11|D12|E1|E2|E3|E4|E5|E6|E7|E8|E9|E10|E11|E12|F1|F2|F3|F4|F5|F6|F7|F8|F9|F10|F11|F12,4|5|6,1|2|3|4|5|6|7|8|9|10|11|12
fig3_plac,PLA2,PLA,2,Amikacin,40.68463826747479,157.27039462210212,PLA2,culture,2,confirmed 17 August 2026,True,cache/fig3_plac__df_analysis.pkl,1,,,55|56,G1|G2|G3|G4|G5|G6|G7|G8|G9|G10|G11|G12|A1|A2|A3|A4|A5|A6|A7|A8|A9|A10|A11|A12|B1|B2|B3|B4|B5|B6|B7|B8|B9|B10|B11|B12,7|1|2,1|2|3|4|5|6|7|8|9|10|11|12
fig3_plac,PLA3,PLA,3,Amikacin,21.52054845461876,266.19812519341417,PLA3,culture,3,confirmed 17 August 2026,True,cache/fig3_plac__df_analysis.pkl,1,,,56,C1|C2|C3|C4|C5|C6|C7|C8|C9|C10|C11|C12|D1|D2|D3|D4|D5|D6|D7|D8|D9|D10|D11|D12|E1|E2|E3|E4|E5|E6|E7|E8|E9|E10|E11|E12,3|4|5,1|2|3|4|5|6|7|8|9|10|11|12
fig3_plac,PLA4,PLA,4,Amikacin,26.127471524019946,109.43619170631263,PLA4,culture,4,confirmed 17 August 2026,True,cache/fig3_plac__df_analysis.pkl,1,,,56|57,F1|F2|F3|F4|F5|F6|F7|F8|F9|F10|F11|F12|G1|G2|G3|G4|G5|G6|G7|G8|G9|G10|G11|G12|A1|A2|A3|A4|A5|A6|A7|A8|A9|A10|A11|A12,6|7|1,1|2|3|4|5|6|7|8|9|10|11|12
fig3_plac,PLA5,PLA,5,Amikacin,14.763703207178299,242.62172023514793,PLA5,culture,5,confirmed 17 August 2026,True,cache/fig3_plac__df_analysis.pkl,1,,,57,B1|B2|B3|B4|B5|B6|B7|B8|B9|B10|B11|B12|C1|C2|C3|C4|C5|C6|C7|C8|C9|C10|C11|C12|D1|D2|D3|D4|D5|D6|D7|D8|D9|D10|D11|D12,2|3|4,1|2|3|4|5|6|7|8|9|10|11|12
fig3_plac,PLA6,PLA,6,Amikacin,26.069298465805357,131.76532900373564,PLA6,culture,6,confirmed 17 August 2026,True,cache/fig3_plac__df_analysis.pkl,1,,,57,E1|E2|E3|E4|E5|E6|E7|E8|E9|E10|E11|E12|F1|F2|F3|F4|F5|F6|F7|F8|F9|F10|F11|F12|G1|G2|G3|G4|G5|G6|G7|G8|G9|G10|G11|G12,5|6|7,1|2|3|4|5|6|7|8|9|10|11|12
fig3_plac,PLA7,PLA,7,Amikacin,24.558887114075393,118.70927571915459,PLA7,culture,7,confirmed 17 August 2026,True,cache/fig3_plac__df_analysis.pkl,1,,,58,A1|A2|A3|A4|A5|A6|A7|A8|A9|A10|A11|A12|B1|B2|B3|B4|B5|B6|B7|B8|B9|B10|B11|B12|C1|C2|C3|C4|C5|C6|C7|C8|C9|C10|C11|C12,1|2|3,1|2|3|4|5|6|7|8|9|10|11|12
fig3_plac,PLA8,PLA,8,Amikacin,27.358774149524606,161.82138389526827,PLA8,culture,8,confirmed 17 August 2026,True,cache/fig3_plac__df_analysis.pkl,1,,,58,D1|D2|D3|D4|D5|D6|D7|D8|D9|D10|D11|D12|E1|E2|E3|E4|E5|E6|E7|E8|E9|E10|E11|E12|F1|F2|F3|F4|F5|F6|F7|F8|F9|F10|F11|F12,4|5|6,1|2|3|4|5|6|7|8|9|10|11|12
fig3_plac,PLA9,PLA,9,Amikacin,36.98611471016531,67.6895453246062,PLA9,culture,9,confirmed 17 August 2026,True,cache/fig3_plac__df_analysis.pkl,1,,,58|59,G1|G2|G3|G4|G5|G6|G7|G8|G9|G10|G11|G12|A1|A2|A3|A4|A5|A6|A7|A8|A9|A10|A11|A12|B1|B2|B3|B4|B5|B6|B7|B8|B9|B10|B11|B12,7|1|2,1|2|3|4|5|6|7|8|9|10|11|12
fig3_plac,PLA10,PLA,10,Amikacin,17.62645316723607,240.7486558292576,PLA10,culture,10,confirmed 17 August 2026,True,cache/fig3_plac__df_analysis.pkl,1,,,59,C1|C2|C3|C4|C5|C6|C7|C8|C9|C10|C11|C12|D1|D2|D3|D4|D5|D6|D7|D8|D9|D10|D11|D12|E1|E2|E3|E4|E5|E6|E7|E8|E9|E10|E11|E12,3|4|5,1|2|3|4|5|6|7|8|9|10|11|12
fig3_plac,PLAC1,PLAC,1,Amikacin,12.646312135977537,50.91356490945695,PLAC1,culture,1,confirmed 17 August 2026,True,cache/fig3_plac__df_analysis.pkl,1,,,59|60,F1|F2|F3|F4|F5|F6|F7|F8|F9|F10|F11|F12|G1|G2|G3|G4|G5|G6|G7|G8|G9|G10|G11|G12|A1|A2|A3|A4|A5|A6|A7|A8|A9|A10|A11|A12,6|7|1,1|2|3|4|5|6|7|8|9|10|11|12
fig3_plac,PLAC2,PLAC,2,Amikacin,23.022909063797,75.65292292381294,PLAC2,culture,2,confirmed 17 August 2026,True,cache/fig3_plac__df_analysis.pkl,1,,,60,B1|B2|B3|B4|B5|B6|B7|B8|B9|B10|B11|B12|C1|C2|C3|C4|C5|C6|C7|C8|C9|C10|C11|C12|D1|D2|D3|D4|D5|D6|D7|D8|D9|D10|D11|D12,2|3|4,1|2|3|4|5|6|7|8|9|10|11|12
fig3_plac,PLAC3,PLAC,3,Amikacin,14.43178002255759,273.96796409669076,PLAC3,culture,3,confirmed 17 August 2026,True,cache/fig3_plac__df_analysis.pkl,1,,,60,E1|E2|E3|E4|E5|E6|E7|E8|E9|E10|E11|E12|F1|F2|F3|F4|F5|F6|F7|F8|F9|F10|F11|F12|G1|G2|G3|G4|G5|G6|G7|G8|G9|G10|G11|G12,5|6|7,1|2|3|4|5|6|7|8|9|10|11|12
fig3_plac,PLAC4,PLAC,4,Amikacin,3.3473129274020708,39.29282333038525,PLAC4,culture,4,confirmed 17 August 2026,True,cache/fig3_plac__df_analysis.pkl,1,,,61,A1|A2|A3|A4|A5|A6|A7|A8|A9|A10|A11|A12|B1|B2|B3|B4|B5|B6|B7|B8|B9|B10|B11|B12|C1|C2|C3|C4|C5|C6|C7|C8|C9|C10|C11|C12,1|2|3,1|2|3|4|5|6|7|8|9|10|11|12
fig3_plac,PLAC5,PLAC,5,Amikacin,9.843639690514392,13.14155267035526,PLAC5,culture,5,confirmed 17 August 2026,True,cache/fig3_plac__df_analysis.pkl,1,,,61,D1|D2|D3|D4|D5|D6|D7|D8|D9|D10|D11|D12|E1|E2|E3|E4|E5|E6|E7|E8|E9|E10|E11|E12|F1|F2|F3|F4|F5|F6|F7|F8|F9|F10|F11|F12,4|5|6,1|2|3|4|5|6|7|8|9|10|11|12
fig3_plac,PLAC6,PLAC,6,Amikacin,9.063627356348661,104.53703752496112,PLAC6,culture,6,confirmed 17 August 2026,True,cache/fig3_plac__df_analysis.pkl,1,,,61|62,G1|G2|G3|G4|G5|G6|G7|G8|G9|G10|G11|G12|A1|A2|A3|A4|A5|A6|A7|A8|A9|A10|A11|A12|B1|B2|B3|B4|B5|B6|B7|B8|B9|B10|B11|B12,7|1|2,1|2|3|4|5|6|7|8|9|10|11|12
fig3_plac,PLAC8,PLAC,8,Amikacin,9.221588293885441,374.88337522309723,PLAC8,culture,8,confirmed 17 August 2026,True,cache/fig3_plac__df_analysis.pkl,1,,,62|63,F1|F2|F3|F4|F5|F6|F7|F8|F9|F10|F11|F12|G1|G2|G3|G4|G5|G6|G7|G8|G9|G10|G11|G12|A1|A2|A3|A4|A5|A6|A7|A8|A9|A10|A11|A12,6|7|1,1|2|3|4|5|6|7|8|9|10|11|12
fig3_plac,PLAC9,PLAC,9,Amikacin,5.1509595065546,37.22479658317117,PLAC9,culture,9,confirmed 17 August 2026,True,cache/fig3_plac__df_analysis.pkl,1,,,63,B1|B2|B3|B4|B5|B6|B7|B8|B9|B10|B11|B12|C1|C2|C3|C4|C5|C6|C7|C8|C9|C10|C11|C12|D1|D2|D3|D4|D5|D6|D7|D8|D9|D10|D11|D12,2|3|4,1|2|3|4|5|6|7|8|9|10|11|12
fig3_plac,P1,P,1,Cefepime,0.038326503495386084,0.16894828525728908,P1,culture,1,confirmed 17 August 2026,True,cache/fig3_plac__df_analysis.pkl,1|2,,,67|128|130,A1|A2|A3|A4|A5|A6|A7|A8|A9|A10|A11|A12|B1|B2|B3|B4|B5|B6|B7|B8|B9|B10|B11|B12|C1|C2|C3|C4|C5|C6|C7|C8|C9|C10|C11|C12|D1|D2|D3|D4|D5|D6|D7|D8|D9|D10|D11|D12,1|2|3|4,1|2|3|4|5|6|7|8|9|10|11|12
fig3_plac,P2,P,2,Cefepime,0.03769818783462549,0.31442615598493306,P2,culture,2,confirmed 17 August 2026,True,cache/fig3_plac__df_analysis.pkl,1|2,,,67|128|130,D1|D2|D3|D4|D5|D6|D7|D8|D9|D10|D11|D12|E1|E2|E3|E4|E5|E6|E7|E8|E9|E10|E11|E12|F1|F2|F3|F4|F5|F6|F7|F8|F9|F10|F11|F12|G1|G2|G3|G4|G5|G6|G7|G8|G9|G10|G11|G12,4|5|6|7,1|2|3|4|5|6|7|8|9|10|11|12
fig3_plac,P3,P,3,Cefepime,0.02806047660761293,0.15922005026167838,P3,culture,3,confirmed 17 August 2026,True,cache/fig3_plac__df_analysis.pkl,1|2,,,67|68|129|130,G1|G2|G3|G4|G5|G6|G7|G8|G9|G10|G11|G12|A1|A2|A3|A4|A5|A6|A7|A8|A9|A10|A11|A12|B1|B2|B3|B4|B5|B6|B7|B8|B9|B10|B11|B12|C1|C2|C3|C4|C5|C6|C7|C8|C9|C10|C11|C12|D1|D2|D3|D4|D5|D6|D7|D8|D9|D10|D11|D12,7|1|2|3|4,1|2|3|4|5|6|7|8|9|10|11|12
fig3_plac,P4,P,4,Cefepime,0.03381407040760437,0.3402523743994889,P4,culture,4,confirmed 17 August 2026,True,cache/fig3_plac__df_analysis.pkl,1|2,,,68|129|130,C1|C2|C3|C4|C5|C6|C7|C8|C9|C10|C11|C12|D1|D2|D3|D4|D5|D6|D7|D8|D9|D10|D11|D12|E1|E2|E3|E4|E5|E6|E7|E8|E9|E10|E11|E12|F1|F2|F3|F4|F5|F6|F7|F8|F9|F10|F11|F12|G1|G2|G3|G4|G5|G6|G7|G8|G9|G10|G11|G12,3|4|5|6|7,1|2|3|4|5|6|7|8|9|10|11|12
fig3_plac,P5,P,5,Cefepime,0.04303544639928328,0.22556117264683728,P5,culture,5,confirmed 17 August 2026,True,cache/fig3_plac__df_analysis.pkl,1|2,,,68|69|131|133,F1|F2|F3|F4|F5|F6|F7|F8|F9|F10|F11|F12|G1|G2|G3|G4|G5|G6|G7|G8|G9|G10|G11|G12|A1|A2|A3|A4|A5|A6|A7|A8|A9|A10|A11|A12|B1|B2|B3|B4|B5|B6|B7|B8|B9|B10|B11|B12|C1|C2|C3|C4|C5|C6|C7|C8|C9|C10|C11|C12|D1|D2|D3|D4|D5|D6|D7|D8|D9|D10|D11|D12,6|7|1|2|3|4,1|2|3|4|5|6|7|8|9|10|11|12
fig3_plac,P6,P,6,Cefepime,0.035611559644781514,0.09660866489543081,P6,culture,6,confirmed 17 August 2026,True,cache/fig3_plac__df_analysis.pkl,1|2,,,69|131|133,B1|B2|B3|B4|B5|B6|B7|B8|B9|B10|B11|B12|C1|C2|C3|C4|C5|C6|C7|C8|C9|C10|C11|C12|D1|D2|D3|D4|D5|D6|D7|D8|D9|D10|D11|D12|E1|E2|E3|E4|E5|E6|E7|E8|E9|E10|E11|E12|F1|F2|F3|F4|F5|F6|F7|F8|F9|F10|F11|F12|G1|G2|G3|G4|G5|G6|G7|G8|G9|G10|G11|G12,2|3|4|5|6|7,1|2|3|4|5|6|7|8|9|10|11|12
fig3_plac,P7,P,7,Cefepime,0.04003177222717989,0.06297940786573564,P7,culture,7,confirmed 17 August 2026,True,cache/fig3_plac__df_analysis.pkl,1,,,69,E1|E2|E3|E4|E5|E6|E7|E8|E9|E10|E11|E12|F1|F2|F3|F4|F5|F6|F7|F8|F9|F10|F11|F12|G1|G2|G3|G4|G5|G6|G7|G8|G9|G10|G11|G12,5|6|7,1|2|3|4|5|6|7|8|9|10|11|12
fig3_plac,P8,P,8,Cefepime,0.046615563090480185,0.22462497949520535,P8,culture,8,confirmed 17 August 2026,True,cache/fig3_plac__df_analysis.pkl,1,,,70,A1|A2|A3|A4|A5|A6|A7|A8|A9|A10|A11|A12|B1|B2|B3|B4|B5|B6|B7|B8|B9|B10|B11|B12|C1|C2|C3|C4|C5|C6|C7|C8|C9|C10|C11|C12,1|2|3,1|2|3|4|5|6|7|8|9|10|11|12
fig3_plac,P9,P,9,Cefepime,0.049389032340961606,0.13461773366213906,P9,culture,9,confirmed 17 August 2026,True,cache/fig3_plac__df_analysis.pkl,1,,,70,D1|D2|D3|D4|D5|D6|D7|D8|D9|D10|D11|D12|E1|E2|E3|E4|E5|E6|E7|E8|E9|E10|E11|E12|F1|F2|F3|F4|F5|F6|F7|F8|F9|F10|F11|F12,4|5|6,1|2|3|4|5|6|7|8|9|10|11|12
fig3_plac,P10,P,10,Cefepime,0.034044348881338386,0.05586367778214366,P10,culture,10,confirmed 17 August 2026,True,cache/fig3_plac__df_analysis.pkl,1,,,70|71,G1|G2|G3|G4|G5|G6|G7|G8|G9|G10|G11|G12|A1|A2|A3|A4|A5|A6|A7|A8|A9|A10|A11|A12|B1|B2|B3|B4|B5|B6|B7|B8|B9|B10|B11|B12,7|1|2,1|2|3|4|5|6|7|8|9|10|11|12
fig3_plac,PL1,PL,1,Cefepime,0.08635547041448322,0.4061740970830712,PL1,culture,1,confirmed 17 August 2026,True,cache/fig3_plac__df_analysis.pkl,1,,,79|80,G1|G2|G3|G4|G5|G6|G7|G8|G9|G10|G11|G12|A1|A2|A3|A4|A5|A6|A7|A8|A9|A10|A11|A12|B1|B2|B3|B4|B5|B6|B7|B8|B9|B10|B11|B12,7|1|2,1|2|3|4|5|6|7|8|9|10|11|12
fig3_plac,PL2,PL,2,Cefepime,0.12223689313336417,0.5783248688496058,PL2,culture,2,confirmed 17 August 2026,True,cache/fig3_plac__df_analysis.pkl,1,,,80,C1|C2|C3|C4|C5|C6|C7|C8|C9|C10|C11|C12|D1|D2|D3|D4|D5|D6|D7|D8|D9|D10|D11|D12|E1|E2|E3|E4|E5|E6|E7|E8|E9|E10|E11|E12,3|4|5,1|2|3|4|5|6|7|8|9|10|11|12
fig3_plac,PL3,PL,3,Cefepime,0.1254602900486695,1.2107969802273821,PL3,culture,3,confirmed 17 August 2026,True,cache/fig3_plac__df_analysis.pkl,1,,,80|81,F1|F2|F3|F4|F5|F6|F7|F8|F9|F10|F11|F12|G1|G2|G3|G4|G5|G6|G7|G8|G9|G10|G11|G12|A1|A2|A3|A4|A5|A6|A7|A8|A9|A10|A11|A12,6|7|1,1|2|3|4|5|6|7|8|9|10|11|12
fig3_plac,PL4,PL,4,Cefepime,0.05922847635829483,0.8386347936733005,PL4,culture,4,confirmed 17 August 2026,True,cache/fig3_plac__df_analysis.pkl,1,,,81,B1|B2|B3|B4|B5|B6|B7|B8|B9|B10|B11|B12|C1|C2|C3|C4|C5|C6|C7|C8|C9|C10|C11|C12|D1|D2|D3|D4|D5|D6|D7|D8|D9|D10|D11|D12,2|3|4,1|2|3|4|5|6|7|8|9|10|11|12
fig3_plac,PL5,PL,5,Cefepime,0.06892190597450333,0.5391920842033283,PL5,culture,5,confirmed 17 August 2026,True,cache/fig3_plac__df_analysis.pkl,1,,,81,E1|E2|E3|E4|E5|E6|E7|E8|E9|E10|E11|E12|F1|F2|F3|F4|F5|F6|F7|F8|F9|F10|F11|F12|G1|G2|G3|G4|G5|G6|G7|G8|G9|G10|G11|G12,5|6|7,1|2|3|4|5|6|7|8|9|10|11|12
fig3_plac,PL6,PL,6,Cefepime,0.07560772170520756,0.42867386133566904,PL6,culture,6,confirmed 17 August 2026,True,cache/fig3_plac__df_analysis.pkl,1,,,82,A1|A2|A3|A4|A5|A6|A7|A8|A9|A10|A11|A12|B1|B2|B3|B4|B5|B6|B7|B8|B9|B10|B11|B12|C1|C2|C3|C4|C5|C6|C7|C8|C9|C10|C11|C12,1|2|3,1|2|3|4|5|6|7|8|9|10|11|12
fig3_plac,PL7,PL,7,Cefepime,0.05169029720517194,0.22217215902377443,PL7,culture,7,confirmed 17 August 2026,True,cache/fig3_plac__df_analysis.pkl,1,,,82,D1|D2|D3|D4|D5|D6|D7|D8|D9|D10|D11|D12|E1|E2|E3|E4|E5|E6|E7|E8|E9|E10|E11|E12|F1|F2|F3|F4|F5|F6|F7|F8|F9|F10|F11|F12,4|5|6,1|2|3|4|5|6|7|8|9|10|11|12
fig3_plac,PL8,PL,8,Cefepime,0.0817858426185684,0.7395184304575645,PL8,culture,8,confirmed 17 August 2026,True,cache/fig3_plac__df_analysis.pkl,1,,,82|83,G1|G2|G3|G4|G5|G6|G7|G8|G9|G10|G11|G12|A1|A2|A3|A4|A5|A6|A7|A8|A9|A10|A11|A12|B1|B2|B3|B4|B5|B6|B7|B8|B9|B10|B11|B12,7|1|2,1|2|3|4|5|6|7|8|9|10|11|12
fig3_plac,PL9,PL,9,Cefepime,0.07254308737232475,0.5363703448048661,PL9,culture,9,confirmed 17 August 2026,True,cache/fig3_plac__df_analysis.pkl,1,,,83,C1|C2|C3|C4|C5|C6|C7|C8|C9|C10|C11|C12|D1|D2|D3|D4|D5|D6|D7|D8|D9|D10|D11|D12|E1|E2|E3|E4|E5|E6|E7|E8|E9|E10|E11|E12,3|4|5,1|2|3|4|5|6|7|8|9|10|11|12
fig3_plac,PL10,PL,10,Cefepime,0.07953810267906146,0.5624118709033322,PL10,culture,10,confirmed 17 August 2026,True,cache/fig3_plac__df_analysis.pkl,1,,,83|84,F1|F2|F3|F4|F5|F6|F7|F8|F9|F10|F11|F12|G1|G2|G3|G4|G5|G6|G7|G8|G9|G10|G11|G12|A1|A2|A3|A4|A5|A6|A7|A8|A9|A10|A11|A12,6|7|1,1|2|3|4|5|6|7|8|9|10|11|12
fig3_plac,PLA1,PLA,1,Cefepime,0.06047091130357158,0.17458989742082434,PLA1,culture,1,confirmed 17 August 2026,True,cache/fig3_plac__df_analysis.pkl,1,,,88,D1|D2|D3|D4|D5|D6|D7|D8|D9|D10|D11|D12|E1|E2|E3|E4|E5|E6|E7|E8|E9|E10|E11|E12|F1|F2|F3|F4|F5|F6|F7|F8|F9|F10|F11|F12,4|5|6,1|2|3|4|5|6|7|8|9|10|11|12
fig3_plac,PLA2,PLA,2,Cefepime,0.11796751564992741,0.5858524571953564,PLA2,culture,2,confirmed 17 August 2026,True,cache/fig3_plac__df_analysis.pkl,1,,,88|89,G1|G2|G3|G4|G5|G6|G7|G8|G9|G10|G11|G12|A1|A2|A3|A4|A5|A6|A7|A8|A9|A10|A11|A12|B1|B2|B3|B4|B5|B6|B7|B8|B9|B10|B11|B12,7|1|2,1|2|3|4|5|6|7|8|9|10|11|12
fig3_plac,PLA3,PLA,3,Cefepime,0.03210097372648402,0.06610901090916581,PLA3,culture,3,confirmed 17 August 2026,True,cache/fig3_plac__df_analysis.pkl,1,,,89,C1|C2|C3|C4|C5|C6|C7|C8|C9|C10|C11|C12|D1|D2|D3|D4|D5|D6|D7|D8|D9|D10|D11|D12|E1|E2|E3|E4|E5|E6|E7|E8|E9|E10|E11|E12,3|4|5,1|2|3|4|5|6|7|8|9|10|11|12
fig3_plac,PLA4,PLA,4,Cefepime,0.03509908110057063,0.05675818903059162,PLA4,culture,4,confirmed 17 August 2026,True,cache/fig3_plac__df_analysis.pkl,1,,,89|90,F1|F2|F3|F4|F5|F6|F7|F8|F9|F10|F11|F12|G1|G2|G3|G4|G5|G6|G7|G8|G9|G10|G11|G12|A1|A2|A3|A4|A5|A6|A7|A8|A9|A10|A11|A12,6|7|1,1|2|3|4|5|6|7|8|9|10|11|12
fig3_plac,PLA5,PLA,5,Cefepime,0.04328375515455462,0.057747747143316534,PLA5,culture,5,confirmed 17 August 2026,True,cache/fig3_plac__df_analysis.pkl,1,,,90,B1|B2|B3|B4|B5|B6|B7|B8|B9|B10|B11|B12|C1|C2|C3|C4|C5|C6|C7|C8|C9|C10|C11|C12|D1|D2|D3|D4|D5|D6|D7|D8|D9|D10|D11|D12,2|3|4,1|2|3|4|5|6|7|8|9|10|11|12
fig3_plac,PLA6,PLA,6,Cefepime,0.03698994891729903,0.058256626647925656,PLA6,culture,6,confirmed 17 August 2026,True,cache/fig3_plac__df_analysis.pkl,1,,,90,E1|E2|E3|E4|E5|E6|E7|E8|E9|E10|E11|E12|F1|F2|F3|F4|F5|F6|F7|F8|F9|F10|F11|F12|G1|G2|G3|G4|G5|G6|G7|G8|G9|G10|G11|G12,5|6|7,1|2|3|4|5|6|7|8|9|10|11|12
fig3_plac,PLA7,PLA,7,Cefepime,0.06439095975687761,0.15310662538098654,PLA7,culture,7,confirmed 17 August 2026,True,cache/fig3_plac__df_analysis.pkl,1,,,91,A1|A2|A3|A4|A5|A6|A7|A8|A9|A10|A11|A12|B1|B2|B3|B4|B5|B6|B7|B8|B9|B10|B11|B12|C1|C2|C3|C4|C5|C6|C7|C8|C9|C10|C11|C12,1|2|3,1|2|3|4|5|6|7|8|9|10|11|12
fig3_plac,PLA8,PLA,8,Cefepime,0.028122506600445636,0.07213079184448541,PLA8,culture,8,confirmed 17 August 2026,True,cache/fig3_plac__df_analysis.pkl,1,,,91,D1|D2|D3|D4|D5|D6|D7|D8|D9|D10|D11|D12|E1|E2|E3|E4|E5|E6|E7|E8|E9|E10|E11|E12|F1|F2|F3|F4|F5|F6|F7|F8|F9|F10|F11|F12,4|5|6,1|2|3|4|5|6|7|8|9|10|11|12
fig3_plac,PLA9,PLA,9,Cefepime,0.043907547283533986,0.0863630764815745,PLA9,culture,9,confirmed 17 August 2026,True,cache/fig3_plac__df_analysis.pkl,1,,,91|92,G1|G2|G3|G4|G5|G6|G7|G8|G9|G10|G11|G12|A1|A2|A3|A4|A5|A6|A7|A8|A9|A10|A11|A12|B1|B2|B3|B4|B5|B6|B7|B8|B9|B10|B11|B12,7|1|2,1|2|3|4|5|6|7|8|9|10|11|12
fig3_plac,PLA10,PLA,10,Cefepime,0.056894381002801746,0.08366148748686757,PLA10,culture,10,confirmed 17 August 2026,True,cache/fig3_plac__df_analysis.pkl,1,,,92,C1|C2|C3|C4|C5|C6|C7|C8|C9|C10|C11|C12|D1|D2|D3|D4|D5|D6|D7|D8|D9|D10|D11|D12|E1|E2|E3|E4|E5|E6|E7|E8|E9|E10|E11|E12,3|4|5,1|2|3|4|5|6|7|8|9|10|11|12
fig3_plac,PLAC1,PLAC,1,Cefepime,0.05236847752521162,0.1965675112699807,PLAC1,culture,1,confirmed 17 August 2026,True,cache/fig3_plac__df_analysis.pkl,1,,,92|93,F1|F2|F3|F4|F5|F6|F7|F8|F9|F10|F11|F12|G1|G2|G3|G4|G5|G6|G7|G8|G9|G10|G11|G12|A1|A2|A3|A4|A5|A6|A7|A8|A9|A10|A11|A12,6|7|1,1|2|3|4|5|6|7|8|9|10|11|12
fig3_plac,PLAC2,PLAC,2,Cefepime,0.10814874667769767,2.8096761345017205,PLAC2,culture,2,confirmed 17 August 2026,True,cache/fig3_plac__df_analysis.pkl,1,,,93,B1|B2|B3|B4|B5|B6|B7|B8|B9|B10|B11|B12|C1|C2|C3|C4|C5|C6|C7|C8|C9|C10|C11|C12|D1|D2|D3|D4|D5|D6|D7|D8|D9|D10|D11|D12,2|3|4,1|2|3|4|5|6|7|8|9|10|11|12
fig3_plac,PLAC3,PLAC,3,Cefepime,0.07251623114221138,1.2337288787187297,PLAC3,culture,3,confirmed 17 August 2026,True,cache/fig3_plac__df_analysis.pkl,1,,,93,E1|E2|E3|E4|E5|E6|E7|E8|E9|E10|E11|E12|F1|F2|F3|F4|F5|F6|F7|F8|F9|F10|F11|F12|G1|G2|G3|G4|G5|G6|G7|G8|G9|G10|G11|G12,5|6|7,1|2|3|4|5|6|7|8|9|10|11|12
fig3_plac,PLAC4,PLAC,4,Cefepime,0.0374729843011396,0.1359060110369835,PLAC4,culture,4,confirmed 17 August 2026,True,cache/fig3_plac__df_analysis.pkl,1,,,94,A1|A2|A3|A4|A5|A6|A7|A8|A9|A10|A11|A12|B1|B2|B3|B4|B5|B6|B7|B8|B9|B10|B11|B12|C1|C2|C3|C4|C5|C6|C7|C8|C9|C10|C11|C12,1|2|3,1|2|3|4|5|6|7|8|9|10|11|12
fig3_plac,PLAC5,PLAC,5,Cefepime,0.04565225908656448,0.17177610537506954,PLAC5,culture,5,confirmed 17 August 2026,True,cache/fig3_plac__df_analysis.pkl,1,,,94,D1|D2|D3|D4|D5|D6|D7|D8|D9|D10|D11|D12|E1|E2|E3|E4|E5|E6|E7|E8|E9|E10|E11|E12|F1|F2|F3|F4|F5|F6|F7|F8|F9|F10|F11|F12,4|5|6,1|2|3|4|5|6|7|8|9|10|11|12
fig3_plac,PLAC6,PLAC,6,Cefepime,0.05829878991985069,0.2812909853534696,PLAC6,culture,6,confirmed 17 August 2026,True,cache/fig3_plac__df_analysis.pkl,1,,,94|95,G1|G2|G3|G4|G5|G6|G7|G8|G9|G10|G11|G12|A1|A2|A3|A4|A5|A6|A7|A8|A9|A10|A11|A12|B1|B2|B3|B4|B5|B6|B7|B8|B9|B10|B11|B12,7|1|2,1|2|3|4|5|6|7|8|9|10|11|12
fig3_plac,PLAC8,PLAC,8,Cefepime,0.0835211089333822,1.1089625839762054,PLAC8,culture,8,confirmed 17 August 2026,True,cache/fig3_plac__df_analysis.pkl,1,,,95|96,F1|F2|F3|F4|F5|F6|F7|F8|F9|F10|F11|F12|G1|G2|G3|G4|G5|G6|G7|G8|G9|G10|G11|G12|A1|A2|A3|A4|A5|A6|A7|A8|A9|A10|A11|A12,6|7|1,1|2|3|4|5|6|7|8|9|10|11|12
fig3_plac,PLAC9,PLAC,9,Cefepime,0.032738822113907114,0.17281713637922755,PLAC9,culture,9,confirmed 17 August 2026,True,cache/fig3_plac__df_analysis.pkl,1,,,96,B1|B2|B3|B4|B5|B6|B7|B8|B9|B10|B11|B12|C1|C2|C3|C4|C5|C6|C7|C8|C9|C10|C11|C12|D1|D2|D3|D4|D5|D6|D7|D8|D9|D10|D11|D12,2|3|4,1|2|3|4|5|6|7|8|9|10|11|12
fig3_plac,PLAC7,PLAC,7,Levofloxacin,0.3588302246875878,1.3433845280302301,PLAC7,culture,7,confirmed 17 August 2026,True,cache/fig3_plac__df_analysis.pkl,2,,,103,B1|B2|B3|B4|B5|B6|B7|B8|B9|B10|B11|B12|C1|C2|C3|C4|C5|C6|C7|C8|C9|C10|C11|C12|D1|D2|D3|D4|D5|D6|D7|D8|D9|D10|D11|D12,2|3|4,1|2|3|4|5|6|7|8|9|10|11|12
fig3_plac,PLAC10,PLAC,10,Levofloxacin,0.29598888077901864,1.3140064087270218,PLAC10,culture,10,confirmed 17 August 2026,True,cache/fig3_plac__df_analysis.pkl,2,,,103,E1|E2|E3|E4|E5|E6|E7|E8|E9|E10|E11|E12|F1|F2|F3|F4|F5|F6|F7|F8|F9|F10|F11|F12|G1|G2|G3|G4|G5|G6|G7|G8|G9|G10|G11|G12,5|6|7,1|2|3|4|5|6|7|8|9|10|11|12
fig3_plac,PLAC7,PLAC,7,Amikacin,3.7478501639071857,63.00019886492675,PLAC7,culture,7,confirmed 17 August 2026,True,cache/fig3_plac__df_analysis.pkl,2,,,117,B1|B2|B3|B4|B5|B6|B7|B8|B9|B10|B11|B12|C1|C2|C3|C4|C5|C6|C7|C8|C9|C10|C11|C12|D1|D2|D3|D4|D5|D6|D7|D8|D9|D10|D11|D12,2|3|4,1|2|3|4|5|6|7|8|9|10|11|12
fig3_plac,PLAC10,PLAC,10,Amikacin,3.728669154398851,29.17540598900317,PLAC10,culture,10,confirmed 17 August 2026,True,cache/fig3_plac__df_analysis.pkl,2,,,117,E1|E2|E3|E4|E5|E6|E7|E8|E9|E10|E11|E12|F1|F2|F3|F4|F5|F6|F7|F8|F9|F10|F11|F12|G1|G2|G3|G4|G5|G6|G7|G8|G9|G10|G11|G12,5|6|7,1|2|3|4|5|6|7|8|9|10|11|12
fig3_plac,PLAC7,PLAC,7,Cefepime,0.04777844306435342,0.9570517524817257,PLAC7,culture,7,confirmed 17 August 2026,True,cache/fig3_plac__df_analysis.pkl,2,,,132|133,B1|B2|B3|B4|B5|B6|B7|B8|B9|B10|B11|B12|C1|C2|C3|C4|C5|C6|C7|C8|C9|C10|C11|C12|D1|D2|D3|D4|D5|D6|D7|D8|D9|D10|D11|D12,2|3|4,1|2|3|4|5|6|7|8|9|10|11|12
fig3_plac,PLAC10,PLAC,10,Cefepime,0.03234084767552266,0.6875722519084962,PLAC10,culture,10,confirmed 17 August 2026,True,cache/fig3_plac__df_analysis.pkl,2,,,132|133,E1|E2|E3|E4|E5|E6|E7|E8|E9|E10|E11|E12|F1|F2|F3|F4|F5|F6|F7|F8|F9|F10|F11|F12|G1|G2|G3|G4|G5|G6|G7|G8|G9|G10|G11|G12,5|6|7,1|2|3|4|5|6|7|8|9|10|11|12
supp3_pcr,P1,P,1,Levofloxacin,0.03075589757246813,0.06329206379515726,P1,culture,1,confirmed 18 September 2026; same-numbered pairs,True,cache/supp3_pcr__df_analysis.pkl,1|2,,,1|100,A1|A2|A3|A4|A5|A6|A7|A8|A9|A10|A11|A12|B1|B2|B3|B4|B5|B6|B7|B8|B9|B10|B11|B12|C1|C2|C3|C4|C5|C6|C7|C8|C9|C10|C11|C12|D1|D2|D3|D4|D5|D6|D7|D8|D9|D10|D11|D12,1|2|3|4,1|2|3|4|5|6|7|8|9|10|11|12
supp3_pcr,P2,P,2,Levofloxacin,0.03508597696730427,0.10326810869900518,P2,culture,2,confirmed 18 September 2026; same-numbered pairs,True,cache/supp3_pcr__df_analysis.pkl,1|2,,,1|100,D1|D2|D3|D4|D5|D6|D7|D8|D9|D10|D11|D12|E1|E2|E3|E4|E5|E6|E7|E8|E9|E10|E11|E12|F1|F2|F3|F4|F5|F6|F7|F8|F9|F10|F11|F12|G1|G2|G3|G4|G5|G6|G7|G8|G9|G10|G11|G12,4|5|6|7,1|2|3|4|5|6|7|8|9|10|11|12
supp3_pcr,P3,P,3,Levofloxacin,0.031816097289626366,0.08200273790199224,P3,culture,3,confirmed 18 September 2026; same-numbered pairs,True,cache/supp3_pcr__df_analysis.pkl,1|2,,,1|2|101,G1|G2|G3|G4|G5|G6|G7|G8|G9|G10|G11|G12|A1|A2|A3|A4|A5|A6|A7|A8|A9|A10|A11|A12|B1|B2|B3|B4|B5|B6|B7|B8|B9|B10|B11|B12|C1|C2|C3|C4|C5|C6|C7|C8|C9|C10|C11|C12|D1|D2|D3|D4|D5|D6|D7|D8|D9|D10|D11|D12,7|1|2|3|4,1|2|3|4|5|6|7|8|9|10|11|12
supp3_pcr,P4,P,4,Levofloxacin,0.039580666917931995,0.16315742225621668,P4,culture,4,confirmed 18 September 2026; same-numbered pairs,True,cache/supp3_pcr__df_analysis.pkl,1|2,,,2|101,C1|C2|C3|C4|C5|C6|C7|C8|C9|C10|C11|C12|D1|D2|D3|D4|D5|D6|D7|D8|D9|D10|D11|D12|E1|E2|E3|E4|E5|E6|E7|E8|E9|E10|E11|E12|F1|F2|F3|F4|F5|F6|F7|F8|F9|F10|F11|F12|G1|G2|G3|G4|G5|G6|G7|G8|G9|G10|G11|G12,3|4|5|6|7,1|2|3|4|5|6|7|8|9|10|11|12
supp3_pcr,P5,P,5,Levofloxacin,0.030620599370258288,0.07603460336329834,P5,culture,5,confirmed 18 September 2026; same-numbered pairs,True,cache/supp3_pcr__df_analysis.pkl,1|2,,,2|3|102,F1|F2|F3|F4|F5|F6|F7|F8|F9|F10|F11|F12|G1|G2|G3|G4|G5|G6|G7|G8|G9|G10|G11|G12|A1|A2|A3|A4|A5|A6|A7|A8|A9|A10|A11|A12|B1|B2|B3|B4|B5|B6|B7|B8|B9|B10|B11|B12|C1|C2|C3|C4|C5|C6|C7|C8|C9|C10|C11|C12|D1|D2|D3|D4|D5|D6|D7|D8|D9|D10|D11|D12,6|7|1|2|3|4,1|2|3|4|5|6|7|8|9|10|11|12
supp3_pcr,P6,P,6,Levofloxacin,0.026797113765329523,0.08584711635207026,P6,culture,6,confirmed 18 September 2026; same-numbered pairs,True,cache/supp3_pcr__df_analysis.pkl,1|2,,,3|102,B1|B2|B3|B4|B5|B6|B7|B8|B9|B10|B11|B12|C1|C2|C3|C4|C5|C6|C7|C8|C9|C10|C11|C12|D1|D2|D3|D4|D5|D6|D7|D8|D9|D10|D11|D12|E1|E2|E3|E4|E5|E6|E7|E8|E9|E10|E11|E12|F1|F2|F3|F4|F5|F6|F7|F8|F9|F10|F11|F12|G1|G2|G3|G4|G5|G6|G7|G8|G9|G10|G11|G12,2|3|4|5|6|7,1|2|3|4|5|6|7|8|9|10|11|12
supp3_pcr,P7,P,7,Levofloxacin,0.030205450204539356,0.06560713595887836,P7,culture,7,confirmed 18 September 2026; same-numbered pairs,False,cache/supp3_pcr__df_analysis.pkl,1,,,3,E1|E2|E3|E4|E5|E6|E7|E8|E9|E10|E11|E12|F1|F2|F3|F4|F5|F6|F7|F8|F9|F10|F11|F12|G1|G2|G3|G4|G5|G6|G7|G8|G9|G10|G11|G12,5|6|7,1|2|3|4|5|6|7|8|9|10|11|12
supp3_pcr,P8,P,8,Levofloxacin,0.057518282313681855,0.2031387008875681,P8,culture,8,confirmed 18 September 2026; same-numbered pairs,False,cache/supp3_pcr__df_analysis.pkl,1,,,4,A1|A2|A3|A4|A5|A6|A7|A8|A9|A10|A11|A12|B1|B2|B3|B4|B5|B6|B7|B8|B9|B10|B11|B12|C1|C2|C3|C4|C5|C6|C7|C8|C9|C10|C11|C12,1|2|3,1|2|3|4|5|6|7|8|9|10|11|12
supp3_pcr,P9,P,9,Levofloxacin,0.042772903120535104,0.10858083053754158,P9,culture,9,confirmed 18 September 2026; same-numbered pairs,False,cache/supp3_pcr__df_analysis.pkl,1,,,4,D1|D2|D3|D4|D5|D6|D7|D8|D9|D10|D11|D12|E1|E2|E3|E4|E5|E6|E7|E8|E9|E10|E11|E12|F1|F2|F3|F4|F5|F6|F7|F8|F9|F10|F11|F12,4|5|6,1|2|3|4|5|6|7|8|9|10|11|12
supp3_pcr,P10,P,10,Levofloxacin,0.04118297592291217,0.1759867410623531,P10,culture,10,confirmed 18 September 2026; same-numbered pairs,False,cache/supp3_pcr__df_analysis.pkl,1,,,4|5,G1|G2|G3|G4|G5|G6|G7|G8|G9|G10|G11|G12|A1|A2|A3|A4|A5|A6|A7|A8|A9|A10|A11|A12|B1|B2|B3|B4|B5|B6|B7|B8|B9|B10|B11|B12,7|1|2,1|2|3|4|5|6|7|8|9|10|11|12
supp3_pcr,P1,P,1,Amikacin,2.787036757387843,81.26520359691659,P1,culture,1,confirmed 18 September 2026; same-numbered pairs,True,cache/supp3_pcr__df_analysis.pkl,1|2,,,34|114,A1|A2|A3|A4|A5|A6|A7|A8|A9|A10|A11|A12|B1|B2|B3|B4|B5|B6|B7|B8|B9|B10|B11|B12|C1|C2|C3|C4|C5|C6|C7|C8|C9|C10|C11|C12|D1|D2|D3|D4|D5|D6|D7|D8|D9|D10|D11|D12,1|2|3|4,1|2|3|4|5|6|7|8|9|10|11|12
supp3_pcr,P2,P,2,Amikacin,3.223472622720201,34.40183238139791,P2,culture,2,confirmed 18 September 2026; same-numbered pairs,True,cache/supp3_pcr__df_analysis.pkl,1|2,,,34|114,D1|D2|D3|D4|D5|D6|D7|D8|D9|D10|D11|D12|E1|E2|E3|E4|E5|E6|E7|E8|E9|E10|E11|E12|F1|F2|F3|F4|F5|F6|F7|F8|F9|F10|F11|F12|G1|G2|G3|G4|G5|G6|G7|G8|G9|G10|G11|G12,4|5|6|7,1|2|3|4|5|6|7|8|9|10|11|12
supp3_pcr,P3,P,3,Amikacin,3.531480499059938,28.66918509176829,P3,culture,3,confirmed 18 September 2026; same-numbered pairs,True,cache/supp3_pcr__df_analysis.pkl,1|2,,,34|35|115,G1|G2|G3|G4|G5|G6|G7|G8|G9|G10|G11|G12|A1|A2|A3|A4|A5|A6|A7|A8|A9|A10|A11|A12|B1|B2|B3|B4|B5|B6|B7|B8|B9|B10|B11|B12|C1|C2|C3|C4|C5|C6|C7|C8|C9|C10|C11|C12|D1|D2|D3|D4|D5|D6|D7|D8|D9|D10|D11|D12,7|1|2|3|4,1|2|3|4|5|6|7|8|9|10|11|12
supp3_pcr,P4,P,4,Amikacin,2.9855803093276463,41.08543898857884,P4,culture,4,confirmed 18 September 2026; same-numbered pairs,True,cache/supp3_pcr__df_analysis.pkl,1|2,,,35|115,C1|C2|C3|C4|C5|C6|C7|C8|C9|C10|C11|C12|D1|D2|D3|D4|D5|D6|D7|D8|D9|D10|D11|D12|E1|E2|E3|E4|E5|E6|E7|E8|E9|E10|E11|E12|F1|F2|F3|F4|F5|F6|F7|F8|F9|F10|F11|F12|G1|G2|G3|G4|G5|G6|G7|G8|G9|G10|G11|G12,3|4|5|6|7,1|2|3|4|5|6|7|8|9|10|11|12
supp3_pcr,P5,P,5,Amikacin,2.793775192217125,32.33970561545491,P5,culture,5,confirmed 18 September 2026; same-numbered pairs,True,cache/supp3_pcr__df_analysis.pkl,1|2,,,35|36|116,F1|F2|F3|F4|F5|F6|F7|F8|F9|F10|F11|F12|G1|G2|G3|G4|G5|G6|G7|G8|G9|G10|G11|G12|A1|A2|A3|A4|A5|A6|A7|A8|A9|A10|A11|A12|B1|B2|B3|B4|B5|B6|B7|B8|B9|B10|B11|B12|C1|C2|C3|C4|C5|C6|C7|C8|C9|C10|C11|C12|D1|D2|D3|D4|D5|D6|D7|D8|D9|D10|D11|D12,6|7|1|2|3|4,1|2|3|4|5|6|7|8|9|10|11|12
supp3_pcr,P6,P,6,Amikacin,1.8671780258019623,26.28682926586932,P6,culture,6,confirmed 18 September 2026; same-numbered pairs,True,cache/supp3_pcr__df_analysis.pkl,1|2,,,36|116,B1|B2|B3|B4|B5|B6|B7|B8|B9|B10|B11|B12|C1|C2|C3|C4|C5|C6|C7|C8|C9|C10|C11|C12|D1|D2|D3|D4|D5|D6|D7|D8|D9|D10|D11|D12|E1|E2|E3|E4|E5|E6|E7|E8|E9|E10|E11|E12|F1|F2|F3|F4|F5|F6|F7|F8|F9|F10|F11|F12|G1|G2|G3|G4|G5|G6|G7|G8|G9|G10|G11|G12,2|3|4|5|6|7,1|2|3|4|5|6|7|8|9|10|11|12
supp3_pcr,P7,P,7,Amikacin,2.3428260777137524,26.66288314867671,P7,culture,7,confirmed 18 September 2026; same-numbered pairs,False,cache/supp3_pcr__df_analysis.pkl,1,,,36,E1|E2|E3|E4|E5|E6|E7|E8|E9|E10|E11|E12|F1|F2|F3|F4|F5|F6|F7|F8|F9|F10|F11|F12|G1|G2|G3|G4|G5|G6|G7|G8|G9|G10|G11|G12,5|6|7,1|2|3|4|5|6|7|8|9|10|11|12
supp3_pcr,P8,P,8,Amikacin,3.1204141050789835,45.63122815387165,P8,culture,8,confirmed 18 September 2026; same-numbered pairs,False,cache/supp3_pcr__df_analysis.pkl,1,,,37,A1|A2|A3|A4|A5|A6|A7|A8|A9|A10|A11|A12|B1|B2|B3|B4|B5|B6|B7|B8|B9|B10|B11|B12|C1|C2|C3|C4|C5|C6|C7|C8|C9|C10|C11|C12,1|2|3,1|2|3|4|5|6|7|8|9|10|11|12
supp3_pcr,P9,P,9,Amikacin,4.78367664930266,98.61428507992309,P9,culture,9,confirmed 18 September 2026; same-numbered pairs,False,cache/supp3_pcr__df_analysis.pkl,1,,,37,D1|D2|D3|D4|D5|D6|D7|D8|D9|D10|D11|D12|E1|E2|E3|E4|E5|E6|E7|E8|E9|E10|E11|E12|F1|F2|F3|F4|F5|F6|F7|F8|F9|F10|F11|F12,4|5|6,1|2|3|4|5|6|7|8|9|10|11|12
supp3_pcr,P10,P,10,Amikacin,3.2845679945527646,55.84735668287935,P10,culture,10,confirmed 18 September 2026; same-numbered pairs,False,cache/supp3_pcr__df_analysis.pkl,1,,,37|38,G1|G2|G3|G4|G5|G6|G7|G8|G9|G10|G11|G12|A1|A2|A3|A4|A5|A6|A7|A8|A9|A10|A11|A12|B1|B2|B3|B4|B5|B6|B7|B8|B9|B10|B11|B12,7|1|2,1|2|3|4|5|6|7|8|9|10|11|12
supp3_pcr,P1,P,1,Cefepime,0.038326503495386084,0.16894828525728908,P1,culture,1,confirmed 18 September 2026; same-numbered pairs,True,cache/supp3_pcr__df_analysis.pkl,1|2,,,67|128|130,A1|A2|A3|A4|A5|A6|A7|A8|A9|A10|A11|A12|B1|B2|B3|B4|B5|B6|B7|B8|B9|B10|B11|B12|C1|C2|C3|C4|C5|C6|C7|C8|C9|C10|C11|C12|D1|D2|D3|D4|D5|D6|D7|D8|D9|D10|D11|D12,1|2|3|4,1|2|3|4|5|6|7|8|9|10|11|12
supp3_pcr,P2,P,2,Cefepime,0.03769818783462549,0.31442615598493306,P2,culture,2,confirmed 18 September 2026; same-numbered pairs,True,cache/supp3_pcr__df_analysis.pkl,1|2,,,67|128|130,D1|D2|D3|D4|D5|D6|D7|D8|D9|D10|D11|D12|E1|E2|E3|E4|E5|E6|E7|E8|E9|E10|E11|E12|F1|F2|F3|F4|F5|F6|F7|F8|F9|F10|F11|F12|G1|G2|G3|G4|G5|G6|G7|G8|G9|G10|G11|G12,4|5|6|7,1|2|3|4|5|6|7|8|9|10|11|12
supp3_pcr,P3,P,3,Cefepime,0.02806047660761293,0.15922005026167838,P3,culture,3,confirmed 18 September 2026; same-numbered pairs,True,cache/supp3_pcr__df_analysis.pkl,1|2,,,67|68|129|130,G1|G2|G3|G4|G5|G6|G7|G8|G9|G10|G11|G12|A1|A2|A3|A4|A5|A6|A7|A8|A9|A10|A11|A12|B1|B2|B3|B4|B5|B6|B7|B8|B9|B10|B11|B12|C1|C2|C3|C4|C5|C6|C7|C8|C9|C10|C11|C12|D1|D2|D3|D4|D5|D6|D7|D8|D9|D10|D11|D12,7|1|2|3|4,1|2|3|4|5|6|7|8|9|10|11|12
supp3_pcr,P4,P,4,Cefepime,0.03381407040760437,0.3402523743994889,P4,culture,4,confirmed 18 September 2026; same-numbered pairs,True,cache/supp3_pcr__df_analysis.pkl,1|2,,,68|129|130,C1|C2|C3|C4|C5|C6|C7|C8|C9|C10|C11|C12|D1|D2|D3|D4|D5|D6|D7|D8|D9|D10|D11|D12|E1|E2|E3|E4|E5|E6|E7|E8|E9|E10|E11|E12|F1|F2|F3|F4|F5|F6|F7|F8|F9|F10|F11|F12|G1|G2|G3|G4|G5|G6|G7|G8|G9|G10|G11|G12,3|4|5|6|7,1|2|3|4|5|6|7|8|9|10|11|12
supp3_pcr,P5,P,5,Cefepime,0.04303544639928328,0.22556117264683728,P5,culture,5,confirmed 18 September 2026; same-numbered pairs,True,cache/supp3_pcr__df_analysis.pkl,1|2,,,68|69|131|133,F1|F2|F3|F4|F5|F6|F7|F8|F9|F10|F11|F12|G1|G2|G3|G4|G5|G6|G7|G8|G9|G10|G11|G12|A1|A2|A3|A4|A5|A6|A7|A8|A9|A10|A11|A12|B1|B2|B3|B4|B5|B6|B7|B8|B9|B10|B11|B12|C1|C2|C3|C4|C5|C6|C7|C8|C9|C10|C11|C12|D1|D2|D3|D4|D5|D6|D7|D8|D9|D10|D11|D12,6|7|1|2|3|4,1|2|3|4|5|6|7|8|9|10|11|12
supp3_pcr,P6,P,6,Cefepime,0.035611559644781514,0.09660866489543081,P6,culture,6,confirmed 18 September 2026; same-numbered pairs,True,cache/supp3_pcr__df_analysis.pkl,1|2,,,69|131|133,B1|B2|B3|B4|B5|B6|B7|B8|B9|B10|B11|B12|C1|C2|C3|C4|C5|C6|C7|C8|C9|C10|C11|C12|D1|D2|D3|D4|D5|D6|D7|D8|D9|D10|D11|D12|E1|E2|E3|E4|E5|E6|E7|E8|E9|E10|E11|E12|F1|F2|F3|F4|F5|F6|F7|F8|F9|F10|F11|F12|G1|G2|G3|G4|G5|G6|G7|G8|G9|G10|G11|G12,2|3|4|5|6|7,1|2|3|4|5|6|7|8|9|10|11|12
supp3_pcr,P7,P,7,Cefepime,0.04003177222717989,0.06297940786573564,P7,culture,7,confirmed 18 September 2026; same-numbered pairs,False,cache/supp3_pcr__df_analysis.pkl,1,,,69,E1|E2|E3|E4|E5|E6|E7|E8|E9|E10|E11|E12|F1|F2|F3|F4|F5|F6|F7|F8|F9|F10|F11|F12|G1|G2|G3|G4|G5|G6|G7|G8|G9|G10|G11|G12,5|6|7,1|2|3|4|5|6|7|8|9|10|11|12
supp3_pcr,P8,P,8,Cefepime,0.046615563090480185,0.22462497949520535,P8,culture,8,confirmed 18 September 2026; same-numbered pairs,False,cache/supp3_pcr__df_analysis.pkl,1,,,70,A1|A2|A3|A4|A5|A6|A7|A8|A9|A10|A11|A12|B1|B2|B3|B4|B5|B6|B7|B8|B9|B10|B11|B12|C1|C2|C3|C4|C5|C6|C7|C8|C9|C10|C11|C12,1|2|3,1|2|3|4|5|6|7|8|9|10|11|12
supp3_pcr,P9,P,9,Cefepime,0.049389032340961606,0.13461773366213906,P9,culture,9,confirmed 18 September 2026; same-numbered pairs,False,cache/supp3_pcr__df_analysis.pkl,1,,,70,D1|D2|D3|D4|D5|D6|D7|D8|D9|D10|D11|D12|E1|E2|E3|E4|E5|E6|E7|E8|E9|E10|E11|E12|F1|F2|F3|F4|F5|F6|F7|F8|F9|F10|F11|F12,4|5|6,1|2|3|4|5|6|7|8|9|10|11|12
supp3_pcr,P10,P,10,Cefepime,0.034044348881338386,0.05586367778214366,P10,culture,10,confirmed 18 September 2026; same-numbered pairs,False,cache/supp3_pcr__df_analysis.pkl,1,,,70|71,G1|G2|G3|G4|G5|G6|G7|G8|G9|G10|G11|G12|A1|A2|A3|A4|A5|A6|A7|A8|A9|A10|A11|A12|B1|B2|B3|B4|B5|B6|B7|B8|B9|B10|B11|B12,7|1|2,1|2|3|4|5|6|7|8|9|10|11|12
supp3_pcr,PCr1,PCr,1,Levofloxacin,0.03730688160102,0.21134428019548376,PCr1,culture,1,confirmed 18 September 2026; same-numbered pairs,True,cache/supp3_pcr__df_analysis.pkl,2,,,104,B1|B2|B3|B4|B5|B6|B7|B8|B9|B10|B11|B12|C1|C2|C3|C4|C5|C6|C7|C8|C9|C10|C11|C12|D1|D2|D3|D4|D5|D6|D7|D8|D9|D10|D11|D12,2|3|4,1|2|3|4|5|6|7|8|9|10|11|12
supp3_pcr,PCr2,PCr,2,Levofloxacin,0.12286958882428828,0.4735755559390175,PCr2,culture,2,confirmed 18 September 2026; same-numbered pairs,True,cache/supp3_pcr__df_analysis.pkl,2,,,104,E1|E2|E3|E4|E5|E6|E7|E8|E9|E10|E11|E12|F1|F2|F3|F4|F5|F6|F7|F8|F9|F10|F11|F12|G1|G2|G3|G4|G5|G6|G7|G8|G9|G10|G11|G12,5|6|7,1|2|3|4|5|6|7|8|9|10|11|12
supp3_pcr,PCr3,PCr,3,Levofloxacin,0.1734326409830855,0.45847409033520353,PCr3,culture,3,confirmed 18 September 2026; same-numbered pairs,True,cache/supp3_pcr__df_analysis.pkl,2,,,105,B1|B2|B3|B4|B5|B6|B7|B8|B9|B10|B11|B12|C1|C2|C3|C4|C5|C6|C7|C8|C9|C10|C11|C12|D1|D2|D3|D4|D5|D6|D7|D8|D9|D10|D11|D12,2|3|4,1|2|3|4|5|6|7|8|9|10|11|12
supp3_pcr,PCr4,PCr,4,Levofloxacin,0.18280266426068503,0.6581783007095521,PCr4,culture,4,confirmed 18 September 2026; same-numbered pairs,True,cache/supp3_pcr__df_analysis.pkl,2,,,105,E1|E2|E3|E4|E5|E6|E7|E8|E9|E10|E11|E12|F1|F2|F3|F4|F5|F6|F7|F8|F9|F10|F11|F12|G1|G2|G3|G4|G5|G6|G7|G8|G9|G10|G11|G12,5|6|7,1|2|3|4|5|6|7|8|9|10|11|12
supp3_pcr,PCr5,PCr,5,Levofloxacin,0.15013116818803138,0.5378921414426295,PCr5,culture,5,confirmed 18 September 2026; same-numbered pairs,True,cache/supp3_pcr__df_analysis.pkl,2,,,106,B1|B2|B3|B4|B5|B6|B7|B8|B9|B10|B11|B12|C1|C2|C3|C4|C5|C6|C7|C8|C9|C10|C11|C12|D1|D2|D3|D4|D5|D6|D7|D8|D9|D10|D11|D12,2|3|4,1|2|3|4|5|6|7|8|9|10|11|12
supp3_pcr,PCr6,PCr,6,Levofloxacin,0.20839747850743862,0.5209479927079974,PCr6,culture,6,confirmed 18 September 2026; same-numbered pairs,True,cache/supp3_pcr__df_analysis.pkl,2,,,106,E1|E2|E3|E4|E5|E6|E7|E8|E9|E10|E11|E12|F1|F2|F3|F4|F5|F6|F7|F8|F9|F10|F11|F12|G1|G2|G3|G4|G5|G6|G7|G8|G9|G10|G11|G12,5|6|7,1|2|3|4|5|6|7|8|9|10|11|12
supp3_pcr,PCr1,PCr,1,Amikacin,10.094886899207856,72.82146152697909,PCr1,culture,1,confirmed 18 September 2026; same-numbered pairs,True,cache/supp3_pcr__df_analysis.pkl,2,,,118,B1|B2|B3|B4|B5|B6|B7|B8|B9|B10|B11|B12|C1|C2|C3|C4|C5|C6|C7|C8|C9|C10|C11|C12|D1|D2|D3|D4|D5|D6|D7|D8|D9|D10|D11|D12,2|3|4,1|2|3|4|5|6|7|8|9|10|11|12
supp3_pcr,PCr2,PCr,2,Amikacin,8.000861951727279,22.875772895397684,PCr2,culture,2,confirmed 18 September 2026; same-numbered pairs,True,cache/supp3_pcr__df_analysis.pkl,2,,,118,E1|E2|E3|E4|E5|E6|E7|E8|E9|E10|E11|E12|F1|F2|F3|F4|F5|F6|F7|F8|F9|F10|F11|F12|G1|G2|G3|G4|G5|G6|G7|G8|G9|G10|G11|G12,5|6|7,1|2|3|4|5|6|7|8|9|10|11|12
supp3_pcr,PCr3,PCr,3,Amikacin,8.847173631971993,14.60843186571418,PCr3,culture,3,confirmed 18 September 2026; same-numbered pairs,True,cache/supp3_pcr__df_analysis.pkl,2,,,119,B1|B2|B3|B4|B5|B6|B7|B8|B9|B10|B11|B12|C1|C2|C3|C4|C5|C6|C7|C8|C9|C10|C11|C12|D1|D2|D3|D4|D5|D6|D7|D8|D9|D10|D11|D12,2|3|4,1|2|3|4|5|6|7|8|9|10|11|12
supp3_pcr,PCr4,PCr,4,Amikacin,4.184008984339003,18.09457883308305,PCr4,culture,4,confirmed 18 September 2026; same-numbered pairs,True,cache/supp3_pcr__df_analysis.pkl,2,,,119,E1|E2|E3|E4|E5|E6|E7|E8|E9|E10|E11|E12|F1|F2|F3|F4|F5|F6|F7|F8|F9|F10|F11|F12|G1|G2|G3|G4|G5|G6|G7|G8|G9|G10|G11|G12,5|6|7,1|2|3|4|5|6|7|8|9|10|11|12
supp3_pcr,PCr5,PCr,5,Amikacin,2.412346736432653,60.54700642561134,PCr5,culture,5,confirmed 18 September 2026; same-numbered pairs,True,cache/supp3_pcr__df_analysis.pkl,2,,,120,B1|B2|B3|B4|B5|B6|B7|B8|B9|B10|B11|B12|C1|C2|C3|C4|C5|C6|C7|C8|C9|C10|C11|C12|D1|D2|D3|D4|D5|D6|D7|D8|D9|D10|D11|D12,2|3|4,1|2|3|4|5|6|7|8|9|10|11|12
supp3_pcr,PCr6,PCr,6,Amikacin,2.129402425780553,40.31206123955119,PCr6,culture,6,confirmed 18 September 2026; same-numbered pairs,True,cache/supp3_pcr__df_analysis.pkl,2,,,120,E1|E2|E3|E4|E5|E6|E7|E8|E9|E10|E11|E12|F1|F2|F3|F4|F5|F6|F7|F8|F9|F10|F11|F12|G1|G2|G3|G4|G5|G6|G7|G8|G9|G10|G11|G12,5|6|7,1|2|3|4|5|6|7|8|9|10|11|12
supp3_pcr,PCr1,PCr,1,Cefepime,0.0882139203212816,365.7884519261355,PCr1,culture,1,confirmed 18 September 2026; same-numbered pairs,True,cache/supp3_pcr__df_analysis.pkl,2,,,134|136,B1|B2|B3|B4|B5|B6|B7|B8|B9|B10|B11|B12|C1|C2|C3|C4|C5|C6|C7|C8|C9|C10|C11|C12|D1|D2|D3|D4|D5|D6|D7|D8|D9|D10|D11|D12,2|3|4,1|2|3|4|5|6|7|8|9|10|11|12
supp3_pcr,PCr2,PCr,2,Cefepime,21.436487400406815,170.1099571938947,PCr2,culture,2,confirmed 18 September 2026; same-numbered pairs,True,cache/supp3_pcr__df_analysis.pkl,2,,,134|136,E1|E2|E3|E4|E5|E6|E7|E8|E9|E10|E11|E12|F1|F2|F3|F4|F5|F6|F7|F8|F9|F10|F11|F12|G1|G2|G3|G4|G5|G6|G7|G8|G9|G10|G11|G12,5|6|7,1|2|3|4|5|6|7|8|9|10|11|12
supp3_pcr,PCr3,PCr,3,Cefepime,16.950216033333426,70.66953512970828,PCr3,culture,3,confirmed 18 September 2026; same-numbered pairs,True,cache/supp3_pcr__df_analysis.pkl,2,,,135|136,B1|B2|B3|B4|B5|B6|B7|B8|B9|B10|B11|B12|C1|C2|C3|C4|C5|C6|C7|C8|C9|C10|C11|C12|D1|D2|D3|D4|D5|D6|D7|D8|D9|D10|D11|D12,2|3|4,1|2|3|4|5|6|7|8|9|10|11|12
supp3_pcr,PCr4,PCr,4,Cefepime,4.204709281141631,38.7458046318788,PCr4,culture,4,confirmed 18 September 2026; same-numbered pairs,True,cache/supp3_pcr__df_analysis.pkl,2,,,135|136,E1|E2|E3|E4|E5|E6|E7|E8|E9|E10|E11|E12|F1|F2|F3|F4|F5|F6|F7|F8|F9|F10|F11|F12|G1|G2|G3|G4|G5|G6|G7|G8|G9|G10|G11|G12,5|6|7,1|2|3|4|5|6|7|8|9|10|11|12
supp3_pcr,PCr5,PCr,5,Cefepime,6.034161627602598,58.25513951063896,PCr5,culture,5,confirmed 18 September 2026; same-numbered pairs,True,cache/supp3_pcr__df_analysis.pkl,2,,,137|139,B1|B2|B3|B4|B5|B6|B7|B8|B9|B10|B11|B12|C1|C2|C3|C4|C5|C6|C7|C8|C9|C10|C11|C12|D1|D2|D3|D4|D5|D6|D7|D8|D9|D10|D11|D12,2|3|4,1|2|3|4|5|6|7|8|9|10|11|12
supp3_pcr,PCr6,PCr,6,Cefepime,4.399749353239391,28.96941152334835,PCr6,culture,6,confirmed 18 September 2026; same-numbered pairs,True,cache/supp3_pcr__df_analysis.pkl,2,,,137|139,E1|E2|E3|E4|E5|E6|E7|E8|E9|E10|E11|E12|F1|F2|F3|F4|F5|F6|F7|F8|F9|F10|F11|F12|G1|G2|G3|G4|G5|G6|G7|G8|G9|G10|G11|G12,5|6|7,1|2|3|4|5|6|7|8|9|10|11|12
supp4_atec,ATEC1,ATEC,1,Levofloxacin,0.024820427538186033,0.07688279235440108,ATEC1,culture,,not established,True,cache/supp4_atec__df_analysis.pkl,2,,,107,B1|B2|B3|B4|B5|B6|B7|B8|B9|B10|B11|B12|C1|C2|C3|C4|C5|C6|C7|C8|C9|C10|C11|C12|D1|D2|D3|D4|D5|D6|D7|D8|D9|D10|D11|D12,2|3|4,1|2|3|4|5|6|7|8|9|10|11|12
supp4_atec,ATEC2,ATEC,2,Levofloxacin,0.025645562208187974,0.08360662794144592,ATEC2,culture,,not established,True,cache/supp4_atec__df_analysis.pkl,2,,,107,E1|E2|E3|E4|E5|E6|E7|E8|E9|E10|E11|E12|F1|F2|F3|F4|F5|F6|F7|F8|F9|F10|F11|F12|G1|G2|G3|G4|G5|G6|G7|G8|G9|G10|G11|G12,5|6|7,1|2|3|4|5|6|7|8|9|10|11|12
supp4_atec,ATEC3,ATEC,3,Levofloxacin,0.02524980639647592,0.07594665905825307,ATEC3,culture,,not established,True,cache/supp4_atec__df_analysis.pkl,2,,,108,B1|B2|B3|B4|B5|B6|B7|B8|B9|B10|B11|B12|C1|C2|C3|C4|C5|C6|C7|C8|C9|C10|C11|C12|D1|D2|D3|D4|D5|D6|D7|D8|D9|D10|D11|D12,2|3|4,1|2|3|4|5|6|7|8|9|10|11|12
supp4_atec,ATEC4,ATEC,4,Levofloxacin,0.026431970092110006,0.10835298805141831,ATEC4,culture,,not established,True,cache/supp4_atec__df_analysis.pkl,2,,,108,E1|E2|E3|E4|E5|E6|E7|E8|E9|E10|E11|E12|F1|F2|F3|F4|F5|F6|F7|F8|F9|F10|F11|F12|G1|G2|G3|G4|G5|G6|G7|G8|G9|G10|G11|G12,5|6|7,1|2|3|4|5|6|7|8|9|10|11|12
supp4_atec,ATEC5,ATEC,5,Levofloxacin,0.023281364572267874,0.06902033588074141,ATEC5,culture,,not established,True,cache/supp4_atec__df_analysis.pkl,2,,,109,B1|B2|B3|B4|B5|B6|B7|B8|B9|B10|B11|B12|C1|C2|C3|C4|C5|C6|C7|C8|C9|C10|C11|C12|D1|D2|D3|D4|D5|D6|D7|D8|D9|D10|D11|D12,2|3|4,1|2|3|4|5|6|7|8|9|10|11|12
supp4_atec,ATEC6,ATEC,6,Levofloxacin,0.024580708818266052,0.08394596980072658,ATEC6,culture,,not established,True,cache/supp4_atec__df_analysis.pkl,2,,,109,E1|E2|E3|E4|E5|E6|E7|E8|E9|E10|E11|E12|F1|F2|F3|F4|F5|F6|F7|F8|F9|F10|F11|F12|G1|G2|G3|G4|G5|G6|G7|G8|G9|G10|G11|G12,5|6|7,1|2|3|4|5|6|7|8|9|10|11|12
supp4_atec,ATEC-C1,ATEC-C,1,Levofloxacin,0.026860893155649587,0.0779649035862799,ATEC-C1,culture,,not established,True,cache/supp4_atec__df_analysis.pkl,2,,,110,B1|B2|B3|B4|B5|B6|B7|B8|B9|B10|B11|B12|C1|C2|C3|C4|C5|C6|C7|C8|C9|C10|C11|C12|D1|D2|D3|D4|D5|D6|D7|D8|D9|D10|D11|D12,2|3|4,1|2|3|4|5|6|7|8|9|10|11|12
supp4_atec,ATEC-C2,ATEC-C,2,Levofloxacin,0.024343701385616787,0.0863505583395722,ATEC-C2,culture,,not established,True,cache/supp4_atec__df_analysis.pkl,2,,,110,E1|E2|E3|E4|E5|E6|E7|E8|E9|E10|E11|E12|F1|F2|F3|F4|F5|F6|F7|F8|F9|F10|F11|F12|G1|G2|G3|G4|G5|G6|G7|G8|G9|G10|G11|G12,5|6|7,1|2|3|4|5|6|7|8|9|10|11|12
supp4_atec,ATEC-C3,ATEC-C,3,Levofloxacin,0.025018639379062284,0.07168716328627604,ATEC-C3,culture,,not established,True,cache/supp4_atec__df_analysis.pkl,2,,,111,B1|B2|B3|B4|B5|B6|B7|B8|B9|B10|B11|B12|C1|C2|C3|C4|C5|C6|C7|C8|C9|C10|C11|C12|D1|D2|D3|D4|D5|D6|D7|D8|D9|D10|D11|D12,2|3|4,1|2|3|4|5|6|7|8|9|10|11|12
supp4_atec,ATEC-C4,ATEC-C,4,Levofloxacin,0.028246274248692468,0.1293620958736404,ATEC-C4,culture,,not established,True,cache/supp4_atec__df_analysis.pkl,2,,,111,E1|E2|E3|E4|E5|E6|E7|E8|E9|E10|E11|E12|F1|F2|F3|F4|F5|F6|F7|F8|F9|F10|F11|F12|G1|G2|G3|G4|G5|G6|G7|G8|G9|G10|G11|G12,5|6|7,1|2|3|4|5|6|7|8|9|10|11|12
supp4_atec,ATEC-C5,ATEC-C,5,Levofloxacin,0.02812124775089652,0.09761967614688498,ATEC-C5,culture,,not established,True,cache/supp4_atec__df_analysis.pkl,2,,,112,B1|B2|B3|B4|B5|B6|B7|B8|B9|B10|B11|B12|C1|C2|C3|C4|C5|C6|C7|C8|C9|C10|C11|C12|D1|D2|D3|D4|D5|D6|D7|D8|D9|D10|D11|D12,2|3|4,1|2|3|4|5|6|7|8|9|10|11|12
supp4_atec,ATEC-C6,ATEC-C,6,Levofloxacin,0.03137430217991889,0.07860628307572971,ATEC-C6,culture,,not established,True,cache/supp4_atec__df_analysis.pkl,2,,,112,E1|E2|E3|E4|E5|E6|E7|E8|E9|E10|E11|E12|F1|F2|F3|F4|F5|F6|F7|F8|F9|F10|F11|F12|G1|G2|G3|G4|G5|G6|G7|G8|G9|G10|G11|G12,5|6|7,1|2|3|4|5|6|7|8|9|10|11|12
supp4_atec,ATEC-C-r1,ATEC-C-r,1,Levofloxacin,0.05846854528461515,0.42699400717969865,ATEC-C-r1,culture,,not established,True,cache/supp4_atec__df_analysis.pkl,2,,,113,B1|B2|B3|B4|B5|B6|B7|B8|B9|B10|B11|B12|C1|C2|C3|C4|C5|C6|C7|C8|C9|C10|C11|C12|D1|D2|D3|D4|D5|D6|D7|D8|D9|D10|D11|D12,2|3|4,1|2|3|4|5|6|7|8|9|10|11|12
supp4_atec,ATEC1,ATEC,1,Amikacin,14.22519297893522,103.95698010516901,ATEC1,culture,,not established,True,cache/supp4_atec__df_analysis.pkl,2,,,121,B1|B2|B3|B4|B5|B6|B7|B8|B9|B10|B11|B12|C1|C2|C3|C4|C5|C6|C7|C8|C9|C10|C11|C12|D1|D2|D3|D4|D5|D6|D7|D8|D9|D10|D11|D12,2|3|4,1|2|3|4|5|6|7|8|9|10|11|12
supp4_atec,ATEC2,ATEC,2,Amikacin,8.538239884694956,59.1002471911136,ATEC2,culture,,not established,True,cache/supp4_atec__df_analysis.pkl,2,,,121,E1|E2|E3|E4|E5|E6|E7|E8|E9|E10|E11|E12|F1|F2|F3|F4|F5|F6|F7|F8|F9|F10|F11|F12|G1|G2|G3|G4|G5|G6|G7|G8|G9|G10|G11|G12,5|6|7,1|2|3|4|5|6|7|8|9|10|11|12
supp4_atec,ATEC3,ATEC,3,Amikacin,7.969062741097515,60.58244088439459,ATEC3,culture,,not established,True,cache/supp4_atec__df_analysis.pkl,2,,,122,B1|B2|B3|B4|B5|B6|B7|B8|B9|B10|B11|B12|C1|C2|C3|C4|C5|C6|C7|C8|C9|C10|C11|C12|D1|D2|D3|D4|D5|D6|D7|D8|D9|D10|D11|D12,2|3|4,1|2|3|4|5|6|7|8|9|10|11|12
supp4_atec,ATEC4,ATEC,4,Amikacin,6.315492174528123,63.18070354120247,ATEC4,culture,,not established,True,cache/supp4_atec__df_analysis.pkl,2,,,122,E1|E2|E3|E4|E5|E6|E7|E8|E9|E10|E11|E12|F1|F2|F3|F4|F5|F6|F7|F8|F9|F10|F11|F12|G1|G2|G3|G4|G5|G6|G7|G8|G9|G10|G11|G12,5|6|7,1|2|3|4|5|6|7|8|9|10|11|12
supp4_atec,ATEC5,ATEC,5,Amikacin,8.194009923004973,48.599920051326016,ATEC5,culture,,not established,True,cache/supp4_atec__df_analysis.pkl,2,,,123,B1|B2|B3|B4|B5|B6|B7|B8|B9|B10|B11|B12|C1|C2|C3|C4|C5|C6|C7|C8|C9|C10|C11|C12|D1|D2|D3|D4|D5|D6|D7|D8|D9|D10|D11|D12,2|3|4,1|2|3|4|5|6|7|8|9|10|11|12
supp4_atec,ATEC6,ATEC,6,Amikacin,6.624767544688454,40.66778909174384,ATEC6,culture,,not established,True,cache/supp4_atec__df_analysis.pkl,2,,,123,E1|E2|E3|E4|E5|E6|E7|E8|E9|E10|E11|E12|F1|F2|F3|F4|F5|F6|F7|F8|F9|F10|F11|F12|G1|G2|G3|G4|G5|G6|G7|G8|G9|G10|G11|G12,5|6|7,1|2|3|4|5|6|7|8|9|10|11|12
supp4_atec,ATEC-C1,ATEC-C,1,Amikacin,3.2173850020139154,23.29795375963758,ATEC-C1,culture,,not established,True,cache/supp4_atec__df_analysis.pkl,2,,,124,B1|B2|B3|B4|B5|B6|B7|B8|B9|B10|B11|B12|C1|C2|C3|C4|C5|C6|C7|C8|C9|C10|C11|C12|D1|D2|D3|D4|D5|D6|D7|D8|D9|D10|D11|D12,2|3|4,1|2|3|4|5|6|7|8|9|10|11|12
supp4_atec,ATEC-C2,ATEC-C,2,Amikacin,6.278814594246349,32.39707763041225,ATEC-C2,culture,,not established,True,cache/supp4_atec__df_analysis.pkl,2,,,124,E1|E2|E3|E4|E5|E6|E7|E8|E9|E10|E11|E12|F1|F2|F3|F4|F5|F6|F7|F8|F9|F10|F11|F12|G1|G2|G3|G4|G5|G6|G7|G8|G9|G10|G11|G12,5|6|7,1|2|3|4|5|6|7|8|9|10|11|12
supp4_atec,ATEC-C3,ATEC-C,3,Amikacin,7.692458187075159,43.53488132471466,ATEC-C3,culture,,not established,True,cache/supp4_atec__df_analysis.pkl,2,,,125,B1|B2|B3|B4|B5|B6|B7|B8|B9|B10|B11|B12|C1|C2|C3|C4|C5|C6|C7|C8|C9|C10|C11|C12|D1|D2|D3|D4|D5|D6|D7|D8|D9|D10|D11|D12,2|3|4,1|2|3|4|5|6|7|8|9|10|11|12
supp4_atec,ATEC-C4,ATEC-C,4,Amikacin,6.365344757608565,51.85774838082769,ATEC-C4,culture,,not established,True,cache/supp4_atec__df_analysis.pkl,2,,,125,E1|E2|E3|E4|E5|E6|E7|E8|E9|E10|E11|E12|F1|F2|F3|F4|F5|F6|F7|F8|F9|F10|F11|F12|G1|G2|G3|G4|G5|G6|G7|G8|G9|G10|G11|G12,5|6|7,1|2|3|4|5|6|7|8|9|10|11|12
supp4_atec,ATEC-C5,ATEC-C,5,Amikacin,9.032047874634026,28.068765695058495,ATEC-C5,culture,,not established,True,cache/supp4_atec__df_analysis.pkl,2,,,126,B1|B2|B3|B4|B5|B6|B7|B8|B9|B10|B11|B12|C1|C2|C3|C4|C5|C6|C7|C8|C9|C10|C11|C12|D1|D2|D3|D4|D5|D6|D7|D8|D9|D10|D11|D12,2|3|4,1|2|3|4|5|6|7|8|9|10|11|12
supp4_atec,ATEC-C6,ATEC-C,6,Amikacin,7.555802813416105,52.817128971388186,ATEC-C6,culture,,not established,True,cache/supp4_atec__df_analysis.pkl,2,,,126,E1|E2|E3|E4|E5|E6|E7|E8|E9|E10|E11|E12|F1|F2|F3|F4|F5|F6|F7|F8|F9|F10|F11|F12|G1|G2|G3|G4|G5|G6|G7|G8|G9|G10|G11|G12,5|6|7,1|2|3|4|5|6|7|8|9|10|11|12
supp4_atec,ATEC-C-r1,ATEC-C-r,1,Amikacin,10.378019895468432,40.91444007117422,ATEC-C-r1,culture,,not established,True,cache/supp4_atec__df_analysis.pkl,2,,,127,B1|B2|B3|B4|B5|B6|B7|B8|B9|B10|B11|B12|C1|C2|C3|C4|C5|C6|C7|C8|C9|C10|C11|C12|D1|D2|D3|D4|D5|D6|D7|D8|D9|D10|D11|D12,2|3|4,1|2|3|4|5|6|7|8|9|10|11|12
supp4_atec,ATEC3,ATEC,3,Cefepime,0.03309730695724207,0.2948339207778049,ATEC3,culture,,not established,True,cache/supp4_atec__df_analysis.pkl,2,,,140|142,B1|B2|B3|B4|B5|B6|B7|B8|B9|B10|B11|B12|C1|C2|C3|C4|C5|C6|C7|C8|C9|C10|C11|C12|D1|D2|D3|D4|D5|D6|D7|D8|D9|D10|D11|D12,2|3|4,1|2|3|4|5|6|7|8|9|10|11|12
supp4_atec,ATEC5,ATEC,5,Cefepime,0.032395179276947746,0.33273546916796587,ATEC5,culture,,not established,True,cache/supp4_atec__df_analysis.pkl,2,,,141|142,B1|B2|B3|B4|B5|B6|B7|B8|B9|B10|B11|B12|C1|C2|C3|C4|C5|C6|C7|C8|C9|C10|C11|C12|D1|D2|D3|D4|D5|D6|D7|D8|D9|D10|D11|D12,2|3|4,1|2|3|4|5|6|7|8|9|10|11|12
supp4_atec,ATEC6,ATEC,6,Cefepime,0.03930871299688693,0.5129940283335953,ATEC6,culture,,not established,True,cache/supp4_atec__df_analysis.pkl,2,,,141|142,E1|E2|E3|E4|E5|E6|E7|E8|E9|E10|E11|E12|F1|F2|F3|F4|F5|F6|F7|F8|F9|F10|F11|F12|G1|G2|G3|G4|G5|G6|G7|G8|G9|G10|G11|G12,5|6|7,1|2|3|4|5|6|7|8|9|10|11|12
supp4_atec,ATEC-C1,ATEC-C,1,Cefepime,0.0317567706451884,0.22336462661652992,ATEC-C1,culture,,not established,True,cache/supp4_atec__df_analysis.pkl,2,,,143|145,B1|B2|B3|B4|B5|B6|B7|B8|B9|B10|B11|B12|C1|C2|C3|C4|C5|C6|C7|C8|C9|C10|C11|C12|D1|D2|D3|D4|D5|D6|D7|D8|D9|D10|D11|D12,2|3|4,1|2|3|4|5|6|7|8|9|10|11|12
supp4_atec,ATEC-C2,ATEC-C,2,Cefepime,0.03175635086708468,0.23803163347773412,ATEC-C2,culture,,not established,True,cache/supp4_atec__df_analysis.pkl,2,,,143|145,E1|E2|E3|E4|E5|E6|E7|E8|E9|E10|E11|E12|F1|F2|F3|F4|F5|F6|F7|F8|F9|F10|F11|F12|G1|G2|G3|G4|G5|G6|G7|G8|G9|G10|G11|G12,5|6|7,1|2|3|4|5|6|7|8|9|10|11|12
supp4_atec,ATEC-C4,ATEC-C,4,Cefepime,0.02905803142143779,0.21640223642240047,ATEC-C4,culture,,not established,True,cache/supp4_atec__df_analysis.pkl,2,,,144|145,E1|E2|E3|E4|E5|E6|E7|E8|E9|E10|E11|E12|F1|F2|F3|F4|F5|F6|F7|F8|F9|F10|F11|F12|G1|G2|G3|G4|G5|G6|G7|G8|G9|G10|G11|G12,5|6|7,1|2|3|4|5|6|7|8|9|10|11|12
supp4_atec,ATEC-C5,ATEC-C,5,Cefepime,0.03344668060686372,0.2948679969303604,ATEC-C5,culture,,not established,True,cache/supp4_atec__df_analysis.pkl,2,,,146|148,B1|B2|B3|B4|B5|B6|B7|B8|B9|B10|B11|B12|C1|C2|C3|C4|C5|C6|C7|C8|C9|C10|C11|C12|D1|D2|D3|D4|D5|D6|D7|D8|D9|D10|D11|D12,2|3|4,1|2|3|4|5|6|7|8|9|10|11|12
supp4_atec,ATEC-C6,ATEC-C,6,Cefepime,0.03929421937924871,0.3818292694491534,ATEC-C6,culture,,not established,True,cache/supp4_atec__df_analysis.pkl,2,,,146|148,E1|E2|E3|E4|E5|E6|E7|E8|E9|E10|E11|E12|F1|F2|F3|F4|F5|F6|F7|F8|F9|F10|F11|F12|G1|G2|G3|G4|G5|G6|G7|G8|G9|G10|G11|G12,5|6|7,1|2|3|4|5|6|7|8|9|10|11|12
supp4_atec,ATEC1,ATEC,1,Cefepime,0.05636216349117402,0.14444964538063826,ATEC1,culture,,not established,True,cache/supp4_atec__df_analysis.pkl,3,,,149|151,B1|B2|B3|B4|B5|B6|B7|B8|B9|B10|B11|B12|C1|C2|C3|C4|C5|C6|C7|C8|C9|C10|C11|C12|D1|D2|D3|D4|D5|D6|D7|D8|D9|D10|D11|D12,2|3|4,1|2|3|4|5|6|7|8|9|10|11|12
supp4_atec,ATEC2,ATEC,2,Cefepime,0.04859784459895651,0.15747444774532265,ATEC2,culture,,not established,True,cache/supp4_atec__df_analysis.pkl,3,,,149|151,E1|E2|E3|E4|E5|E6|E7|E8|E9|E10|E11|E12|F1|F2|F3|F4|F5|F6|F7|F8|F9|F10|F11|F12|G1|G2|G3|G4|G5|G6|G7|G8|G9|G10|G11|G12,5|6|7,1|2|3|4|5|6|7|8|9|10|11|12
supp4_atec,ATEC4,ATEC,4,Cefepime,0.05963077215989954,0.19197324624025236,ATEC4,culture,,not established,True,cache/supp4_atec__df_analysis.pkl,3,,,150|151,B1|B2|B3|B4|B5|B6|B7|B8|B9|B10|B11|B12|C1|C2|C3|C4|C5|C6|C7|C8|C9|C10|C11|C12|D1|D2|D3|D4|D5|D6|D7|D8|D9|D10|D11|D12,2|3|4,1|2|3|4|5|6|7|8|9|10|11|12
supp4_atec,ATEC-C3,ATEC-C,3,Cefepime,0.050959278723463515,0.14756585887887058,ATEC-C3,culture,,not established,True,cache/supp4_atec__df_analysis.pkl,3,,,150|151,E1|E2|E3|E4|E5|E6|E7|E8|E9|E10|E11|E12|F1|F2|F3|F4|F5|F6|F7|F8|F9|F10|F11|F12|G1|G2|G3|G4|G5|G6|G7|G8|G9|G10|G11|G12,5|6|7,1|2|3|4|5|6|7|8|9|10|11|12
supp4_atec,ATEC-C-r1,ATEC-C-r,1,Cefepime,0.7249744345058954,24.172660092355827,ATEC-C-r1,culture,,not established,True,cache/supp4_atec__df_analysis.pkl,3,,,152,A1|A2|A3|A4|A5|A6|A7|A8|A9|A10|A11|A12|B1|B2|B3|B4|B5|B6|B7|B8|B9|B10|B11|B12|C1|C2|C3|C4|C5|C6|C7|C8|C9|C10|C11|C12|E1|E2|E3|E4|E5|F1|F2|F3|F4|F5|G1|G2|G3|G4|G5,1|2|3|5|6|7,1|2|3|4|5|6|7|8|9|10|11|12
supp6_unt,P1,P,1,Levofloxacin,0.02545361311213176,0.06719275508112427,P1,culture,1,confirmed 18 September 2026; same-numbered pairs,True,cache/supp6_unt__df_analysis.pkl,4,,,1,B1|B2|B3|B4|B5|B6|B7|B8|B9|B10|B11|B12|C1|C2|C3|C4|C5|C6|C7|C8|C9|C10|C11|C12|D1|D2|D3|D4|D5|D6|D7|D8|D9|D10|D11|D12,2|3|4,1|2|3|4|5|6|7|8|9|10|11|12
supp6_unt,P2,P,2,Levofloxacin,0.02748392010423085,0.09520572183377206,P2,culture,2,confirmed 18 September 2026; same-numbered pairs,True,cache/supp6_unt__df_analysis.pkl,4,,,1,E1|E2|E3|E4|E5|E6|E7|E8|E9|E10|E11|E12|F1|F2|F3|F4|F5|F6|F7|F8|F9|F10|F11|F12|G1|G2|G3|G4|G5|G6|G7|G8|G9|G10|G11|G12,5|6|7,1|2|3|4|5|6|7|8|9|10|11|12
supp6_unt,P3,P,3,Levofloxacin,0.023339999975146013,0.07948551717003531,P3,culture,3,confirmed 18 September 2026; same-numbered pairs,True,cache/supp6_unt__df_analysis.pkl,4,,,2,B1|B2|B3|B4|B5|B6|B7|B8|B9|B10|B11|B12|C1|C2|C3|C4|C5|C6|C7|C8|C9|C10|C11|C12|D1|D2|D3|D4|D5|D6|D7|D8|D9|D10|D11|D12,2|3|4,1|2|3|4|5|6|7|8|9|10|11|12
supp6_unt,P4,P,4,Levofloxacin,0.022791390587793378,0.07112462066244545,P4,culture,4,confirmed 18 September 2026; same-numbered pairs,True,cache/supp6_unt__df_analysis.pkl,4,,,2,E1|E2|E3|E4|E5|E6|E7|E8|E9|E10|E11|E12|F1|F2|F3|F4|F5|F6|F7|F8|F9|F10|F11|F12|G1|G2|G3|G4|G5|G6|G7|G8|G9|G10|G11|G12,5|6|7,1|2|3|4|5|6|7|8|9|10|11|12
supp6_unt,P-unt1,P-unt,1,Levofloxacin,0.03184902494104162,0.12899934378391428,P-unt1,culture,1,confirmed 18 September 2026; same-numbered pairs,True,cache/supp6_unt__df_analysis.pkl,4,,,3,B1|B2|B3|B4|B5|B6|B7|B8|B9|B10|B11|B12|C1|C2|C3|C4|C5|C6|C7|C8|C9|C10|C11|C12|D1|D2|D3|D4|D5|D6|D7|D8|D9|D10|D11|D12,2|3|4,1|2|3|4|5|6|7|8|9|10|11|12
supp6_unt,P-unt2,P-unt,2,Levofloxacin,0.03208040373919596,0.11568137816103727,P-unt2,culture,2,confirmed 18 September 2026; same-numbered pairs,True,cache/supp6_unt__df_analysis.pkl,4,,,3,E1|E2|E3|E4|E5|E6|E7|E8|E9|E10|E11|E12|F1|F2|F3|F4|F5|F6|F7|F8|F9|F10|F11|F12|G1|G2|G3|G4|G5|G6|G7|G8|G9|G10|G11|G12,5|6|7,1|2|3|4|5|6|7|8|9|10|11|12
supp6_unt,P-unt3,P-unt,3,Levofloxacin,0.027587675398065708,0.08135738205974956,P-unt3,culture,3,confirmed 18 September 2026; same-numbered pairs,True,cache/supp6_unt__df_analysis.pkl,4,,,4,B1|B2|B3|B4|B5|B6|B7|B8|B9|B10|B11|B12|C1|C2|C3|C4|C5|C6|C7|C8|C9|C10|C11|C12|D1|D2|D3|D4|D5|D6|D7|D8|D9|D10|D11|D12,2|3|4,1|2|3|4|5|6|7|8|9|10|11|12
supp6_unt,P-unt4,P-unt,4,Levofloxacin,0.029599653936205297,0.07712346104483572,P-unt4,culture,4,confirmed 18 September 2026; same-numbered pairs,True,cache/supp6_unt__df_analysis.pkl,4,,,4,E1|E2|E3|E4|E5|E6|E7|E8|E9|E10|E11|E12|F1|F2|F3|F4|F5|F6|F7|F8|F9|F10|F11|F12|G1|G2|G3|G4|G5|G6|G7|G8|G9|G10|G11|G12,5|6|7,1|2|3|4|5|6|7|8|9|10|11|12
supp6_unt,P1,P,1,Amikacin,4.273277863257964,61.155178577600886,P1,culture,1,confirmed 18 September 2026; same-numbered pairs,True,cache/supp6_unt__df_analysis.pkl,4,,,5,B1|B2|B3|B4|B5|B6|B7|B8|B9|B10|B11|B12|C1|C2|C3|C4|C5|C6|C7|C8|C9|C10|C11|C12|D1|D2|D3|D4|D5|D6|D7|D8|D9|D10|D11|D12,2|3|4,1|2|3|4|5|6|7|8|9|10|11|12
supp6_unt,P2,P,2,Amikacin,3.344435130197907,66.55587926411597,P2,culture,2,confirmed 18 September 2026; same-numbered pairs,True,cache/supp6_unt__df_analysis.pkl,4,,,5,E1|E2|E3|E4|E5|E6|E7|E8|E9|E10|E11|E12|F1|F2|F3|F4|F5|F6|F7|F8|F9|F10|F11|F12|G1|G2|G3|G4|G5|G6|G7|G8|G9|G10|G11|G12,5|6|7,1|2|3|4|5|6|7|8|9|10|11|12
supp6_unt,P3,P,3,Amikacin,3.2369134616348885,45.58070538564919,P3,culture,3,confirmed 18 September 2026; same-numbered pairs,True,cache/supp6_unt__df_analysis.pkl,4,,,6,B1|B2|B3|B4|B5|B6|B7|B8|B9|B10|B11|B12|C1|C2|C3|C4|C5|C6|C7|C8|C9|C10|C11|C12|D1|D2|D3|D4|D5|D6|D7|D8|D9|D10|D11|D12,2|3|4,1|2|3|4|5|6|7|8|9|10|11|12
supp6_unt,P4,P,4,Amikacin,3.087204461151498,55.537761190798975,P4,culture,4,confirmed 18 September 2026; same-numbered pairs,True,cache/supp6_unt__df_analysis.pkl,4,,,6,E1|E2|E3|E4|E5|E6|E7|E8|E9|E10|E11|E12|F1|F2|F3|F4|F5|F6|F7|F8|F9|F10|F11|F12|G1|G2|G3|G4|G5|G6|G7|G8|G9|G10|G11|G12,5|6|7,1|2|3|4|5|6|7|8|9|10|11|12
supp6_unt,P-unt1,P-unt,1,Amikacin,3.0131366082409103,30.112470381280033,P-unt1,culture,1,confirmed 18 September 2026; same-numbered pairs,True,cache/supp6_unt__df_analysis.pkl,4,,,7,B1|B2|B3|B4|B5|B6|B7|B8|B9|B10|B11|B12|C1|C2|C3|C4|C5|C6|C7|C8|C9|C10|C11|C12|D1|D2|D3|D4|D5|D6|D7|D8|D9|D10|D11|D12,2|3|4,1|2|3|4|5|6|7|8|9|10|11|12
supp6_unt,P-unt2,P-unt,2,Amikacin,2.044094170565018,16.477059296434682,P-unt2,culture,2,confirmed 18 September 2026; same-numbered pairs,True,cache/supp6_unt__df_analysis.pkl,4,,,7,E1|E2|E3|E4|E5|E6|E7|E8|E9|E10|E11|E12|F1|F2|F3|F4|F5|F6|F7|F8|F9|F10|F11|F12|G1|G2|G3|G4|G5|G6|G7|G8|G9|G10|G11|G12,5|6|7,1|2|3|4|5|6|7|8|9|10|11|12
supp6_unt,P-unt3,P-unt,3,Amikacin,2.7890119534128455,26.604478677553942,P-unt3,culture,3,confirmed 18 September 2026; same-numbered pairs,True,cache/supp6_unt__df_analysis.pkl,4,,,8,B1|B2|B3|B4|B5|B6|B7|B8|B9|B10|B11|B12|C1|C2|C3|C4|C5|C6|C7|C8|C9|C10|C11|C12|D1|D2|D3|D4|D5|D6|D7|D8|D9|D10|D11|D12,2|3|4,1|2|3|4|5|6|7|8|9|10|11|12
supp6_unt,P-unt4,P-unt,4,Amikacin,2.1190109632991594,16.681345340425693,P-unt4,culture,4,confirmed 18 September 2026; same-numbered pairs,True,cache/supp6_unt__df_analysis.pkl,4,,,8,E1|E2|E3|E4|E5|E6|E7|E8|E9|E10|E11|E12|F1|F2|F3|F4|F5|F6|F7|F8|F9|F10|F11|F12|G1|G2|G3|G4|G5|G6|G7|G8|G9|G10|G11|G12,5|6|7,1|2|3|4|5|6|7|8|9|10|11|12
supp6_unt,P1,P,1,Cefepime,0.041482911795814016,0.18353424417313163,P1,culture,1,confirmed 18 September 2026; same-numbered pairs,True,cache/supp6_unt__df_analysis.pkl,4,,,9,B1|B2|B3|B4|B5|B6|B7|B8|B9|B10|B11|B12|C1|C2|C3|C4|C5|C6|C7|C8|C9|C10|C11|C12|D1|D2|D3|D4|D5|D6|D7|D8|D9|D10|D11|D12,2|3|4,1|2|3|4|5|6|7|8|9|10|11|12
supp6_unt,P2,P,2,Cefepime,0.03599228086575682,0.1446098636327137,P2,culture,2,confirmed 18 September 2026; same-numbered pairs,True,cache/supp6_unt__df_analysis.pkl,4,,,9,E1|E2|E3|E4|E5|E6|E7|E8|E9|E10|E11|E12|F1|F2|F3|F4|F5|F6|F7|F8|F9|F10|F11|F12|G1|G2|G3|G4|G5|G6|G7|G8|G9|G10|G11|G12,5|6|7,1|2|3|4|5|6|7|8|9|10|11|12
supp6_unt,P3,P,3,Cefepime,0.04021867703860345,0.20140156376070031,P3,culture,3,confirmed 18 September 2026; same-numbered pairs,True,cache/supp6_unt__df_analysis.pkl,4,,,10,B1|B2|B3|B4|B5|B6|B7|B8|B9|B10|B11|B12|C1|C2|C3|C4|C5|C6|C7|C8|C9|C10|C11|C12|D1|D2|D3|D4|D5|D6|D7|D8|D9|D10|D11|D12,2|3|4,1|2|3|4|5|6|7|8|9|10|11|12
supp6_unt,P4,P,4,Cefepime,0.03747341792431881,0.13797934554071362,P4,culture,4,confirmed 18 September 2026; same-numbered pairs,True,cache/supp6_unt__df_analysis.pkl,4,,,10,E1|E2|E3|E4|E5|E6|E7|E8|E9|E10|E11|E12|F1|F2|F3|F4|F5|F6|F7|F8|F9|F10|F11|F12|G1|G2|G3|G4|G5|G6|G7|G8|G9|G10|G11|G12,5|6|7,1|2|3|4|5|6|7|8|9|10|11|12
supp6_unt,P-unt1,P-unt,1,Cefepime,0.029027870069454675,0.08868551973931509,P-unt1,culture,1,confirmed 18 September 2026; same-numbered pairs,True,cache/supp6_unt__df_analysis.pkl,4,,,11,B1|B2|B3|B4|B5|B6|B7|B8|B9|B10|B11|B12|C1|C2|C3|C4|C5|C6|C7|C8|C9|C10|C11|C12|D1|D2|D3|D4|D5|D6|D7|D8|D9|D10|D11|D12,2|3|4,1|2|3|4|5|6|7|8|9|10|11|12
supp6_unt,P-unt2,P-unt,2,Cefepime,0.022179374552974276,0.07892970953955675,P-unt2,culture,2,confirmed 18 September 2026; same-numbered pairs,True,cache/supp6_unt__df_analysis.pkl,4,,,11,E1|E2|E3|E4|E5|E6|E7|E8|E9|E10|E11|E12|F1|F2|F3|F4|F5|F6|F7|F8|F9|F10|F11|F12|G1|G2|G3|G4|G5|G6|G7|G8|G9|G10|G11|G12,5|6|7,1|2|3|4|5|6|7|8|9|10|11|12
supp6_unt,P-unt3,P-unt,3,Cefepime,0.023138131305961967,0.06128347797768561,P-unt3,culture,3,confirmed 18 September 2026; same-numbered pairs,True,cache/supp6_unt__df_analysis.pkl,4,,,12,B1|B2|B3|B4|B5|B6|B7|B8|B9|B10|B11|B12|C1|C2|C3|C4|C5|C6|C7|C8|C9|C10|C11|C12|D1|D2|D3|D4|D5|D6|D7|D8|D9|D10|D11|D12,2|3|4,1|2|3|4|5|6|7|8|9|10|11|12
supp6_unt,P-unt4,P-unt,4,Cefepime,0.031672526833119885,0.18552635809470625,P-unt4,culture,4,confirmed 18 September 2026; same-numbered pairs,True,cache/supp6_unt__df_analysis.pkl,4,,,12,E1|E2|E3|E4|E5|E6|E7|E8|E9|E10|E11|E12|F1|F2|F3|F4|F5|F6|F7|F8|F9|F10|F11|F12|G1|G2|G3|G4|G5|G6|G7|G8|G9|G10|G11|G12,5|6|7,1|2|3|4|5|6|7|8|9|10|11|12
fig5_mutants,gata1,gata,1,Levofloxacin,0.035306243999103114,0.07981775021815374,gata,technical series,,not established,True,cache/fig5_mutants__df_analysis.pkl,1,,,1,B1|B2|B3|B4|B5|B6|B7|B8|B9|B10|B11|B12,2,1|2|3|4|5|6|7|8|9|10|11|12
fig5_mutants,gata2,gata,2,Levofloxacin,0.03709516050271815,0.07334042337771897,gata,technical series,,not established,True,cache/fig5_mutants__df_analysis.pkl,1,,,1,C1|C2|C3|C4|C5|C6|C7|C8|C9|C10|C11|C12,3,1|2|3|4|5|6|7|8|9|10|11|12
fig5_mutants,gata3,gata,3,Levofloxacin,0.0380956469769711,0.06638473098522536,gata,technical series,,not established,True,cache/fig5_mutants__df_analysis.pkl,1,,,1,D1|D2|D3|D4|D5|D6|D7|D8|D9|D10|D11|D12,4,1|2|3|4|5|6|7|8|9|10|11|12
fig5_mutants,glvc1,glvc,1,Levofloxacin,0.04026236109773444,0.07137511190869078,glvc,technical series,,not established,True,cache/fig5_mutants__df_analysis.pkl,1,,,1,E1|E2|E3|E4|E5|E6|E7|E8|E9|E10|E11|E12,5,1|2|3|4|5|6|7|8|9|10|11|12
fig5_mutants,glvc2,glvc,2,Levofloxacin,0.060154951465725776,0.19672262289475892,glvc,technical series,,not established,True,cache/fig5_mutants__df_analysis.pkl,1,,,1,F1|F2|F3|F4|F5|F6|F7|F8|F9|F10|F11|F12,6,1|2|3|4|5|6|7|8|9|10|11|12
fig5_mutants,glvc3,glvc,3,Levofloxacin,0.0593696225153516,0.20418029519728303,glvc,technical series,,not established,True,cache/fig5_mutants__df_analysis.pkl,1,,,1,G1|G2|G3|G4|G5|G6|G7|G8|G9|G10|G11|G12,7,1|2|3|4|5|6|7|8|9|10|11|12
fig5_mutants,hipa1,hipa,1,Levofloxacin,0.05198010409599951,0.1620131885666488,hipa,technical series,,not established,True,cache/fig5_mutants__df_analysis.pkl,1,,,2,B1|B2|B3|B4|B5|B6|B7|B8|B9|B10|B11|B12,2,1|2|3|4|5|6|7|8|9|10|11|12
fig5_mutants,hipa2,hipa,2,Levofloxacin,0.053842660536561074,0.17127377290136525,hipa,technical series,,not established,True,cache/fig5_mutants__df_analysis.pkl,1,,,2,C1|C2|C3|C4|C5|C6|C7|C8|C9|C10|C11|C12,3,1|2|3|4|5|6|7|8|9|10|11|12
fig5_mutants,hipa3,hipa,3,Levofloxacin,0.060209889524979764,0.17869451953182441,hipa,technical series,,not established,True,cache/fig5_mutants__df_analysis.pkl,1,,,2,D1|D2|D3|D4|D5|D6|D7|D8|D9|D10|D11|D12,4,1|2|3|4|5|6|7|8|9|10|11|12
fig5_mutants,selb1,selb,1,Levofloxacin,0.09138449517349805,0.5673639573255753,selb,technical series,,not established,True,cache/fig5_mutants__df_analysis.pkl,1,,,2,E1|E2|E3|E4|E5|E6|E7|E8|E9|E10|E11|E12,5,1|2|3|4|5|6|7|8|9|10|11|12
fig5_mutants,selb2,selb,2,Levofloxacin,0.06740811189337441,0.1404715060420743,selb,technical series,,not established,True,cache/fig5_mutants__df_analysis.pkl,1,,,2,F1|F2|F3|F4|F5|F6|F7|F8|F9|F10|F11|F12,6,1|2|3|4|5|6|7|8|9|10|11|12
fig5_mutants,selb3,selb,3,Levofloxacin,0.10718430833099302,0.3335893264188505,selb,technical series,,not established,True,cache/fig5_mutants__df_analysis.pkl,1,,,2,G1|G2|G3|G4|G5|G6|G7|G8|G9|G10|G11|G12,7,1|2|3|4|5|6|7|8|9|10|11|12
fig5_mutants,rpoz1,rpoz,1,Levofloxacin,0.03381531061359891,0.07031389669456796,rpoz,technical series,,not established,True,cache/fig5_mutants__df_analysis.pkl,1,,,3,B1|B2|B3|B4|B5|B6|B7|B8|B9|B10|B11|B12,2,1|2|3|4|5|6|7|8|9|10|11|12
fig5_mutants,rpoz2,rpoz,2,Levofloxacin,0.04272442391255842,0.2159778819199483,rpoz,technical series,,not established,True,cache/fig5_mutants__df_analysis.pkl,1,,,3,C1|C2|C3|C4|C5|C6|C7|C8|C9|C10|C11|C12,3,1|2|3|4|5|6|7|8|9|10|11|12
fig5_mutants,rpoz3,rpoz,3,Levofloxacin,0.02908371206435956,0.08900331865492613,rpoz,technical series,,not established,True,cache/fig5_mutants__df_analysis.pkl,1,,,3,D1|D2|D3|D4|D5|D6|D7|D8|D9|D10|D11|D12,4,1|2|3|4|5|6|7|8|9|10|11|12
fig5_mutants,ftsh1,ftsh,1,Levofloxacin,0.02741050684038969,0.10531937380120424,ftsh,technical series,,not established,True,cache/fig5_mutants__df_analysis.pkl,1,,,3,E1|E2|E3|E4|E5|E6|E7|E8|E9|E10|E11|E12,5,1|2|3|4|5|6|7|8|9|10|11|12
fig5_mutants,ftsh2,ftsh,2,Levofloxacin,0.03305833187029728,0.09714077626946721,ftsh,technical series,,not established,True,cache/fig5_mutants__df_analysis.pkl,1,,,3,F1|F2|F3|F4|F5|F6|F7|F8|F9|F10|F11|F12,6,1|2|3|4|5|6|7|8|9|10|11|12
fig5_mutants,ftsh3,ftsh,3,Levofloxacin,0.03310836995821577,0.09782174997229065,ftsh,technical series,,not established,True,cache/fig5_mutants__df_analysis.pkl,1,,,3,G1|G2|G3|G4|G5|G6|G7|G8|G9|G10|G11|G12,7,1|2|3|4|5|6|7|8|9|10|11|12
fig5_mutants,fime1,fime,1,Levofloxacin,0.0379477009604838,0.06152966836349658,fime,technical series,,not established,True,cache/fig5_mutants__df_analysis.pkl,1,,,4,B1|B2|B3|B4|B5|B6|B7|B8|B9|B10|B11|B12,2,1|2|3|4|5|6|7|8|9|10|11|12
fig5_mutants,fime2,fime,2,Levofloxacin,0.07653336857933513,0.11520928335967724,fime,technical series,,not established,True,cache/fig5_mutants__df_analysis.pkl,1,,,4,C1|C2|C3|C4|C5|C6|C7|C8|C9|C10|C11|C12,3,1|2|3|4|5|6|7|8|9|10|11|12
fig5_mutants,fime3,fime,3,Levofloxacin,0.062378438581358185,0.17069069972539358,fime,technical series,,not established,True,cache/fig5_mutants__df_analysis.pkl,1,,,4,D1|D2|D3|D4|D5|D6|D7|D8|D9|D10|D11|D12,4,1|2|3|4|5|6|7|8|9|10|11|12
fig5_mutants,MG1,MG,1,Levofloxacin,0.03739927975799919,0.07034155111842015,MG,technical series,,not established,True,cache/fig5_mutants__df_analysis.pkl,1,,,4,E1|E2|E3|E4|E5|E6|E7|E8|E9|E10|E11|E12,5,1|2|3|4|5|6|7|8|9|10|11|12
fig5_mutants,MG2,MG,2,Levofloxacin,0.03677804136363831,0.07245698318627568,MG,technical series,,not established,True,cache/fig5_mutants__df_analysis.pkl,1,,,4,F1|F2|F3|F4|F5|F6|F7|F8|F9|F10|F11|F12,6,1|2|3|4|5|6|7|8|9|10|11|12
fig5_mutants,MG3,MG,3,Levofloxacin,0.03558515046857118,0.08684393951274327,MG,technical series,,not established,True,cache/fig5_mutants__df_analysis.pkl,1,,,4,G1|G2|G3|G4|G5|G6|G7|G8|G9|G10|G11|G12,7,1|2|3|4|5|6|7|8|9|10|11|12
fig5_mutants,gata1,gata,1,Amikacin,2.8926005327486357,38.31721221636491,gata,technical series,,not established,True,cache/fig5_mutants__df_analysis.pkl,1,,,5,B1|B2|B3|B4|B5|B6|B7|B8|B9|B10|B11|B12,2,1|2|3|4|5|6|7|8|9|10|11|12
fig5_mutants,gata2,gata,2,Amikacin,3.630432295382125,43.97272666443233,gata,technical series,,not established,True,cache/fig5_mutants__df_analysis.pkl,1,,,5,C1|C2|C3|C4|C5|C6|C7|C8|C9|C10|C11|C12,3,1|2|3|4|5|6|7|8|9|10|11|12
fig5_mutants,gata3,gata,3,Amikacin,3.0455394913994693,26.7357288887117,gata,technical series,,not established,True,cache/fig5_mutants__df_analysis.pkl,1,,,5,D1|D2|D3|D4|D5|D6|D7|D8|D9|D10|D11|D12,4,1|2|3|4|5|6|7|8|9|10|11|12
fig5_mutants,glvc1,glvc,1,Amikacin,3.2936338793700415,30.54295381004582,glvc,technical series,,not established,True,cache/fig5_mutants__df_analysis.pkl,1,,,5,E1|E2|E3|E4|E5|E6|E7|E8|E9|E10|E11|E12,5,1|2|3|4|5|6|7|8|9|10|11|12
fig5_mutants,glvc2,glvc,2,Amikacin,4.473259425022631,57.27996807361242,glvc,technical series,,not established,True,cache/fig5_mutants__df_analysis.pkl,1,,,5,F1|F2|F3|F4|F5|F6|F7|F8|F9|F10|F11|F12,6,1|2|3|4|5|6|7|8|9|10|11|12
fig5_mutants,glvc3,glvc,3,Amikacin,3.757402294936288,71.03796304256086,glvc,technical series,,not established,True,cache/fig5_mutants__df_analysis.pkl,1,,,5,G1|G2|G3|G4|G5|G6|G7|G8|G9|G10|G11|G12,7,1|2|3|4|5|6|7|8|9|10|11|12
fig5_mutants,hipa1,hipa,1,Amikacin,2.7974475816547995,37.041018243137366,hipa,technical series,,not established,True,cache/fig5_mutants__df_analysis.pkl,1,,,6,B1|B2|B3|B4|B5|B6|B7|B8|B9|B10|B11|B12,2,1|2|3|4|5|6|7|8|9|10|11|12
fig5_mutants,hipa2,hipa,2,Amikacin,2.8218792533027663,39.77204815200725,hipa,technical series,,not established,True,cache/fig5_mutants__df_analysis.pkl,1,,,6,C1|C2|C3|C4|C5|C6|C7|C8|C9|C10|C11|C12,3,1|2|3|4|5|6|7|8|9|10|11|12
fig5_mutants,hipa3,hipa,3,Amikacin,2.927798169324257,45.27875376766875,hipa,technical series,,not established,True,cache/fig5_mutants__df_analysis.pkl,1,,,6,D1|D2|D3|D4|D5|D6|D7|D8|D9|D10|D11|D12,4,1|2|3|4|5|6|7|8|9|10|11|12
fig5_mutants,selb1,selb,1,Amikacin,12.900036159417498,44.80611851468662,selb,technical series,,not established,True,cache/fig5_mutants__df_analysis.pkl,1,,,6,E1|E2|E3|E4|E5|E6|E7|E8|E9|E10|E11|E12,5,1|2|3|4|5|6|7|8|9|10|11|12
fig5_mutants,selb2,selb,2,Amikacin,13.29738991895091,46.84594359336627,selb,technical series,,not established,True,cache/fig5_mutants__df_analysis.pkl,1,,,6,F1|F2|F3|F4|F5|F6|F7|F8|F9|F10|F11|F12,6,1|2|3|4|5|6|7|8|9|10|11|12
fig5_mutants,selb3,selb,3,Amikacin,10.666477695910066,31.366040114463978,selb,technical series,,not established,True,cache/fig5_mutants__df_analysis.pkl,1,,,6,G1|G2|G3|G4|G5|G6|G7|G8|G9|G10|G11|G12,7,1|2|3|4|5|6|7|8|9|10|11|12
fig5_mutants,rpoz1,rpoz,1,Amikacin,2.318330253353974,46.84133929791176,rpoz,technical series,,not established,True,cache/fig5_mutants__df_analysis.pkl,1,,,7,B1|B2|B3|B4|B5|B6|B7|B8|B9|B10|B11|B12,2,1|2|3|4|5|6|7|8|9|10|11|12
fig5_mutants,rpoz2,rpoz,2,Amikacin,2.1441496215774514,40.28429853980909,rpoz,technical series,,not established,True,cache/fig5_mutants__df_analysis.pkl,1,,,7,C1|C2|C3|C4|C5|C6|C7|C8|C9|C10|C11|C12,3,1|2|3|4|5|6|7|8|9|10|11|12
fig5_mutants,rpoz3,rpoz,3,Amikacin,3.174639706348432,51.02936804553356,rpoz,technical series,,not established,True,cache/fig5_mutants__df_analysis.pkl,1,,,7,D1|D2|D3|D4|D5|D6|D7|D8|D9|D10|D11|D12,4,1|2|3|4|5|6|7|8|9|10|11|12
fig5_mutants,ftsh1,ftsh,1,Amikacin,1.9028474705263554,36.57323601248884,ftsh,technical series,,not established,True,cache/fig5_mutants__df_analysis.pkl,1,,,7,E1|E2|E3|E4|E5|E6|E7|E8|E9|E10|E11|E12,5,1|2|3|4|5|6|7|8|9|10|11|12
fig5_mutants,ftsh2,ftsh,2,Amikacin,2.0331141303377915,44.20545291063306,ftsh,technical series,,not established,True,cache/fig5_mutants__df_analysis.pkl,1,,,7,F1|F2|F3|F4|F5|F6|F7|F8|F9|F10|F11|F12,6,1|2|3|4|5|6|7|8|9|10|11|12
fig5_mutants,ftsh3,ftsh,3,Amikacin,1.2299658116773358,12.35629494592928,ftsh,technical series,,not established,True,cache/fig5_mutants__df_analysis.pkl,1,,,7,G1|G2|G3|G4|G5|G6|G7|G8|G9|G10|G11|G12,7,1|2|3|4|5|6|7|8|9|10|11|12
fig5_mutants,fime1,fime,1,Amikacin,3.6913421182955326,110.60363971628729,fime,technical series,,not established,True,cache/fig5_mutants__df_analysis.pkl,1,,,8,B1|B2|B3|B4|B5|B6|B7|B8|B9|B10|B11|B12,2,1|2|3|4|5|6|7|8|9|10|11|12
fig5_mutants,fime2,fime,2,Amikacin,2.3122477198794478,66.95497997073073,fime,technical series,,not established,True,cache/fig5_mutants__df_analysis.pkl,1,,,8,C1|C2|C3|C4|C5|C6|C7|C8|C9|C10|C11|C12,3,1|2|3|4|5|6|7|8|9|10|11|12
fig5_mutants,fime3,fime,3,Amikacin,3.582564915136116,60.60637136048023,fime,technical series,,not established,True,cache/fig5_mutants__df_analysis.pkl,1,,,8,D1|D2|D3|D4|D5|D6|D7|D8|D9|D10|D11|D12,4,1|2|3|4|5|6|7|8|9|10|11|12
fig5_mutants,MG1,MG,1,Amikacin,4.498299601478186,78.44743308266439,MG,technical series,,not established,True,cache/fig5_mutants__df_analysis.pkl,1,,,8,E1|E2|E3|E4|E5|E6|E7|E8|E9|E10|E11|E12,5,1|2|3|4|5|6|7|8|9|10|11|12
fig5_mutants,MG2,MG,2,Amikacin,3.603582781481418,44.25543420642006,MG,technical series,,not established,True,cache/fig5_mutants__df_analysis.pkl,1,,,8,F1|F2|F3|F4|F5|F6|F7|F8|F9|F10|F11|F12,6,1|2|3|4|5|6|7|8|9|10|11|12
fig5_mutants,MG3,MG,3,Amikacin,2.7935189282715776,51.60409127027511,MG,technical series,,not established,True,cache/fig5_mutants__df_analysis.pkl,1,,,8,G1|G2|G3|G4|G5|G6|G7|G8|G9|G10|G11|G12,7,1|2|3|4|5|6|7|8|9|10|11|12
fig5_mutants,gata1,gata,1,Cefepime,0.03163826181265351,0.07858822999809605,gata,technical series,,not established,True,cache/fig5_mutants__df_analysis.pkl,1,,,9,B1|B2|B3|B4|B5|B6|B7|B8|B9|B10|B11|B12,2,1|2|3|4|5|6|7|8|9|10|11|12
fig5_mutants,gata2,gata,2,Cefepime,0.03949195197500608,0.1647040329200894,gata,technical series,,not established,True,cache/fig5_mutants__df_analysis.pkl,1,,,9,C1|C2|C3|C4|C5|C6|C7|C8|C9|C10|C11|C12,3,1|2|3|4|5|6|7|8|9|10|11|12
fig5_mutants,gata3,gata,3,Cefepime,0.028290718322228802,0.06803611672489826,gata,technical series,,not established,True,cache/fig5_mutants__df_analysis.pkl,1,,,9,D1|D2|D3|D4|D5|D6|D7|D8|D9|D10|D11|D12,4,1|2|3|4|5|6|7|8|9|10|11|12
fig5_mutants,glvc1,glvc,1,Cefepime,0.03417446573877477,0.07197871434782592,glvc,technical series,,not established,True,cache/fig5_mutants__df_analysis.pkl,1,,,9,E1|E2|E3|E4|E5|E6|E7|E8|E9|E10|E11|E12,5,1|2|3|4|5|6|7|8|9|10|11|12
fig5_mutants,glvc2,glvc,2,Cefepime,0.039012201642130186,0.12093963555406914,glvc,technical series,,not established,True,cache/fig5_mutants__df_analysis.pkl,1,,,9,F1|F2|F3|F4|F5|F6|F7|F8|F9|F10|F11|F12,6,1|2|3|4|5|6|7|8|9|10|11|12
fig5_mutants,glvc3,glvc,3,Cefepime,0.03660332951094171,0.10496494363931909,glvc,technical series,,not established,True,cache/fig5_mutants__df_analysis.pkl,1,,,9,G1|G2|G3|G4|G5|G6|G7|G8|G9|G10|G11|G12,7,1|2|3|4|5|6|7|8|9|10|11|12
fig5_mutants,hipa1,hipa,1,Cefepime,0.0277291630059231,0.06680936323319507,hipa,technical series,,not established,True,cache/fig5_mutants__df_analysis.pkl,1,,,10,B1|B2|B3|B4|B5|B6|B7|B8|B9|B10|B11|B12,2,1|2|3|4|5|6|7|8|9|10|11|12
fig5_mutants,hipa2,hipa,2,Cefepime,0.027008082433817852,0.07466590134099471,hipa,technical series,,not established,True,cache/fig5_mutants__df_analysis.pkl,1,,,10,C1|C2|C3|C4|C5|C6|C7|C8|C9|C10|C11|C12,3,1|2|3|4|5|6|7|8|9|10|11|12
fig5_mutants,hipa3,hipa,3,Cefepime,0.031921484290685996,0.06542672007272318,hipa,technical series,,not established,True,cache/fig5_mutants__df_analysis.pkl,1,,,10,D1|D2|D3|D4|D5|D6|D7|D8|D9|D10|D11|D12,4,1|2|3|4|5|6|7|8|9|10|11|12
fig5_mutants,selb1,selb,1,Cefepime,0.03779474022697576,0.16747676877216594,selb,technical series,,not established,True,cache/fig5_mutants__df_analysis.pkl,1,,,10,E1|E2|E3|E4|E5|E6|E7|E8|E9|E10|E11|E12,5,1|2|3|4|5|6|7|8|9|10|11|12
fig5_mutants,selb2,selb,2,Cefepime,0.03489792718823066,0.2245651918696605,selb,technical series,,not established,True,cache/fig5_mutants__df_analysis.pkl,1,,,10,F1|F2|F3|F4|F5|F6|F7|F8|F9|F10|F11|F12,6,1|2|3|4|5|6|7|8|9|10|11|12
fig5_mutants,selb3,selb,3,Cefepime,0.03854538338710148,0.26190567987407226,selb,technical series,,not established,True,cache/fig5_mutants__df_analysis.pkl,1,,,10,G1|G2|G3|G4|G5|G6|G7|G8|G9|G10|G11|G12,7,1|2|3|4|5|6|7|8|9|10|11|12
fig5_mutants,rpoz1,rpoz,1,Cefepime,0.024161620129937684,0.05187939636838578,rpoz,technical series,,not established,True,cache/fig5_mutants__df_analysis.pkl,1,,,11,B1|B2|B3|B4|B5|B6|B7|B8|B9|B10|B11|B12,2,1|2|3|4|5|6|7|8|9|10|11|12
fig5_mutants,rpoz2,rpoz,2,Cefepime,0.03156519852768225,0.06324128286371794,rpoz,technical series,,not established,True,cache/fig5_mutants__df_analysis.pkl,1,,,11,C1|C2|C3|C4|C5|C6|C7|C8|C9|C10|C11|C12,3,1|2|3|4|5|6|7|8|9|10|11|12
fig5_mutants,rpoz3,rpoz,3,Cefepime,0.029382148877106985,0.06902834746423533,rpoz,technical series,,not established,True,cache/fig5_mutants__df_analysis.pkl,1,,,11,D1|D2|D3|D4|D5|D6|D7|D8|D9|D10|D11|D12,4,1|2|3|4|5|6|7|8|9|10|11|12
fig5_mutants,ftsh1,ftsh,1,Cefepime,0.04571374752759935,0.19017803803000846,ftsh,technical series,,not established,True,cache/fig5_mutants__df_analysis.pkl,1,,,11,E1|E2|E3|E4|E5|E6|E7|E8|E9|E10|E11|E12,5,1|2|3|4|5|6|7|8|9|10|11|12
fig5_mutants,ftsh2,ftsh,2,Cefepime,0.04202466600761941,0.1491208236261349,ftsh,technical series,,not established,True,cache/fig5_mutants__df_analysis.pkl,1,,,11,F1|F2|F3|F4|F5|F6|F7|F8|F9|F10|F11|F12,6,1|2|3|4|5|6|7|8|9|10|11|12
fig5_mutants,ftsh3,ftsh,3,Cefepime,0.037886160465819996,0.14341273551836364,ftsh,technical series,,not established,True,cache/fig5_mutants__df_analysis.pkl,1,,,11,G1|G2|G3|G4|G5|G6|G7|G8|G9|G10|G11|G12,7,1|2|3|4|5|6|7|8|9|10|11|12
fig5_mutants,fime1,fime,1,Cefepime,0.028346326177501047,0.05622691788301582,fime,technical series,,not established,True,cache/fig5_mutants__df_analysis.pkl,1,,,12,B1|B2|B3|B4|B5|B6|B7|B8|B9|B10|B11|B12,2,1|2|3|4|5|6|7|8|9|10|11|12
fig5_mutants,fime2,fime,2,Cefepime,0.02881297667083605,0.04854977832068597,fime,technical series,,not established,True,cache/fig5_mutants__df_analysis.pkl,1,,,12,C1|C2|C3|C4|C5|C6|C7|C8|C9|C10|C11|C12,3,1|2|3|4|5|6|7|8|9|10|11|12
fig5_mutants,fime3,fime,3,Cefepime,0.02985851067939838,0.05209825224419368,fime,technical series,,not established,True,cache/fig5_mutants__df_analysis.pkl,1,,,12,D1|D2|D3|D4|D5|D6|D7|D8|D9|D10|D11|D12,4,1|2|3|4|5|6|7|8|9|10|11|12
fig5_mutants,MG1,MG,1,Cefepime,0.029671570870631353,0.0775206965648303,MG,technical series,,not established,True,cache/fig5_mutants__df_analysis.pkl,1,,,12,E1|E2|E3|E4|E5|E6|E7|E8|E9|E10|E11|E12,5,1|2|3|4|5|6|7|8|9|10|11|12
fig5_mutants,MG2,MG,2,Cefepime,0.04639227590422553,0.30852781596135115,MG,technical series,,not established,True,cache/fig5_mutants__df_analysis.pkl,1,,,12,F1|F2|F3|F4|F5|F6|F7|F8|F9|F10|F11|F12,6,1|2|3|4|5|6|7|8|9|10|11|12
fig5_mutants,MG3,MG,3,Cefepime,0.02816058977072449,0.06979208425823041,MG,technical series,,not established,True,cache/fig5_mutants__df_analysis.pkl,1,,,12,G1|G2|G3|G4|G5|G6|G7|G8|G9|G10|G11|G12,7,1|2|3|4|5|6|7|8|9|10|11|12
