Day,Tube,Strain,Culture,Name,Replicate,Time,Count,Dilution,Factor,CFU,TimeZero,Fraction,source_excel_row,count_effective,dilution_effective,factor_effective,clarification,possible_handling_failure,count_status,fraction_workbook,fraction_observed,included_in_original_panel,replicate_original,cfu_formula,formula_volume_mL,below_detection,detection_limit,fraction_lower,fraction_upper,fraction_plot,record_note,source_workbook,figure
1,1,P,1,P1,1,0,42.0,5.0,1e-05,209999999.99999997,209999999.99999997,1.0,2,42.0,5.0,1e-05,,False,measured,1.0,1.0,True,1,=H2/(J2*0.02),0.020000000000000004,False,0.023809523809523808,1.0,1.0,1.0,Recorded volumes and two zero-colony counts confirmed 19 September 2026; day 2 at 3 h has an unconfirmed handling concern,working/figures/Figure 3/E - MDK/mdk.P.PLAC.cultures-2days.xlsx,Figure 3
1,2,P,1,P1,2,0,50.0,5.0,1e-05,249999999.99999997,249999999.99999997,1.0,3,50.0,5.0,1e-05,,False,measured,1.0,1.0,True,2,=H3/(J3*0.02),0.020000000000000004,False,0.019999999999999997,1.0,1.0,1.0,Recorded volumes and two zero-colony counts confirmed 19 September 2026; day 2 at 3 h has an unconfirmed handling concern,working/figures/Figure 3/E - MDK/mdk.P.PLAC.cultures-2days.xlsx,Figure 3
1,3,P,1,P1,3,0,36.0,5.0,1e-05,179999999.99999997,179999999.99999997,1.0,4,36.0,5.0,1e-05,,False,measured,1.0,1.0,True,3,=H4/(J4*0.02),0.02,False,0.027777777777777776,1.0,1.0,1.0,Recorded volumes and two zero-colony counts confirmed 19 September 2026; day 2 at 3 h has an unconfirmed handling concern,working/figures/Figure 3/E - MDK/mdk.P.PLAC.cultures-2days.xlsx,Figure 3
1,4,PLAC,1,PLAC1,1,0,39.0,5.0,1e-05,194999999.99999997,194999999.99999997,1.0,5,39.0,5.0,1e-05,,False,measured,1.0,1.0,True,1,=H5/(J5*0.02),0.02,False,0.02564102564102564,1.0,1.0,1.0,Recorded volumes and two zero-colony counts confirmed 19 September 2026; day 2 at 3 h has an unconfirmed handling concern,working/figures/Figure 3/E - MDK/mdk.P.PLAC.cultures-2days.xlsx,Figure 3
1,5,PLAC,1,PLAC1,2,0,47.0,5.0,1e-05,234999999.99999997,234999999.99999997,1.0,6,47.0,5.0,1e-05,,False,measured,1.0,1.0,True,2,=H6/(J6*0.02),0.020000000000000004,False,0.021276595744680847,1.0,1.0,1.0,Recorded volumes and two zero-colony counts confirmed 19 September 2026; day 2 at 3 h has an unconfirmed handling concern,working/figures/Figure 3/E - MDK/mdk.P.PLAC.cultures-2days.xlsx,Figure 3
1,6,PLAC,1,PLAC1,3,0,25.0,5.0,1e-05,124999999.99999999,124999999.99999999,1.0,7,25.0,5.0,1e-05,,False,measured,1.0,1.0,True,3,=H7/(J7*0.02),0.020000000000000004,False,0.039999999999999994,1.0,1.0,1.0,Recorded volumes and two zero-colony counts confirmed 19 September 2026; day 2 at 3 h has an unconfirmed handling concern,working/figures/Figure 3/E - MDK/mdk.P.PLAC.cultures-2days.xlsx,Figure 3
1,7,PLAC,2,PLAC2,1,0,41.0,5.0,1e-05,204999999.99999997,204999999.99999997,1.0,8,41.0,5.0,1e-05,,False,measured,1.0,1.0,True,1,=H8/(J8*0.02),0.02,False,0.024390243902439025,1.0,1.0,1.0,Recorded volumes and two zero-colony counts confirmed 19 September 2026; day 2 at 3 h has an unconfirmed handling concern,working/figures/Figure 3/E - MDK/mdk.P.PLAC.cultures-2days.xlsx,Figure 3
1,8,PLAC,2,PLAC2,2,0,45.0,5.0,1e-05,224999999.99999997,224999999.99999997,1.0,9,45.0,5.0,1e-05,,False,measured,1.0,1.0,True,2,=H9/(J9*0.02),0.020000000000000004,False,0.02222222222222222,1.0,1.0,1.0,Recorded volumes and two zero-colony counts confirmed 19 September 2026; day 2 at 3 h has an unconfirmed handling concern,working/figures/Figure 3/E - MDK/mdk.P.PLAC.cultures-2days.xlsx,Figure 3
1,9,PLAC,2,PLAC2,3,0,52.0,5.0,1e-05,259999999.99999997,259999999.99999997,1.0,10,52.0,5.0,1e-05,,False,measured,1.0,1.0,True,3,=H10/(J10*0.02),0.020000000000000004,False,0.01923076923076923,1.0,1.0,1.0,Recorded volumes and two zero-colony counts confirmed 19 September 2026; day 2 at 3 h has an unconfirmed handling concern,working/figures/Figure 3/E - MDK/mdk.P.PLAC.cultures-2days.xlsx,Figure 3
1,10,PLAC,3,PLAC3,1,0,36.0,5.0,1e-05,179999999.99999997,179999999.99999997,1.0,11,36.0,5.0,1e-05,,False,measured,1.0,1.0,True,1,=H11/(J11*0.02),0.02,False,0.027777777777777776,1.0,1.0,1.0,Recorded volumes and two zero-colony counts confirmed 19 September 2026; day 2 at 3 h has an unconfirmed handling concern,working/figures/Figure 3/E - MDK/mdk.P.PLAC.cultures-2days.xlsx,Figure 3
1,11,PLAC,3,PLAC3,2,0,32.0,5.0,1e-05,160000000.0,160000000.0,1.0,12,32.0,5.0,1e-05,,False,measured,1.0,1.0,True,2,=H12/(J12*0.02),0.019999999999999997,False,0.03125,1.0,1.0,1.0,Recorded volumes and two zero-colony counts confirmed 19 September 2026; day 2 at 3 h has an unconfirmed handling concern,working/figures/Figure 3/E - MDK/mdk.P.PLAC.cultures-2days.xlsx,Figure 3
1,12,PLAC,3,PLAC3,3,0,34.0,5.0,1e-05,170000000.0,170000000.0,1.0,13,34.0,5.0,1e-05,,False,measured,1.0,1.0,True,3,=H13/(J13*0.02),0.019999999999999997,False,0.029411764705882353,1.0,1.0,1.0,Recorded volumes and two zero-colony counts confirmed 19 September 2026; day 2 at 3 h has an unconfirmed handling concern,working/figures/Figure 3/E - MDK/mdk.P.PLAC.cultures-2days.xlsx,Figure 3
1,1,P,1,P1,1,1,28.0,1.0,0.1,14000.0,209999999.99999997,6.666666666666667e-05,14,28.0,1.0,0.1,,False,measured,6.666666666666667e-05,6.666666666666667e-05,True,1,=H14/(J14*0.02),0.02,False,2.380952380952381e-06,6.666666666666667e-05,6.666666666666667e-05,6.666666666666667e-05,Recorded volumes and two zero-colony counts confirmed 19 September 2026; day 2 at 3 h has an unconfirmed handling concern,working/figures/Figure 3/E - MDK/mdk.P.PLAC.cultures-2days.xlsx,Figure 3
1,2,P,1,P1,2,1,20.0,1.0,0.1,10000.0,249999999.99999997,4e-05,15,20.0,1.0,0.1,,False,measured,4e-05,4e-05,True,2,=H15/(J15*0.02),0.02,False,2.0000000000000003e-06,4e-05,4e-05,4e-05,Recorded volumes and two zero-colony counts confirmed 19 September 2026; day 2 at 3 h has an unconfirmed handling concern,working/figures/Figure 3/E - MDK/mdk.P.PLAC.cultures-2days.xlsx,Figure 3
1,3,P,1,P1,3,1,22.0,1.0,0.1,11000.0,179999999.99999997,6.111111111111112e-05,16,22.0,1.0,0.1,,False,measured,6.111111111111112e-05,6.111111111111112e-05,True,3,=H16/(J16*0.02),0.02,False,2.7777777777777783e-06,6.111111111111112e-05,6.111111111111112e-05,6.111111111111112e-05,Recorded volumes and two zero-colony counts confirmed 19 September 2026; day 2 at 3 h has an unconfirmed handling concern,working/figures/Figure 3/E - MDK/mdk.P.PLAC.cultures-2days.xlsx,Figure 3
1,4,PLAC,1,PLAC1,1,1,24.0,3.0,0.001,1200000.0,194999999.99999997,0.006153846153846155,17,24.0,3.0,0.001,,False,measured,0.006153846153846155,0.006153846153846155,True,1,=H17/(J17*0.02),0.02,False,0.00025641025641025646,0.006153846153846155,0.006153846153846155,0.006153846153846155,Recorded volumes and two zero-colony counts confirmed 19 September 2026; day 2 at 3 h has an unconfirmed handling concern,working/figures/Figure 3/E - MDK/mdk.P.PLAC.cultures-2days.xlsx,Figure 3
1,5,PLAC,1,PLAC1,2,1,20.0,3.0,0.001,999999.9999999999,234999999.99999997,0.00425531914893617,18,20.0,3.0,0.001,,False,measured,0.00425531914893617,0.00425531914893617,True,2,=H18/(J18*0.02),0.020000000000000004,False,0.00021276595744680848,0.00425531914893617,0.00425531914893617,0.00425531914893617,Recorded volumes and two zero-colony counts confirmed 19 September 2026; day 2 at 3 h has an unconfirmed handling concern,working/figures/Figure 3/E - MDK/mdk.P.PLAC.cultures-2days.xlsx,Figure 3
1,6,PLAC,1,PLAC1,3,1,27.0,3.0,0.001,1350000.0,124999999.99999999,0.0108,19,27.0,3.0,0.001,,False,measured,0.0108,0.0108,True,3,=H19/(J19*0.02),0.02,False,0.0004,0.0108,0.0108,0.0108,Recorded volumes and two zero-colony counts confirmed 19 September 2026; day 2 at 3 h has an unconfirmed handling concern,working/figures/Figure 3/E - MDK/mdk.P.PLAC.cultures-2days.xlsx,Figure 3
1,7,PLAC,2,PLAC2,1,1,70.0,4.0,0.0001,34999999.99999999,204999999.99999997,0.17073170731707316,20,70.0,4.0,0.0001,,False,measured,0.17073170731707316,0.17073170731707316,True,1,=H20/(J20*0.02),0.020000000000000004,False,0.0024390243902439024,0.17073170731707316,0.17073170731707316,0.17073170731707316,Recorded volumes and two zero-colony counts confirmed 19 September 2026; day 2 at 3 h has an unconfirmed handling concern,working/figures/Figure 3/E - MDK/mdk.P.PLAC.cultures-2days.xlsx,Figure 3
1,8,PLAC,2,PLAC2,2,1,68.0,4.0,0.0001,33999999.99999999,224999999.99999997,0.15111111111111108,21,68.0,4.0,0.0001,,False,measured,0.15111111111111108,0.15111111111111108,True,2,=H21/(J21*0.02),0.020000000000000004,False,0.0022222222222222222,0.15111111111111108,0.15111111111111108,0.15111111111111108,Recorded volumes and two zero-colony counts confirmed 19 September 2026; day 2 at 3 h has an unconfirmed handling concern,working/figures/Figure 3/E - MDK/mdk.P.PLAC.cultures-2days.xlsx,Figure 3
1,9,PLAC,2,PLAC2,3,1,83.0,4.0,0.0001,41499999.99999999,259999999.99999997,0.1596153846153846,22,83.0,4.0,0.0001,,False,measured,0.1596153846153846,0.1596153846153846,True,3,=H22/(J22*0.02),0.020000000000000004,False,0.0019230769230769232,0.1596153846153846,0.1596153846153846,0.1596153846153846,Recorded volumes and two zero-colony counts confirmed 19 September 2026; day 2 at 3 h has an unconfirmed handling concern,working/figures/Figure 3/E - MDK/mdk.P.PLAC.cultures-2days.xlsx,Figure 3
1,10,PLAC,3,PLAC3,1,1,21.0,4.0,0.0001,10499999.999999998,179999999.99999997,0.058333333333333334,23,21.0,4.0,0.0001,,False,measured,0.058333333333333334,0.058333333333333334,True,1,=H23/(J23*0.02),0.020000000000000004,False,0.002777777777777778,0.058333333333333334,0.058333333333333334,0.058333333333333334,Recorded volumes and two zero-colony counts confirmed 19 September 2026; day 2 at 3 h has an unconfirmed handling concern,working/figures/Figure 3/E - MDK/mdk.P.PLAC.cultures-2days.xlsx,Figure 3
1,11,PLAC,3,PLAC3,2,1,16.0,4.0,0.0001,7999999.999999999,160000000.0,0.049999999999999996,24,16.0,4.0,0.0001,,False,measured,0.049999999999999996,0.049999999999999996,True,2,=H24/(J24*0.02),0.020000000000000004,False,0.0031249999999999993,0.049999999999999996,0.049999999999999996,0.049999999999999996,Recorded volumes and two zero-colony counts confirmed 19 September 2026; day 2 at 3 h has an unconfirmed handling concern,working/figures/Figure 3/E - MDK/mdk.P.PLAC.cultures-2days.xlsx,Figure 3
1,12,PLAC,3,PLAC3,3,1,16.0,4.0,0.0001,7999999.999999999,170000000.0,0.04705882352941176,25,16.0,4.0,0.0001,,False,measured,0.04705882352941176,0.04705882352941176,True,3,=H25/(J25*0.02),0.020000000000000004,False,0.002941176470588235,0.04705882352941176,0.04705882352941176,0.04705882352941176,Recorded volumes and two zero-colony counts confirmed 19 September 2026; day 2 at 3 h has an unconfirmed handling concern,working/figures/Figure 3/E - MDK/mdk.P.PLAC.cultures-2days.xlsx,Figure 3
1,1,P,1,P1,1,2,64.0,-1.0,10.0,320.0,209999999.99999997,1.523809523809524e-06,26,64.0,-1.0,10.0,,False,measured,1.523809523809524e-06,1.523809523809524e-06,True,1,=H26/(J26*0.02),0.02,False,2.380952380952381e-08,1.523809523809524e-06,1.523809523809524e-06,1.523809523809524e-06,Recorded volumes and two zero-colony counts confirmed 19 September 2026; day 2 at 3 h has an unconfirmed handling concern,working/figures/Figure 3/E - MDK/mdk.P.PLAC.cultures-2days.xlsx,Figure 3
1,2,P,1,P1,2,2,60.0,-1.0,10.0,300.0,249999999.99999997,1.2000000000000002e-06,27,60.0,-1.0,10.0,,False,measured,1.2000000000000002e-06,1.2000000000000002e-06,True,2,=H27/(J27*0.02),0.02,False,2e-08,1.2000000000000002e-06,1.2000000000000002e-06,1.2000000000000002e-06,Recorded volumes and two zero-colony counts confirmed 19 September 2026; day 2 at 3 h has an unconfirmed handling concern,working/figures/Figure 3/E - MDK/mdk.P.PLAC.cultures-2days.xlsx,Figure 3
1,3,P,1,P1,3,2,41.0,-1.0,10.0,205.0,179999999.99999997,1.138888888888889e-06,28,41.0,-1.0,10.0,,False,measured,1.138888888888889e-06,1.138888888888889e-06,True,3,=H28/(J28*0.02),0.019999999999999997,False,2.777777777777779e-08,1.138888888888889e-06,1.138888888888889e-06,1.138888888888889e-06,Recorded volumes and two zero-colony counts confirmed 19 September 2026; day 2 at 3 h has an unconfirmed handling concern,working/figures/Figure 3/E - MDK/mdk.P.PLAC.cultures-2days.xlsx,Figure 3
1,4,PLAC,1,PLAC1,1,2,64.0,2.0,0.01,320000.0,194999999.99999997,0.0016410256410256414,29,64.0,2.0,0.01,,False,measured,0.0016410256410256414,0.0016410256410256414,True,1,=H29/(J29*0.02),0.02,False,2.5641025641025646e-05,0.0016410256410256414,0.0016410256410256414,0.0016410256410256414,Recorded volumes and two zero-colony counts confirmed 19 September 2026; day 2 at 3 h has an unconfirmed handling concern,working/figures/Figure 3/E - MDK/mdk.P.PLAC.cultures-2days.xlsx,Figure 3
1,5,PLAC,1,PLAC1,2,2,51.0,2.0,0.01,255000.0,234999999.99999997,0.0010851063829787236,30,51.0,2.0,0.01,,False,measured,0.0010851063829787236,0.0010851063829787236,True,2,=H30/(J30*0.02),0.02,False,2.1276595744680856e-05,0.0010851063829787236,0.0010851063829787236,0.0010851063829787236,Recorded volumes and two zero-colony counts confirmed 19 September 2026; day 2 at 3 h has an unconfirmed handling concern,working/figures/Figure 3/E - MDK/mdk.P.PLAC.cultures-2days.xlsx,Figure 3
1,6,PLAC,1,PLAC1,3,2,51.0,2.0,0.01,255000.0,124999999.99999999,0.00204,31,51.0,2.0,0.01,,False,measured,0.00204,0.00204,True,3,=H31/(J31*0.02),0.02,False,4e-05,0.00204,0.00204,0.00204,Recorded volumes and two zero-colony counts confirmed 19 September 2026; day 2 at 3 h has an unconfirmed handling concern,working/figures/Figure 3/E - MDK/mdk.P.PLAC.cultures-2days.xlsx,Figure 3
1,7,PLAC,2,PLAC2,1,2,28.0,4.0,0.0001,13999999.999999998,204999999.99999997,0.06829268292682927,32,28.0,4.0,0.0001,,False,measured,0.06829268292682927,0.06829268292682927,True,1,=H32/(J32*0.02),0.020000000000000004,False,0.0024390243902439024,0.06829268292682927,0.06829268292682927,0.06829268292682927,Recorded volumes and two zero-colony counts confirmed 19 September 2026; day 2 at 3 h has an unconfirmed handling concern,working/figures/Figure 3/E - MDK/mdk.P.PLAC.cultures-2days.xlsx,Figure 3
1,8,PLAC,2,PLAC2,2,2,24.0,4.0,0.0001,11999999.999999998,224999999.99999997,0.05333333333333333,33,24.0,4.0,0.0001,,False,measured,0.05333333333333333,0.05333333333333333,True,2,=H33/(J33*0.02),0.020000000000000004,False,0.0022222222222222222,0.05333333333333333,0.05333333333333333,0.05333333333333333,Recorded volumes and two zero-colony counts confirmed 19 September 2026; day 2 at 3 h has an unconfirmed handling concern,working/figures/Figure 3/E - MDK/mdk.P.PLAC.cultures-2days.xlsx,Figure 3
1,9,PLAC,2,PLAC2,3,2,29.0,4.0,0.0001,14499999.999999998,259999999.99999997,0.055769230769230765,34,29.0,4.0,0.0001,,False,measured,0.055769230769230765,0.055769230769230765,True,3,=H34/(J34*0.02),0.020000000000000004,False,0.0019230769230769232,0.055769230769230765,0.055769230769230765,0.055769230769230765,Recorded volumes and two zero-colony counts confirmed 19 September 2026; day 2 at 3 h has an unconfirmed handling concern,working/figures/Figure 3/E - MDK/mdk.P.PLAC.cultures-2days.xlsx,Figure 3
1,10,PLAC,3,PLAC3,1,2,28.0,3.0,0.001,1400000.0,179999999.99999997,0.007777777777777779,35,28.0,3.0,0.001,,False,measured,0.007777777777777779,0.007777777777777779,True,1,=H35/(J35*0.02),0.02,False,0.00027777777777777783,0.007777777777777779,0.007777777777777779,0.007777777777777779,Recorded volumes and two zero-colony counts confirmed 19 September 2026; day 2 at 3 h has an unconfirmed handling concern,working/figures/Figure 3/E - MDK/mdk.P.PLAC.cultures-2days.xlsx,Figure 3
1,11,PLAC,3,PLAC3,2,2,36.0,3.0,0.001,1799999.9999999998,160000000.0,0.011249999999999998,36,36.0,3.0,0.001,,False,measured,0.011249999999999998,0.011249999999999998,True,2,=H36/(J36*0.02),0.020000000000000004,False,0.0003124999999999999,0.011249999999999998,0.011249999999999998,0.011249999999999998,Recorded volumes and two zero-colony counts confirmed 19 September 2026; day 2 at 3 h has an unconfirmed handling concern,working/figures/Figure 3/E - MDK/mdk.P.PLAC.cultures-2days.xlsx,Figure 3
1,12,PLAC,3,PLAC3,3,2,21.0,3.0,0.001,1050000.0,170000000.0,0.006176470588235294,37,21.0,3.0,0.001,,False,measured,0.006176470588235294,0.006176470588235294,True,3,=H37/(J37*0.02),0.02,False,0.0002941176470588235,0.006176470588235294,0.006176470588235294,0.006176470588235294,Recorded volumes and two zero-colony counts confirmed 19 September 2026; day 2 at 3 h has an unconfirmed handling concern,working/figures/Figure 3/E - MDK/mdk.P.PLAC.cultures-2days.xlsx,Figure 3
1,1,P,1,P1,1,3,21.0,-1.0,10.0,105.0,209999999.99999997,5.000000000000001e-07,38,21.0,-1.0,10.0,,False,measured,5.000000000000001e-07,5.000000000000001e-07,True,1,=H38/(J38*0.02),0.02,False,2.380952380952381e-08,5.000000000000001e-07,5.000000000000001e-07,5.000000000000001e-07,Recorded volumes and two zero-colony counts confirmed 19 September 2026; day 2 at 3 h has an unconfirmed handling concern,working/figures/Figure 3/E - MDK/mdk.P.PLAC.cultures-2days.xlsx,Figure 3
1,2,P,1,P1,2,3,30.0,-1.0,10.0,150.0,249999999.99999997,6.000000000000001e-07,39,30.0,-1.0,10.0,,False,measured,6.000000000000001e-07,6.000000000000001e-07,True,2,=H39/(J39*0.02),0.02,False,2e-08,6.000000000000001e-07,6.000000000000001e-07,6.000000000000001e-07,Recorded volumes and two zero-colony counts confirmed 19 September 2026; day 2 at 3 h has an unconfirmed handling concern,working/figures/Figure 3/E - MDK/mdk.P.PLAC.cultures-2days.xlsx,Figure 3
1,3,P,1,P1,3,3,20.0,-1.0,10.0,100.0,179999999.99999997,5.555555555555556e-07,40,20.0,-1.0,10.0,,False,measured,5.555555555555556e-07,5.555555555555556e-07,True,3,=H40/(J40*0.02),0.02,False,2.7777777777777784e-08,5.555555555555556e-07,5.555555555555556e-07,5.555555555555556e-07,Recorded volumes and two zero-colony counts confirmed 19 September 2026; day 2 at 3 h has an unconfirmed handling concern,working/figures/Figure 3/E - MDK/mdk.P.PLAC.cultures-2days.xlsx,Figure 3
1,4,PLAC,1,PLAC1,1,3,101.0,1.0,0.1,50500.0,194999999.99999997,0.000258974358974359,41,101.0,1.0,0.1,,False,measured,0.000258974358974359,0.000258974358974359,True,1,=H41/(J41*0.02),0.02,False,2.5641025641025644e-06,0.000258974358974359,0.000258974358974359,0.000258974358974359,Recorded volumes and two zero-colony counts confirmed 19 September 2026; day 2 at 3 h has an unconfirmed handling concern,working/figures/Figure 3/E - MDK/mdk.P.PLAC.cultures-2days.xlsx,Figure 3
1,5,PLAC,1,PLAC1,2,3,96.0,1.0,0.1,48000.0,234999999.99999997,0.0002042553191489362,42,96.0,1.0,0.1,,False,measured,0.0002042553191489362,0.0002042553191489362,True,2,=H42/(J42*0.02),0.02,False,2.1276595744680853e-06,0.0002042553191489362,0.0002042553191489362,0.0002042553191489362,Recorded volumes and two zero-colony counts confirmed 19 September 2026; day 2 at 3 h has an unconfirmed handling concern,working/figures/Figure 3/E - MDK/mdk.P.PLAC.cultures-2days.xlsx,Figure 3
1,6,PLAC,1,PLAC1,3,3,80.0,1.0,0.1,40000.0,124999999.99999999,0.00032,43,80.0,1.0,0.1,,False,measured,0.00032,0.00032,True,3,=H43/(J43*0.02),0.02,False,4.000000000000001e-06,0.00032,0.00032,0.00032,Recorded volumes and two zero-colony counts confirmed 19 September 2026; day 2 at 3 h has an unconfirmed handling concern,working/figures/Figure 3/E - MDK/mdk.P.PLAC.cultures-2days.xlsx,Figure 3
1,7,PLAC,2,PLAC2,1,3,56.0,3.0,0.001,2800000.0,204999999.99999997,0.013658536585365855,44,56.0,3.0,0.001,,False,measured,0.013658536585365855,0.013658536585365855,True,1,=H44/(J44*0.02),0.02,False,0.00024390243902439024,0.013658536585365855,0.013658536585365855,0.013658536585365855,Recorded volumes and two zero-colony counts confirmed 19 September 2026; day 2 at 3 h has an unconfirmed handling concern,working/figures/Figure 3/E - MDK/mdk.P.PLAC.cultures-2days.xlsx,Figure 3
1,8,PLAC,2,PLAC2,2,3,60.0,3.0,0.001,2999999.9999999995,224999999.99999997,0.013333333333333332,45,60.0,3.0,0.001,,False,measured,0.013333333333333332,0.013333333333333332,True,2,=H45/(J45*0.02),0.020000000000000004,False,0.00022222222222222218,0.013333333333333332,0.013333333333333332,0.013333333333333332,Recorded volumes and two zero-colony counts confirmed 19 September 2026; day 2 at 3 h has an unconfirmed handling concern,working/figures/Figure 3/E - MDK/mdk.P.PLAC.cultures-2days.xlsx,Figure 3
1,9,PLAC,2,PLAC2,3,3,68.0,3.0,0.001,3399999.9999999995,259999999.99999997,0.013076923076923076,46,68.0,3.0,0.001,,False,measured,0.013076923076923076,0.013076923076923076,True,3,=H46/(J46*0.02),0.020000000000000004,False,0.00019230769230769228,0.013076923076923076,0.013076923076923076,0.013076923076923076,Recorded volumes and two zero-colony counts confirmed 19 September 2026; day 2 at 3 h has an unconfirmed handling concern,working/figures/Figure 3/E - MDK/mdk.P.PLAC.cultures-2days.xlsx,Figure 3
1,10,PLAC,3,PLAC3,1,3,81.0,2.0,0.01,405000.0,179999999.99999997,0.0022500000000000003,47,81.0,2.0,0.01,,False,measured,0.0022500000000000003,0.0022500000000000003,True,1,=H47/(J47*0.02),0.02,False,2.7777777777777782e-05,0.0022500000000000003,0.0022500000000000003,0.0022500000000000003,Recorded volumes and two zero-colony counts confirmed 19 September 2026; day 2 at 3 h has an unconfirmed handling concern,working/figures/Figure 3/E - MDK/mdk.P.PLAC.cultures-2days.xlsx,Figure 3
1,11,PLAC,3,PLAC3,2,3,81.0,2.0,0.01,405000.0,160000000.0,0.00253125,48,81.0,2.0,0.01,,False,measured,0.00253125,0.00253125,True,2,=H48/(J48*0.02),0.02,False,3.125e-05,0.00253125,0.00253125,0.00253125,Recorded volumes and two zero-colony counts confirmed 19 September 2026; day 2 at 3 h has an unconfirmed handling concern,working/figures/Figure 3/E - MDK/mdk.P.PLAC.cultures-2days.xlsx,Figure 3
1,12,PLAC,3,PLAC3,3,3,70.0,2.0,0.01,350000.0,170000000.0,0.002058823529411765,49,70.0,2.0,0.01,,False,measured,0.002058823529411765,0.002058823529411765,True,3,=H49/(J49*0.02),0.02,False,2.9411764705882354e-05,0.002058823529411765,0.002058823529411765,0.002058823529411765,Recorded volumes and two zero-colony counts confirmed 19 September 2026; day 2 at 3 h has an unconfirmed handling concern,working/figures/Figure 3/E - MDK/mdk.P.PLAC.cultures-2days.xlsx,Figure 3
1,1,P,1,P1,1,5,5.0,-1.0,10.0,25.0,209999999.99999997,1.1904761904761907e-07,50,5.0,-1.0,10.0,,False,measured,1.1904761904761907e-07,1.1904761904761907e-07,True,1,=H50/(J50*0.02),0.02,False,2.380952380952381e-08,1.1904761904761907e-07,1.1904761904761907e-07,1.1904761904761907e-07,Recorded volumes and two zero-colony counts confirmed 19 September 2026; day 2 at 3 h has an unconfirmed handling concern,working/figures/Figure 3/E - MDK/mdk.P.PLAC.cultures-2days.xlsx,Figure 3
1,2,P,1,P1,2,5,6.0,-1.0,10.0,30.0,249999999.99999997,1.2000000000000002e-07,51,6.0,-1.0,10.0,,False,measured,1.2000000000000002e-07,1.2000000000000002e-07,True,2,=H51/(J51*0.02),0.02,False,2e-08,1.2000000000000002e-07,1.2000000000000002e-07,1.2000000000000002e-07,Recorded volumes and two zero-colony counts confirmed 19 September 2026; day 2 at 3 h has an unconfirmed handling concern,working/figures/Figure 3/E - MDK/mdk.P.PLAC.cultures-2days.xlsx,Figure 3
1,3,P,1,P1,3,5,5.0,-1.0,10.0,25.0,179999999.99999997,1.388888888888889e-07,52,5.0,-1.0,10.0,,False,measured,1.388888888888889e-07,1.388888888888889e-07,True,3,=H52/(J52*0.02),0.02,False,2.7777777777777784e-08,1.388888888888889e-07,1.388888888888889e-07,1.388888888888889e-07,Recorded volumes and two zero-colony counts confirmed 19 September 2026; day 2 at 3 h has an unconfirmed handling concern,working/figures/Figure 3/E - MDK/mdk.P.PLAC.cultures-2days.xlsx,Figure 3
1,4,PLAC,1,PLAC1,1,5,33.0,1.0,0.1,16500.0,194999999.99999997,8.461538461538463e-05,53,33.0,1.0,0.1,,False,measured,8.461538461538463e-05,8.461538461538463e-05,True,1,=H53/(J53*0.02),0.02,False,2.5641025641025644e-06,8.461538461538463e-05,8.461538461538463e-05,8.461538461538463e-05,Recorded volumes and two zero-colony counts confirmed 19 September 2026; day 2 at 3 h has an unconfirmed handling concern,working/figures/Figure 3/E - MDK/mdk.P.PLAC.cultures-2days.xlsx,Figure 3
1,5,PLAC,1,PLAC1,2,5,35.0,1.0,0.1,17500.0,234999999.99999997,7.446808510638299e-05,54,35.0,1.0,0.1,,False,measured,7.446808510638299e-05,7.446808510638299e-05,True,2,=H54/(J54*0.02),0.02,False,2.1276595744680853e-06,7.446808510638299e-05,7.446808510638299e-05,7.446808510638299e-05,Recorded volumes and two zero-colony counts confirmed 19 September 2026; day 2 at 3 h has an unconfirmed handling concern,working/figures/Figure 3/E - MDK/mdk.P.PLAC.cultures-2days.xlsx,Figure 3
1,6,PLAC,1,PLAC1,3,5,32.0,1.0,0.1,16000.0,124999999.99999999,0.00012800000000000002,55,32.0,1.0,0.1,,False,measured,0.00012800000000000002,0.00012800000000000002,True,3,=H55/(J55*0.02),0.02,False,4.000000000000001e-06,0.00012800000000000002,0.00012800000000000002,0.00012800000000000002,Recorded volumes and two zero-colony counts confirmed 19 September 2026; day 2 at 3 h has an unconfirmed handling concern,working/figures/Figure 3/E - MDK/mdk.P.PLAC.cultures-2days.xlsx,Figure 3
1,7,PLAC,2,PLAC2,1,5,20.0,3.0,0.001,999999.9999999999,204999999.99999997,0.004878048780487805,56,20.0,3.0,0.001,,False,measured,0.004878048780487805,0.004878048780487805,True,1,=H56/(J56*0.02),0.020000000000000004,False,0.00024390243902439024,0.004878048780487805,0.004878048780487805,0.004878048780487805,Recorded volumes and two zero-colony counts confirmed 19 September 2026; day 2 at 3 h has an unconfirmed handling concern,working/figures/Figure 3/E - MDK/mdk.P.PLAC.cultures-2days.xlsx,Figure 3
1,8,PLAC,2,PLAC2,2,5,15.0,3.0,0.001,749999.9999999999,224999999.99999997,0.003333333333333333,57,15.0,3.0,0.001,,False,measured,0.003333333333333333,0.003333333333333333,True,2,=H57/(J57*0.02),0.020000000000000004,False,0.00022222222222222218,0.003333333333333333,0.003333333333333333,0.003333333333333333,Recorded volumes and two zero-colony counts confirmed 19 September 2026; day 2 at 3 h has an unconfirmed handling concern,working/figures/Figure 3/E - MDK/mdk.P.PLAC.cultures-2days.xlsx,Figure 3
1,9,PLAC,2,PLAC2,3,5,24.0,3.0,0.001,1200000.0,259999999.99999997,0.004615384615384616,58,24.0,3.0,0.001,,False,measured,0.004615384615384616,0.004615384615384616,True,3,=H58/(J58*0.02),0.02,False,0.0001923076923076923,0.004615384615384616,0.004615384615384616,0.004615384615384616,Recorded volumes and two zero-colony counts confirmed 19 September 2026; day 2 at 3 h has an unconfirmed handling concern,working/figures/Figure 3/E - MDK/mdk.P.PLAC.cultures-2days.xlsx,Figure 3
1,10,PLAC,3,PLAC3,1,5,120.0,1.0,0.1,60000.0,179999999.99999997,0.0003333333333333334,59,120.0,1.0,0.1,,False,measured,0.0003333333333333334,0.0003333333333333334,True,1,=H59/(J59*0.02),0.02,False,2.7777777777777783e-06,0.0003333333333333334,0.0003333333333333334,0.0003333333333333334,Recorded volumes and two zero-colony counts confirmed 19 September 2026; day 2 at 3 h has an unconfirmed handling concern,working/figures/Figure 3/E - MDK/mdk.P.PLAC.cultures-2days.xlsx,Figure 3
1,11,PLAC,3,PLAC3,2,5,76.0,1.0,0.1,38000.0,160000000.0,0.0002375,60,76.0,1.0,0.1,,False,measured,0.0002375,0.0002375,True,2,=H60/(J60*0.02),0.02,False,3.125e-06,0.0002375,0.0002375,0.0002375,Recorded volumes and two zero-colony counts confirmed 19 September 2026; day 2 at 3 h has an unconfirmed handling concern,working/figures/Figure 3/E - MDK/mdk.P.PLAC.cultures-2days.xlsx,Figure 3
1,12,PLAC,3,PLAC3,3,5,70.0,1.0,0.1,35000.0,170000000.0,0.00020588235294117648,61,70.0,1.0,0.1,,False,measured,0.00020588235294117648,0.00020588235294117648,True,3,=H61/(J61*0.02),0.02,False,2.9411764705882355e-06,0.00020588235294117648,0.00020588235294117648,0.00020588235294117648,Recorded volumes and two zero-colony counts confirmed 19 September 2026; day 2 at 3 h has an unconfirmed handling concern,working/figures/Figure 3/E - MDK/mdk.P.PLAC.cultures-2days.xlsx,Figure 3
1,1,P,1,P1,1,7,,,1.0,0.0,209999999.99999997,0.0,62,0.0,-1.0,10.0,"Confirmed 19 September 2026: zero colonies, tenfold-concentrated sample; original blank cells retained",False,observed zero; below detection,0.0,,True,1,=H62/(J62*0.02),0.02,True,2.380952380952381e-08,0.0,2.380952380952381e-08,2.380952380952381e-08,Recorded volumes and two zero-colony counts confirmed 19 September 2026; day 2 at 3 h has an unconfirmed handling concern,working/figures/Figure 3/E - MDK/mdk.P.PLAC.cultures-2days.xlsx,Figure 3
1,2,P,1,P1,2,7,7.0,-1.0,10.0,35.0,249999999.99999997,1.4e-07,63,7.0,-1.0,10.0,,False,measured,1.4e-07,1.4e-07,True,2,=H63/(J63*0.02),0.02,False,2e-08,1.4e-07,1.4e-07,1.4e-07,Recorded volumes and two zero-colony counts confirmed 19 September 2026; day 2 at 3 h has an unconfirmed handling concern,working/figures/Figure 3/E - MDK/mdk.P.PLAC.cultures-2days.xlsx,Figure 3
1,3,P,1,P1,3,7,3.0,-1.0,10.0,15.0,179999999.99999997,8.333333333333335e-08,64,3.0,-1.0,10.0,,False,measured,8.333333333333335e-08,8.333333333333335e-08,True,3,=H64/(J64*0.02),0.02,False,2.7777777777777784e-08,8.333333333333335e-08,8.333333333333335e-08,8.333333333333335e-08,Recorded volumes and two zero-colony counts confirmed 19 September 2026; day 2 at 3 h has an unconfirmed handling concern,working/figures/Figure 3/E - MDK/mdk.P.PLAC.cultures-2days.xlsx,Figure 3
1,4,PLAC,1,PLAC1,1,7,22.0,1.0,0.1,11000.0,194999999.99999997,5.641025641025642e-05,65,22.0,1.0,0.1,,False,measured,5.641025641025642e-05,5.641025641025642e-05,True,1,=H65/(J65*0.02),0.02,False,2.5641025641025644e-06,5.641025641025642e-05,5.641025641025642e-05,5.641025641025642e-05,Recorded volumes and two zero-colony counts confirmed 19 September 2026; day 2 at 3 h has an unconfirmed handling concern,working/figures/Figure 3/E - MDK/mdk.P.PLAC.cultures-2days.xlsx,Figure 3
1,5,PLAC,1,PLAC1,2,7,17.0,1.0,0.1,8500.0,234999999.99999997,3.617021276595745e-05,66,17.0,1.0,0.1,,False,measured,3.617021276595745e-05,3.617021276595745e-05,True,2,=H66/(J66*0.02),0.02,False,2.1276595744680853e-06,3.617021276595745e-05,3.617021276595745e-05,3.617021276595745e-05,Recorded volumes and two zero-colony counts confirmed 19 September 2026; day 2 at 3 h has an unconfirmed handling concern,working/figures/Figure 3/E - MDK/mdk.P.PLAC.cultures-2days.xlsx,Figure 3
1,6,PLAC,1,PLAC1,3,7,25.0,1.0,0.1,12500.0,124999999.99999999,0.00010000000000000002,67,25.0,1.0,0.1,,False,measured,0.00010000000000000002,0.00010000000000000002,True,3,=H67/(J67*0.02),0.02,False,4.000000000000001e-06,0.00010000000000000002,0.00010000000000000002,0.00010000000000000002,Recorded volumes and two zero-colony counts confirmed 19 September 2026; day 2 at 3 h has an unconfirmed handling concern,working/figures/Figure 3/E - MDK/mdk.P.PLAC.cultures-2days.xlsx,Figure 3
1,7,PLAC,2,PLAC2,1,7,138.0,1.0,0.1,69000.0,204999999.99999997,0.0003365853658536586,68,138.0,1.0,0.1,,False,measured,0.0003365853658536586,0.0003365853658536586,True,1,=H68/(J68*0.02),0.02,False,2.4390243902439027e-06,0.0003365853658536586,0.0003365853658536586,0.0003365853658536586,Recorded volumes and two zero-colony counts confirmed 19 September 2026; day 2 at 3 h has an unconfirmed handling concern,working/figures/Figure 3/E - MDK/mdk.P.PLAC.cultures-2days.xlsx,Figure 3
1,8,PLAC,2,PLAC2,2,7,97.0,1.0,0.1,48500.0,224999999.99999997,0.00021555555555555558,69,97.0,1.0,0.1,,False,measured,0.00021555555555555558,0.00021555555555555558,True,2,=H69/(J69*0.02),0.02,False,2.2222222222222225e-06,0.00021555555555555558,0.00021555555555555558,0.00021555555555555558,Recorded volumes and two zero-colony counts confirmed 19 September 2026; day 2 at 3 h has an unconfirmed handling concern,working/figures/Figure 3/E - MDK/mdk.P.PLAC.cultures-2days.xlsx,Figure 3
1,9,PLAC,2,PLAC2,3,7,120.0,1.0,0.1,60000.0,259999999.99999997,0.0002307692307692308,70,120.0,1.0,0.1,,False,measured,0.0002307692307692308,0.0002307692307692308,True,3,=H70/(J70*0.02),0.02,False,1.9230769230769234e-06,0.0002307692307692308,0.0002307692307692308,0.0002307692307692308,Recorded volumes and two zero-colony counts confirmed 19 September 2026; day 2 at 3 h has an unconfirmed handling concern,working/figures/Figure 3/E - MDK/mdk.P.PLAC.cultures-2days.xlsx,Figure 3
1,10,PLAC,3,PLAC3,1,7,32.0,1.0,0.1,16000.0,179999999.99999997,8.88888888888889e-05,71,32.0,1.0,0.1,,False,measured,8.88888888888889e-05,8.88888888888889e-05,True,1,=H71/(J71*0.02),0.02,False,2.7777777777777783e-06,8.88888888888889e-05,8.88888888888889e-05,8.88888888888889e-05,Recorded volumes and two zero-colony counts confirmed 19 September 2026; day 2 at 3 h has an unconfirmed handling concern,working/figures/Figure 3/E - MDK/mdk.P.PLAC.cultures-2days.xlsx,Figure 3
1,11,PLAC,3,PLAC3,2,7,39.0,1.0,0.1,19500.0,160000000.0,0.000121875,72,39.0,1.0,0.1,,False,measured,0.000121875,0.000121875,True,2,=H72/(J72*0.02),0.02,False,3.125e-06,0.000121875,0.000121875,0.000121875,Recorded volumes and two zero-colony counts confirmed 19 September 2026; day 2 at 3 h has an unconfirmed handling concern,working/figures/Figure 3/E - MDK/mdk.P.PLAC.cultures-2days.xlsx,Figure 3
1,12,PLAC,3,PLAC3,3,7,36.0,1.0,0.1,18000.0,170000000.0,0.00010588235294117647,73,36.0,1.0,0.1,,False,measured,0.00010588235294117647,0.00010588235294117647,True,3,=H73/(J73*0.02),0.02,False,2.9411764705882355e-06,0.00010588235294117647,0.00010588235294117647,0.00010588235294117647,Recorded volumes and two zero-colony counts confirmed 19 September 2026; day 2 at 3 h has an unconfirmed handling concern,working/figures/Figure 3/E - MDK/mdk.P.PLAC.cultures-2days.xlsx,Figure 3
2,1,P,1,P1,4,0,45.0,5.0,1e-05,224999999.99999997,224999999.99999997,1.0,74,45.0,5.0,1e-05,,False,measured,1.0,1.0,True,1,=H74/(J74*0.02),0.020000000000000004,False,0.02222222222222222,1.0,1.0,1.0,Recorded volumes and two zero-colony counts confirmed 19 September 2026; day 2 at 3 h has an unconfirmed handling concern,working/figures/Figure 3/E - MDK/mdk.P.PLAC.cultures-2days.xlsx,Figure 3
2,2,P,1,P1,5,0,52.0,5.0,1e-05,259999999.99999997,259999999.99999997,1.0,75,52.0,5.0,1e-05,,False,measured,1.0,1.0,True,2,=H75/(J75*0.02),0.020000000000000004,False,0.01923076923076923,1.0,1.0,1.0,Recorded volumes and two zero-colony counts confirmed 19 September 2026; day 2 at 3 h has an unconfirmed handling concern,working/figures/Figure 3/E - MDK/mdk.P.PLAC.cultures-2days.xlsx,Figure 3
2,3,P,1,P1,6,0,48.0,5.0,1e-05,239999999.99999997,239999999.99999997,1.0,76,48.0,5.0,1e-05,,False,measured,1.0,1.0,True,3,=H76/(J76*0.02),0.020000000000000004,False,0.02083333333333333,1.0,1.0,1.0,Recorded volumes and two zero-colony counts confirmed 19 September 2026; day 2 at 3 h has an unconfirmed handling concern,working/figures/Figure 3/E - MDK/mdk.P.PLAC.cultures-2days.xlsx,Figure 3
2,4,PLAC,4,PLAC4,1,0,49.0,5.0,1e-05,244999999.99999997,244999999.99999997,1.0,77,49.0,5.0,1e-05,,False,measured,1.0,1.0,True,1,=H77/(J77*0.02),0.020000000000000004,False,0.02040816326530612,1.0,1.0,1.0,Recorded volumes and two zero-colony counts confirmed 19 September 2026; day 2 at 3 h has an unconfirmed handling concern,working/figures/Figure 3/E - MDK/mdk.P.PLAC.cultures-2days.xlsx,Figure 3
2,5,PLAC,4,PLAC4,2,0,54.0,5.0,1e-05,270000000.0,270000000.0,1.0,78,54.0,5.0,1e-05,,False,measured,1.0,1.0,True,2,=H78/(J78*0.02),0.02,False,0.018518518518518517,1.0,1.0,1.0,Recorded volumes and two zero-colony counts confirmed 19 September 2026; day 2 at 3 h has an unconfirmed handling concern,working/figures/Figure 3/E - MDK/mdk.P.PLAC.cultures-2days.xlsx,Figure 3
2,6,PLAC,4,PLAC4,3,0,47.0,5.0,1e-05,234999999.99999997,234999999.99999997,1.0,79,47.0,5.0,1e-05,,False,measured,1.0,1.0,True,3,=H79/(J79*0.02),0.020000000000000004,False,0.021276595744680847,1.0,1.0,1.0,Recorded volumes and two zero-colony counts confirmed 19 September 2026; day 2 at 3 h has an unconfirmed handling concern,working/figures/Figure 3/E - MDK/mdk.P.PLAC.cultures-2days.xlsx,Figure 3
2,7,PLAC,5,PLAC5,1,0,46.0,5.0,1e-05,229999999.99999997,229999999.99999997,1.0,80,46.0,5.0,1e-05,,False,measured,1.0,1.0,True,1,=H80/(J80*0.02),0.020000000000000004,False,0.021739130434782605,1.0,1.0,1.0,Recorded volumes and two zero-colony counts confirmed 19 September 2026; day 2 at 3 h has an unconfirmed handling concern,working/figures/Figure 3/E - MDK/mdk.P.PLAC.cultures-2days.xlsx,Figure 3
2,8,PLAC,5,PLAC5,2,0,46.0,5.0,1e-05,229999999.99999997,229999999.99999997,1.0,81,46.0,5.0,1e-05,,False,measured,1.0,1.0,True,2,=H81/(J81*0.02),0.020000000000000004,False,0.021739130434782605,1.0,1.0,1.0,Recorded volumes and two zero-colony counts confirmed 19 September 2026; day 2 at 3 h has an unconfirmed handling concern,working/figures/Figure 3/E - MDK/mdk.P.PLAC.cultures-2days.xlsx,Figure 3
2,9,PLAC,5,PLAC5,3,0,47.0,5.0,1e-05,234999999.99999997,234999999.99999997,1.0,82,47.0,5.0,1e-05,,False,measured,1.0,1.0,True,3,=H82/(J82*0.02),0.020000000000000004,False,0.021276595744680847,1.0,1.0,1.0,Recorded volumes and two zero-colony counts confirmed 19 September 2026; day 2 at 3 h has an unconfirmed handling concern,working/figures/Figure 3/E - MDK/mdk.P.PLAC.cultures-2days.xlsx,Figure 3
2,10,PLAC,6,PLAC6,1,0,33.0,5.0,1e-05,165000000.0,165000000.0,1.0,83,33.0,5.0,1e-05,,False,measured,1.0,1.0,True,1,=H83/(J83*0.02),0.019999999999999997,False,0.030303030303030304,1.0,1.0,1.0,Recorded volumes and two zero-colony counts confirmed 19 September 2026; day 2 at 3 h has an unconfirmed handling concern,working/figures/Figure 3/E - MDK/mdk.P.PLAC.cultures-2days.xlsx,Figure 3
2,11,PLAC,6,PLAC6,2,0,39.0,5.0,1e-05,194999999.99999997,194999999.99999997,1.0,84,39.0,5.0,1e-05,,False,measured,1.0,1.0,True,2,=H84/(J84*0.02),0.02,False,0.02564102564102564,1.0,1.0,1.0,Recorded volumes and two zero-colony counts confirmed 19 September 2026; day 2 at 3 h has an unconfirmed handling concern,working/figures/Figure 3/E - MDK/mdk.P.PLAC.cultures-2days.xlsx,Figure 3
2,12,PLAC,6,PLAC6,3,0,31.0,5.0,1e-05,155000000.0,155000000.0,1.0,85,31.0,5.0,1e-05,,False,measured,1.0,1.0,True,3,=H85/(J85*0.02),0.019999999999999997,False,0.03225806451612903,1.0,1.0,1.0,Recorded volumes and two zero-colony counts confirmed 19 September 2026; day 2 at 3 h has an unconfirmed handling concern,working/figures/Figure 3/E - MDK/mdk.P.PLAC.cultures-2days.xlsx,Figure 3
2,13,PLAC,7,PLAC7,1,0,31.0,5.0,1e-05,155000000.0,155000000.0,1.0,86,31.0,5.0,1e-05,,False,measured,1.0,1.0,True,1,=H86/(J86*0.02),0.019999999999999997,False,0.03225806451612903,1.0,1.0,1.0,Recorded volumes and two zero-colony counts confirmed 19 September 2026; day 2 at 3 h has an unconfirmed handling concern,working/figures/Figure 3/E - MDK/mdk.P.PLAC.cultures-2days.xlsx,Figure 3
2,14,PLAC,7,PLAC7,2,0,24.0,5.0,1e-05,119999999.99999999,119999999.99999999,1.0,87,24.0,5.0,1e-05,,False,measured,1.0,1.0,True,2,=H87/(J87*0.02),0.020000000000000004,False,0.04166666666666666,1.0,1.0,1.0,Recorded volumes and two zero-colony counts confirmed 19 September 2026; day 2 at 3 h has an unconfirmed handling concern,working/figures/Figure 3/E - MDK/mdk.P.PLAC.cultures-2days.xlsx,Figure 3
2,15,PLAC,7,PLAC7,3,0,35.0,5.0,1e-05,174999999.99999997,174999999.99999997,1.0,88,35.0,5.0,1e-05,,False,measured,1.0,1.0,True,3,=H88/(J88*0.02),0.02,False,0.02857142857142857,1.0,1.0,1.0,Recorded volumes and two zero-colony counts confirmed 19 September 2026; day 2 at 3 h has an unconfirmed handling concern,working/figures/Figure 3/E - MDK/mdk.P.PLAC.cultures-2days.xlsx,Figure 3
2,16,PLAC,8,PLAC8,1,0,46.0,5.0,1e-05,229999999.99999997,229999999.99999997,1.0,89,46.0,5.0,1e-05,,False,measured,1.0,1.0,True,1,=H89/(J89*0.02),0.020000000000000004,False,0.021739130434782605,1.0,1.0,1.0,Recorded volumes and two zero-colony counts confirmed 19 September 2026; day 2 at 3 h has an unconfirmed handling concern,working/figures/Figure 3/E - MDK/mdk.P.PLAC.cultures-2days.xlsx,Figure 3
2,17,PLAC,8,PLAC8,2,0,36.0,5.0,1e-05,179999999.99999997,179999999.99999997,1.0,90,36.0,5.0,1e-05,,False,measured,1.0,1.0,True,2,=H90/(J90*0.02),0.02,False,0.027777777777777776,1.0,1.0,1.0,Recorded volumes and two zero-colony counts confirmed 19 September 2026; day 2 at 3 h has an unconfirmed handling concern,working/figures/Figure 3/E - MDK/mdk.P.PLAC.cultures-2days.xlsx,Figure 3
2,18,PLAC,8,PLAC8,3,0,37.0,5.0,1e-05,184999999.99999997,184999999.99999997,1.0,91,37.0,5.0,1e-05,,False,measured,1.0,1.0,True,3,=H91/(J91*0.02),0.02,False,0.02702702702702703,1.0,1.0,1.0,Recorded volumes and two zero-colony counts confirmed 19 September 2026; day 2 at 3 h has an unconfirmed handling concern,working/figures/Figure 3/E - MDK/mdk.P.PLAC.cultures-2days.xlsx,Figure 3
2,19,PLAC,9,PLAC9,1,0,49.0,5.0,1e-05,244999999.99999997,244999999.99999997,1.0,92,49.0,5.0,1e-05,,False,measured,1.0,1.0,True,1,=H92/(J92*0.02),0.020000000000000004,False,0.02040816326530612,1.0,1.0,1.0,Recorded volumes and two zero-colony counts confirmed 19 September 2026; day 2 at 3 h has an unconfirmed handling concern,working/figures/Figure 3/E - MDK/mdk.P.PLAC.cultures-2days.xlsx,Figure 3
2,20,PLAC,9,PLAC9,2,0,44.0,5.0,1e-05,219999999.99999997,219999999.99999997,1.0,93,44.0,5.0,1e-05,,False,measured,1.0,1.0,True,2,=H93/(J93*0.02),0.020000000000000004,False,0.022727272727272724,1.0,1.0,1.0,Recorded volumes and two zero-colony counts confirmed 19 September 2026; day 2 at 3 h has an unconfirmed handling concern,working/figures/Figure 3/E - MDK/mdk.P.PLAC.cultures-2days.xlsx,Figure 3
2,21,PLAC,9,PLAC9,3,0,41.0,5.0,1e-05,204999999.99999997,204999999.99999997,1.0,94,41.0,5.0,1e-05,,False,measured,1.0,1.0,True,3,=H94/(J94*0.02),0.02,False,0.024390243902439025,1.0,1.0,1.0,Recorded volumes and two zero-colony counts confirmed 19 September 2026; day 2 at 3 h has an unconfirmed handling concern,working/figures/Figure 3/E - MDK/mdk.P.PLAC.cultures-2days.xlsx,Figure 3
2,22,PLAC,10,PLAC10,1,0,26.0,5.0,1e-05,129999999.99999999,129999999.99999999,1.0,95,26.0,5.0,1e-05,,False,measured,1.0,1.0,True,1,=H95/(J95*0.02),0.020000000000000004,False,0.03846153846153846,1.0,1.0,1.0,Recorded volumes and two zero-colony counts confirmed 19 September 2026; day 2 at 3 h has an unconfirmed handling concern,working/figures/Figure 3/E - MDK/mdk.P.PLAC.cultures-2days.xlsx,Figure 3
2,23,PLAC,10,PLAC10,2,0,37.0,5.0,1e-05,184999999.99999997,184999999.99999997,1.0,96,37.0,5.0,1e-05,,False,measured,1.0,1.0,True,2,=H96/(J96*0.02),0.02,False,0.02702702702702703,1.0,1.0,1.0,Recorded volumes and two zero-colony counts confirmed 19 September 2026; day 2 at 3 h has an unconfirmed handling concern,working/figures/Figure 3/E - MDK/mdk.P.PLAC.cultures-2days.xlsx,Figure 3
2,24,PLAC,10,PLAC10,3,0,31.0,5.0,1e-05,155000000.0,155000000.0,1.0,97,31.0,5.0,1e-05,,False,measured,1.0,1.0,True,3,=H97/(J97*0.02),0.019999999999999997,False,0.03225806451612903,1.0,1.0,1.0,Recorded volumes and two zero-colony counts confirmed 19 September 2026; day 2 at 3 h has an unconfirmed handling concern,working/figures/Figure 3/E - MDK/mdk.P.PLAC.cultures-2days.xlsx,Figure 3
2,1,P,1,P1,4,1,25.0,1.0,0.1,12500.0,224999999.99999997,5.5555555555555565e-05,98,25.0,1.0,0.1,,False,measured,5.5555555555555565e-05,5.5555555555555565e-05,True,1,=H98/(J98*0.02),0.02,False,2.2222222222222225e-06,5.5555555555555565e-05,5.5555555555555565e-05,5.5555555555555565e-05,Recorded volumes and two zero-colony counts confirmed 19 September 2026; day 2 at 3 h has an unconfirmed handling concern,working/figures/Figure 3/E - MDK/mdk.P.PLAC.cultures-2days.xlsx,Figure 3
2,2,P,1,P1,5,1,45.0,1.0,0.1,22500.0,259999999.99999997,8.653846153846155e-05,99,45.0,1.0,0.1,,False,measured,8.653846153846155e-05,8.653846153846155e-05,True,2,=H99/(J99*0.02),0.02,False,1.9230769230769234e-06,8.653846153846155e-05,8.653846153846155e-05,8.653846153846155e-05,Recorded volumes and two zero-colony counts confirmed 19 September 2026; day 2 at 3 h has an unconfirmed handling concern,working/figures/Figure 3/E - MDK/mdk.P.PLAC.cultures-2days.xlsx,Figure 3
2,3,P,1,P1,6,1,27.0,1.0,0.1,13500.0,239999999.99999997,5.6250000000000005e-05,100,27.0,1.0,0.1,,False,measured,5.6250000000000005e-05,5.6250000000000005e-05,True,3,=H100/(J100*0.02),0.02,False,2.0833333333333334e-06,5.6250000000000005e-05,5.6250000000000005e-05,5.6250000000000005e-05,Recorded volumes and two zero-colony counts confirmed 19 September 2026; day 2 at 3 h has an unconfirmed handling concern,working/figures/Figure 3/E - MDK/mdk.P.PLAC.cultures-2days.xlsx,Figure 3
2,4,PLAC,4,PLAC4,1,1,46.0,2.0,0.01,230000.0,244999999.99999997,0.0009387755102040818,101,46.0,2.0,0.01,,False,measured,0.0009387755102040818,0.0009387755102040818,True,1,=H101/(J101*0.02),0.02,False,2.0408163265306123e-05,0.0009387755102040818,0.0009387755102040818,0.0009387755102040818,Recorded volumes and two zero-colony counts confirmed 19 September 2026; day 2 at 3 h has an unconfirmed handling concern,working/figures/Figure 3/E - MDK/mdk.P.PLAC.cultures-2days.xlsx,Figure 3
2,5,PLAC,4,PLAC4,2,1,69.0,2.0,0.01,345000.0,270000000.0,0.0012777777777777779,102,69.0,2.0,0.01,,False,measured,0.0012777777777777779,0.0012777777777777779,True,2,=H102/(J102*0.02),0.02,False,1.8518518518518518e-05,0.0012777777777777779,0.0012777777777777779,0.0012777777777777779,Recorded volumes and two zero-colony counts confirmed 19 September 2026; day 2 at 3 h has an unconfirmed handling concern,working/figures/Figure 3/E - MDK/mdk.P.PLAC.cultures-2days.xlsx,Figure 3
2,6,PLAC,4,PLAC4,3,1,67.0,2.0,0.01,335000.0,234999999.99999997,0.0014255319148936173,103,67.0,2.0,0.01,,False,measured,0.0014255319148936173,0.0014255319148936173,True,3,=H103/(J103*0.02),0.02,False,2.1276595744680856e-05,0.0014255319148936173,0.0014255319148936173,0.0014255319148936173,Recorded volumes and two zero-colony counts confirmed 19 September 2026; day 2 at 3 h has an unconfirmed handling concern,working/figures/Figure 3/E - MDK/mdk.P.PLAC.cultures-2days.xlsx,Figure 3
2,7,PLAC,5,PLAC5,1,1,61.0,4.0,0.0001,30499999.999999996,229999999.99999997,0.13260869565217392,104,61.0,4.0,0.0001,,False,measured,0.13260869565217392,0.13260869565217392,True,1,=H104/(J104*0.02),0.020000000000000004,False,0.002173913043478261,0.13260869565217392,0.13260869565217392,0.13260869565217392,Recorded volumes and two zero-colony counts confirmed 19 September 2026; day 2 at 3 h has an unconfirmed handling concern,working/figures/Figure 3/E - MDK/mdk.P.PLAC.cultures-2days.xlsx,Figure 3
2,8,PLAC,5,PLAC5,2,1,64.0,4.0,0.0001,31999999.999999996,229999999.99999997,0.1391304347826087,105,64.0,4.0,0.0001,,False,measured,0.1391304347826087,0.1391304347826087,True,2,=H105/(J105*0.02),0.020000000000000004,False,0.002173913043478261,0.1391304347826087,0.1391304347826087,0.1391304347826087,Recorded volumes and two zero-colony counts confirmed 19 September 2026; day 2 at 3 h has an unconfirmed handling concern,working/figures/Figure 3/E - MDK/mdk.P.PLAC.cultures-2days.xlsx,Figure 3
2,9,PLAC,5,PLAC5,3,1,72.0,4.0,0.0001,35999999.99999999,234999999.99999997,0.15319148936170213,106,72.0,4.0,0.0001,,False,measured,0.15319148936170213,0.15319148936170213,True,3,=H106/(J106*0.02),0.020000000000000004,False,0.002127659574468085,0.15319148936170213,0.15319148936170213,0.15319148936170213,Recorded volumes and two zero-colony counts confirmed 19 September 2026; day 2 at 3 h has an unconfirmed handling concern,working/figures/Figure 3/E - MDK/mdk.P.PLAC.cultures-2days.xlsx,Figure 3
2,10,PLAC,6,PLAC6,1,1,17.0,3.0,0.001,849999.9999999999,165000000.0,0.005151515151515151,107,17.0,3.0,0.001,,False,measured,0.005151515151515151,0.005151515151515151,True,1,=H107/(J107*0.02),0.020000000000000004,False,0.0003030303030303029,0.005151515151515151,0.005151515151515151,0.005151515151515151,Recorded volumes and two zero-colony counts confirmed 19 September 2026; day 2 at 3 h has an unconfirmed handling concern,working/figures/Figure 3/E - MDK/mdk.P.PLAC.cultures-2days.xlsx,Figure 3
2,11,PLAC,6,PLAC6,2,1,27.0,3.0,0.001,1350000.0,194999999.99999997,0.006923076923076924,108,27.0,3.0,0.001,,False,measured,0.006923076923076924,0.006923076923076924,True,2,=H108/(J108*0.02),0.02,False,0.00025641025641025646,0.006923076923076924,0.006923076923076924,0.006923076923076924,Recorded volumes and two zero-colony counts confirmed 19 September 2026; day 2 at 3 h has an unconfirmed handling concern,working/figures/Figure 3/E - MDK/mdk.P.PLAC.cultures-2days.xlsx,Figure 3
2,12,PLAC,6,PLAC6,3,1,30.0,3.0,0.001,1499999.9999999998,155000000.0,0.009677419354838708,109,30.0,3.0,0.001,,False,measured,0.009677419354838708,0.009677419354838708,True,3,=H109/(J109*0.02),0.020000000000000004,False,0.0003225806451612902,0.009677419354838708,0.009677419354838708,0.009677419354838708,Recorded volumes and two zero-colony counts confirmed 19 September 2026; day 2 at 3 h has an unconfirmed handling concern,working/figures/Figure 3/E - MDK/mdk.P.PLAC.cultures-2days.xlsx,Figure 3
2,13,PLAC,7,PLAC7,1,1,110.0,2.0,0.01,550000.0,155000000.0,0.0035483870967741938,110,110.0,2.0,0.01,,False,measured,0.0035483870967741938,0.0035483870967741938,True,1,=H110/(J110*0.02),0.02,False,3.2258064516129034e-05,0.0035483870967741938,0.0035483870967741938,0.0035483870967741938,Recorded volumes and two zero-colony counts confirmed 19 September 2026; day 2 at 3 h has an unconfirmed handling concern,working/figures/Figure 3/E - MDK/mdk.P.PLAC.cultures-2days.xlsx,Figure 3
2,14,PLAC,7,PLAC7,2,1,110.0,2.0,0.01,550000.0,119999999.99999999,0.004583333333333334,111,110.0,2.0,0.01,,False,measured,0.004583333333333334,0.004583333333333334,True,2,=H111/(J111*0.02),0.02,False,4.166666666666667e-05,0.004583333333333334,0.004583333333333334,0.004583333333333334,Recorded volumes and two zero-colony counts confirmed 19 September 2026; day 2 at 3 h has an unconfirmed handling concern,working/figures/Figure 3/E - MDK/mdk.P.PLAC.cultures-2days.xlsx,Figure 3
2,15,PLAC,7,PLAC7,3,1,95.0,2.0,0.01,475000.0,174999999.99999997,0.0027142857142857147,112,95.0,2.0,0.01,,False,measured,0.0027142857142857147,0.0027142857142857147,True,3,=H112/(J112*0.02),0.02,False,2.8571428571428578e-05,0.0027142857142857147,0.0027142857142857147,0.0027142857142857147,Recorded volumes and two zero-colony counts confirmed 19 September 2026; day 2 at 3 h has an unconfirmed handling concern,working/figures/Figure 3/E - MDK/mdk.P.PLAC.cultures-2days.xlsx,Figure 3
2,16,PLAC,8,PLAC8,1,1,22.0,4.0,0.0001,10999999.999999998,229999999.99999997,0.04782608695652174,113,22.0,4.0,0.0001,,False,measured,0.04782608695652174,0.04782608695652174,True,1,=H113/(J113*0.02),0.020000000000000004,False,0.002173913043478261,0.04782608695652174,0.04782608695652174,0.04782608695652174,Recorded volumes and two zero-colony counts confirmed 19 September 2026; day 2 at 3 h has an unconfirmed handling concern,working/figures/Figure 3/E - MDK/mdk.P.PLAC.cultures-2days.xlsx,Figure 3
2,17,PLAC,8,PLAC8,2,1,26.0,4.0,0.0001,12999999.999999998,179999999.99999997,0.07222222222222223,114,26.0,4.0,0.0001,,False,measured,0.07222222222222223,0.07222222222222223,True,2,=H114/(J114*0.02),0.020000000000000004,False,0.002777777777777778,0.07222222222222223,0.07222222222222223,0.07222222222222223,Recorded volumes and two zero-colony counts confirmed 19 September 2026; day 2 at 3 h has an unconfirmed handling concern,working/figures/Figure 3/E - MDK/mdk.P.PLAC.cultures-2days.xlsx,Figure 3
2,18,PLAC,8,PLAC8,3,1,21.0,4.0,0.0001,10499999.999999998,184999999.99999997,0.05675675675675675,115,21.0,4.0,0.0001,,False,measured,0.05675675675675675,0.05675675675675675,True,3,=H115/(J115*0.02),0.020000000000000004,False,0.002702702702702703,0.05675675675675675,0.05675675675675675,0.05675675675675675,Recorded volumes and two zero-colony counts confirmed 19 September 2026; day 2 at 3 h has an unconfirmed handling concern,working/figures/Figure 3/E - MDK/mdk.P.PLAC.cultures-2days.xlsx,Figure 3
2,19,PLAC,9,PLAC9,1,1,110.0,2.0,0.01,550000.0,244999999.99999997,0.002244897959183674,116,110.0,2.0,0.01,,False,measured,0.002244897959183674,0.002244897959183674,True,1,=H116/(J116*0.02),0.02,False,2.0408163265306123e-05,0.002244897959183674,0.002244897959183674,0.002244897959183674,Recorded volumes and two zero-colony counts confirmed 19 September 2026; day 2 at 3 h has an unconfirmed handling concern,working/figures/Figure 3/E - MDK/mdk.P.PLAC.cultures-2days.xlsx,Figure 3
2,20,PLAC,9,PLAC9,2,1,116.0,2.0,0.01,580000.0,219999999.99999997,0.0026363636363636368,117,116.0,2.0,0.01,,False,measured,0.0026363636363636368,0.0026363636363636368,True,2,=H117/(J117*0.02),0.02,False,2.2727272727272733e-05,0.0026363636363636368,0.0026363636363636368,0.0026363636363636368,Recorded volumes and two zero-colony counts confirmed 19 September 2026; day 2 at 3 h has an unconfirmed handling concern,working/figures/Figure 3/E - MDK/mdk.P.PLAC.cultures-2days.xlsx,Figure 3
2,21,PLAC,9,PLAC9,3,1,134.0,2.0,0.01,670000.0,204999999.99999997,0.0032682926829268296,118,134.0,2.0,0.01,,False,measured,0.0032682926829268296,0.0032682926829268296,True,3,=H118/(J118*0.02),0.02,False,2.439024390243903e-05,0.0032682926829268296,0.0032682926829268296,0.0032682926829268296,Recorded volumes and two zero-colony counts confirmed 19 September 2026; day 2 at 3 h has an unconfirmed handling concern,working/figures/Figure 3/E - MDK/mdk.P.PLAC.cultures-2days.xlsx,Figure 3
2,22,PLAC,10,PLAC10,1,1,38.0,2.0,0.01,190000.0,129999999.99999999,0.0014615384615384616,119,38.0,2.0,0.01,,False,measured,0.0014615384615384616,0.0014615384615384616,True,1,=H119/(J119*0.02),0.02,False,3.846153846153846e-05,0.0014615384615384616,0.0014615384615384616,0.0014615384615384616,Recorded volumes and two zero-colony counts confirmed 19 September 2026; day 2 at 3 h has an unconfirmed handling concern,working/figures/Figure 3/E - MDK/mdk.P.PLAC.cultures-2days.xlsx,Figure 3
2,23,PLAC,10,PLAC10,2,1,42.0,2.0,0.01,210000.0,184999999.99999997,0.0011351351351351353,120,42.0,2.0,0.01,,False,measured,0.0011351351351351353,0.0011351351351351353,True,2,=H120/(J120*0.02),0.02,False,2.7027027027027034e-05,0.0011351351351351353,0.0011351351351351353,0.0011351351351351353,Recorded volumes and two zero-colony counts confirmed 19 September 2026; day 2 at 3 h has an unconfirmed handling concern,working/figures/Figure 3/E - MDK/mdk.P.PLAC.cultures-2days.xlsx,Figure 3
2,24,PLAC,10,PLAC10,3,1,33.0,2.0,0.01,165000.0,155000000.0,0.0010645161290322581,121,33.0,2.0,0.01,,False,measured,0.0010645161290322581,0.0010645161290322581,True,3,=H121/(J121*0.02),0.02,False,3.2258064516129034e-05,0.0010645161290322581,0.0010645161290322581,0.0010645161290322581,Recorded volumes and two zero-colony counts confirmed 19 September 2026; day 2 at 3 h has an unconfirmed handling concern,working/figures/Figure 3/E - MDK/mdk.P.PLAC.cultures-2days.xlsx,Figure 3
2,1,P,1,P1,4,2,78.0,-1.0,10.0,390.0,224999999.99999997,1.7333333333333336e-06,122,78.0,-1.0,10.0,,False,measured,1.7333333333333336e-06,1.7333333333333336e-06,True,1,=H122/(J122*0.02),0.02,False,2.2222222222222224e-08,1.7333333333333336e-06,1.7333333333333336e-06,1.7333333333333336e-06,Recorded volumes and two zero-colony counts confirmed 19 September 2026; day 2 at 3 h has an unconfirmed handling concern,working/figures/Figure 3/E - MDK/mdk.P.PLAC.cultures-2days.xlsx,Figure 3
2,2,P,1,P1,5,2,80.0,-1.0,10.0,400.0,259999999.99999997,1.5384615384615387e-06,123,80.0,-1.0,10.0,,False,measured,1.5384615384615387e-06,1.5384615384615387e-06,True,2,=H123/(J123*0.02),0.02,False,1.923076923076923e-08,1.5384615384615387e-06,1.5384615384615387e-06,1.5384615384615387e-06,Recorded volumes and two zero-colony counts confirmed 19 September 2026; day 2 at 3 h has an unconfirmed handling concern,working/figures/Figure 3/E - MDK/mdk.P.PLAC.cultures-2days.xlsx,Figure 3
2,3,P,1,P1,6,2,75.0,-1.0,10.0,375.0,239999999.99999997,1.5625000000000003e-06,124,75.0,-1.0,10.0,,False,measured,1.5625000000000003e-06,1.5625000000000003e-06,True,3,=H124/(J124*0.02),0.02,False,2.0833333333333335e-08,1.5625000000000003e-06,1.5625000000000003e-06,1.5625000000000003e-06,Recorded volumes and two zero-colony counts confirmed 19 September 2026; day 2 at 3 h has an unconfirmed handling concern,working/figures/Figure 3/E - MDK/mdk.P.PLAC.cultures-2days.xlsx,Figure 3
2,4,PLAC,4,PLAC4,1,2,22.0,2.0,0.01,110000.0,244999999.99999997,0.00044897959183673474,125,22.0,2.0,0.01,,False,measured,0.00044897959183673474,0.00044897959183673474,True,1,=H125/(J125*0.02),0.02,False,2.0408163265306123e-05,0.00044897959183673474,0.00044897959183673474,0.00044897959183673474,Recorded volumes and two zero-colony counts confirmed 19 September 2026; day 2 at 3 h has an unconfirmed handling concern,working/figures/Figure 3/E - MDK/mdk.P.PLAC.cultures-2days.xlsx,Figure 3
2,5,PLAC,4,PLAC4,2,2,24.0,2.0,0.01,120000.0,270000000.0,0.00044444444444444447,126,24.0,2.0,0.01,,False,measured,0.00044444444444444447,0.00044444444444444447,True,2,=H126/(J126*0.02),0.02,False,1.8518518518518518e-05,0.00044444444444444447,0.00044444444444444447,0.00044444444444444447,Recorded volumes and two zero-colony counts confirmed 19 September 2026; day 2 at 3 h has an unconfirmed handling concern,working/figures/Figure 3/E - MDK/mdk.P.PLAC.cultures-2days.xlsx,Figure 3
2,6,PLAC,4,PLAC4,3,2,21.0,2.0,0.01,105000.0,234999999.99999997,0.0004468085106382979,127,21.0,2.0,0.01,,False,measured,0.0004468085106382979,0.0004468085106382979,True,3,=H127/(J127*0.02),0.02,False,2.1276595744680856e-05,0.0004468085106382979,0.0004468085106382979,0.0004468085106382979,Recorded volumes and two zero-colony counts confirmed 19 September 2026; day 2 at 3 h has an unconfirmed handling concern,working/figures/Figure 3/E - MDK/mdk.P.PLAC.cultures-2days.xlsx,Figure 3
2,7,PLAC,5,PLAC5,1,2,48.0,4.0,0.0001,23999999.999999996,229999999.99999997,0.10434782608695652,128,48.0,4.0,0.0001,,False,measured,0.10434782608695652,0.10434782608695652,True,1,=H128/(J128*0.02),0.020000000000000004,False,0.002173913043478261,0.10434782608695652,0.10434782608695652,0.10434782608695652,Recorded volumes and two zero-colony counts confirmed 19 September 2026; day 2 at 3 h has an unconfirmed handling concern,working/figures/Figure 3/E - MDK/mdk.P.PLAC.cultures-2days.xlsx,Figure 3
2,8,PLAC,5,PLAC5,2,2,45.0,4.0,0.0001,22499999.999999996,229999999.99999997,0.09782608695652173,129,45.0,4.0,0.0001,,False,measured,0.09782608695652173,0.09782608695652173,True,2,=H129/(J129*0.02),0.020000000000000004,False,0.002173913043478261,0.09782608695652173,0.09782608695652173,0.09782608695652173,Recorded volumes and two zero-colony counts confirmed 19 September 2026; day 2 at 3 h has an unconfirmed handling concern,working/figures/Figure 3/E - MDK/mdk.P.PLAC.cultures-2days.xlsx,Figure 3
2,9,PLAC,5,PLAC5,3,2,46.0,4.0,0.0001,22999999.999999996,234999999.99999997,0.09787234042553192,130,46.0,4.0,0.0001,,False,measured,0.09787234042553192,0.09787234042553192,True,3,=H130/(J130*0.02),0.020000000000000004,False,0.002127659574468085,0.09787234042553192,0.09787234042553192,0.09787234042553192,Recorded volumes and two zero-colony counts confirmed 19 September 2026; day 2 at 3 h has an unconfirmed handling concern,working/figures/Figure 3/E - MDK/mdk.P.PLAC.cultures-2days.xlsx,Figure 3
2,10,PLAC,6,PLAC6,1,2,56.0,2.0,0.01,280000.0,165000000.0,0.001696969696969697,131,56.0,2.0,0.01,,False,measured,0.001696969696969697,0.001696969696969697,True,1,=H131/(J131*0.02),0.02,False,3.0303030303030302e-05,0.001696969696969697,0.001696969696969697,0.001696969696969697,Recorded volumes and two zero-colony counts confirmed 19 September 2026; day 2 at 3 h has an unconfirmed handling concern,working/figures/Figure 3/E - MDK/mdk.P.PLAC.cultures-2days.xlsx,Figure 3
2,11,PLAC,6,PLAC6,2,2,65.0,2.0,0.01,325000.0,194999999.99999997,0.001666666666666667,132,65.0,2.0,0.01,,False,measured,0.001666666666666667,0.001666666666666667,True,2,=H132/(J132*0.02),0.02,False,2.5641025641025646e-05,0.001666666666666667,0.001666666666666667,0.001666666666666667,Recorded volumes and two zero-colony counts confirmed 19 September 2026; day 2 at 3 h has an unconfirmed handling concern,working/figures/Figure 3/E - MDK/mdk.P.PLAC.cultures-2days.xlsx,Figure 3
2,12,PLAC,6,PLAC6,3,2,50.0,2.0,0.01,250000.0,155000000.0,0.0016129032258064516,133,50.0,2.0,0.01,,False,measured,0.0016129032258064516,0.0016129032258064516,True,3,=H133/(J133*0.02),0.02,False,3.2258064516129034e-05,0.0016129032258064516,0.0016129032258064516,0.0016129032258064516,Recorded volumes and two zero-colony counts confirmed 19 September 2026; day 2 at 3 h has an unconfirmed handling concern,working/figures/Figure 3/E - MDK/mdk.P.PLAC.cultures-2days.xlsx,Figure 3
2,13,PLAC,7,PLAC7,1,2,72.0,2.0,0.01,360000.0,155000000.0,0.00232258064516129,134,72.0,2.0,0.01,,False,measured,0.00232258064516129,0.00232258064516129,True,1,=H134/(J134*0.02),0.02,False,3.2258064516129034e-05,0.00232258064516129,0.00232258064516129,0.00232258064516129,Recorded volumes and two zero-colony counts confirmed 19 September 2026; day 2 at 3 h has an unconfirmed handling concern,working/figures/Figure 3/E - MDK/mdk.P.PLAC.cultures-2days.xlsx,Figure 3
2,14,PLAC,7,PLAC7,2,2,60.0,2.0,0.01,300000.0,119999999.99999999,0.0025000000000000005,135,60.0,2.0,0.01,,False,measured,0.0025000000000000005,0.0025000000000000005,True,2,=H135/(J135*0.02),0.02,False,4.166666666666667e-05,0.0025000000000000005,0.0025000000000000005,0.0025000000000000005,Recorded volumes and two zero-colony counts confirmed 19 September 2026; day 2 at 3 h has an unconfirmed handling concern,working/figures/Figure 3/E - MDK/mdk.P.PLAC.cultures-2days.xlsx,Figure 3
2,15,PLAC,7,PLAC7,3,2,50.0,2.0,0.01,250000.0,174999999.99999997,0.0014285714285714288,136,50.0,2.0,0.01,,False,measured,0.0014285714285714288,0.0014285714285714288,True,3,=H136/(J136*0.02),0.02,False,2.8571428571428578e-05,0.0014285714285714288,0.0014285714285714288,0.0014285714285714288,Recorded volumes and two zero-colony counts confirmed 19 September 2026; day 2 at 3 h has an unconfirmed handling concern,working/figures/Figure 3/E - MDK/mdk.P.PLAC.cultures-2days.xlsx,Figure 3
2,16,PLAC,8,PLAC8,1,2,46.0,3.0,0.001,2300000.0,229999999.99999997,0.010000000000000002,137,46.0,3.0,0.001,,False,measured,0.010000000000000002,0.010000000000000002,True,1,=H137/(J137*0.02),0.02,False,0.0002173913043478261,0.010000000000000002,0.010000000000000002,0.010000000000000002,Recorded volumes and two zero-colony counts confirmed 19 September 2026; day 2 at 3 h has an unconfirmed handling concern,working/figures/Figure 3/E - MDK/mdk.P.PLAC.cultures-2days.xlsx,Figure 3
2,17,PLAC,8,PLAC8,2,2,27.0,3.0,0.001,1350000.0,179999999.99999997,0.0075000000000000015,138,27.0,3.0,0.001,,False,measured,0.0075000000000000015,0.0075000000000000015,True,2,=H138/(J138*0.02),0.02,False,0.00027777777777777783,0.0075000000000000015,0.0075000000000000015,0.0075000000000000015,Recorded volumes and two zero-colony counts confirmed 19 September 2026; day 2 at 3 h has an unconfirmed handling concern,working/figures/Figure 3/E - MDK/mdk.P.PLAC.cultures-2days.xlsx,Figure 3
2,18,PLAC,8,PLAC8,3,2,26.0,3.0,0.001,1300000.0,184999999.99999997,0.007027027027027028,139,26.0,3.0,0.001,,False,measured,0.007027027027027028,0.007027027027027028,True,3,=H139/(J139*0.02),0.02,False,0.00027027027027027033,0.007027027027027028,0.007027027027027028,0.007027027027027028,Recorded volumes and two zero-colony counts confirmed 19 September 2026; day 2 at 3 h has an unconfirmed handling concern,working/figures/Figure 3/E - MDK/mdk.P.PLAC.cultures-2days.xlsx,Figure 3
2,19,PLAC,9,PLAC9,1,2,41.0,2.0,0.01,205000.0,244999999.99999997,0.0008367346938775511,140,41.0,2.0,0.01,,False,measured,0.0008367346938775511,0.0008367346938775511,True,1,=H140/(J140*0.02),0.02,False,2.0408163265306123e-05,0.0008367346938775511,0.0008367346938775511,0.0008367346938775511,Recorded volumes and two zero-colony counts confirmed 19 September 2026; day 2 at 3 h has an unconfirmed handling concern,working/figures/Figure 3/E - MDK/mdk.P.PLAC.cultures-2days.xlsx,Figure 3
2,20,PLAC,9,PLAC9,2,2,50.0,2.0,0.01,250000.0,219999999.99999997,0.0011363636363636365,141,50.0,2.0,0.01,,False,measured,0.0011363636363636365,0.0011363636363636365,True,2,=H141/(J141*0.02),0.02,False,2.2727272727272733e-05,0.0011363636363636365,0.0011363636363636365,0.0011363636363636365,Recorded volumes and two zero-colony counts confirmed 19 September 2026; day 2 at 3 h has an unconfirmed handling concern,working/figures/Figure 3/E - MDK/mdk.P.PLAC.cultures-2days.xlsx,Figure 3
2,21,PLAC,9,PLAC9,3,2,46.0,2.0,0.01,230000.0,204999999.99999997,0.0011219512195121953,142,46.0,2.0,0.01,,False,measured,0.0011219512195121953,0.0011219512195121953,True,3,=H142/(J142*0.02),0.02,False,2.439024390243903e-05,0.0011219512195121953,0.0011219512195121953,0.0011219512195121953,Recorded volumes and two zero-colony counts confirmed 19 September 2026; day 2 at 3 h has an unconfirmed handling concern,working/figures/Figure 3/E - MDK/mdk.P.PLAC.cultures-2days.xlsx,Figure 3
2,22,PLAC,10,PLAC10,1,2,96.0,1.0,0.1,48000.0,129999999.99999999,0.00036923076923076927,143,96.0,1.0,0.1,,False,measured,0.00036923076923076927,0.00036923076923076927,True,1,=H143/(J143*0.02),0.02,False,3.846153846153847e-06,0.00036923076923076927,0.00036923076923076927,0.00036923076923076927,Recorded volumes and two zero-colony counts confirmed 19 September 2026; day 2 at 3 h has an unconfirmed handling concern,working/figures/Figure 3/E - MDK/mdk.P.PLAC.cultures-2days.xlsx,Figure 3
2,23,PLAC,10,PLAC10,2,2,127.0,1.0,0.1,63500.0,184999999.99999997,0.0003432432432432433,144,127.0,1.0,0.1,,False,measured,0.0003432432432432433,0.0003432432432432433,True,2,=H144/(J144*0.02),0.02,False,2.702702702702703e-06,0.0003432432432432433,0.0003432432432432433,0.0003432432432432433,Recorded volumes and two zero-colony counts confirmed 19 September 2026; day 2 at 3 h has an unconfirmed handling concern,working/figures/Figure 3/E - MDK/mdk.P.PLAC.cultures-2days.xlsx,Figure 3
2,24,PLAC,10,PLAC10,3,2,118.0,1.0,0.1,59000.0,155000000.0,0.00038064516129032255,145,118.0,1.0,0.1,,False,measured,0.00038064516129032255,0.00038064516129032255,True,3,=H145/(J145*0.02),0.02,False,3.225806451612903e-06,0.00038064516129032255,0.00038064516129032255,0.00038064516129032255,Recorded volumes and two zero-colony counts confirmed 19 September 2026; day 2 at 3 h has an unconfirmed handling concern,working/figures/Figure 3/E - MDK/mdk.P.PLAC.cultures-2days.xlsx,Figure 3
2,1,P,1,P1,4,3,,,1.0,0.0,224999999.99999997,0.0,146,0.0,-1.0,10.0,"Confirmed 19 September 2026: zero colonies, tenfold-concentrated sample; original blank cells retained",True,observed zero; below detection,0.0,,True,1,=H146/(J146*0.02),0.02,True,2.2222222222222224e-08,0.0,2.2222222222222224e-08,2.2222222222222224e-08,Recorded volumes and two zero-colony counts confirmed 19 September 2026; day 2 at 3 h has an unconfirmed handling concern,working/figures/Figure 3/E - MDK/mdk.P.PLAC.cultures-2days.xlsx,Figure 3
2,2,P,1,P1,5,3,24.0,-1.0,10.0,120.0,259999999.99999997,4.615384615384616e-07,147,24.0,-1.0,10.0,,False,measured,4.615384615384616e-07,4.615384615384616e-07,True,2,=H147/(J147*0.02),0.02,False,1.923076923076923e-08,4.615384615384616e-07,4.615384615384616e-07,4.615384615384616e-07,Recorded volumes and two zero-colony counts confirmed 19 September 2026; day 2 at 3 h has an unconfirmed handling concern,working/figures/Figure 3/E - MDK/mdk.P.PLAC.cultures-2days.xlsx,Figure 3
2,3,P,1,P1,6,3,19.0,-1.0,10.0,95.0,239999999.99999997,3.958333333333334e-07,148,19.0,-1.0,10.0,,False,measured,3.958333333333334e-07,3.958333333333334e-07,True,3,=H148/(J148*0.02),0.02,False,2.0833333333333335e-08,3.958333333333334e-07,3.958333333333334e-07,3.958333333333334e-07,Recorded volumes and two zero-colony counts confirmed 19 September 2026; day 2 at 3 h has an unconfirmed handling concern,working/figures/Figure 3/E - MDK/mdk.P.PLAC.cultures-2days.xlsx,Figure 3
2,4,PLAC,4,PLAC4,1,3,71.0,1.0,0.1,35500.0,244999999.99999997,0.0001448979591836735,149,71.0,1.0,0.1,,False,measured,0.0001448979591836735,0.0001448979591836735,True,1,=H149/(J149*0.02),0.02,False,2.0408163265306125e-06,0.0001448979591836735,0.0001448979591836735,0.0001448979591836735,Recorded volumes and two zero-colony counts confirmed 19 September 2026; day 2 at 3 h has an unconfirmed handling concern,working/figures/Figure 3/E - MDK/mdk.P.PLAC.cultures-2days.xlsx,Figure 3
2,5,PLAC,4,PLAC4,2,3,86.0,1.0,0.1,43000.0,270000000.0,0.00015925925925925927,150,86.0,1.0,0.1,,False,measured,0.00015925925925925927,0.00015925925925925927,True,2,=H150/(J150*0.02),0.02,False,1.8518518518518519e-06,0.00015925925925925927,0.00015925925925925927,0.00015925925925925927,Recorded volumes and two zero-colony counts confirmed 19 September 2026; day 2 at 3 h has an unconfirmed handling concern,working/figures/Figure 3/E - MDK/mdk.P.PLAC.cultures-2days.xlsx,Figure 3
2,6,PLAC,4,PLAC4,3,3,72.0,1.0,0.1,36000.0,234999999.99999997,0.00015319148936170215,151,72.0,1.0,0.1,,False,measured,0.00015319148936170215,0.00015319148936170215,True,3,=H151/(J151*0.02),0.02,False,2.1276595744680853e-06,0.00015319148936170215,0.00015319148936170215,0.00015319148936170215,Recorded volumes and two zero-colony counts confirmed 19 September 2026; day 2 at 3 h has an unconfirmed handling concern,working/figures/Figure 3/E - MDK/mdk.P.PLAC.cultures-2days.xlsx,Figure 3
2,7,PLAC,5,PLAC5,1,3,20.0,4.0,0.0001,9999999.999999998,229999999.99999997,0.043478260869565216,152,20.0,4.0,0.0001,,False,measured,0.043478260869565216,0.043478260869565216,True,1,=H152/(J152*0.02),0.020000000000000004,False,0.002173913043478261,0.043478260869565216,0.043478260869565216,0.043478260869565216,Recorded volumes and two zero-colony counts confirmed 19 September 2026; day 2 at 3 h has an unconfirmed handling concern,working/figures/Figure 3/E - MDK/mdk.P.PLAC.cultures-2days.xlsx,Figure 3
2,8,PLAC,5,PLAC5,2,3,15.0,4.0,0.0001,7499999.999999999,229999999.99999997,0.03260869565217391,153,15.0,4.0,0.0001,,False,measured,0.03260869565217391,0.03260869565217391,True,2,=H153/(J153*0.02),0.020000000000000004,False,0.002173913043478261,0.03260869565217391,0.03260869565217391,0.03260869565217391,Recorded volumes and two zero-colony counts confirmed 19 September 2026; day 2 at 3 h has an unconfirmed handling concern,working/figures/Figure 3/E - MDK/mdk.P.PLAC.cultures-2days.xlsx,Figure 3
2,9,PLAC,5,PLAC5,3,3,20.0,4.0,0.0001,9999999.999999998,234999999.99999997,0.0425531914893617,154,20.0,4.0,0.0001,,False,measured,0.0425531914893617,0.0425531914893617,True,3,=H154/(J154*0.02),0.020000000000000004,False,0.002127659574468085,0.0425531914893617,0.0425531914893617,0.0425531914893617,Recorded volumes and two zero-colony counts confirmed 19 September 2026; day 2 at 3 h has an unconfirmed handling concern,working/figures/Figure 3/E - MDK/mdk.P.PLAC.cultures-2days.xlsx,Figure 3
2,10,PLAC,6,PLAC6,1,3,165.0,1.0,0.1,82500.0,165000000.0,0.0005,155,165.0,1.0,0.1,,False,measured,0.0005,0.0005,True,1,=H155/(J155*0.02),0.02,False,3.0303030303030305e-06,0.0005,0.0005,0.0005,Recorded volumes and two zero-colony counts confirmed 19 September 2026; day 2 at 3 h has an unconfirmed handling concern,working/figures/Figure 3/E - MDK/mdk.P.PLAC.cultures-2days.xlsx,Figure 3
2,11,PLAC,6,PLAC6,2,3,169.0,1.0,0.1,84500.0,194999999.99999997,0.0004333333333333334,156,169.0,1.0,0.1,,False,measured,0.0004333333333333334,0.0004333333333333334,True,2,=H156/(J156*0.02),0.02,False,2.5641025641025644e-06,0.0004333333333333334,0.0004333333333333334,0.0004333333333333334,Recorded volumes and two zero-colony counts confirmed 19 September 2026; day 2 at 3 h has an unconfirmed handling concern,working/figures/Figure 3/E - MDK/mdk.P.PLAC.cultures-2days.xlsx,Figure 3
2,12,PLAC,6,PLAC6,3,3,176.0,1.0,0.1,88000.0,155000000.0,0.000567741935483871,157,176.0,1.0,0.1,,False,measured,0.000567741935483871,0.000567741935483871,True,3,=H157/(J157*0.02),0.02,False,3.225806451612903e-06,0.000567741935483871,0.000567741935483871,0.000567741935483871,Recorded volumes and two zero-colony counts confirmed 19 September 2026; day 2 at 3 h has an unconfirmed handling concern,working/figures/Figure 3/E - MDK/mdk.P.PLAC.cultures-2days.xlsx,Figure 3
2,13,PLAC,7,PLAC7,1,3,24.0,2.0,0.01,120000.0,155000000.0,0.0007741935483870968,158,24.0,2.0,0.01,,False,measured,0.0007741935483870968,0.0007741935483870968,True,1,=H158/(J158*0.02),0.02,False,3.2258064516129034e-05,0.0007741935483870968,0.0007741935483870968,0.0007741935483870968,Recorded volumes and two zero-colony counts confirmed 19 September 2026; day 2 at 3 h has an unconfirmed handling concern,working/figures/Figure 3/E - MDK/mdk.P.PLAC.cultures-2days.xlsx,Figure 3
2,14,PLAC,7,PLAC7,2,3,33.0,2.0,0.01,165000.0,119999999.99999999,0.0013750000000000001,159,33.0,2.0,0.01,,False,measured,0.0013750000000000001,0.0013750000000000001,True,2,=H159/(J159*0.02),0.02,False,4.166666666666667e-05,0.0013750000000000001,0.0013750000000000001,0.0013750000000000001,Recorded volumes and two zero-colony counts confirmed 19 September 2026; day 2 at 3 h has an unconfirmed handling concern,working/figures/Figure 3/E - MDK/mdk.P.PLAC.cultures-2days.xlsx,Figure 3
2,15,PLAC,7,PLAC7,3,3,19.0,2.0,0.01,95000.0,174999999.99999997,0.000542857142857143,160,19.0,2.0,0.01,,False,measured,0.000542857142857143,0.000542857142857143,True,3,=H160/(J160*0.02),0.02,False,2.8571428571428578e-05,0.000542857142857143,0.000542857142857143,0.000542857142857143,Recorded volumes and two zero-colony counts confirmed 19 September 2026; day 2 at 3 h has an unconfirmed handling concern,working/figures/Figure 3/E - MDK/mdk.P.PLAC.cultures-2days.xlsx,Figure 3
2,16,PLAC,8,PLAC8,1,3,88.0,2.0,0.01,440000.0,229999999.99999997,0.0019130434782608698,161,88.0,2.0,0.01,,False,measured,0.0019130434782608698,0.0019130434782608698,True,1,=H161/(J161*0.02),0.02,False,2.1739130434782614e-05,0.0019130434782608698,0.0019130434782608698,0.0019130434782608698,Recorded volumes and two zero-colony counts confirmed 19 September 2026; day 2 at 3 h has an unconfirmed handling concern,working/figures/Figure 3/E - MDK/mdk.P.PLAC.cultures-2days.xlsx,Figure 3
2,17,PLAC,8,PLAC8,2,3,79.0,2.0,0.01,395000.0,179999999.99999997,0.0021944444444444446,162,79.0,2.0,0.01,,False,measured,0.0021944444444444446,0.0021944444444444446,True,2,=H162/(J162*0.02),0.02,False,2.7777777777777782e-05,0.0021944444444444446,0.0021944444444444446,0.0021944444444444446,Recorded volumes and two zero-colony counts confirmed 19 September 2026; day 2 at 3 h has an unconfirmed handling concern,working/figures/Figure 3/E - MDK/mdk.P.PLAC.cultures-2days.xlsx,Figure 3
2,18,PLAC,8,PLAC8,3,3,75.0,2.0,0.01,375000.0,184999999.99999997,0.002027027027027027,163,75.0,2.0,0.01,,False,measured,0.002027027027027027,0.002027027027027027,True,3,=H163/(J163*0.02),0.02,False,2.7027027027027034e-05,0.002027027027027027,0.002027027027027027,0.002027027027027027,Recorded volumes and two zero-colony counts confirmed 19 September 2026; day 2 at 3 h has an unconfirmed handling concern,working/figures/Figure 3/E - MDK/mdk.P.PLAC.cultures-2days.xlsx,Figure 3
2,19,PLAC,9,PLAC9,1,3,94.0,2.0,0.01,470000.0,244999999.99999997,0.0019183673469387757,164,94.0,2.0,0.01,,False,measured,0.0019183673469387757,0.0019183673469387757,True,1,=H164/(J164*0.02),0.02,False,2.0408163265306123e-05,0.0019183673469387757,0.0019183673469387757,0.0019183673469387757,Recorded volumes and two zero-colony counts confirmed 19 September 2026; day 2 at 3 h has an unconfirmed handling concern,working/figures/Figure 3/E - MDK/mdk.P.PLAC.cultures-2days.xlsx,Figure 3
2,20,PLAC,9,PLAC9,2,3,119.0,2.0,0.01,595000.0,219999999.99999997,0.0027045454545454547,165,119.0,2.0,0.01,,False,measured,0.0027045454545454547,0.0027045454545454547,True,2,=H165/(J165*0.02),0.02,False,2.2727272727272733e-05,0.0027045454545454547,0.0027045454545454547,0.0027045454545454547,Recorded volumes and two zero-colony counts confirmed 19 September 2026; day 2 at 3 h has an unconfirmed handling concern,working/figures/Figure 3/E - MDK/mdk.P.PLAC.cultures-2days.xlsx,Figure 3
2,21,PLAC,9,PLAC9,3,3,113.0,2.0,0.01,565000.0,204999999.99999997,0.00275609756097561,166,113.0,2.0,0.01,,False,measured,0.00275609756097561,0.00275609756097561,True,3,=H166/(J166*0.02),0.02,False,2.439024390243903e-05,0.00275609756097561,0.00275609756097561,0.00275609756097561,Recorded volumes and two zero-colony counts confirmed 19 September 2026; day 2 at 3 h has an unconfirmed handling concern,working/figures/Figure 3/E - MDK/mdk.P.PLAC.cultures-2days.xlsx,Figure 3
2,22,PLAC,10,PLAC10,1,3,53.0,2.0,0.01,265000.0,129999999.99999999,0.002038461538461539,167,53.0,2.0,0.01,,False,measured,0.002038461538461539,0.002038461538461539,True,1,=H167/(J167*0.02),0.02,False,3.846153846153846e-05,0.002038461538461539,0.002038461538461539,0.002038461538461539,Recorded volumes and two zero-colony counts confirmed 19 September 2026; day 2 at 3 h has an unconfirmed handling concern,working/figures/Figure 3/E - MDK/mdk.P.PLAC.cultures-2days.xlsx,Figure 3
2,23,PLAC,10,PLAC10,2,3,48.0,2.0,0.01,240000.0,184999999.99999997,0.0012972972972972974,168,48.0,2.0,0.01,,False,measured,0.0012972972972972974,0.0012972972972972974,True,2,=H168/(J168*0.02),0.02,False,2.7027027027027034e-05,0.0012972972972972974,0.0012972972972972974,0.0012972972972972974,Recorded volumes and two zero-colony counts confirmed 19 September 2026; day 2 at 3 h has an unconfirmed handling concern,working/figures/Figure 3/E - MDK/mdk.P.PLAC.cultures-2days.xlsx,Figure 3
2,24,PLAC,10,PLAC10,3,3,52.0,2.0,0.01,260000.0,155000000.0,0.0016774193548387097,169,52.0,2.0,0.01,,False,measured,0.0016774193548387097,0.0016774193548387097,True,3,=H169/(J169*0.02),0.02,False,3.2258064516129034e-05,0.0016774193548387097,0.0016774193548387097,0.0016774193548387097,Recorded volumes and two zero-colony counts confirmed 19 September 2026; day 2 at 3 h has an unconfirmed handling concern,working/figures/Figure 3/E - MDK/mdk.P.PLAC.cultures-2days.xlsx,Figure 3
2,1,P,1,P1,4,5,13.0,-1.0,10.0,32.5,224999999.99999997,1.4444444444444448e-07,170,13.0,-1.0,10.0,,False,measured,1.4444444444444448e-07,1.4444444444444448e-07,True,1,=H170/(J170*0.04),0.04,False,1.1111111111111112e-08,1.4444444444444448e-07,1.4444444444444448e-07,1.4444444444444448e-07,Recorded volumes and two zero-colony counts confirmed 19 September 2026; day 2 at 3 h has an unconfirmed handling concern,working/figures/Figure 3/E - MDK/mdk.P.PLAC.cultures-2days.xlsx,Figure 3
2,2,P,1,P1,5,5,12.0,-1.0,10.0,30.0,259999999.99999997,1.153846153846154e-07,171,12.0,-1.0,10.0,,False,measured,1.153846153846154e-07,1.153846153846154e-07,True,2,=H171/(J171*0.04),0.04,False,9.615384615384615e-09,1.153846153846154e-07,1.153846153846154e-07,1.153846153846154e-07,Recorded volumes and two zero-colony counts confirmed 19 September 2026; day 2 at 3 h has an unconfirmed handling concern,working/figures/Figure 3/E - MDK/mdk.P.PLAC.cultures-2days.xlsx,Figure 3
2,3,P,1,P1,6,5,13.0,-1.0,10.0,32.5,239999999.99999997,1.3541666666666668e-07,172,13.0,-1.0,10.0,,False,measured,1.3541666666666668e-07,1.3541666666666668e-07,True,3,=H172/(J172*0.04),0.04,False,1.0416666666666667e-08,1.3541666666666668e-07,1.3541666666666668e-07,1.3541666666666668e-07,Recorded volumes and two zero-colony counts confirmed 19 September 2026; day 2 at 3 h has an unconfirmed handling concern,working/figures/Figure 3/E - MDK/mdk.P.PLAC.cultures-2days.xlsx,Figure 3
2,4,PLAC,4,PLAC4,1,5,44.0,1.0,0.1,22000.0,244999999.99999997,8.979591836734695e-05,173,44.0,1.0,0.1,,False,measured,8.979591836734695e-05,8.979591836734695e-05,True,1,=H173/(J173*0.02),0.02,False,2.0408163265306125e-06,8.979591836734695e-05,8.979591836734695e-05,8.979591836734695e-05,Recorded volumes and two zero-colony counts confirmed 19 September 2026; day 2 at 3 h has an unconfirmed handling concern,working/figures/Figure 3/E - MDK/mdk.P.PLAC.cultures-2days.xlsx,Figure 3
2,5,PLAC,4,PLAC4,2,5,43.0,1.0,0.1,21500.0,270000000.0,7.962962962962964e-05,174,43.0,1.0,0.1,,False,measured,7.962962962962964e-05,7.962962962962964e-05,True,2,=H174/(J174*0.02),0.02,False,1.8518518518518519e-06,7.962962962962964e-05,7.962962962962964e-05,7.962962962962964e-05,Recorded volumes and two zero-colony counts confirmed 19 September 2026; day 2 at 3 h has an unconfirmed handling concern,working/figures/Figure 3/E - MDK/mdk.P.PLAC.cultures-2days.xlsx,Figure 3
2,6,PLAC,4,PLAC4,3,5,30.0,1.0,0.1,15000.0,234999999.99999997,6.382978723404256e-05,175,30.0,1.0,0.1,,False,measured,6.382978723404256e-05,6.382978723404256e-05,True,3,=H175/(J175*0.02),0.02,False,2.1276595744680853e-06,6.382978723404256e-05,6.382978723404256e-05,6.382978723404256e-05,Recorded volumes and two zero-colony counts confirmed 19 September 2026; day 2 at 3 h has an unconfirmed handling concern,working/figures/Figure 3/E - MDK/mdk.P.PLAC.cultures-2days.xlsx,Figure 3
2,7,PLAC,5,PLAC5,1,5,64.0,3.0,0.001,3199999.9999999995,229999999.99999997,0.01391304347826087,176,64.0,3.0,0.001,,False,measured,0.01391304347826087,0.01391304347826087,True,1,=H176/(J176*0.02),0.020000000000000004,False,0.00021739130434782604,0.01391304347826087,0.01391304347826087,0.01391304347826087,Recorded volumes and two zero-colony counts confirmed 19 September 2026; day 2 at 3 h has an unconfirmed handling concern,working/figures/Figure 3/E - MDK/mdk.P.PLAC.cultures-2days.xlsx,Figure 3
2,8,PLAC,5,PLAC5,2,5,42.0,3.0,0.001,2100000.0,229999999.99999997,0.009130434782608696,177,42.0,3.0,0.001,,False,measured,0.009130434782608696,0.009130434782608696,True,2,=H177/(J177*0.02),0.02,False,0.0002173913043478261,0.009130434782608696,0.009130434782608696,0.009130434782608696,Recorded volumes and two zero-colony counts confirmed 19 September 2026; day 2 at 3 h has an unconfirmed handling concern,working/figures/Figure 3/E - MDK/mdk.P.PLAC.cultures-2days.xlsx,Figure 3
2,9,PLAC,5,PLAC5,3,5,55.0,3.0,0.001,2750000.0,234999999.99999997,0.01170212765957447,178,55.0,3.0,0.001,,False,measured,0.01170212765957447,0.01170212765957447,True,3,=H178/(J178*0.02),0.02,False,0.0002127659574468085,0.01170212765957447,0.01170212765957447,0.01170212765957447,Recorded volumes and two zero-colony counts confirmed 19 September 2026; day 2 at 3 h has an unconfirmed handling concern,working/figures/Figure 3/E - MDK/mdk.P.PLAC.cultures-2days.xlsx,Figure 3
2,10,PLAC,6,PLAC6,1,5,76.0,1.0,0.1,38000.0,165000000.0,0.0002303030303030303,179,76.0,1.0,0.1,,False,measured,0.0002303030303030303,0.0002303030303030303,True,1,=H179/(J179*0.02),0.02,False,3.0303030303030305e-06,0.0002303030303030303,0.0002303030303030303,0.0002303030303030303,Recorded volumes and two zero-colony counts confirmed 19 September 2026; day 2 at 3 h has an unconfirmed handling concern,working/figures/Figure 3/E - MDK/mdk.P.PLAC.cultures-2days.xlsx,Figure 3
2,11,PLAC,6,PLAC6,2,5,76.0,1.0,0.1,38000.0,194999999.99999997,0.0001948717948717949,180,76.0,1.0,0.1,,False,measured,0.0001948717948717949,0.0001948717948717949,True,2,=H180/(J180*0.02),0.02,False,2.5641025641025644e-06,0.0001948717948717949,0.0001948717948717949,0.0001948717948717949,Recorded volumes and two zero-colony counts confirmed 19 September 2026; day 2 at 3 h has an unconfirmed handling concern,working/figures/Figure 3/E - MDK/mdk.P.PLAC.cultures-2days.xlsx,Figure 3
2,12,PLAC,6,PLAC6,3,5,73.0,1.0,0.1,36500.0,155000000.0,0.00023548387096774195,181,73.0,1.0,0.1,,False,measured,0.00023548387096774195,0.00023548387096774195,True,3,=H181/(J181*0.02),0.02,False,3.225806451612903e-06,0.00023548387096774195,0.00023548387096774195,0.00023548387096774195,Recorded volumes and two zero-colony counts confirmed 19 September 2026; day 2 at 3 h has an unconfirmed handling concern,working/figures/Figure 3/E - MDK/mdk.P.PLAC.cultures-2days.xlsx,Figure 3
2,13,PLAC,7,PLAC7,1,5,65.0,1.0,0.1,32500.0,155000000.0,0.00020967741935483871,182,65.0,1.0,0.1,,False,measured,0.00020967741935483871,0.00020967741935483871,True,1,=H182/(J182*0.02),0.02,False,3.225806451612903e-06,0.00020967741935483871,0.00020967741935483871,0.00020967741935483871,Recorded volumes and two zero-colony counts confirmed 19 September 2026; day 2 at 3 h has an unconfirmed handling concern,working/figures/Figure 3/E - MDK/mdk.P.PLAC.cultures-2days.xlsx,Figure 3
2,14,PLAC,7,PLAC7,2,5,65.0,1.0,0.1,32500.0,119999999.99999999,0.0002708333333333334,183,65.0,1.0,0.1,,False,measured,0.0002708333333333334,0.0002708333333333334,True,2,=H183/(J183*0.02),0.02,False,4.166666666666667e-06,0.0002708333333333334,0.0002708333333333334,0.0002708333333333334,Recorded volumes and two zero-colony counts confirmed 19 September 2026; day 2 at 3 h has an unconfirmed handling concern,working/figures/Figure 3/E - MDK/mdk.P.PLAC.cultures-2days.xlsx,Figure 3
2,15,PLAC,7,PLAC7,3,5,63.0,1.0,0.1,31500.0,174999999.99999997,0.00018000000000000004,184,63.0,1.0,0.1,,False,measured,0.00018000000000000004,0.00018000000000000004,True,3,=H184/(J184*0.02),0.02,False,2.8571428571428577e-06,0.00018000000000000004,0.00018000000000000004,0.00018000000000000004,Recorded volumes and two zero-colony counts confirmed 19 September 2026; day 2 at 3 h has an unconfirmed handling concern,working/figures/Figure 3/E - MDK/mdk.P.PLAC.cultures-2days.xlsx,Figure 3
2,16,PLAC,8,PLAC8,1,5,35.0,2.0,0.01,175000.0,229999999.99999997,0.0007608695652173914,185,35.0,2.0,0.01,,False,measured,0.0007608695652173914,0.0007608695652173914,True,1,=H185/(J185*0.02),0.02,False,2.1739130434782614e-05,0.0007608695652173914,0.0007608695652173914,0.0007608695652173914,Recorded volumes and two zero-colony counts confirmed 19 September 2026; day 2 at 3 h has an unconfirmed handling concern,working/figures/Figure 3/E - MDK/mdk.P.PLAC.cultures-2days.xlsx,Figure 3
2,17,PLAC,8,PLAC8,2,5,21.0,2.0,0.01,105000.0,179999999.99999997,0.0005833333333333334,186,21.0,2.0,0.01,,False,measured,0.0005833333333333334,0.0005833333333333334,True,2,=H186/(J186*0.02),0.02,False,2.7777777777777782e-05,0.0005833333333333334,0.0005833333333333334,0.0005833333333333334,Recorded volumes and two zero-colony counts confirmed 19 September 2026; day 2 at 3 h has an unconfirmed handling concern,working/figures/Figure 3/E - MDK/mdk.P.PLAC.cultures-2days.xlsx,Figure 3
2,18,PLAC,8,PLAC8,3,5,25.0,2.0,0.01,125000.0,184999999.99999997,0.0006756756756756758,187,25.0,2.0,0.01,,False,measured,0.0006756756756756758,0.0006756756756756758,True,3,=H187/(J187*0.02),0.02,False,2.7027027027027034e-05,0.0006756756756756758,0.0006756756756756758,0.0006756756756756758,Recorded volumes and two zero-colony counts confirmed 19 September 2026; day 2 at 3 h has an unconfirmed handling concern,working/figures/Figure 3/E - MDK/mdk.P.PLAC.cultures-2days.xlsx,Figure 3
2,19,PLAC,9,PLAC9,1,5,44.0,1.0,0.1,22000.0,244999999.99999997,8.979591836734695e-05,188,44.0,1.0,0.1,,False,measured,8.979591836734695e-05,8.979591836734695e-05,True,1,=H188/(J188*0.02),0.02,False,2.0408163265306125e-06,8.979591836734695e-05,8.979591836734695e-05,8.979591836734695e-05,Recorded volumes and two zero-colony counts confirmed 19 September 2026; day 2 at 3 h has an unconfirmed handling concern,working/figures/Figure 3/E - MDK/mdk.P.PLAC.cultures-2days.xlsx,Figure 3
2,20,PLAC,9,PLAC9,2,5,46.0,1.0,0.1,23000.0,219999999.99999997,0.00010454545454545456,189,46.0,1.0,0.1,,False,measured,0.00010454545454545456,0.00010454545454545456,True,2,=H189/(J189*0.02),0.02,False,2.272727272727273e-06,0.00010454545454545456,0.00010454545454545456,0.00010454545454545456,Recorded volumes and two zero-colony counts confirmed 19 September 2026; day 2 at 3 h has an unconfirmed handling concern,working/figures/Figure 3/E - MDK/mdk.P.PLAC.cultures-2days.xlsx,Figure 3
2,21,PLAC,9,PLAC9,3,5,48.0,1.0,0.1,24000.0,204999999.99999997,0.00011707317073170733,190,48.0,1.0,0.1,,False,measured,0.00011707317073170733,0.00011707317073170733,True,3,=H190/(J190*0.02),0.02,False,2.4390243902439027e-06,0.00011707317073170733,0.00011707317073170733,0.00011707317073170733,Recorded volumes and two zero-colony counts confirmed 19 September 2026; day 2 at 3 h has an unconfirmed handling concern,working/figures/Figure 3/E - MDK/mdk.P.PLAC.cultures-2days.xlsx,Figure 3
2,22,PLAC,10,PLAC10,1,5,27.0,1.0,0.1,13500.0,129999999.99999999,0.00010384615384615386,191,27.0,1.0,0.1,,False,measured,0.00010384615384615386,0.00010384615384615386,True,1,=H191/(J191*0.02),0.02,False,3.846153846153847e-06,0.00010384615384615386,0.00010384615384615386,0.00010384615384615386,Recorded volumes and two zero-colony counts confirmed 19 September 2026; day 2 at 3 h has an unconfirmed handling concern,working/figures/Figure 3/E - MDK/mdk.P.PLAC.cultures-2days.xlsx,Figure 3
2,23,PLAC,10,PLAC10,2,5,21.0,1.0,0.1,10500.0,184999999.99999997,5.675675675675676e-05,192,21.0,1.0,0.1,,False,measured,5.675675675675676e-05,5.675675675675676e-05,True,2,=H192/(J192*0.02),0.02,False,2.702702702702703e-06,5.675675675675676e-05,5.675675675675676e-05,5.675675675675676e-05,Recorded volumes and two zero-colony counts confirmed 19 September 2026; day 2 at 3 h has an unconfirmed handling concern,working/figures/Figure 3/E - MDK/mdk.P.PLAC.cultures-2days.xlsx,Figure 3
2,24,PLAC,10,PLAC10,3,5,28.0,1.0,0.1,14000.0,155000000.0,9.032258064516129e-05,193,28.0,1.0,0.1,,False,measured,9.032258064516129e-05,9.032258064516129e-05,True,3,=H193/(J193*0.02),0.02,False,3.225806451612903e-06,9.032258064516129e-05,9.032258064516129e-05,9.032258064516129e-05,Recorded volumes and two zero-colony counts confirmed 19 September 2026; day 2 at 3 h has an unconfirmed handling concern,working/figures/Figure 3/E - MDK/mdk.P.PLAC.cultures-2days.xlsx,Figure 3
2,1,P,1,P1,4,7,6.0,-1.0,10.0,15.0,224999999.99999997,6.666666666666668e-08,194,6.0,-1.0,10.0,,False,measured,6.666666666666668e-08,6.666666666666668e-08,True,1,=H194/(J194*0.04),0.04,False,1.1111111111111112e-08,6.666666666666668e-08,6.666666666666668e-08,6.666666666666668e-08,Recorded volumes and two zero-colony counts confirmed 19 September 2026; day 2 at 3 h has an unconfirmed handling concern,working/figures/Figure 3/E - MDK/mdk.P.PLAC.cultures-2days.xlsx,Figure 3
2,2,P,1,P1,5,7,4.0,-1.0,10.0,10.0,259999999.99999997,3.846153846153847e-08,195,4.0,-1.0,10.0,,False,measured,3.846153846153847e-08,3.846153846153847e-08,True,2,=H195/(J195*0.04),0.04,False,9.615384615384615e-09,3.846153846153847e-08,3.846153846153847e-08,3.846153846153847e-08,Recorded volumes and two zero-colony counts confirmed 19 September 2026; day 2 at 3 h has an unconfirmed handling concern,working/figures/Figure 3/E - MDK/mdk.P.PLAC.cultures-2days.xlsx,Figure 3
2,3,P,1,P1,6,7,9.0,-1.0,10.0,22.5,239999999.99999997,9.375000000000002e-08,196,9.0,-1.0,10.0,,False,measured,9.375000000000002e-08,9.375000000000002e-08,True,3,=H196/(J196*0.04),0.04,False,1.0416666666666667e-08,9.375000000000002e-08,9.375000000000002e-08,9.375000000000002e-08,Recorded volumes and two zero-colony counts confirmed 19 September 2026; day 2 at 3 h has an unconfirmed handling concern,working/figures/Figure 3/E - MDK/mdk.P.PLAC.cultures-2days.xlsx,Figure 3
2,4,PLAC,4,PLAC4,1,7,98.0,0.0,1.0,4900.0,244999999.99999997,2e-05,197,98.0,0.0,1.0,,False,measured,2e-05,2e-05,True,1,=H197/(J197*0.02),0.02,False,2.0408163265306127e-07,2e-05,2e-05,2e-05,Recorded volumes and two zero-colony counts confirmed 19 September 2026; day 2 at 3 h has an unconfirmed handling concern,working/figures/Figure 3/E - MDK/mdk.P.PLAC.cultures-2days.xlsx,Figure 3
2,5,PLAC,4,PLAC4,2,7,93.0,0.0,1.0,4650.0,270000000.0,1.7222222222222224e-05,198,93.0,0.0,1.0,,False,measured,1.7222222222222224e-05,1.7222222222222224e-05,True,2,=H198/(J198*0.02),0.02,False,1.8518518518518518e-07,1.7222222222222224e-05,1.7222222222222224e-05,1.7222222222222224e-05,Recorded volumes and two zero-colony counts confirmed 19 September 2026; day 2 at 3 h has an unconfirmed handling concern,working/figures/Figure 3/E - MDK/mdk.P.PLAC.cultures-2days.xlsx,Figure 3
2,6,PLAC,4,PLAC4,3,7,105.0,0.0,1.0,5250.0,234999999.99999997,2.2340425531914897e-05,199,105.0,0.0,1.0,,False,measured,2.2340425531914897e-05,2.2340425531914897e-05,True,3,=H199/(J199*0.02),0.02,False,2.1276595744680855e-07,2.2340425531914897e-05,2.2340425531914897e-05,2.2340425531914897e-05,Recorded volumes and two zero-colony counts confirmed 19 September 2026; day 2 at 3 h has an unconfirmed handling concern,working/figures/Figure 3/E - MDK/mdk.P.PLAC.cultures-2days.xlsx,Figure 3
2,7,PLAC,5,PLAC5,1,7,30.0,3.0,0.001,1499999.9999999998,229999999.99999997,0.006521739130434782,200,30.0,3.0,0.001,,False,measured,0.006521739130434782,0.006521739130434782,True,1,=H200/(J200*0.02),0.020000000000000004,False,0.00021739130434782604,0.006521739130434782,0.006521739130434782,0.006521739130434782,Recorded volumes and two zero-colony counts confirmed 19 September 2026; day 2 at 3 h has an unconfirmed handling concern,working/figures/Figure 3/E - MDK/mdk.P.PLAC.cultures-2days.xlsx,Figure 3
2,8,PLAC,5,PLAC5,2,7,28.0,3.0,0.001,1400000.0,229999999.99999997,0.006086956521739131,201,28.0,3.0,0.001,,False,measured,0.006086956521739131,0.006086956521739131,True,2,=H201/(J201*0.02),0.02,False,0.0002173913043478261,0.006086956521739131,0.006086956521739131,0.006086956521739131,Recorded volumes and two zero-colony counts confirmed 19 September 2026; day 2 at 3 h has an unconfirmed handling concern,working/figures/Figure 3/E - MDK/mdk.P.PLAC.cultures-2days.xlsx,Figure 3
2,9,PLAC,5,PLAC5,3,7,26.0,3.0,0.001,1300000.0,234999999.99999997,0.005531914893617022,202,26.0,3.0,0.001,,False,measured,0.005531914893617022,0.005531914893617022,True,3,=H202/(J202*0.02),0.02,False,0.0002127659574468085,0.005531914893617022,0.005531914893617022,0.005531914893617022,Recorded volumes and two zero-colony counts confirmed 19 September 2026; day 2 at 3 h has an unconfirmed handling concern,working/figures/Figure 3/E - MDK/mdk.P.PLAC.cultures-2days.xlsx,Figure 3
2,10,PLAC,6,PLAC6,1,7,21.0,1.0,0.1,10500.0,165000000.0,6.363636363636364e-05,203,21.0,1.0,0.1,,False,measured,6.363636363636364e-05,6.363636363636364e-05,True,1,=H203/(J203*0.02),0.02,False,3.0303030303030305e-06,6.363636363636364e-05,6.363636363636364e-05,6.363636363636364e-05,Recorded volumes and two zero-colony counts confirmed 19 September 2026; day 2 at 3 h has an unconfirmed handling concern,working/figures/Figure 3/E - MDK/mdk.P.PLAC.cultures-2days.xlsx,Figure 3
2,11,PLAC,6,PLAC6,2,7,32.0,1.0,0.1,16000.0,194999999.99999997,8.205128205128206e-05,204,32.0,1.0,0.1,,False,measured,8.205128205128206e-05,8.205128205128206e-05,True,2,=H204/(J204*0.02),0.02,False,2.5641025641025644e-06,8.205128205128206e-05,8.205128205128206e-05,8.205128205128206e-05,Recorded volumes and two zero-colony counts confirmed 19 September 2026; day 2 at 3 h has an unconfirmed handling concern,working/figures/Figure 3/E - MDK/mdk.P.PLAC.cultures-2days.xlsx,Figure 3
2,12,PLAC,6,PLAC6,3,7,31.0,1.0,0.1,15500.0,155000000.0,0.0001,205,31.0,1.0,0.1,,False,measured,0.0001,0.0001,True,3,=H205/(J205*0.02),0.02,False,3.225806451612903e-06,0.0001,0.0001,0.0001,Recorded volumes and two zero-colony counts confirmed 19 September 2026; day 2 at 3 h has an unconfirmed handling concern,working/figures/Figure 3/E - MDK/mdk.P.PLAC.cultures-2days.xlsx,Figure 3
2,13,PLAC,7,PLAC7,1,7,46.0,1.0,0.1,23000.0,155000000.0,0.00014838709677419355,206,46.0,1.0,0.1,,False,measured,0.00014838709677419355,0.00014838709677419355,True,1,=H206/(J206*0.02),0.02,False,3.225806451612903e-06,0.00014838709677419355,0.00014838709677419355,0.00014838709677419355,Recorded volumes and two zero-colony counts confirmed 19 September 2026; day 2 at 3 h has an unconfirmed handling concern,working/figures/Figure 3/E - MDK/mdk.P.PLAC.cultures-2days.xlsx,Figure 3
2,14,PLAC,7,PLAC7,2,7,24.0,1.0,0.1,12000.0,119999999.99999999,0.00010000000000000002,207,24.0,1.0,0.1,,False,measured,0.00010000000000000002,0.00010000000000000002,True,2,=H207/(J207*0.02),0.02,False,4.166666666666667e-06,0.00010000000000000002,0.00010000000000000002,0.00010000000000000002,Recorded volumes and two zero-colony counts confirmed 19 September 2026; day 2 at 3 h has an unconfirmed handling concern,working/figures/Figure 3/E - MDK/mdk.P.PLAC.cultures-2days.xlsx,Figure 3
2,15,PLAC,7,PLAC7,3,7,33.0,1.0,0.1,16500.0,174999999.99999997,9.42857142857143e-05,208,33.0,1.0,0.1,,False,measured,9.42857142857143e-05,9.42857142857143e-05,True,3,=H208/(J208*0.02),0.02,False,2.8571428571428577e-06,9.42857142857143e-05,9.42857142857143e-05,9.42857142857143e-05,Recorded volumes and two zero-colony counts confirmed 19 September 2026; day 2 at 3 h has an unconfirmed handling concern,working/figures/Figure 3/E - MDK/mdk.P.PLAC.cultures-2days.xlsx,Figure 3
2,16,PLAC,8,PLAC8,1,7,45.0,1.0,0.1,22500.0,229999999.99999997,9.782608695652176e-05,209,45.0,1.0,0.1,,False,measured,9.782608695652176e-05,9.782608695652176e-05,True,1,=H209/(J209*0.02),0.02,False,2.173913043478261e-06,9.782608695652176e-05,9.782608695652176e-05,9.782608695652176e-05,Recorded volumes and two zero-colony counts confirmed 19 September 2026; day 2 at 3 h has an unconfirmed handling concern,working/figures/Figure 3/E - MDK/mdk.P.PLAC.cultures-2days.xlsx,Figure 3
2,17,PLAC,8,PLAC8,2,7,48.0,1.0,0.1,24000.0,179999999.99999997,0.00013333333333333337,210,48.0,1.0,0.1,,False,measured,0.00013333333333333337,0.00013333333333333337,True,2,=H210/(J210*0.02),0.02,False,2.7777777777777783e-06,0.00013333333333333337,0.00013333333333333337,0.00013333333333333337,Recorded volumes and two zero-colony counts confirmed 19 September 2026; day 2 at 3 h has an unconfirmed handling concern,working/figures/Figure 3/E - MDK/mdk.P.PLAC.cultures-2days.xlsx,Figure 3
2,18,PLAC,8,PLAC8,3,7,42.0,1.0,0.1,21000.0,184999999.99999997,0.00011351351351351353,211,42.0,1.0,0.1,,False,measured,0.00011351351351351353,0.00011351351351351353,True,3,=H211/(J211*0.02),0.02,False,2.702702702702703e-06,0.00011351351351351353,0.00011351351351351353,0.00011351351351351353,Recorded volumes and two zero-colony counts confirmed 19 September 2026; day 2 at 3 h has an unconfirmed handling concern,working/figures/Figure 3/E - MDK/mdk.P.PLAC.cultures-2days.xlsx,Figure 3
2,19,PLAC,9,PLAC9,1,7,116.0,0.0,1.0,5800.0,244999999.99999997,2.3673469387755107e-05,212,116.0,0.0,1.0,,False,measured,2.3673469387755107e-05,2.3673469387755107e-05,True,1,=H212/(J212*0.02),0.02,False,2.0408163265306127e-07,2.3673469387755107e-05,2.3673469387755107e-05,2.3673469387755107e-05,Recorded volumes and two zero-colony counts confirmed 19 September 2026; day 2 at 3 h has an unconfirmed handling concern,working/figures/Figure 3/E - MDK/mdk.P.PLAC.cultures-2days.xlsx,Figure 3
2,20,PLAC,9,PLAC9,2,7,129.0,0.0,1.0,6450.0,219999999.99999997,2.931818181818182e-05,213,129.0,0.0,1.0,,False,measured,2.931818181818182e-05,2.931818181818182e-05,True,2,=H213/(J213*0.02),0.02,False,2.272727272727273e-07,2.931818181818182e-05,2.931818181818182e-05,2.931818181818182e-05,Recorded volumes and two zero-colony counts confirmed 19 September 2026; day 2 at 3 h has an unconfirmed handling concern,working/figures/Figure 3/E - MDK/mdk.P.PLAC.cultures-2days.xlsx,Figure 3
2,21,PLAC,9,PLAC9,3,7,132.0,0.0,1.0,6600.0,204999999.99999997,3.2195121951219514e-05,214,132.0,0.0,1.0,,False,measured,3.2195121951219514e-05,3.2195121951219514e-05,True,3,=H214/(J214*0.02),0.02,False,2.439024390243903e-07,3.2195121951219514e-05,3.2195121951219514e-05,3.2195121951219514e-05,Recorded volumes and two zero-colony counts confirmed 19 September 2026; day 2 at 3 h has an unconfirmed handling concern,working/figures/Figure 3/E - MDK/mdk.P.PLAC.cultures-2days.xlsx,Figure 3
2,22,PLAC,10,PLAC10,1,7,89.0,0.0,1.0,4450.0,129999999.99999999,3.4230769230769234e-05,215,89.0,0.0,1.0,,False,measured,3.4230769230769234e-05,3.4230769230769234e-05,True,1,=H215/(J215*0.02),0.02,False,3.846153846153847e-07,3.4230769230769234e-05,3.4230769230769234e-05,3.4230769230769234e-05,Recorded volumes and two zero-colony counts confirmed 19 September 2026; day 2 at 3 h has an unconfirmed handling concern,working/figures/Figure 3/E - MDK/mdk.P.PLAC.cultures-2days.xlsx,Figure 3
2,23,PLAC,10,PLAC10,2,7,90.0,0.0,1.0,4500.0,184999999.99999997,2.4324324324324327e-05,216,90.0,0.0,1.0,,False,measured,2.4324324324324327e-05,2.4324324324324327e-05,True,2,=H216/(J216*0.02),0.02,False,2.702702702702703e-07,2.4324324324324327e-05,2.4324324324324327e-05,2.4324324324324327e-05,Recorded volumes and two zero-colony counts confirmed 19 September 2026; day 2 at 3 h has an unconfirmed handling concern,working/figures/Figure 3/E - MDK/mdk.P.PLAC.cultures-2days.xlsx,Figure 3
2,24,PLAC,10,PLAC10,3,7,108.0,0.0,1.0,5400.0,155000000.0,3.483870967741936e-05,217,108.0,0.0,1.0,,False,measured,3.483870967741936e-05,3.483870967741936e-05,True,3,=H217/(J217*0.02),0.02,False,3.225806451612903e-07,3.483870967741936e-05,3.483870967741936e-05,3.483870967741936e-05,Recorded volumes and two zero-colony counts confirmed 19 September 2026; day 2 at 3 h has an unconfirmed handling concern,working/figures/Figure 3/E - MDK/mdk.P.PLAC.cultures-2days.xlsx,Figure 3
