cluster,source_excel_row,display_gene,probe,avg_log2FC,p_val_adj,neg_log10_p_adj,color
1,2,truB,truB-2,0.784440113519152,0.0084118390412007,2.075109046041249,other
1,3,rpsK,rpsK-2,0.773076108452447,0.0001199338064432,3.921058382520031,red
1,4,fis,fis-1,0.741446549512332,6.71880503923307e-05,4.172707960728051,other
1,5,glnH,glnH-5,0.723556974579881,0.0459650195751093,1.3375725505943716,other
1,6,cspG,cspG-3,0.72244693319891,0.02690361775744,1.5701893160403522,other
1,7,mipA,mipA-1,0.717981234578843,0.0141205279332925,1.8501490657325437,other
1,8,rplF,rplF-3,0.714195398580076,3.44229436361534e-09,8.463151994256107,other
1,9,greA,greA-4,0.710118453472855,0.0425496159095698,1.3711043558874372,other
1,10,cspA,cspA-3,0.704528621349683,1.35203721230153e-06,5.869011355084613,other
1,11,obgE,obgE-4,0.656428537276549,2.2448693570247202e-14,13.648808928234907,other
1,12,rpsD,rpsD-1,0.655667462479374,1.59274647158539e-06,5.797853348338335,other
1,13,rplD,rplD-2,0.649552765352885,3.28187500804321e-09,8.4838779633045,other
1,14,bax,bax-4,0.647998683740611,1.72647791895976e-13,12.762838971751396,other
1,15,rplC,rplC-3,0.637710340748608,4.30588872767747e-12,11.365937197359736,red
1,16,rplE,rplE-3,0.631815499332044,6.952181901581821e-09,8.157878873236642,other
1,17,lpxC,lpxC-2,0.613800734674003,3.97568163058737e-14,13.400588400837874,other
1,18,rpmG,rpmG-2,0.604133774368541,6.11581515592318e-08,7.213545649155026,other
1,19,yfiR,yfiR-3,0.602247085493411,0.0001811893991709,3.7418672151374537,other
1,20,ygiT,ygiT-1,0.595288326890217,1.71893079398957e-07,6.764741608125906,other
1,21,oppB,oppB-4,0.591413751773522,0.0001216297157733,3.9149603081244644,other
1,22,infB,infB-3,0.578586951996522,3.13294048058686e-20,19.504047855740136,red
1,23,secY,secY-2,0.57446098093603,7.64121725519291e-10,9.116837452274567,other
1,24,cdsA,cdsA-1,0.572028948564896,9.34374194904591e-08,7.029479164201383,other
1,25,rpsH,rpsH-3,0.57023475292076,3.39142397830898e-07,6.469617913574914,red
1,26,recO,recO-3,0.569817047277433,0.020308161705424,1.6923293871477882,other
1,27,rplA,rplA-1,0.564579558448862,1.0431473084167801e-15,14.981654358193612,red
1,28,yfjO,yfjO-5,0.561730130354815,3.0682595324629e-11,10.513107907842556,other
1,29,rpsN,rpsN-3,0.55947960571602,2.81809946962504e-16,15.550043681792003,other
1,30,rluB,rluB-4,0.55395136335355,2.50910418150333e-08,7.600481305798713,other
1,31,yrfF,yrfF-4,0.542420304432358,0.011019876811919,1.957823260312078,other
1,32,rplI,rplI-2,0.539489476630978,1.50588954641184e-17,16.82220688148394,red
1,33,rpmD,rpmD-2,0.535535321026842,1.44147979950561e-25,24.841191439314425,red
1,34,rplW,rplW-1,0.533762095852836,0.0008482939127581,3.0714536494253695,red
1,35,yfdH,yfdH-4,0.521332123406568,0.0286626096604297,1.5426842706892738,other
1,36,pnp,pnp-1,0.50501736751943,3.6168812320494696e-22,21.441665751982757,other
1,37,nudB,nudB-2,0.504976759524298,6.00417602657797e-22,21.221546583875327,other
1,38,serS,serS-1,0.504738196061931,7.0354512266129e-08,7.1527080433687225,red
1,39,yabP,yabP-5,0.502595491929866,0.0004084198524495,3.3888931559099986,other
1,40,yafK,yafK-3,0.5025884560014,6.68349910800905e-23,22.174996105573832,other
1,41,fusA,fusA-2,0.494651191123016,1.48336062342018e-20,19.828753253744278,red
1,42,iscR,iscR-2,0.492482368437333,2.9599776980319497e-28,27.52871156112287,other
1,43,argF,argF-3,0.491184313709243,0.0406114057939811,1.391351976823639,other
1,44,lepA,lepA-2,0.487107717740325,3.74826306606343e-25,24.426169936426078,red
1,45,cpxR,cpxR-4,0.485851586190824,5.36919568308516e-05,4.270090767663616,other
1,46,sufC,sufC-5,0.485747040487831,0.0009166284198719,3.0378066816731644,other
1,47,yafQ,yafQ-3,0.480420387030278,1.01502097416634e-24,23.99352498349403,other
1,48,tktA,tktA-4,0.478965661900632,5.93579276572461e-10,9.22652126983707,other
1,49,yoeB,yoeB-6,0.47815510221541,0.0314564657016699,1.5022900742266363,other
1,50,secD,secD-3,0.476391769229137,3.75192395596361e-12,11.425745972489151,other
1,51,ygfZ,ygfZ-3,0.474013540809195,0.0208847191531265,1.680171360526584,other
1,52,nlpD,nlpD-4,0.467901627962158,8.64355918087133e-25,24.063307390122535,other
1,53,mioC,mioC-3,0.46644398602675,2.31469307409975e-18,17.635506587826118,other
1,54,yhbC,yhbC-5,0.453523182531839,2.04853044766862e-05,4.68855757666754,other
1,55,ydcR,ydcR-2,0.452494726672416,1.01915813786912e-22,21.991758423377856,other
1,56,tonB,tonB-2,0.448652505858103,0.0077616366472794,2.1100466921519367,other
1,57,rlmL,rlmL-3,0.447374064904723,1.3033609774228e-07,6.884935285905745,other
1,58,rseA,rseA-3,0.445132194172452,2.2396171200634e-17,16.649826221333935,other
1,59,ispU,ispU-3,0.444582823070455,1.7879432850399102e-14,13.747646261482418,other
1,60,ftsI,ftsI-2,0.44326275930902,7.02976349128176e-05,4.153059286098112,other
1,61,iscA,iscA-1,0.437944757836481,1.06649068719726e-21,20.97204293254132,other
1,62,rlpB,rlpB-2,0.434290046928766,0.0068863508671333,2.1620108532871902,other
1,63,relB,relB-2,0.431129294075871,1.1990998033168e-09,8.921144668255689,other
1,64,rbsK,rbsK-3,0.428193089278947,1.9235914370124e-05,4.715887164882978,other
1,65,ygjN,ygjN-4,0.425260390077263,1.31543896672888e-06,5.880929297352332,other
1,66,plsX,plsX-2,0.422997635921143,2.55542043246244e-17,16.5925376370255,other
1,67,parE,parE-4,0.419008224036937,4.75401267525747e-10,9.322939664680401,other
1,68,rpsI,rpsI-1,0.412813332888301,6.49987844183031e-36,35.18709476528576,red
1,69,rplR,rplR-2,0.407224170373214,1.07001820892294e-34,33.97060883169099,red
1,70,msbA,msbA-4,0.406382169891659,3.16798038899652e-22,21.49921751552224,other
1,71,topA,topA-5,0.40412796264151,2.66509090901297e-27,26.574287972149865,other
1,72,ydcQ,ydcQ-3,0.402632098159514,2.10744767588224e-26,25.676243199316605,other
1,73,tig,tig-1,0.397878897714993,2.67547740977743e-39,38.57259871161195,other
1,74,infC,infC-3,0.392125036318707,0.0002226214719508,3.6524329500640866,red
1,75,glmS,glmS-1,0.391349234472355,0.0003874374318941,3.4117984226470366,other
1,76,pfkA,pfkA-2,0.390823954596083,0.0001604609724705,3.7946305800925653,other
1,77,asnS,asnS-4,0.388349947765906,7.46278784855134e-27,26.12709890428783,red
1,78,yhdL,yhdL-5,0.385790648085901,3.45649712845105e-05,4.461363799579575,other
1,79,rpoC,rpoC-5,0.382611890612991,4.72307552893141e-14,13.325775109359599,other
1,80,infA,infA-1,0.381945386805204,4.09791359675522e-16,15.387437202803545,red
1,81,yibQ,yibQ-1,0.381448086735118,0.0011042676797179,2.9569256388049485,other
1,82,secG,secG-2,0.379255676357634,5.00586578272078e-24,23.30052079887585,other
1,83,lolA,lolA-2,0.378818136307616,0.0006292528443833,3.201174812653371,other
1,84,ytjC,ytjC-3,0.378223125803157,3.84239872556349e-06,5.4153975704147,other
1,85,dnaA,dnaA-3,0.378207295815444,4.91177007030993e-46,45.308761971576345,other
1,86,rcsD,rcsD-1,0.376337808924922,2.4964098520885197e-12,11.602684112143375,other
1,87,fldA,fldA-4,0.370511763559335,2.9928363836465e-12,11.523917025098257,other
1,88,modA,modA-5,0.369214158101632,0.0012860835194837,2.890730827000361,other
1,89,yceG,yceG-2,0.366470515942902,5.52934774052909e-06,5.257326096434217,other
1,90,ydhA,ydhA-4,0.361842345794837,0.000310181533967,3.5083840606002608,other
1,91,fabZ,fabZ-2,0.361781367460635,2.9656326401798797e-18,17.527882647044585,other
1,92,spr,spr-5,0.359532185861332,3.4285544765543e-05,4.464888945606813,other
1,93,ygbI,ygbI-5,0.354472532339569,0.002982349115824,2.525441519098569,other
1,94,yjeE,yjeE-2,0.352603175254427,0.000164533633409,3.783745311629522,other
1,95,sseA,sseA-1,0.35173979768652,0.0106253168918032,1.9736581085897262,other
1,96,tolB,tolB-4,0.351549546893259,6.338661711396409e-11,10.198002425510587,other
1,97,yrfG,yrfG-3,0.351165143308181,0.0006222732882611,3.206018841165281,other
1,98,ybgF,ybgF-2,0.350235669621558,3.72951348289631e-09,8.428347818452558,other
1,99,ygdK,ygdK-3,0.348976751435315,1.77149628009981e-05,4.751659755288931,other
1,100,yfjN,yfjN-5,0.347278909337268,2.5029858358780996e-12,11.60154160800959,other
1,101,yhaV,yhaV-1,0.346833517079189,3.63284909001258e-24,23.439752642527058,other
1,102,proY,proY-5,0.346614022580889,0.0048816117006792,2.311436768744949,other
1,103,ptsN,ptsN-2,0.346057145575641,9.91815859757443e-13,12.003568951348326,other
1,104,ycbK,ycbK-2,0.345040920982998,1.70331578758115e-43,42.768704828202914,other
1,105,tehB,tehB-5,0.342107629266732,4.72389528402251e-05,4.325699738085459,other
1,106,ydcP,ydcP-3,0.341203133713474,1.22549052091529e-05,4.911690043636795,other
1,107,nlpB,nlpB-4,0.339823368569982,1.21826559450036e-21,20.91425802069191,other
1,108,alkB,alkB-2,0.337170683922284,0.0037607212441663,2.4247288565821226,other
1,109,galF,galF-4,0.334317747170156,0.0013236487335419,2.8782272515464022,other
1,110,rpoB,rpoB-1,0.327765234384263,7.27921872798624e-51,50.13791523062272,other
1,111,ffh,ffh-5,0.327066671395516,3.5579727588292403e-31,30.44879738136042,other
1,112,lepB,lepB-2,0.325471528840646,1.1965055830767e-08,7.92208527056183,other
1,113,mraZ,mraZ-2,0.325224790652702,7.947101243237869e-11,10.099791254190926,other
1,114,dnaX,dnaX-2,0.324976791197197,4.2821436738154406e-31,30.36833876541653,other
1,115,mrdB,mrdB-1,0.31905627947363,4.78063599612477e-09,8.320514322795038,other
1,116,hupB,hupB-4,0.319052339869046,1.22197161620872e-20,19.912938881709742,other
1,117,nusG,nusG-4,0.318872719150569,1.9462765229332e-53,52.710795456024314,other
1,118,yfgB,yfgB-2,0.316479027750976,4.0393602280607005e-18,17.393687414945155,other
1,119,ytfL,ytfL-3,0.315405841158328,3.14030503856553e-19,18.503028163986848,other
1,120,aceE,aceE-1,0.315400825295007,3.2049689518994996e-35,34.49417617334767,other
1,121,cyoA,cyoA-5,0.313445970816757,2.07548467440972e-37,36.68288046914832,other
1,122,fdoG,fdoG-5,0.311145772665586,5.30993514078226e-25,24.274910783659095,other
1,123,rplS,rplS-1,0.310376191012244,3.24038921983505e-25,24.489402821313664,red
1,124,puuB,puuB-5,0.309131902639414,3.1968699785394905e-09,8.495275026772141,other
1,125,rpsU,rpsU-3,0.309077718930391,6.85635002520786e-12,11.163907019244721,red
1,126,yjgP,yjgP-4,0.307911316980685,1.42326183784223e-24,23.846715195299183,other
1,127,ymjA,ymjA-2,0.305610983547579,7.10491163598575e-08,7.148441319037346,other
1,128,rna,rna-4,0.304135703890949,0.0006485034364358,3.188087718236569,other
1,129,ispB,ispB-5,0.302500445747351,4.61206380412037e-09,8.336104693227789,other
1,130,iscU,iscU-4,0.300633792551097,3.3746374590397e-28,27.471772877053905,other
1,131,yjjG,yjjG-5,0.300540613039052,1.54504856400465e-14,13.811057865269717,other
1,132,rfaD,rfaD-2,0.30025120284489,3.09417380800607e-13,12.509455294470575,other
1,133,argR,argR-1,0.297095543974021,8.00143014310683e-05,4.096832382039358,other
1,134,hfq,hfq-4,0.295301909355063,1.13552235189363e-26,25.944804312603626,other
1,135,yejM,yejM-5,0.295138164747116,6.6551886100241e-09,8.176839631980144,other
1,136,marR,marR-3,0.294375898118569,2.49132713168318e-41,40.603569242292124,other
1,137,gmhB,gmhB-5,0.293962598221535,0.0045607622166734,2.340962569872329,other
1,138,yrdC,yrdC-4,0.292023348122266,7.51505723179182e-19,18.124067707644375,other
1,139,ybeB,ybeB-4,0.290469647957787,9.700765483571859e-12,11.013193994375577,other
1,140,yfgL,yfgL-2,0.287570747628076,4.94340300096941e-29,28.30597398311339,other
1,141,pncB,pncB-4,0.286530408814421,1.5571853385313702e-09,8.807659693975772,other
1,142,ychA,ychA-4,0.285984224361425,6.52377547411999e-33,32.18550099429465,other
1,143,ycdY,ycdY-3,0.285961820118353,2.55712896648168e-06,5.592247368172754,other
1,144,yrdD,yrdD-1,0.282676825863013,1.00436520497639e-07,6.998108341308084,other
1,145,yfjD,yfjD-4,0.282516588872057,2.4659711768498e-06,5.608012003899346,other
1,146,dnaG,dnaG-2,0.282507057225997,7.325754551234501e-45,44.135147636426346,other
1,147,hscB,hscB-5,0.282238598487826,1.4674520222945702e-20,19.833436088917377,other
1,148,def,def-2,0.281563234225172,1.17968903054247e-22,21.928232458895547,red
1,149,era,era-3,0.281285717769964,3.56285021214818e-21,20.448202435691343,other
1,150,rseB,rseB-2,0.280207996522784,4.21161474430008e-43,42.375551362576026,other
1,151,smg,smg-2,0.279401958789617,6.725391974921869e-16,15.172282398673556,other
1,152,rpsE,rpsE-2,0.279198034793362,2.34482760535477e-58,57.62988908164627,red
1,153,frr,frr-4,0.27736793593203,6.495282588743901e-32,31.187401949431237,red
1,154,imp,imp-4,0.277104937484221,2.52592703493909e-23,22.597579198824633,other
1,155,ybeD,ybeD-3,0.273964068636296,4.5706744637183396e-42,41.340019709282835,other
1,156,yidC,yidC-1,0.2736573371666,5.03614881096903e-53,52.297901445595976,other
1,157,suhB,suhB-5,0.269551493387282,1.45739966152562e-27,26.836421335674114,other
1,158,gidA,gidA-3,0.268953097584584,2.50955576478298e-44,43.600403149426654,other
1,159,puuP,puuP-5,0.268093622913453,5.05972553936133e-07,6.295873040467252,other
1,160,rpoA,rpoA-2,0.265979560258462,3.20933683907596e-52,51.49358469871165,other
1,161,zwf,zwf-1,0.261222453431205,1.18254264548942e-08,7.927183188546365,other
1,162,ftsH,ftsH-2,0.260890862736956,1.58150206101461e-63,62.80093023777501,other
1,163,ybjX,ybjX-3,0.260462615487275,3.18590868687457e-06,5.496766675915555,other
1,164,puuD,puuD-1,0.258097303311131,6.462572424255229e-42,41.189594576853025,other
1,165,ypfG,ypfG-3,0.25805216935878,0.0079549417420683,2.0993629965567977,other
1,166,rnc,rnc-3,0.256982656234287,5.29405833069688e-21,20.276211277889182,other
1,167,rplL,rplL-3,0.251048406097411,8.464928033824131e-47,46.07237672977547,red
1,168,yjgQ,yjgQ-2,0.250948231310647,1.26071529028988e-19,18.899382979895446,other
1,169,lolC,lolC-3,-0.25057746547251,4.416617438871351e-09,8.354910217083592,other
1,170,rne,rne-5,-0.251145300129338,1.09091507327467e-37,36.9622090575178,other
1,171,lpd,lpd-1,-0.25163504069596,1.16859572482009e-77,76.93233570684181,other
1,172,zapA,zapA-1,-0.25226218914448,3.69145591897876e-72,71.43280231327932,other
1,173,yhcB,yhcB-1,-0.2555229532764,1.84978050756877e-10,9.732879801330505,other
1,174,speA,speA-4,-0.255685348118761,9.44177413579355e-50,49.02494639288504,other
1,175,yggJ,yggJ-1,-0.256660376582729,3.03462313847431e-27,26.51789523508079,other
1,176,argS,argS-1,-0.260497431574587,5.03647600541373e-32,31.297873230757343,other
1,177,gapA,gapA-3,-0.260759426787399,1.87265845116706e-108,107.72754142513391,other
1,178,rpsQ,rpsQ-3,-0.265433551300952,2.2397526956032603e-09,8.64979993205161,other
1,179,murB,murB-2,-0.266079473173186,3.9986237956353794e-12,11.398089453872286,other
1,180,yaaA,yaaA-3,-0.266884275648622,5.3112916454512e-13,12.274799850617658,other
1,181,moeA,moeA-3,-0.26808637023758,4.84785481090171e-10,9.314450395394664,other
1,182,yceB,yceB-5,-0.271163958556524,1.5264295814880302e-15,14.816323226135438,other
1,183,ydcM,ydcM-1,-0.271254538931895,2.70573565909623e-19,18.56771463471679,other
1,184,prfA,prfA-1,-0.27289911124816,8.41506774170386e-157,156.07494238358242,other
1,185,insK,insK-5,-0.276715358218427,1.88426832308985e-09,8.724857252848997,other
1,186,holB,holB-5,-0.278632891496061,4.75530383140379e-23,22.32282172939185,other
1,187,yqaA,yqaA-5,-0.278661706918328,1.0875410868972002e-10,9.963554326579613,other
1,188,yebY,yebY-2,-0.278947488423424,4.12561726159843e-12,11.384511064507764,other
1,189,yciC,yciC-4,-0.281766863099044,3.50550811304744e-07,6.455249023432235,other
1,190,yajQ,yajQ-2,-0.282287881178763,8.641398548357431e-15,14.063415964386678,other
1,191,potF,potF-1,-0.283446234195044,1.36127088454916e-08,7.8660554442610495,other
1,192,ygfB,ygfB-4,-0.283514249188519,1.0857052930284001e-16,15.964288044895337,other
1,193,trg,trg-1,-0.284543422945044,7.65011263087e-08,7.116332170780336,other
1,194,nlpE,nlpE-5,-0.285462481383713,1.41593697089595e-17,16.848956078426845,other
1,195,uidR,uidR-4,-0.287528203004533,2.07713170823556e-14,13.682535964540302,other
1,196,yrdB,yrdB-1,-0.288216971239351,2.12784704580829e-17,16.672059593270244,other
1,197,hybC,hybC-2,-0.288265193827624,2.20970735212487e-06,5.6556652393343585,other
1,198,guaB,guaB-2,-0.288494828988008,1.2940005085779002e-184,183.88806555297757,other
1,199,dacC,dacC-2,-0.288616161992396,1.88407234780299e-11,10.724902424447418,other
1,200,hemB,hemB-5,-0.288783237847159,1.37601545793911e-38,37.86137668727787,other
1,201,truD,truD-2,-0.289374219120582,4.99397380482112e-12,11.301553740008595,other
1,202,sohA,sohA-3,-0.289624031393147,4.9230769256363e-28,27.30776337809717,other
1,203,trkH,trkH-4,-0.29045263801836,1.5638349168767002e-16,15.805809094289934,other
1,204,rsmC,rsmC-4,-0.292128835347337,8.05324694839642e-10,9.094028983301525,other
1,205,rplN,rplN-4,-0.292663249519368,1.54909621247104e-28,27.809921607904034,other
1,206,purR,purR-4,-0.293370671359638,1.2512777891016898e-30,29.90264626434219,other
1,207,ppk,ppk-3,-0.29716743861666,9.31310528987086e-08,7.030905487074991,other
1,208,feoB,feoB-2,-0.298288569916309,7.36300159596974e-26,25.132945105387652,other
1,209,prc,prc-1,-0.299854877039802,2.60718553203347e-25,24.583828062551913,other
1,210,yejK,yejK-5,-0.300007229154451,1.01038602708939e-16,15.995512668390903,other
1,211,uspB,uspB-5,-0.301904752638972,1.07792523413388e-07,6.967411361161481,other
1,212,lolD,lolD-3,-0.302032277422176,1.39604947696039e-26,25.855099189742866,other
1,213,rsgA,rsgA-5,-0.30210884155292,2.18515047910174e-32,31.66051865022983,other
1,214,yccA,yccA-2,-0.302348836897407,3.45602031252522e-29,28.461423713649253,other
1,215,sufS,sufS-2,-0.303242565238455,7.97483557857517e-06,5.098278262258697,other
1,216,asd,asd-1,-0.304423710002687,2.6837380392564e-10,9.571259878092357,other
1,217,cysK,cysK-4,-0.304776753130431,1.3885956780803e-21,20.857424190792557,other
1,218,ybdR,ybdR-2,-0.309492512541704,1.1899930836123001e-11,10.92445556277364,other
1,219,nuoF,nuoF-1,-0.311827996432061,3.4388493774484e-14,13.46358684597955,other
1,220,diaA,diaA-4,-0.313175198374745,7.23878083189176e-11,10.140334572278988,other
1,221,arcB,arcB-2,-0.314072740220611,2.2674314095686e-11,10.644465841598151,other
1,222,fumA,fumA-4,-0.314936750475289,1.15844659505393e-06,5.936123982597348,other
1,223,clpB,clpB-5,-0.315090348142489,1.92205978649382e-77,76.71623310754129,other
1,224,yihE,yihE-1,-0.316430404759655,6.57748185504693e-23,22.18194034130594,other
1,225,yejO,yejO-5,-0.316454187199263,1.05416906704011e-06,5.977089731633571,other
1,226,ygdQ,ygdQ-1,-0.319970511882254,3.5744263376733203e-09,8.446793648512994,other
1,227,frsA,frsA-1,-0.321252901702853,7.881988517366441e-10,9.10336420215857,other
1,228,gyrB,gyrB-3,-0.321667178608953,7.22429653734932e-53,52.14120443574392,other
1,229,pth,pth-4,-0.321779359840361,3.94570398589186e-11,10.403875499447718,other
1,230,cydB,cydB-2,-0.323413650652486,1.78492071954471e-39,38.74838106909179,other
1,231,folE,folE-2,-0.323481060840335,3.81960857456548e-27,26.41798114039099,other
1,232,ycfL,ycfL-1,-0.326126802739165,3.25411910640673e-08,7.4875665551765,other
1,233,nagC,nagC-2,-0.329448829685823,6.433890357326059e-40,39.191526344368775,other
1,234,ycbL,ycbL-3,-0.330377047869037,2.47509665104776e-19,18.606407837458836,other
1,235,nuoC,nuoC-2,-0.332400059461805,4.23903470685083e-39,38.37273302765634,other
1,236,yebT,yebT-1,-0.335586809014979,1.7293198373301e-11,10.762124676626781,other
1,237,ydjA,ydjA-1,-0.335976467312441,1.74679361045525e-21,20.75775840534075,other
1,238,narX,narX-5,-0.33714897910709,2.12475335896902e-09,8.672691475522122,other
1,239,sodB,sodB-5,-0.338782744816684,1.4031975991927501e-67,66.85288116703549,other
1,240,pabC,pabC-4,-0.340421570674264,4.0790333613671205e-09,8.38944274268526,other
1,241,amiB,amiB-3,-0.342033803125365,3.96609501359935e-20,19.4016368858474,other
1,242,recA,recA-5,-0.343100625244006,3.87090486125045e-19,18.412187502600368,other
1,243,yeaK,yeaK-5,-0.343877988562233,8.60832154412252e-11,10.065081519299664,other
1,244,valS,valS-4,-0.345163539268181,1.23837966049882e-74,73.9071461895792,other
1,245,sufB,sufB-3,-0.346174870608742,2.68654699296317e-47,46.570805558368654,other
1,246,moaA,moaA-4,-0.346449011507544,3.59719626873284e-45,44.44403586573939,other
1,247,gshB,gshB-5,-0.346798928016231,1.47888098920979e-19,18.83006677381182,other
1,248,ydfH,ydfH-5,-0.347222422255164,3.94900315430398e-21,20.40351251936645,other
1,249,lrp,lrp-2,-0.348543143300557,1.2436294827819399e-18,17.905308990667336,other
1,250,mscS,mscS-4,-0.349094536531079,6.243826394113111e-15,14.204549180742045,other
1,251,ygiQ,ygiQ-4,-0.350124750366497,8.611427918031279e-12,11.064924829324017,other
1,252,lysP,lysP-1,-0.350527155349141,1.31248431497936e-07,6.881905877985712,other
1,253,nadR,nadR-2,-0.35274727086251,1.07816181288569e-07,6.967316054390819,other
1,254,rffE,rffE-1,-0.35526701079992,6.39992106479702e-23,22.19382538247463,other
1,255,hpt,hpt-3,-0.355274703394059,6.614926046254301e-10,9.179475006787623,other
1,256,fdhD,fdhD-4,-0.357872883379255,1.7452297126036198e-11,10.758147401741859,other
1,257,cysB,cysB-5,-0.358208444036671,4.03791272897246e-59,58.39384307165668,other
1,258,ybbN,ybbN-3,-0.360516289910474,7.78374114637547e-07,6.108811615258976,other
1,259,ftsX,ftsX-2,-0.360888445659218,6.96391253054866e-21,20.157146692428142,other
1,260,ybiV,ybiV-3,-0.364676018614367,1.4239502642281998e-12,11.846505179483197,other
1,261,dacD,dacD-3,-0.367539922882499,2.59814280178761e-08,7.585336982468539,other
1,262,trmA,trmA-2,-0.36823836318944,1.1337257225282e-11,10.945491999764197,other
1,263,hemH,hemH-3,-0.372135089607047,4.8964670150639195e-43,42.31011716676271,other
1,264,plsC,plsC-5,-0.37275861151035,6.9322751251238e-09,8.159124209525341,other
1,265,yqfA,yqfA-6,-0.374321754995424,1.21785074900916e-29,28.91440593243668,other
1,266,cdd,cdd-4,-0.376038015086984,1.6972677934217302e-09,8.770249629674126,other
1,267,hns,hns-2,-0.376496947970906,7.71535509055388e-78,77.11264408122503,other
1,268,ibpA,ibpA-2,-0.379161012362238,4.09249795214957e-96,95.38801152923315,other
1,269,ygeQ,ygeQ-3,-0.381339940126711,7.575653888525571e-15,14.120579875311165,other
1,270,yfiN,yfiN-2,-0.386065951012371,7.46107180235575e-24,23.127198780514778,other
1,271,fadD,fadD-3,-0.386772919777887,2.57943575859097e-08,7.5884752838545895,other
1,272,lon,lon-5,-0.386929348168634,3.38675384633599e-49,48.47021636729479,other
1,273,mntH,mntH-3,-0.38939446010503,1.4985188564296702e-85,84.82433778779219,other
1,274,ybaJ,ybaJ-2,-0.390478017183766,2.39054025133428e-32,31.62150393936196,other
1,275,uvrB,uvrB-5,-0.391423594717272,1.02660722326222e-45,44.988595684345775,other
1,276,pinR,pinR-2,-0.391879342823676,1.35061895714776e-15,14.8694671588607,other
1,277,dfp,dfp-4,-0.395143030577646,1.50963361221219e-32,31.8211284431056,other
1,278,rpsT,rpsT-2,-0.395202360542364,5.62458310337016e-27,26.249909662126054,other
1,279,rnb,rnb-1,-0.396157234199869,7.58816785864744e-29,28.11986307060388,other
1,280,yigI,yigI-5,-0.397720168795714,5.857558067327559e-12,11.23228339744804,other
1,281,ydcL,ydcL-4,-0.398228729968012,6.59084799331037e-14,13.181058704507269,other
1,282,ycgZ,ycgZ-3,-0.399832780417569,1.26097735011446e-13,12.8992927142268,other
1,283,dnaB,dnaB-5,-0.400442954464048,8.313465525191721e-31,30.08021789983477,other
1,284,panE,panE-3,-0.400448838214082,4.06204798159625e-09,8.391254950941205,other
1,285,yebU,yebU-2,-0.402229916101825,6.289444252958071e-09,8.201387727931003,other
1,286,yafE,yafE-1,-0.402450665642446,4.76939291079158e-10,9.3215368981659,other
1,287,sfsA,sfsA-4,-0.405530080042188,1.3723515326061201e-09,8.862534628340585,other
1,288,bfr,bfr-3,-0.406410523703124,3.6059764821166495e-40,39.44297711003743,other
1,289,insJ,insJ-2,-0.409912860612943,1.45873941045061e-22,21.836022283645498,other
1,290,syd,syd-5,-0.410411956193256,5.616277445281271e-09,8.25055144611001,other
1,291,yebV,yebV-5,-0.411977579554574,4.71823197284428e-26,25.32622071074809,other
1,292,yieG,yieG-4,-0.414522046025676,5.03167874079491e-22,21.298287095216594,other
1,293,pheT,pheT-2,-0.41530002488162,2.40622711455915e-34,33.618663383669166,other
1,294,ydhC,ydhC-3,-0.416454467961488,1.43857019992049e-13,12.842068940381777,other
1,295,thiC,thiC-1,-0.418293567148236,2.08174369789385e-08,7.681572741416425,other
1,296,mrdA,mrdA-4,-0.418726537469856,4.19161591856391e-12,11.377618518984798,other
1,297,cydA,cydA-1,-0.419887426025893,2.98797631632411e-11,10.524622849202862,other
1,298,speG,speG-3,-0.420757138871604,2.1190722925590102e-20,19.673854226996657,other
1,299,ychQ,ychQ-5,-0.422985309764151,3.1907958147222203e-46,45.49610098627238,other
1,300,dam,dam-4,-0.424255618023352,7.53345216984832e-14,13.123005964735672,other
1,301,pykF,pykF-2,-0.425546073487938,7.979155651868541e-91,90.09804306292688,other
1,302,yeaC,yeaC-1,-0.426655651526275,4.58642442765895e-38,37.33852575814049,other
1,303,tolC,tolC-1,-0.4275362686806,3.62361284215919e-33,32.440858209862746,other
1,304,rnt,rnt-3,-0.427904274665966,2.92085977689528e-10,9.534489291907784,other
1,305,katG,katG-5,-0.429097150526194,7.6181300824776e-140,139.1181516158678,other
1,306,trxC,trxC-5,-0.430995726274515,1.57918814118348e-62,61.80156612596998,other
1,307,hemC,hemC-4,-0.432520691070331,2.44320667781022e-20,19.612039793265648,other
1,308,glcC,glcC-5,-0.434855477751652,2.6748812339214798e-11,10.572695496109144,other
1,309,yceA,yceA-5,-0.434921718527979,1.20005267945996e-07,6.920799689038534,other
1,310,clpA,clpA-3,-0.434984961187884,8.12889841667107e-81,80.08996830360341,other
1,311,sra,sra-5,-0.438588512138379,3.57924225812756e-13,12.446208905743177,other
1,312,ydeA,ydeA-5,-0.439978959400072,3.93715010073023e-15,14.404818027760893,other
1,313,azoR,azoR-3,-0.445555348463592,7.116609995260911e-60,59.147726833744116,other
1,314,yhaO,yhaO-1,-0.445726928506818,1.01730729549956e-57,56.992547840999315,other
1,315,yfbB,yfbB-1,-0.450004505850464,2.8976358283624e-08,7.537956197081132,other
1,316,insF,insF-4-4,-0.4504114187334,1.4006668427797999e-13,12.85366515204362,other
1,317,grxB,grxB-5,-0.45295997955729,5.56206254716756e-23,22.254764131664416,other
1,318,gcvA,gcvA-4,-0.453222389327578,3.73619115186047e-36,35.42757091240058,other
1,319,mdoG,mdoG-4,-0.454867197486967,1.5303957610895098e-49,48.815196245893716,other
1,320,ynhG,ynhG-2,-0.455575996090028,6.72771613376446e-14,13.172132341250052,other
1,321,yfiB,yfiB-1,-0.455957047505738,2.64327455875901e-12,11.577857724056695,other
1,322,gpmA,gpmA-2,-0.456063962594057,3.8523642371640803e-47,46.41427265749972,other
1,323,ompC,ompC-3,-0.458454925015606,1.34779484524548e-72,71.87037620895684,other
1,324,pcnB,pcnB-3,-0.4585839102469,1.736284485487e-86,85.7603791153606,other
1,325,rpoN,rpoN-3,-0.459851150175938,4.46283756223844e-29,28.35038892026396,other
1,326,yjgF,yjgF-1,-0.460846301590814,2.8788782109438404e-09,8.54077670727677,other
1,327,rumA,rumA-4,-0.461543895447564,8.73618552845365e-09,8.058678151524859,other
1,328,yciS,yciS-1,-0.46381602407357,2.29759024680686e-20,19.638727420999317,other
1,329,ycfP,ycfP-1,-0.468689477231079,5.49201789275709e-12,11.260268056520314,other
1,330,gnd,gnd-1,-0.468850763525888,2.62878993483633e-32,31.58024411674126,other
1,331,bipA,bipA-2,-0.469137403255654,2.32602715961813e-187,186.63338521858287,other
1,332,yjgX6,yjgX-16,-0.469167992167011,2.15484272422635e-44,43.666584422251844,other
1,333,ymgA,ymgA-2,-0.469905832833611,4.0910256733801e-11,10.38816779506229,other
1,334,yieF,yieF-3,-0.470243353679628,1.51830465468047e-10,9.818641076548943,other
1,335,glpK,glpK-3,-0.472621110096357,6.14945595766561e-15,14.211163304555486,other
1,336,osmC,osmC-3,-0.475091040565239,3.0094897389437797e-12,11.521507133092703,other
1,337,evgS,evgS-4,-0.47567005628688,2.05032835270022e-09,8.688176582677595,other
1,338,pldB,pldB-5,-0.479109504668862,2.90455816195151e-13,12.53691992262666,other
1,339,pspA,pspA-1,-0.480994760101343,1.92405837750668e-80,79.7157817552481,other
1,340,pgk,pgk-1,-0.483032962054506,9.59206397779787e-121,120.0180879332128,other
1,341,aaeA,aaeA-1,-0.483857814769701,1.3432935252481598e-26,25.87182907856954,other
1,342,smtA,smtA-4,-0.484301773646691,7.79907360118834e-20,19.10795698112824,other
1,343,ddlA,ddlA-4,-0.484636792685462,1.2393546777161198e-11,10.906804389723932,other
1,344,ycfD,ycfD-3,-0.485373101455736,1.0740159983488301e-23,22.968989249415916,other
1,345,gltX,gltX-3,-0.485973981038352,2.56609074762502e-32,31.590727989233145,other
1,346,iap,iap-1,-0.488359194896495,8.81543399049639e-10,9.054756302191862,other
1,347,aceA,aceA-5,-0.492112899162645,5.2729059354685596e-64,63.27794997607444,other
1,348,phoQ,phoQ-3,-0.492319258988121,1.95275972784521e-30,29.709351190040554,other
1,349,ansA,ansA-1,-0.4959678022761,4.35772492000603e-14,13.360740187925009,other
1,350,yecJ,yecJ-2,-0.501600072950563,5.58878701086711e-23,22.252682441067165,other
1,351,dusA,dusA-4,-0.501691017365042,5.90254691973011e-21,20.228960552000377,other
1,352,kdsD,kdsD-1,-0.503921819482158,1.081146827968e-29,28.966115321545207,other
1,353,ppx,ppx-3,-0.505461971137907,9.878986879635522e-15,14.005287591358153,other
1,354,tpiA,tpiA-3,-0.506845295957569,7.35377569696839e-19,18.133489621007072,other
1,355,queA,queA-2,-0.508268372095544,1.33590048488848e-13,12.874225892514296,other
1,356,hemF,hemF-4,-0.50860484678628,8.726904051166069e-11,10.05913979890187,other
1,357,guaA,guaA-5,-0.50927189564349,2.89286991920437e-46,45.538671094399675,other
1,358,alaS,alaS-2,-0.510254659753082,5.07462052744907e-69,68.29459642809388,other
1,359,yeaP,yeaP-4,-0.512139179851756,6.11032111038468e-34,33.21393596605798,other
1,360,yebG,yebG-4,-0.51381811572518,6.19137208406663e-22,21.208213095324655,other
1,361,yhjY,yhjY-4,-0.514875839853123,8.99223419845514e-10,9.046132390634865,other
1,362,ydhS,ydhS-1,-0.51500681915829,1.55023819277432e-12,11.809601567726528,other
1,363,pdxH,pdxH-2,-0.516389130921758,1.04038435620458e-58,57.98280618671944,other
1,364,yafO,yafO-4,-0.516957739597944,1.6887735186104202e-09,8.772428589749866,other
1,365,rhlB,rhlB-2,-0.518023071965744,7.03329951354816e-82,81.15284088773213,other
1,366,rssB,rssB-2,-0.518250678181379,3.83384822562463e-14,13.416365083966673,other
1,367,tolQ,tolQ-2,-0.518459343463962,4.28820161554452e-63,62.3677248038983,other
1,368,ygaZ,ygaZ-1,-0.521043683613989,7.29100633917735e-15,14.137212524166445,other
1,369,recQ,recQ-4,-0.522207168254239,7.050755204094699e-31,30.151764363376625,other
1,370,kdsA,kdsA-1,-0.522360778826033,4.74320434142783e-97,96.32392816515565,other
1,371,yeiP,yeiP-5,-0.523157252851125,9.57271996181379e-10,9.018964645653618,other
1,372,truA,truA-4,-0.524916357852354,3.75536234566043e-37,36.42534815263351,other
1,373,ihfA,ihfA-5,-0.525673406688362,1.2701751502272201e-113,112.89613638807369,other
1,374,bglA,bglA-3,-0.528161866680682,1.0334111002403e-12,11.985726877852077,other
1,375,gcd,gcd-2,-0.532842431096631,3.44068471363274e-92,91.46335512203265,other
1,376,bcp,bcp-2,-0.533289616125375,1.02359881504237e-11,10.989870225540672,other
1,377,acpP,acpP-1,-0.535577394809004,4.36557902781767e-129,128.3599581455647,other
1,378,yhhW,yhhW-1,-0.53582603426882,3.5850565491166103e-91,90.44550398957062,other
1,379,gltI,gltI-1,-0.536611367176211,1.14628566584697e-25,24.940707138353932,other
1,380,accC,accC-5,-0.53691334580274,3.45420422053498e-61,60.46165198951623,other
1,381,yccK,yccK-3,-0.54051015038962,9.96881599100246e-12,11.00135642033524,other
1,382,gss,gss-1,-0.543552618473792,5.75719889192847e-29,28.239788766866738,other
1,383,groL,groL-5,-0.547631106959224,9.34116606517238e-191,190.0295989070611,other
1,384,pyrC,pyrC-5,-0.54918690464782,3.0866195515579003e-26,25.510516897191483,other
1,385,carB,carB-4,-0.550193942721952,6.53994282893092e-10,9.184426048187714,other
1,386,ldhA,ldhA-5,-0.553264976775204,5.30146567327151e-40,39.275604046282965,other
1,387,atpE,atpE-4,-0.553638908832209,1.4499928616044799e-16,15.838634135815656,other
1,388,pntB,pntB-2,-0.553660588704526,1.49786821234861e-11,10.824526395693669,other
1,389,aroB,aroB-2,-0.555555114833221,1.68631652397412e-36,35.77306090437712,other
1,390,sdhC,sdhC-5,-0.556603035341027,1.33537573468939e-51,50.87439651966031,other
1,391,yeiB,yeiB-3,-0.557664172795356,1.90692038402799e-08,7.719667438836068,other
1,392,thyA,thyA-3,-0.557775391287084,1.7377792192998e-35,34.760005400459534,other
1,393,kefA,kefA-3,-0.558454493641053,3.6506503756184295e-18,17.437629757631022,other
1,394,leuS,leuS-3,-0.558740645956955,3.60473090873613e-71,70.4431271495889,other
1,395,slyB,slyB-2,-0.566163080830701,4.0659693911318e-16,15.390835895081304,other
1,396,znuA,znuA-2,-0.566208708441815,9.4398619581376e-66,65.02503435647073,other
1,397,tufA,tufA-5,-0.566248317457086,6.16709422915029e-10,9.20991941578849,other
1,398,exbD,exbD-2,-0.568971344119428,3.14427147102081e-84,83.50247996477111,other
1,399,ribF,ribF-3,-0.569659947054663,6.6317530427848405e-21,20.17837165467623,other
1,400,slyD,slyD-4,-0.57063159343685,8.8948582906148e-30,29.05086096653388,other
1,401,dsbC,dsbC-5,-0.574828095949697,2.58660234998687e-29,28.587270332195907,other
1,402,insI,insI-1-1,-0.577020012628021,1.22001436425233e-10,9.913635055981974,other
1,403,aspS,aspS-5,-0.577190125248804,1.17916608264608e-58,57.92842502128582,other
1,404,yafD,yafD-3,-0.577691296589104,1.26984909501175e-32,31.89624788620755,other
1,405,ptsP,ptsP-4,-0.582351820945249,4.5309900684949995e-28,27.343806889752518,other
1,406,insE,insE-4-3,-0.582507555662426,4.48914234481192e-46,45.34783662347199,other
1,407,yfiP,yfiP-4,-0.588030006741153,2.61137060575159e-37,36.583131488724284,other
1,408,rsxA,rsxA-4,-0.588676543714482,1.10026782558676e-10,9.958501586644813,other
1,409,uvrA,uvrA-4,-0.590914708739254,1.7485684664241e-92,91.75731735791692,other
1,410,ybgA,ybgA-3,-0.593112887378916,2.04948098789393e-16,15.68835610608183,other
1,411,pflB,pflB-3,-0.593184362100975,5.57168174073583e-57,56.25401369881479,other
1,412,yfgD,yfgD-4,-0.594006004879579,2.9429476093012503e-10,9.531217469192912,other
1,413,lpxP,lpxP-2,-0.594773685422005,1.3532961389958599e-72,71.86860715723914,other
1,414,rhtC,rhtC-5,-0.595789894882697,4.58100500402223e-13,12.339039233825739,other
1,415,fur,fur-1,-0.596128094649586,1.22473258052452e-45,44.911958728834996,other
1,416,ydgK,ydgK-1,-0.596168160919623,3.33180304271794e-12,11.477320679530845,other
1,417,ygjG,ygjG-1,-0.596178773911348,1.98777706251727e-16,15.701632325143821,other
1,418,mrcB,mrcB-3,-0.597305772846474,8.7775195429674e-15,14.05662819491377,other
1,419,ybhG,ybhG-1,-0.600463774895768,1.78738943608772e-11,10.7477808131812,other
1,420,rtcB,rtcB-1,-0.600612311660268,2.94625917314961e-11,10.53072905229382,other
1,421,yfhA,yfhA-2,-0.603035352293926,5.82596511209244e-23,22.234632120407134,other
1,422,dcyD,dcyD-5,-0.603321464273909,4.53536816758276e-12,11.343387452449617,other
1,423,pgi,pgi-2,-0.605070075347333,3.0335813717513004e-20,19.51804435119674,other
1,424,vsr,vsr-2,-0.606034765200951,1.88925781765177e-12,11.723708772018218,other
1,425,yhcM,yhcM-3,-0.607817468609162,1.96132734658241e-08,7.70744991630159,other
1,426,glpR,glpR-5,-0.608296085649915,4.94446397249985e-82,81.30588078321817,other
1,427,pinQ,pinQ-2,-0.60963305478982,1.90295131447025e-50,49.72057232265748,other
1,428,glk,glk-3,-0.609900749914518,4.58946186858685e-34,33.33823823411509,other
1,429,nagB,nagB-3,-0.611104004666919,5.715735236728701e-54,53.24292789672691,other
1,430,sgrR,sgrR-1,-0.611755413848678,1.49067880924827e-11,10.826615922206205,other
1,431,yhaM,yhaM-1,-0.614668209984798,1.6734876927843398e-42,41.776377477196554,other
1,432,uspE,uspE-1,-0.615358369334484,2.94759017325225e-69,68.53053290000832,other
1,433,kefG,kefG-5,-0.61784063076398,2.83740715246418e-10,9.547078340841006,other
1,434,ackA,ackA-4,-0.618412251287661,2.4526698463656e-36,35.6103609081946,other
1,435,aspC,aspC-1,-0.61868001749591,3.04135297584609e-39,38.51693317322443,other
1,436,arcA,arcA-2,-0.618941588203984,5.89583215596782e-76,75.22945488857752,other
1,437,yebW,yebW-2,-0.619465027493802,7.759670922885311e-44,43.11015669619096,other
1,438,gntU,gntU-4,-0.623872992692728,2.2258440765633603e-19,18.652505261861105,other
1,439,gpp,gpp-1,-0.625872433340513,1.3711271857884401e-21,20.862922258176084,other
1,440,phr,phr-3,-0.625880044214563,7.27043589511855e-18,17.13843955046563,other
1,441,gidB,gidB-4,-0.631264892824819,3.39575068065997e-44,43.46906420358369,other
1,442,cyaA,cyaA-4,-0.64132721544814,3.30161463358876e-44,43.4812736192237,other
1,443,sodA,sodA-1,-0.641547054956965,2.80026193676328e-36,35.55280134281125,other
1,444,katE,katE-2,-0.642063173243314,5.806215453179021e-20,19.23610685269472,other
1,445,yebF,yebF-3,-0.644149152225466,1.07702616740744e-12,11.967773744963297,other
1,446,asnB,asnB-5,-0.645091015134466,3.5070972995629695e-18,17.455052185051745,other
1,447,yfiE,yfiE-1,-0.647344319171329,2.41732481001894e-11,10.616664990584775,other
1,448,rraB,rraB-5,-0.647359982635692,1.16744326481315e-24,23.932764216010064,other
1,449,accD,accD-3,-0.649242835857565,3.43784514897074e-19,18.463713689156265,other
1,450,nagE,nagE-4,-0.656620410397245,4.25769081537325e-23,22.370825879312125,other
1,451,dcp,dcp-5,-0.660756345576348,2.13227724371596e-08,7.6711563279813255,other
1,452,dmsD,dmsD-1,-0.661277163946658,7.399966822701541e-15,14.130770227397395,other
1,453,secB,secB-4,-0.661866981405569,6.61623744684542e-24,23.179388916997794,other
1,454,ygaP,ygaP-2,-0.663216878482283,5.005243416036399e-50,49.30057479697171,other
1,455,nagK,nagK-2,-0.665725369865671,7.51084045591215e-20,19.12431146313667,other
1,456,glnS,glnS-5,-0.666250883162039,2.8520509166713097e-42,41.54484272544289,other
1,457,cydC,cydC-4,-0.6664430901431,8.29486467580225e-12,11.08119069475496,other
1,458,sdiA,sdiA-4,-0.668218031740672,5.634395714079291e-15,14.249152654970763,other
1,459,yeeZ,yeeZ-4,-0.673491636863107,1.35974415019348e-61,60.86654280090342,other
1,460,sdhB,sdhB-3,-0.675416704130639,1.67171634238285e-22,21.77683741193817,other
1,461,znuB,znuB-6,-0.675422461534974,6.4552969032837e-10,9.190083778108262,other
1,462,pepQ,pepQ-5,-0.67809376686772,2.41318628713728e-31,30.617409151214712,other
1,463,dedA,dedA-1,-0.679870773498277,5.00922943742796e-35,34.300229075891465,other
1,464,hspQ,hspQ-4,-0.681574325256586,1.3386686983516201e-25,24.87332689145753,other
1,465,yeaH,yeaH-4,-0.682046220347082,3.83881699869687e-16,15.415802590761071,other
1,466,hepA,hepA-1,-0.68777272183456,3.49877420039787e-43,42.456084084577824,other
1,467,gpsA,gpsA-1,-0.695182012200748,4.28140409945835e-11,10.368413779434444,other
1,468,recB,recB-1,-0.695409897577609,4.91947366942906e-08,7.308081359568027,other
1,469,yfiO,yfiO-4,-0.696601073476315,1.95148547621452e-24,23.709634676575078,other
1,470,yheM,yheM-1,-0.697326870773623,7.097259200208471e-19,18.148909333538953,other
1,471,ftsK,ftsK-5,-0.701358051088593,1.72067423358505e-41,40.76430134463366,other
1,472,mrp,mrp-3,-0.708125780451565,1.77650210860875e-29,28.750434272691063,other
1,473,murI,murI-2,-0.709501358318856,3.0196612087636697e-40,39.52004178002897,other
1,474,ygdH,ygdH-4,-0.710541907547394,1.01078527289122e-25,24.9953410943626,other
1,475,cysS,cysS-4,-0.710932586206273,5.01793706487389e-12,11.299474789922442,other
1,476,yhhF,yhhF-1,-0.711397508076168,1.7322764052522801e-09,8.761382809952437,other
1,477,sfcA,sfcA-5,-0.71160938838613,4.00170559604673e-35,34.397754865403826,other
1,478,ychJ,ychJ-5,-0.715443981709019,2.70593771136274e-16,15.567682204753472,other
1,479,pepN,pepN-1,-0.716120770124531,5.89891329881351e-38,37.22922798696759,other
1,480,cueO,cueO-5,-0.717151632404401,8.081286491808291e-23,22.092519496673575,other
1,481,aroA,aroA-3,-0.718702946406183,2.43388461241669e-16,15.6137000150043,other
1,482,yjgI,yjgI-4,-0.718757897524024,2.39264680555743e-76,75.62112140574025,other
1,483,ptsG,ptsG-5,-0.720083128024274,1.41086286200931e-16,15.850515198270527,other
1,484,yzcX,yzcX-1,-0.721176845326196,1.58768899318917e-11,10.799234565995802,other
1,485,phoH,phoH-1,-0.731891191012472,2.91768731830838e-45,44.53496125226761,other
1,486,parC,parC-1,-0.733336145315784,3.03602791356261e-35,34.51769423980868,other
1,487,gshA,gshA-4,-0.738602960224686,8.40353433312035e-37,36.07553802125412,other
1,488,hemG,hemG-3,-0.742029282749652,1.9901625737495198e-11,10.701111445199123,other
1,489,yfiD,yfiD-3,-0.743483005923656,5.36786433982926e-80,79.27019846847395,other
1,490,secF,secF-1,-0.744570147650183,6.75915179279324e-08,7.170107800333802,other
1,491,betT,betT-1,-0.74607688323765,1.66178199557363e-43,42.779425950665875,other
1,492,prmC,prmC-3,-0.748691043955434,6.79118175915883e-33,32.1680546459221,other
1,493,ubiD,ubiD-2,-0.749537295233005,1.47568385676701e-39,38.8310066736564,other
1,494,yrbL,yrbL-1,-0.753090862556806,3.68263832356975e-33,32.433840931644916,other
1,495,ydfG,ydfG-5,-0.753444651194939,1.20313692793297e-13,12.919684943182489,other
1,496,ycfQ,ycfQ-5,-0.753725213182008,4.5323980372681995e-23,22.343671957193816,other
1,497,apaG,apaG-5,-0.757235919015803,4.71173175602102e-22,21.3268194423712,other
1,498,ygiS,ygiS-3,-0.758203020086465,1.38078601275447e-139,138.85987362097296,other
1,499,envC,envC-3,-0.762758755766494,1.9464499544178e-25,24.710756758038602,other
1,500,accA,accA-4,-0.762814811863881,4.59371474812846e-38,37.33783597630686,other
1,501,ompX,ompX-5,-0.765648911169944,8.94315008532135e-47,46.048509480789704,other
1,502,prmB,prmB-5,-0.766459722754818,4.9667030519723005e-24,23.303931804720897,other
1,503,artM,artM-5,-0.766745822050991,8.31206822560519e-12,11.080290900739346,other
1,504,nagA,nagA-1,-0.768867420063975,1.23050104079871e-64,63.9099180146203,other
1,505,mfd,mfd-4,-0.772988210809391,5.1018708267329003e-26,25.292270541403862,other
1,506,ycdZ,ycdZ-4,-0.773032352548849,3.97895259868666e-32,31.400231234578527,other
1,507,nfnB,nfnB-4,-0.775357503380277,6.55509232017578e-17,16.183421187442917,other
1,508,nudH,nudH-4,-0.775518499921316,1.20660099476938e-25,24.91843632096999,other
1,509,cycA,cycA-4,-0.776263016167674,2.00033300607044e-22,21.698897699005965,other
1,510,mdtK,mdtK-4,-0.778050360127166,1.1336808227689601e-15,14.945509199783064,other
1,511,yfjG,yfjG-2,-0.779249533105322,5.968568849849151e-09,8.22412979200701,other
1,512,mglB,mglB-1,-0.78158078144731,6.26055939070025e-22,21.203386860169687,other
1,513,plsB,plsB-5,-0.781888581073348,1.9621776238209e-27,26.707261681179506,other
1,514,proQ,proQ-3,-0.785224110950208,1.39399982468276e-17,16.855737280857316,other
1,515,yejH,yejH-3,-0.787349679375822,1.2515410199878599e-11,10.902554911567202,other
1,516,yggL,yggL-5,-0.790606648166971,3.74133642888616e-15,14.426973237367315,other
1,517,ydaF,ydaF-2,-0.792625260210364,1.20791979589778e-12,11.91796190127399,other
1,518,betA,betA-5,-0.799242812206123,1.5055265847183201e-21,20.822311571274085,other
1,519,yojI,yojI-6,-0.801348207729507,3.34040053200842e-22,21.476201455819584,other
1,520,prlC,prlC-1,-0.806334611226172,2.7256310623681696e-42,41.56453293002052,other
1,521,phnA,phnA-5,-0.80652808375832,2.83909398661781e-32,31.54682023016035,other
1,522,dinG,dinG-5,-0.809329696072921,5.01120597118357e-27,26.300057746467242,other
1,523,nudC,nudC-3,-0.815392266335715,7.203851023867279e-11,10.14243527699928,other
1,524,yfhK,yfhK-1,-0.81764231885937,2.0074545891321397e-11,10.697354270165043,other
1,525,yggE,yggE-4,-0.823346248034825,1.39555493839934e-32,31.85525306209614,other
1,526,yfiQ,yfiQ-1,-0.823482652854629,9.23497123471939e-54,53.034564452971125,other
1,527,ydgA,ydgA-3,-0.825846515668792,2.2373280872373002e-15,14.650270325233299,other
1,528,arsC,arsC-4,-0.826765008097923,6.36556904677894e-16,15.196162766742532,other
1,529,sdhA,sdhA-2,-0.827941604436977,1.0925843570783e-33,32.96154502172662,other
1,530,yaiA,yaiA-4,-0.829133228463395,2.08764810060307e-17,16.680342705308707,other
1,531,ylaB,ylaB-4,-0.829138293551951,1.16660985441619e-10,9.93307435938166,other
1,532,yeaY,yeaY-4,-0.829164959931658,6.18728855335259e-14,13.208499629542219,other
1,533,acrA,acrA-5,-0.831757566772482,3.35569286454078e-23,22.47421779556062,other
1,534,icdC,icdC-3,-0.832117148246392,6.31132053071362e-75,74.19987976291107,other
1,535,tktB,tktB-2,-0.832384430949668,3.65548731436021e-24,23.437054718889378,other
1,536,ylaC,ylaC-5,-0.838649454229592,6.0957357355716904e-21,20.21497386894383,other
1,537,gntT,gntT-4,-0.839747009611595,2.49696220543e-20,19.602588031175852,other
1,538,ybfE,ybfE-3,-0.842276752555958,3.63817197629256e-55,54.43911677569871,other
1,539,gltB,gltB-3,-0.843572644886257,2.1537444858661102e-44,43.66680582144687,other
1,540,talA,talA-5,-0.84925076037324,2.75516806896661e-21,20.55985190345523,other
1,541,hscA,hscA-1,-0.850776147464188,2.52192641016755e-63,62.59826759029444,other
1,542,lpxM,lpxM-4,-0.851151723245694,5.433179152354571e-19,18.26494597440743,other
1,543,yfhJ,yfhJ-4,-0.856379828393702,1.32612837609345e-16,15.877414431941565,other
1,544,cho,cho-3,-0.860506491523212,3.0124400192156803e-17,16.521081591581552,other
1,545,yeeX,yeeX-4,-0.862989587977298,1.76256822400073e-24,23.753854063707564,other
1,546,yjjU,yjjU-5,-0.865073834801937,3.08923909403627e-14,13.510148477842213,other
1,547,bcsE,bcsE-5,-0.865199695278657,1.1216440330489899e-22,21.950144949685168,other
1,548,yjaG,yjaG-5,-0.868401549916588,3.22937917016892e-14,13.490880960295808,other
1,549,glnL,glnL-3,-0.869033370392386,4.98236515536758e-49,48.30256444638006,other
1,550,dld,dld-1,-0.871788977592038,1.31191471453565e-12,11.88209439682808,other
1,551,cpxA,cpxA-5,-0.872323429009146,7.78221058174392e-26,25.10889702163662,other
1,552,gcvR,gcvR-1,-0.873011353454956,4.69063297991224e-11,10.32876854723503,other
1,553,yccJ,yccJ-2,-0.87542347945662,3.8541671826259703e-20,19.41406945083335,other
1,554,hslJ,hslJ-2,-0.875831483645186,7.52023394295463e-38,37.123768648962354,other
1,555,adhE,adhE-2,-0.876824519188709,8.856044436323189e-42,41.05276021299637,other
1,556,otsB,otsB-1,-0.879604707366521,2.70878664174893e-17,16.567225200932214,other
1,557,dsbB,dsbB-1,-0.888066052316271,1.24166225161846e-14,13.905996521877887,other
1,558,yhdN,yhdN-3,-0.890609706694327,1.25535388249873e-48,47.90123382991839,other
1,559,sufD,sufD-2,-0.891686540653405,2.6303178958711497e-50,49.57999176022528,other
1,560,msrB,msrB-2,-0.893318325678907,3.4743457848620303e-51,50.45912696050484,other
1,561,ubiE,ubiE-1,-0.900761859613696,1.7291579073136399e-18,17.762165344988905,other
1,562,mltA,mltA-5,-0.903075320820703,1.3493713822196501e-19,18.869868504700868,other
1,563,mutS,mutS-5,-0.903818779371904,8.41882465535927e-12,11.074748535735692,other
1,564,yncE,yncE-1,-0.906944816008875,4.10891887851723e-18,17.38627243283404,other
1,565,dctA,dctA-4,-0.915974956592185,1.37891886922849e-14,13.860461285443368,other
1,566,surA,surA-5,-0.919598221220357,9.09086544989827e-45,44.041394769998746,other
1,567,ruvC,ruvC-3,-0.927504106447651,6.56250785796981e-14,13.182930163559947,other
1,568,fadE,fadE-1,-0.9370743226774,1.8488051547043502e-60,59.7331088566589,other
1,569,gltA,gltA-4,-0.940015956619083,7.1171014154095e-74,73.1476968456331,other
1,570,glnP,glnP-4,-0.940437920194567,1.20717271884034e-21,20.918230587837318,other
1,571,rfaQ,rfaQ-1,-0.943429911355785,1.2238462309359098e-11,10.912273145304157,other
1,572,yohC,yohC-6,-0.946266111177179,2.20880680864671e-17,16.655842267654045,other
1,573,sstT,sstT-1,-0.950010724969441,1.6182662261910301e-09,8.790950029661555,other
1,574,folK,folK-3,-0.950213590997814,2.36224247673644e-18,17.626675525476205,other
1,575,phoR,phoR-3,-0.950835255234157,3.4084749268263797e-43,42.467439896379034,other
1,576,yqjG,yqjG-5,-0.954482892628566,4.9893247266492603e-23,22.301958229393655,other
1,577,yedQ,yedQ-3,-0.954631397362741,7.84046788456685e-20,19.105658019761684,other
1,578,yohN,yohN-3,-0.961005276199641,5.34459001418433e-16,15.272085604095343,other
1,579,gapC,gapC-4,-0.963992212159028,1.38058509918421e-51,50.85993681831335,other
1,580,ydiJ,ydiJ-4,-0.96437863971892,1.81423155764972e-13,12.741307282991725,other
1,581,ybeF,ybeF-4,-0.976817469051925,5.2318165836023096e-11,10.281347489860718,other
1,582,ptrB,ptrB-3,-0.982566636311811,2.0243301019426e-14,13.693718666850657,other
1,583,puuC,puuC-5,-0.9857848893077,6.95476792303964e-48,47.15771735760937,other
1,584,gor,gor-5,-0.988761337933208,1.19208262459332e-45,44.92369364211142,other
1,585,yobA,yobA-1,-0.992147089606672,4.95621221212442e-12,11.30485010653699,other
1,586,ybiR,ybiR-2,-0.997578561078596,1.47476216966866e-21,20.831278011366212,other
1,587,ymdC,ymdC-3,-1.00399663783055,3.18444727313617e-11,10.496965937601239,other
1,588,fbaB,fbaB-1,-1.00727985663631,6.007680166552119e-30,29.221293196110224,other
1,589,seqA,seqA-5,-1.01042263520797,2.97589297517629e-29,28.526382691784143,other
1,590,rnhB,rnhB-5,-1.0142607370714,7.45027267277017e-19,18.127827832203064,other
1,591,bssS,bssS-1,-1.02205743364397,3.20870144174597e-41,40.49367069058115,other
1,592,fepB,fepB-1,-1.03283706514204,5.07056115692275e-11,10.294943974814784,other
1,593,hemY,hemY-4,-1.03413473887391,8.57779650283453e-18,17.066624261051523,other
1,594,yjcD,yjcD-5,-1.03516493612007,4.22962214379382e-10,9.373698428888577,other
1,595,lolB,lolB-5,-1.03997115065864,3.1157982982029096e-30,29.506430664225643,other
1,596,galS,galS-2,-1.04496680544584,2.63413602420035e-38,37.57936180225415,other
1,597,dcrB,dcrB-5,-1.04706959266027,2.1712673620454502e-35,34.66328669579395,other
1,598,pstS,pstS-5,-1.04771633895038,1.71813039933555e-14,13.764943878011902,other
1,599,gsk,gsk-2,-1.0526976266341,1.75396498051509e-39,38.7559790819625,other
1,600,pgpA,pgpA-2,-1.05489974205751,9.78286236834674e-13,12.009534056367869,other
1,601,yhjK,yhjK-1,-1.05586028225788,6.773332290099671e-19,18.169197617998133,other
1,602,ftn,ftn-5,-1.05863759204337,7.91958581203993e-16,15.101297531068237,other
1,603,yohM,yohM-6,-1.06015669425444,6.024081153565991e-14,13.220109186158535,other
1,604,gntR,gntR-5,-1.06251100307366,1.8702838431794498e-33,32.72809247786353,other
1,605,aroM,aroM-4,-1.06889482585183,1.6794386342492e-58,57.7748358604105,other
1,606,ybiT,ybiT-2,-1.07076759337953,1.7802358613614e-33,32.749522454712555,other
1,607,rseP,rseP-4,-1.07219351160248,1.89483851144154e-53,52.722427797082894,other
1,608,ydhJ,ydhJ-3,-1.07449038973383,9.464354474170129e-28,27.02390900218263,other
1,609,yoaG,yoaG-2,-1.08051181441741,1.32946566889736e-34,33.87632287307551,other
1,610,copA,copA-2,-1.09997285548719,1.23912202440399e-72,71.90688592371605,other
1,611,galU,galU-5,-1.10159921308987,1.54585901711927e-20,19.81083011641968,other
1,612,ygiD,ygiD-1,-1.11406427508055,1.9572890526197697e-12,11.708345032958322,other
1,613,ydaN,ydaN-1,-1.11552707503672,1.34651895073089e-23,22.870787530005952,other
1,614,yohL,yohL-6,-1.11725658204159,1.27499652995194e-23,22.89449099721024,other
1,615,dsbA,dsbA-2,-1.11803282945141,1.45942992161216e-24,23.835816753973553,other
1,616,acrB,acrB-5,-1.12032731720082,1.96716731577486e-32,31.70615869995485,other
1,617,fabB,fabB-5,-1.12258307797471,9.28387920924181e-40,39.03227051870093,other
1,618,pepD,pepD-1,-1.1364857321922,3.75992963423802e-44,43.42482028266492,other
1,619,yabI,yabI-4,-1.13735478195509,6.83450368405776e-26,25.16529301805318,other
1,620,tyrS,tyrS-1,-1.13979977997485,6.37926390129451e-57,56.195229431317905,other
1,621,pitA,pitA-3,-1.15015147822626,2.4126137108241497e-22,21.617512208421616,other
1,622,csiE,csiE-3,-1.1567939572105,2.44406322969139e-13,12.611887562770379,other
1,623,pbpG,pbpG-4,-1.15871033831248,5.36046427006921e-15,14.270797594412207,other
1,624,yeaQ,yeaQ-5,-1.17562594623887,3.5999352649209904e-44,43.443705308771705,other
1,625,hybO,hybO-4,-1.18033209742856,3.9138411577193903e-38,37.407396804055075,other
1,626,rrmJ,rrmJ-4,-1.18054812481124,1.1826153914313301e-91,90.92715647307055,other
1,627,tyrB,tyrB-5,-1.18713966893508,9.96757139099136e-13,12.001410645095959,other
1,628,yeaG,yeaG-2,-1.18921242556716,3.9250493193899e-19,18.406154881847566,other
1,629,cmk,cmk-1,-1.19899543766889,3.714409411944e-27,26.430110228881468,other
1,630,mnmA,mnmA-5,-1.20413667427355,3.1188699896178397e-12,11.506002728470934,other
1,631,otsA,otsA-4,-1.22613883366267,6.1639530534660196e-18,17.21014067765938,other
1,632,amn,amn-3,-1.2273019714189,4.49855426645751e-15,14.346927036220492,other
1,633,htpG,htpG-2,-1.23602811196783,3.15477351571514e-71,70.50103181372754,other
1,634,deoD,deoD-1,-1.24090529893892,5.55241304033624e-35,34.255518234472035,other
1,635,sdaA,sdaA-5,-1.25755023006324,1.01001430428704e-25,24.995672475495635,other
1,636,yhaK,yhaK-1,-1.2713383452437,5.31253270741649e-25,24.2746983831333,other
1,637,yhbN,yhbN-4,-1.28619876295773,5.52707430848929e-24,23.25750469652734,other
1,638,artQ,artQ-5,-1.31557570046432,7.47841664214255e-12,11.126190342826774,other
1,639,yeiH,yeiH-3,-1.32193119590449,1.6781615915123499e-18,17.77516622293326,other
1,640,tolA,tolA-1,-1.32312675605233,4.844155160021e-24,23.314781954698734,other
1,641,pdxA,pdxA-5,-1.32403275192558,1.1105426870540001e-23,22.954464743377823,other
1,642,ydcN,ydcN-1,-1.32475858580374,3.81186609867173e-16,15.418862363445399,other
1,643,ybhF,ybhF-5,-1.33232174021722,4.80903938650863e-16,15.317941665996829,other
1,644,fepA,fepA-1,-1.34300784206335,5.71192887957568e-25,24.243217208689888,other
1,645,yqjF,yqjF-4,-1.34769892639115,9.528215994718611e-25,24.020988406410755,other
1,646,potD,potD-5,-1.34878253662633,2.00388109790754e-27,26.69812805129512,other
1,647,rraA,rraA-5,-1.34947348224396,2.6658173086917e-33,32.57416961656721,other
1,648,sohB,sohB-3,-1.3822777970655,3.86731859092709e-24,23.41259004913658,other
1,649,yeaJ,yeaJ-5,-1.39640477134587,1.22519120679898e-14,13.911796128787099,other
1,650,upp,upp-2,-1.41984920647165,1.03995090603175e-18,17.982987162376954,other
1,651,bssR,bssR-3,-1.42036398986553,5.40407678507081e-45,44.2672784888329,other
1,652,miaA,miaA-1,-1.42261830198265,1.18917481667571e-33,32.92475429648575,other
1,653,yeeY,yeeY-5,-1.42497404682908,7.82964332940299e-54,53.10625802128819,other
1,654,rfaC,rfaC-2,-1.47027397439213,6.60969534966065e-21,20.179818557308668,other
1,655,yojL,yojL-3,-1.47789805945456,1.57548848260347e-19,18.80258476732974,other
1,656,rplV,rplV-5,-1.49483217120409,3.13138627741436e-50,49.50426335595317,other
1,657,ndh,ndh-5,-1.56739074664611,3.3386844831903503e-44,43.47642462128224,other
1,658,grpE,grpE-4,-1.62739018902215,4.2850870504095904e-46,45.36804035107368,other
1,659,yggW,yggW-5,-1.65949278612472,1.70929862598961e-32,31.767182056477754,other
1,660,sulA,sulA-5,-1.66292652116269,1.49059719726515e-23,22.8266396996987,other
1,661,fecI,fecI-5,-1.69513185177555,9.68300263338648e-22,21.013989950036127,other
1,662,yeaR,yeaR-5,-1.71051355875115,3.31883249950541e-47,46.479014665752345,other
1,663,pstC,pstC-5,-1.74380981891341,7.683681434821889e-18,17.114430649271945,other
1,664,yidE,yidE-3,-1.90300975721994,2.53839667375467e-27,26.59544050999484,other
1,665,fxsA,fxsA-1,-1.94101285169699,9.0712487674736e-80,79.04233292291875,other
1,666,mazG,mazG-1,-2.00875521125229,2.47482763789784e-28,27.60645504259567,other
1,667,ycdO,ycdO-4,-2.01301173134445,1.96020793339987e-33,32.70769785745047,other
1,668,ycjX,ycjX-2,-2.0548192356359,4.60336622468727e-63,62.336924473067356,other
1,669,chpR,chpR-5,-2.52218493133604,8.8422174889403e-33,32.05343880710883,other
1,670,aroF,aroF-1,-2.72623532303644,1.2628621722083198e-114,113.89864404541908,other
1,671,tyrA,tyrA-4,-3.2409079401541,3.95031724842741e-45,44.4033680249536,other
1,672,fimI,fimI-4,-6.81385939330976,3.44698818889219e-241,240.46256020469988,black
1,673,fimD,fimD-2,-15.1675830618537,1.9654811072113202e-35,34.70653112639149,black
1,674,fimC,fimC-5,-16.6755160284247,1.73991398042433e-96,95.75947222226367,black
1,675,fimA,fimA-4,-17.1728707974688,2.65293154281523e-139,138.57627395656166,black
2,2,rplV,rplV-5,2.9205530707099,4.37098865483002e-162,161.35942032074692,red
2,3,pstC,pstC-5,2.48017208848509,1.3867850647398501e-21,20.85799084421206,other
2,4,ycdO,ycdO-4,2.34139107588353,2.7898949454767598e-18,17.55441214993742,other
2,5,rtcB,rtcB-1,2.09239498846844,2.21904524419886e-08,7.653833842830819,other
2,6,tufA,tufA-5,1.99049894761351,6.9755714215169105e-15,14.156420210269875,red
2,7,phoR,phoR-3,1.9659060388554,5.748174739291979e-18,17.240470038179286,other
2,8,trg,trg-1,1.77949503013466,0.0068746091663243,2.1627519872043948,other
2,9,phoH,phoH-1,1.74275027835361,7.149926769882069e-12,11.145698406254722,other
2,10,amiB,amiB-3,1.68344890920438,0.0002391214029845,3.6213815498480035,other
2,11,accB,accB-2,1.65192279613385,4.06089216900452e-07,6.391378542405572,other
2,12,kefA,kefA-3,1.61565565110284,6.71430575442945e-05,4.1729988858407525,other
2,13,ygiS,ygiS-3,1.58207855097222,3.2126550857510603e-52,51.493135898287825,other
2,14,mltD,mltD-1,1.22212154905671,2.7870314923477204e-09,8.554858123904003,other
2,15,ftsK,ftsK-5,0.456699025651639,0.034459406451333,1.4626922073618975,other
2,16,yggW,yggW-5,0.439750462179779,0.0126332103082712,1.8984862739889863,other
2,17,rplL,rplL-3,0.422544650595721,0.0001659570593573,3.7800042691685194,red
2,18,pspA,pspA-1,0.420234433102783,0.0354773196583571,1.450049198918011,other
2,19,tolQ,tolQ-2,0.418287867529235,2.45265595030288e-06,5.61036336877871,other
2,20,exbD,exbD-2,0.41722124447957,1.00687400270768e-06,5.997024872398113,other
2,21,uspE,uspE-1,0.415559032223144,0.0008893097061197,3.050946967673965,other
2,22,accC,accC-5,0.40957847014058,4.35369798843687e-05,4.361141700812729,other
2,23,kdsA,kdsA-1,0.394142085921609,4.67796513477334e-08,7.329943019344304,other
2,24,glpR,glpR-5,0.388513927256227,2.50999727531107e-07,6.6003267499603995,other
2,25,thiI,thiI-2,0.361785660079957,0.0005601821182604,3.251670758534199,other
2,26,crl,crl-3,0.342576160826261,0.0298910001188291,1.524459553718756,other
2,27,recQ,recQ-4,0.339143787103091,0.0299093995508085,1.5241923056041913,other
2,28,yfgL,yfgL-2,0.324789286826425,0.0021348342081217,2.670635846771831,other
2,29,yhhQ,yhhQ-4,0.294041107575997,8.12641885657313e-12,11.090100796775745,other
2,30,pyrG,pyrG-5,0.283585596794842,3.3586442667743197e-12,11.473835992335255,other
2,31,zntA,zntA-6,0.280214746868678,1.77860202334008e-06,5.749921217966081,other
2,32,aspS,aspS-5,0.275351752188879,1.24683497063749e-05,4.904191025338171,red
2,33,pitA,pitA-3,0.274222840333493,0.0121751076565768,1.9145271899120522,other
2,34,yebA,yebA-2,0.265924103500339,1.14107136573713e-05,4.942687192762683,other
2,35,dnaG,dnaG-2,0.265495876016058,2.7236953891337e-08,7.56484146438613,other
2,36,dnaB,dnaB-5,0.264087837678697,0.0017799534168642,2.7495913634571485,other
2,37,ychQ,ychQ-5,0.251101278842111,3.916901773003e-07,6.407057319434434,other
2,38,rpsI,rpsI-1,0.250104824386858,3.16465475493035e-06,5.499673662015356,red
2,39,guaA,guaA-5,-0.250125679581095,2.93523515524043e-17,16.532357099686458,other
2,40,hflX,hflX-2,-0.250881910980183,4.4057524760888604e-24,23.355979906025112,other
2,41,yebY,yebY-2,-0.252989300231885,0.0001657112238299,3.7806480752722056,other
2,42,ybgF,ybgF-2,-0.253823228655588,1.01317450318391e-06,5.994315747884512,other
2,43,aroB,aroB-2,-0.259402901751826,8.86716236091078e-15,14.052215339375335,other
2,44,yqhA,yqhA-6,-0.26097113204127,1.19234699033295e-09,8.923597340185225,other
2,45,fdoG,fdoG-5,-0.262057144665804,3.1782259343793904e-15,14.497815232815707,other
2,46,ybeX,ybeX-4,-0.263046824525221,2.63440069807193e-35,34.57931816721539,other
2,47,pgi,pgi-2,-0.265827091316731,7.58078548053822e-07,6.1202857927598,other
2,48,purA,purA-5,-0.266894958594363,2.04557995368994e-66,65.68918354096749,other
2,49,ydcI,ydcI-5,-0.267049754750776,8.54161764786176e-06,5.068459872986494,other
2,50,ydiY,ydiY-1,-0.269973391138267,0.0196848812911357,1.7058671998608061,other
2,51,kefB,kefB-4,-0.270834173683502,0.0327247183474064,1.4851240826135275,other
2,52,lolB,lolB-5,-0.272332300057746,1.3496079231230401e-09,8.86979238080533,other
2,53,birA,birA-1,-0.273422986135337,7.11914695908816e-10,9.147572041918695,other
2,54,ydiJ,ydiJ-4,-0.277130203111954,0.0019991198314517,2.6991611725760087,other
2,55,yfbB,yfbB-1,-0.279264683045009,0.0080090480566474,2.096419100434315,other
2,56,tonB,tonB-2,-0.282320436862249,0.0023079859902557,2.636766831726492,other
2,57,fliY,fliY-3,-0.282346820614408,2.34197248959128e-09,8.630418210753355,other
2,58,yjhU,yjhU-1,-0.283600111799941,3.92424198724757e-06,5.406244219822681,other
2,59,nlpE,nlpE-5,-0.284788994676624,8.17208781622377e-07,6.087666975140851,other
2,60,fdhD,fdhD-4,-0.287409977563136,2.30023308987162e-05,4.63822815332332,other
2,61,yhhW,yhhW-1,-0.287627395582736,1.7589948985981702e-35,34.75473542007288,other
2,62,yccW,yccW-5,-0.291819409477486,0.0003106401000631,3.5077424825674517,other
2,63,glyA,glyA-5,-0.291918165665349,3.58003087311767e-08,7.446113228113995,other
2,64,rraB,rraB-5,-0.293042697644496,4.34887890408912e-10,9.36162268523374,other
2,65,yhcB,yhcB-1,-0.297447557162446,0.001161700167389,2.9349059480654924,other
2,66,iap,iap-1,-0.298768564002427,0.0182618865863859,1.738454358689235,other
2,67,cfa,cfa-5,-0.300293794380541,1.4165422205706999e-19,18.848770476641167,other
2,68,ybfE,ybfE-3,-0.303304098755818,1.42837126519709e-19,18.845158895171966,other
2,69,proA,proA-3,-0.30439183167196,4.89907521197961e-08,7.309885893081538,other
2,70,rsgA,rsgA-5,-0.305510506184366,4.23857607322087e-16,15.372780017795439,other
2,71,aroM,aroM-4,-0.307621547994382,6.34501481275779e-22,21.197567359685674,other
2,72,lysU,lysU-5,-0.309264555933849,3.2425273821177995e-12,11.489116347748908,other
2,73,yrdD,yrdD-1,-0.311108118199145,8.37017239610267e-06,5.077265596976268,other
2,74,ycgB,ycgB-2,-0.312433075437424,0.0005711760946861,3.2432299772878497,other
2,75,hfq,hfq-4,-0.312995064103006,4.981381367746071e-25,24.302650208003115,other
2,76,xerC,xerC-5,-0.318523582570851,0.0025319617418198,2.596542860835598,other
2,77,speD,speD-1,-0.318763273776158,9.73394504765312e-06,5.01171110986654,other
2,78,prfA,prfA-1,-0.320162946033113,1.3133714669304598e-70,69.88161242301817,other
2,79,ubiC,ubiC-4,-0.331359990472591,2.02549722595058e-06,5.693468347274361,other
2,80,rsxC,rsxC-5,-0.33315120088769,3.90651739516716e-10,9.40821023749845,other
2,81,yjjK,yjjK-1,-0.333976720623685,9.50386887975235e-08,7.022099564070882,other
2,82,glpK,glpK-3,-0.334419122929816,4.1406926869006e-06,5.382927000682331,other
2,83,uvrB,uvrB-5,-0.341765618197871,1.73706855162073e-21,20.76018304223042,other
2,84,nadC,nadC-1,-0.342005961204024,9.68787068958009e-05,4.0137716666421115,other
2,85,hisJ,hisJ-2,-0.342820118193432,1.28840105708319e-05,4.889948927530391,other
2,86,fruA,fruA-4,-0.343712705328057,5.01719648162897e-05,4.299538890956225,other
2,87,gor,gor-5,-0.3481616694285,2.32789817353083e-14,13.633036020431447,other
2,88,ydfH,ydfH-5,-0.3490329723617,5.141004161504181e-09,8.288952044583157,other
2,89,secB,secB-4,-0.35353887423843,1.21909268883697e-08,7.91396327328227,other
2,90,serC,serC-2,-0.357834084383339,5.83764504186581e-13,12.23376231583064,other
2,91,pta,pta-5,-0.358928911964876,3.35343944793212e-30,29.474509531180008,other
2,92,aroA,aroA-3,-0.360246497316516,1.70993359999132e-05,4.767020753769987,other
2,93,yfgD,yfgD-4,-0.362440616073006,0.0239146690397135,1.6213356250458635,other
2,94,yfcY,yfcY-1,-0.367574628501407,0.0112970616681215,1.9470345005220238,other
2,95,dacD,dacD-3,-0.367991792936934,0.0031275955885023,2.504789408117456,other
2,96,tyrS,tyrS-1,-0.368844343309558,5.74116773109753e-20,19.24099976481571,other
2,97,ydfG,ydfG-5,-0.369861953215591,0.0004295503553121,3.3669859173919976,other
2,98,ubiG,ubiG-1,-0.370629880736658,0.0003533846265124,3.4517523477722616,other
2,99,nagD,nagD-4,-0.371531698394669,6.59251761114488e-05,4.180948701365726,other
2,100,ycfH,ycfH-2,-0.374185633963595,1.2060770398462798e-11,10.918624950146517,other
2,101,pcnB,pcnB-3,-0.374513398567932,4.11224557839411e-41,40.38592095769061,other
2,102,psd,psd-1,-0.374935369190945,6.613261373768679e-18,17.179584312477896,other
2,103,epd,epd-5,-0.377449184753723,7.279719393692531e-09,8.137885360813286,other
2,104,ackA,ackA-4,-0.382793427542206,9.31091988421458e-16,15.031007410221328,other
2,105,era,era-3,-0.383249613740296,2.9837627909083e-15,14.525235706231026,other
2,106,betA,betA-5,-0.383707432069565,2.21220394194895e-09,8.655174838135748,other
2,107,ndh,ndh-5,-0.38692957663019,5.3615862647494604e-15,14.270706702078028,other
2,108,ycdY,ycdY-3,-0.38698045863614,0.0001300837671179,3.8857768947602525,other
2,109,lrhA,lrhA-1,-0.38727835307234,2.48885380917516e-22,21.604000612323965,other
2,110,lysS,lysS-1,-0.388223376503047,1.66125797912119e-07,6.779562920101894,other
2,111,hslJ,hslJ-2,-0.389604052311705,1.4519992996122e-13,12.838033593122585,other
2,112,clpP,clpP-3,-0.393032799697393,2.23105810758632e-31,30.65148911843178,other
2,113,lon,lon-5,-0.393253900093227,6.09443006348178e-22,21.215066902327518,other
2,114,feoB,feoB-2,-0.394928881785942,1.4285606228993699e-12,11.845101325017305,other
2,115,topA,topA-5,-0.395286268124075,4.64224227096309e-24,23.333272198176353,other
2,116,lipB,lipB-4,-0.39727677342935,5.73819313708438e-13,12.24122483828619,other
2,117,hslU,hslU-3,-0.399747128838139,5.94739440951474e-14,13.22567325971897,other
2,118,ylaB,ylaB-4,-0.402799769762495,0.0160987131170824,1.793208838781021,other
2,119,ygaW,ygaW-3,-0.403671933899597,7.20665835479782e-17,16.142266065999806,other
2,120,dacB,dacB-2,-0.403934899163593,4.02121485802371e-07,6.395642721435469,other
2,121,dnaJ,dnaJ-2,-0.404014804821617,8.44493471473972e-39,38.07340370348052,other
2,122,yfjD,yfjD-4,-0.410078792995164,0.000914753113933,3.0386961034465836,other
2,123,yfjL,yfjL-1,-0.411436322832102,0.0075728742462624,2.1207392549286914,other
2,124,aceB,aceB-1,-0.412642513535106,9.52373495722166e-23,22.0211926993883,other
2,125,gshB,gshB-5,-0.412951627055243,2.09288662346676e-08,7.6792542977656755,other
2,126,hemF,hemF-4,-0.41307224337039,0.0002538757156152,3.595378839412663,other
2,127,moeA,moeA-3,-0.413369180252166,0.0021626407933811,2.665015609274439,other
2,128,fadR,fadR-2,-0.414534899909646,1.14992484222145e-08,7.939330543711736,other
2,129,bipA,bipA-2,-0.417600787718103,1.5301659987803398e-83,82.81526145255252,other
2,130,mrdB,mrdB-1,-0.420165930746929,2.97944717886056e-06,5.525864309562145,other
2,131,fabA,fabA-4,-0.421959531771372,4.04693825681736e-15,14.392873421486385,other
2,132,yfiE,yfiE-1,-0.423151213912633,0.0003169168156464,3.49905471647808,other
2,133,ompR,ompR-5,-0.424821384803231,0.0063139624333805,2.1996980063880662,other
2,134,purL,purL-2,-0.42707923735943,0.0012470275727379,2.9041239438305713,other
2,135,yebF,yebF-3,-0.427435617997951,0.0001406540270372,3.851847829122686,other
2,136,mdtG,mdtG-5,-0.429142212738167,1.3155964757544402e-09,8.880877298584373,other
2,137,hslR,hslR-2,-0.429747156077321,7.04488278726228e-25,24.152126228284743,other
2,138,trpS,trpS-4,-0.431490543186869,0.0002317229164737,3.635031014091228,other
2,139,glpF,glpF-5,-0.434346359926684,2.31330352430192e-07,6.635767380510311,other
2,140,ydhA,ydhA-4,-0.438402060504626,0.0007830562795083,3.1062070233807035,other
2,141,yibQ,yibQ-1,-0.442957596716721,0.0348514815130458,1.45777875560715,other
2,142,yebV,yebV-5,-0.443343417478816,1.1027478896384699e-13,12.957523764671064,other
2,143,ycbZ,ycbZ-5,-0.443965323763853,4.25854819002251e-27,26.3707384338846,other
2,144,prsA,prsA-1,-0.445271370307535,2.35113950175752e-21,20.628721601820995,other
2,145,ybiV,ybiV-3,-0.449067612303721,0.0001374190836462,3.8619529517980626,other
2,146,ydjN,ydjN-2,-0.452722856089074,1.32082846335383e-07,6.879153580762592,other
2,147,yeaC,yeaC-1,-0.454517153085434,1.7605671042815901e-19,18.754347417078428,other
2,148,kbl,kbl-2,-0.454590852950986,8.45938926823197e-06,5.072660990035569,other
2,149,ygaU,ygaU-2,-0.454834597350868,9.20875528794406e-07,6.035799067752043,other
2,150,hslV,hslV-1,-0.457466681772615,1.43645815347753e-41,40.842707021240784,other
2,151,ygiC,ygiC-3,-0.458249186965822,3.64687711069016e-13,12.438078870919382,other
2,152,intF,intF-5,-0.459042167133215,2.38139325692785e-06,5.623168880440936,other
2,153,maa,maa-2,-0.462931094652526,2.0102228352188302e-19,18.696755797931825,other
2,154,lolC,lolC-3,-0.463371026284828,0.0005476324820648,3.2615108001963145,other
2,155,cho,cho-3,-0.463793010630699,3.55910665269958e-07,6.4486589976705275,other
2,156,gntU,gntU-4,-0.467094684326131,1.4549453235367e-08,7.837153327044035,other
2,157,btuB,btuB-2,-0.469834411424032,0.0046694003504734,2.3307388884278413,other
2,158,yqjC,yqjC-6,-0.471823662051109,2.88141100143474e-24,23.540394789992984,other
2,159,gapA,gapA-3,-0.471968298843957,6.56574045020817e-63,62.182716289329846,other
2,160,ribF,ribF-3,-0.475287867438534,1.24818684196586e-09,8.903720399941115,other
2,161,aspC,aspC-1,-0.478403741088991,2.51880561287785e-17,16.598805347592002,other
2,162,ihfA,ihfA-5,-0.48587454849966,3.3228625112036798e-56,55.478487627984265,other
2,163,katG,katG-5,-0.486139149401478,1.04572705415248e-72,71.98058165614182,other
2,164,rbsK,rbsK-3,-0.487478788076094,1.72545256340586e-05,4.7630969759461035,other
2,165,nuoB,nuoB-1,-0.488059887250585,1.22658610146555e-05,4.9113019606423425,other
2,166,elbB,elbB-4,-0.491055936436777,5.80736347450992e-05,4.236020991250315,other
2,167,metG,metG-4,-0.497258684185902,7.17241732995156e-15,14.144334448777714,other
2,168,nuoC,nuoC-2,-0.49968657106416,2.98684194861682e-24,23.52478775786445,other
2,169,uvrA,uvrA-4,-0.50311198479936,9.33026454478155e-47,46.03010604235103,other
2,170,arsB,arsB-2,-0.508114200937869,0.0006006725295217,3.2213622291312856,other
2,171,zwf,zwf-1,-0.50864008618392,6.23170103026309e-08,7.205393390383879,other
2,172,yghB,yghB-2,-0.510604651317475,4.37225571534239e-08,7.359294445872729,other
2,173,yfbQ,yfbQ-3,-0.511198449722259,1.8201183350634198e-11,10.739900375424602,other
2,174,puuP,puuP-5,-0.513060562376843,2.27824270222668e-06,5.642400012204586,other
2,175,efp,efp-5,-0.514870358498803,8.270822648842179e-12,11.082451291646453,other
2,176,icd,icd-4,-0.515679789715907,1.08503788093295e-23,22.96455509942562,other
2,177,ygdQ,ygdQ-1,-0.518264588848516,5.56825630609615e-05,4.25428078242024,other
2,178,talB,talB-5,-0.519540243663614,3.3887703462028502e-37,36.46995786189627,other
2,179,galU,galU-5,-0.52209410169355,6.26017599491607e-07,6.203413457117609,other
2,180,ybaJ,ybaJ-2,-0.522169922226293,4.97004995297293e-17,16.303639246238202,other
2,181,gpp,gpp-1,-0.524239341691981,3.2313079118485296e-11,10.490621656019739,other
2,182,ptsG,ptsG-5,-0.525708731146874,1.33715599697223e-05,4.873817923574072,other
2,183,ygeR,ygeR-2,-0.526409755070145,2.6343776509349203e-09,8.579321966670888,other
2,184,yjaG,yjaG-5,-0.535086464063607,0.0002039693705369,3.690435044365935,other
2,185,uspA,uspA-1,-0.535555946317919,0.0135941204148171,1.8666488874769473,other
2,186,speG,speG-3,-0.53892954699413,6.5079451189387e-10,9.186556118095748,other
2,187,trxC,trxC-5,-0.539445952730655,8.626878396862179e-36,35.06414632366653,other
2,188,serA,serA-5,-0.539802497212801,7.53061570962456e-17,16.12316951405684,other
2,189,argT,argT-5,-0.541960406188464,0.0003366998435862,3.472757085363221,other
2,190,cytR,cytR-1,-0.542598227655776,0.0005997385530252,3.2220380324896576,other
2,191,recO,recO-3,-0.543282087238542,4.96273279813878e-05,4.304279107316849,other
2,192,ydhC,ydhC-3,-0.543935059187606,1.25317910590672e-07,6.901986854665741,other
2,193,yfiP,yfiP-4,-0.547291429666386,5.18377387374478e-19,18.285353951490624,other
2,194,yjgK,yjgK-4,-0.547645488998005,2.5522037188480202e-20,19.593084662850394,other
2,195,sgrR,sgrR-1,-0.549813170087346,0.0001334825876062,3.8745753829866674,other
2,196,glmS,glmS-1,-0.549857175247197,0.0029672768672794,2.527641929139245,other
2,197,pdxA,pdxA-5,-0.551441646263676,5.49924663709195e-09,8.259696802099162,other
2,198,tyrB,tyrB-5,-0.55322686952074,1.76408211117034e-05,4.753481204012452,other
2,199,ydhK,ydhK-4,-0.556913054933515,3.67543404354759e-05,4.4346913663521,other
2,200,yzcX,yzcX-1,-0.558118658095789,0.0002620502429386,3.5816154333403443,other
2,201,gcvA,gcvA-4,-0.558584941350041,4.1493874141760705e-20,19.38201601468077,other
2,202,hemB,hemB-5,-0.56054465033975,4.1573530902657505e-24,23.381183088642228,other
2,203,narX,narX-5,-0.563896183558566,0.0008781573825688,3.0564276432556685,other
2,204,pepD,pepD-1,-0.563953424751935,2.91497372184497e-19,18.53536535600245,other
2,205,sseA,sseA-1,-0.564015051684889,0.00154037210346,2.812374355164271,other
2,206,dld,dld-1,-0.564108866617067,3.30444123721599e-05,4.480901966771233,other
2,207,yneH,yneH-5,-0.566872481092069,9.34448389236552e-07,6.0294446802549135,other
2,208,ybeZ,ybeZ-2,-0.568375476562519,1.2561530570822801e-23,22.90095744037874,other
2,209,yceA,yceA-5,-0.574934792143611,0.0035527364269329,2.4494370110793873,other
2,210,valS,valS-4,-0.57842186653758,7.28491967408609e-44,43.137575232541,other
2,211,tolC,tolC-1,-0.579392552556136,2.3568562735199e-16,15.627666900937882,other
2,212,fbaA,fbaA-4,-0.583197910735476,2.93529580509784e-20,19.53234812608643,other
2,213,rssA,rssA-4,-0.583966235074087,9.166479463447941e-17,16.03779743021541,other
2,214,ygdH,ygdH-4,-0.586920399448761,7.502151129406e-12,11.124814191317531,other
2,215,nuoF,nuoF-1,-0.595668625679465,7.78743827201362e-08,7.10860538280213,other
2,216,upp,upp-2,-0.595819574180552,4.43715987520395e-07,6.352894922947185,other
2,217,sbmA,sbmA-3,-0.59971423473548,0.0026211204027242,2.581513029019933,other
2,218,arcB,arcB-2,-0.602790767894047,3.55569790953174e-07,6.449075143595083,other
2,219,gcd,gcd-2,-0.60336494639661,2.72418782227895e-50,49.56476295279182,other
2,220,rfbB,rfbB-2,-0.606751991700272,4.40332396782028e-05,4.356219360813303,other
2,221,gss,gss-1,-0.610913452963492,7.6313832919022e-14,13.11739673313436,other
2,222,yjgJ,yjgJ-3,-0.61240566424589,2.30954339891989e-16,15.636473872458637,other
2,223,yajQ,yajQ-2,-0.61610785696665,6.26887706991359e-08,7.202810246412699,other
2,224,hpf,hpf-2,-0.617258172200082,0.0039321039215171,2.405375012725706,other
2,225,nudC,nudC-3,-0.61802415188106,0.0017855392334148,2.748230602671784,other
2,226,yejH,yejH-3,-0.620195629103965,1.47836564007435e-05,4.830218139806002,other
2,227,nudE,nudE-4,-0.622222867402702,2.20557715616e-05,4.656477745000322,other
2,228,seqA,seqA-5,-0.629917289855094,1.54410084770354e-12,11.811324338604633,other
2,229,trxB,trxB-1,-0.630117953075185,1.23101565396143e-21,20.909736424415684,other
2,230,trkA,trkA-1,-0.633554675968194,1.75819276557335e-08,7.754933511267176,other
2,231,cueO,cueO-5,-0.641463888100868,2.42316616454615e-10,9.61561680382735,other
2,232,ybhK,ybhK-3,-0.642880679766904,0.0041023999267357,2.386962004253312,other
2,233,yccK,yccK-3,-0.64909499439506,1.74426620954485e-05,4.758387232411784,other
2,234,grxD,grxD-2,-0.649381128124763,8.187806740857099e-13,12.086832416665352,other
2,235,insF,insF-4-4,-0.655371865104032,1.42644401816035e-05,4.845745267877303,other
2,236,yfhL,yfhL-1,-0.657638026997968,1.76706711200916e-05,4.752746955970451,other
2,237,nagZ,nagZ-1,-0.658248301138524,9.65634461244406e-09,8.0151872436758,other
2,238,yniB,yniB-5,-0.660576653309524,0.0028501892145959,2.5451263076661648,other
2,239,yigI,yigI-5,-0.665671101170256,3.19388012880765e-06,5.4956813876259325,other
2,240,groS,groS-4,-0.666818544228688,2.2038572215948702e-14,13.656816544975449,other
2,241,ydcL,ydcL-4,-0.669348140581989,1.18933111228026e-07,6.9246972200514465,other
2,242,grxB,grxB-5,-0.672804985381479,3.74101319974988e-14,13.427010759439213,other
2,243,folE,folE-2,-0.673985497873376,7.709642090436871e-19,18.11296578300692,other
2,244,yhaK,yhaK-1,-0.678948529519014,5.0308921801029895e-11,10.298354990185299,other
2,245,yfiQ,yfiQ-1,-0.681330053327334,3.41482051995012e-26,25.466632117529638,other
2,246,mdoH,mdoH-1,-0.682662054881177,1.29721225518069e-10,9.886988957060268,other
2,247,yhjK,yhjK-1,-0.688200388253723,1.2173189670545e-07,6.914595611185254,other
2,248,exuR,exuR-5,-0.690616727476504,1.21305095982347e-26,25.91612095419917,other
2,249,uvrC,uvrC-4,-0.690761971216923,2.1235354093993e-12,11.672940492865669,other
2,250,sodB,sodB-5,-0.696211513465473,6.22825974242993e-45,44.20563328397293,other
2,251,ydjA,ydjA-1,-0.697809886773419,5.64977450547245e-13,12.247968885451943,other
2,252,talA,talA-5,-0.700116358925862,4.94304879507904e-12,11.306005102400041,other
2,253,cydB,cydB-2,-0.703123731712531,3.67676158906641e-25,24.43453453001956,other
2,254,frmB,frmB-1,-0.706762593417577,2.3864999795914897e-12,11.62223856501167,other
2,255,ygeQ,ygeQ-3,-0.709490962038242,1.44184292784692e-08,7.841082048413301,other
2,256,dgsA,dgsA-5,-0.710004489542463,0.0004851047740706,3.3141644513225748,other
2,257,ybbN,ybbN-3,-0.71191002693719,0.0001394236158733,3.8556636582695867,other
2,258,znuB,znuB-6,-0.71237091575971,0.000256639372892,3.5906767146096024,other
2,259,ispE,ispE-5,-0.728739136177993,2.34925193128474e-15,14.629070407445495,other
2,260,dnaC,dnaC-4,-0.729670580606113,1.38557637052481e-13,12.85836953167646,other
2,261,yaaA,yaaA-3,-0.730277662510325,1.38632119791438e-07,6.858136136015143,other
2,262,yeaK,yeaK-5,-0.73159955018218,1.12370682624547e-05,4.949346980894798,other
2,263,clpB,clpB-5,-0.7326392007977,1.5870674274846899e-56,55.79940462159899,other
2,264,znuC,znuC-4,-0.733230905748012,5.35760465882382e-08,7.271029336421325,other
2,265,asnB,asnB-5,-0.735477434981519,9.3840585593513e-10,9.027609290755722,other
2,266,sdaA,sdaA-5,-0.742503685538576,8.183835546421499e-12,11.087043106324154,other
2,267,hemH,hemH-3,-0.747909929996153,1.7429829648536501e-31,30.758706857471886,other
2,268,proV,proV-2,-0.760495086185004,9.21155002379366e-05,4.035667285097345,other
2,269,aaeB,aaeB-1,-0.761853471886356,4.31015266260022e-10,9.365507347159292,other
2,270,yjjU,yjjU-5,-0.766520441647222,3.33465395137029e-07,6.476949227656873,other
2,271,cydA,cydA-1,-0.767496572128829,3.71771633941677e-07,6.429723749831918,other
2,272,exoX,exoX-3,-0.775793760448705,0.0001077783179073,3.967468598706947,other
2,273,rhlB,rhlB-2,-0.776381130202393,1.3274523567912999e-51,50.87698105710446,other
2,274,dnaK,dnaK-4,-0.782303246197922,1.8501962652896701e-87,86.73278220002334,other
2,275,ydcP,ydcP-3,-0.782838063039667,2.2640838023124e-07,6.645107502303429,other
2,276,ybeF,ybeF-4,-0.79040736639774,0.0005039359201972,3.2976246843363466,other
2,277,pyrC,pyrC-5,-0.793254600905724,4.60474664825631e-17,16.336794259558577,other
2,278,ppk,ppk-3,-0.796103579071892,6.45586749262171e-05,4.190045392135704,other
2,279,cysB,cysB-5,-0.797461870522841,3.5283710521053097e-40,39.452425749671654,other
2,280,yceB,yceB-5,-0.799297176978214,4.4754959930518296e-11,10.349158827362844,other
2,281,yafD,yafD-3,-0.80667015707275,6.949481708155699e-19,18.158047583853257,other
2,282,yeaJ,yeaJ-5,-0.806817623161477,3.31818116675903e-05,4.479099905962102,other
2,283,ycfP,ycfP-1,-0.814300090682638,3.24158272822961e-07,6.489242890317394,other
2,284,smtA,smtA-4,-0.816171689518983,2.4926255437252998e-12,11.603342958763927,other
2,285,ygbI,ygbI-5,-0.825277684312551,1.53956859520177e-05,4.8126009564171985,other
2,286,ychO,ychO-5,-0.826741801858054,2.31107843723688e-05,4.636185314459848,other
2,287,hrpA,hrpA-5,-0.829347394478859,5.61234893165883e-12,11.25085533579351,other
2,288,aceA,aceA-5,-0.830908662999797,1.63328048783095e-42,41.786939226251164,other
2,289,hspQ,hspQ-4,-0.834361886353136,2.4368863457548802e-14,13.613164725457263,other
2,290,cysS,cysS-4,-0.83565438985753,6.63032087774097e-06,5.178465453184951,other
2,291,sdhA,sdhA-2,-0.842129370775727,1.61875639617609e-19,18.790818502547804,other
2,292,hemC,hemC-4,-0.842252102702093,6.84728435342906e-13,12.164481636414715,other
2,293,dppA,dppA-3,-0.846381603459053,1.5798707550001501e-09,8.801378440062111,other
2,294,pgk,pgk-1,-0.84836763657286,5.76885387589894e-86,85.23891046150892,other
2,295,bssS,bssS-1,-0.85610531824311,1.7964060182572102e-21,20.74559549864856,other
2,296,murI,murI-2,-0.856142584962603,1.71744179598807e-24,23.765117972236116,other
2,297,rna,rna-4,-0.867028714834659,0.0001657965094378,3.7804246170177103,other
2,298,yohC,yohC-6,-0.875352389669413,2.57605759386916e-08,7.58904443152187,other
2,299,tpiA,tpiA-3,-0.875664392348027,9.51714170126816e-13,12.021493464404974,other
2,300,yeaP,yeaP-4,-0.878052532759239,1.09058852117886e-23,22.962339077724675,other
2,301,thyA,thyA-3,-0.878378973210733,1.79762533219221e-21,20.74530082045443,other
2,302,frmA,frmA-3,-0.879357975559228,9.75380937095937e-13,12.010825736539147,other
2,303,folK,folK-3,-0.882307164792558,5.28644962842811e-09,8.276835901582515,other
2,304,gpsA,gpsA-1,-0.889310558633372,9.8638786708967e-07,6.005952278351105,other
2,305,yeaQ,yeaQ-5,-0.890537294947267,4.46071362387134e-24,23.35059565740502,other
2,306,bcp,bcp-2,-0.892641474156449,7.94782057953266e-07,6.099751945563031,other
2,307,phoQ,phoQ-3,-0.895073408960305,1.94021164316398e-20,19.712150893551794,other
2,308,yceF,yceF-5,-0.897846298478439,4.21999076480402e-06,5.374688499464639,other
2,309,plsB,plsB-5,-0.8981277481669,1.6432047112731802e-15,14.784308328568478,other
2,310,nhaA,nhaA-1,-0.914783924669022,2.8749295528027297e-11,10.541372792784397,other
2,311,yfdH,yfdH-4,-0.915057670021386,3.64884449455953e-06,5.437844644882482,other
2,312,slyB,slyB-2,-0.916039992385437,1.82262944785651e-09,8.739301617197457,other
2,313,pgpA,pgpA-2,-0.917016750013062,3.5805135225368e-06,5.446054681733117,other
2,314,potF,potF-1,-0.922592044479629,4.49585719678304e-06,5.347187491841591,other
2,315,yeaH,yeaH-4,-0.924646128033982,2.12354067902528e-09,8.672939415150347,other
2,316,ibpA,ibpA-2,-0.92637058565766,1.19738176924175e-81,80.92176735849866,other
2,317,vsr,vsr-2,-0.929099758713818,5.60504280770796e-07,6.251421066194725,other
2,318,ppx,ppx-3,-0.95547214766643,3.9520965111145003e-10,9.403172458382818,other
2,319,yafE,yafE-1,-0.956192094393923,3.49155156107586e-05,4.456981540183072,other
2,320,fbaB,fbaB-1,-0.957477529761998,2.76838639136922e-18,17.557773294298997,other
2,321,yieG,yieG-4,-0.961048643914578,5.62228592202995e-17,16.250087072068606,other
2,322,sdhC,sdhC-5,-0.969424660855775,9.889456941646149e-36,35.00482755609967,other
2,323,cysK,cysK-4,-0.970052320907274,8.090527616594701e-16,15.092023155334099,other
2,324,gntT,gntT-4,-0.975763755850588,2.0451956050689e-11,10.68926514920209,other
2,325,nuoA,nuoA-3,-0.977592385706583,3.9706685047924505e-20,19.40113636892928,other
2,326,aaeA,aaeA-1,-0.977905577714602,4.08914962875738e-18,17.388366997600535,other
2,327,ybhG,ybhG-1,-0.995806516784105,8.38839901414939e-07,6.076320919465426,other
2,328,yaiA,yaiA-4,-0.996893219276089,2.27181376935424e-10,9.643627272545846,other
2,329,clpA,clpA-3,-1.00181358087666,1.77160064669333e-59,58.75163416985528,other
2,330,yohM,yohM-6,-1.00413135032202,4.35276649692869e-07,6.361234629836712,other
2,331,pepN,pepN-1,-1.00627927344865,2.0055283569886998e-23,22.697771192970965,other
2,332,ptsP,ptsP-4,-1.00854243727239,5.0756269975465294e-18,17.29451030124626,other
2,333,ymdC,ymdC-3,-1.02338497203918,1.09922359205628e-06,5.958913959151057,other
2,334,acrB,acrB-5,-1.03290187804749,2.62729887232153e-19,18.58049052058392,other
2,335,otsA,otsA-4,-1.03348825729695,2.16756604258805e-08,7.664027661328288,other
2,336,amn,amn-3,-1.03984909880928,2.83881137267829e-06,5.5468634635947875,other
2,337,yiaF,yiaF-3,-1.04191551212072,2.0840635984290802e-14,13.681089032001418,other
2,338,yjgF,yjgF-1,-1.04856395571912,5.78811117761542e-08,7.237463135576295,other
2,339,rssB,rssB-2,-1.05190293816392,1.2819837779497301e-09,8.892117470286383,other
2,340,ycfD,ycfD-3,-1.0607989905139,9.40675726651049e-16,15.026560062435697,other
2,341,mnmC,mnmC-1,-1.06300191695916,2.22405798657091e-05,4.652853893834821,other
2,342,mdoG,mdoG-4,-1.06740683546243,6.4254763505603e-40,39.192094670525655,other
2,343,yebT,yebT-1,-1.07063440551079,5.460040028871231e-09,8.262804173365929,other
2,344,sdhB,sdhB-3,-1.07547819495915,1.59041919046222e-15,14.79848839259115,other
2,345,glnS,glnS-5,-1.07563461167739,3.22738073411069e-30,29.49114979785307,other
2,346,speA,speA-4,-1.07840547161798,2.17866973484689e-42,41.661808599586,other
2,347,tktB,tktB-2,-1.0934336651031,1.11267130546345e-14,13.9536331117716,other
2,348,yqjG,yqjG-5,-1.0944242875557,1.15678077789436e-13,12.936748936615734,other
2,349,yhjY,yhjY-4,-1.09594445843262,3.55662659595233e-06,5.448961728244065,other
2,350,avtA,avtA-2,-1.09678743148753,1.0668782095183901e-21,20.971885155039466,other
2,351,tyrP,tyrP-1,-1.1003550591318,4.4006018143407995e-12,11.356487926519547,other
2,352,yigL,yigL-1,-1.10122425911978,6.3117920199385805e-15,14.19984732001428,other
2,353,nagB,nagB-3,-1.11740815213996,2.99323378615127e-38,37.523859361318756,other
2,354,ydgA,ydgA-3,-1.12086452219766,2.6895138695882e-09,8.570326211757637,other
2,355,sra,sra-5,-1.12445348012562,2.1096908040193e-09,8.675781190175268,other
2,356,yciC,yciC-4,-1.13715358548032,2.06170091171653e-05,4.685774337021619,other
2,357,pdxH,pdxH-2,-1.13892927803894,7.66707964149263e-46,45.11537002550324,other
2,358,cyaA,cyaA-4,-1.15366376447231,5.1452887490591805e-31,30.288590247994986,other
2,359,sfsA,sfsA-4,-1.16146337159746,2.48737760510116e-07,6.60425828012473,other
2,360,gntK,gntK-1,-1.16431653021119,9.97391765020424e-13,12.001134221861543,other
2,361,yhdN,yhdN-3,-1.17759348260893,3.5987378534440602e-31,30.443849787953702,other
2,362,arcA,arcA-2,-1.18871357602167,1.03414600114973e-59,58.98541814304331,other
2,363,pykF,pykF-2,-1.20478090410827,1.19059165796863e-84,83.92423716471295,other
2,364,katE,katE-2,-1.24516990787245,8.204884433029389e-16,15.085927531667695,other
2,365,nagA,nagA-1,-1.26241104237348,6.06025974055692e-50,49.21750876172923,other
2,366,hybO,hybO-4,-1.26437154494712,2.00633897210704e-23,22.6975956908176,other
2,367,yohL,yohL-6,-1.2658388015475,1.16060381653678e-14,13.935316005632476,other
2,368,acnA,acnA-3,-1.27847609038449,1.09919687239252e-37,36.958924516005595,other
2,369,ycfL,ycfL-1,-1.34046707712214,3.41459563664888e-07,6.466660718972164,other
2,370,ygaZ,ygaZ-1,-1.34314191342815,2.1961227331678597e-12,11.658343392433201,other
2,371,evgS,evgS-4,-1.37605392651012,6.93133000143443e-07,6.159183423849451,other
2,372,manZ,manZ-3,-1.37994846862053,3.57078447404556e-07,6.447236362228803,other
2,373,grpE,grpE-4,-1.38739129047297,1.1872355927292201e-25,24.925463091938543,other
2,374,gltB,gltB-3,-1.39204376318383,8.5170895861855e-32,31.069708784645826,other
2,375,ycgZ,ycgZ-3,-1.40307783301512,2.44467420644113e-13,12.611779009657912,other
2,376,gcvR,gcvR-1,-1.42121770093206,2.1334102552474e-07,6.670925621598015,other
2,377,mrp,mrp-3,-1.43659307165743,1.68845961339093e-22,21.77250932288242,other
2,378,bssR,bssR-3,-1.49832775232915,2.95929043099813e-29,28.528812410172183,other
2,379,groL,groL-5,-1.50402259458219,4.76008462970242e-192,191.32238532587488,other
2,380,pflB,pflB-3,-1.50847622010977,4.15756171575089e-48,47.381161295298796,other
2,381,mfd,mfd-4,-1.52391374874081,1.63144813820467e-21,20.787426727361563,other
2,382,adhE,adhE-2,-1.52892504740965,4.43490776007731e-31,30.353115408460443,other
2,383,gltA,gltA-4,-1.53469101591568,4.83647503048483e-55,54.315471050039015,other
2,384,apaG,apaG-5,-1.53822892194078,1.8238466673655e-17,16.739011676049373,other
2,385,uidR,uidR-4,-1.54887618237475,2.50208158060358e-14,13.60169853419961,other
2,386,rfaC,rfaC-2,-1.55989554606381,7.54463233690626e-13,12.122361919300365,other
2,387,ygaP,ygaP-2,-1.58681323157715,4.05657323689955e-43,42.39184067891348,other
2,388,yfiB,yfiB-1,-1.62303150996522,8.91605572289808e-11,10.049827225962153,other
2,389,ubiE,ubiE-1,-1.65581868015049,3.64064169899212e-13,12.438822060919826,other
2,390,yecJ,yecJ-2,-1.67083494345458,2.5299924576201297e-22,21.596880773535187,other
2,391,dacC,dacC-2,-1.6890933605392,2.67428448428071e-13,12.57279239536065,other
2,392,ftn,ftn-5,-1.69383586960123,9.959455587931989e-11,10.001764400694675,other
2,393,artM,artM-5,-1.70015835214926,1.92515068757731e-09,8.715535271234938,other
2,394,lolD,lolD-3,-1.72318712547688,3.7325376419992e-29,28.42799580379581,other
2,395,prlC,prlC-1,-1.75312461796539,4.7001227178339404e-35,34.327890802706335,other
2,396,yqjF,yqjF-4,-1.77648748697313,8.51182640637228e-17,16.06997724213589,other
2,397,nagE,nagE-4,-1.78619913583633,2.1827200811117102e-20,19.6610019560102,other
2,398,ymgA,ymgA-2,-1.82190331959089,7.53208624929937e-11,10.123084715556551,other
2,399,panE,panE-3,-1.8491924598384,9.40739674126905e-10,9.026530539943328,other
2,400,ldhA,ldhA-5,-1.85891814653837,6.6180496569393996e-37,36.17926997854004,other
2,401,hepA,hepA-1,-1.87186469667606,2.77133721997874e-38,37.557310625475324,other
2,402,uspB,uspB-5,-1.91169921807309,6.6351113751893e-08,7.178151782788367,other
2,403,htpG,htpG-2,-1.91921631077066,5.91486325755505e-53,52.22805529113339,other
2,404,ybhF,ybhF-5,-1.94500795759008,7.10693428657088e-12,11.14831770019168,other
2,405,carB,carB-4,-1.94991567811134,6.1201577127201e-09,8.21323738620713,other
2,406,gnd,gnd-1,-1.96745596886701,1.0704868418611e-33,32.97041866656873,other
2,407,ygjG,ygjG-1,-1.96876944525707,1.80063557738872e-15,14.74457417321241,other
2,408,yfiD,yfiD-3,-1.99848259634624,3.13562894286991e-80,79.50367533552793,other
2,409,azoR,azoR-3,-2.01290296733413,9.22503038968179e-68,67.03503219448605,other
2,410,arsC,arsC-4,-2.05435597801488,1.43835686153556e-14,13.84213335055384,other
2,411,ycjX,ycjX-2,-2.07762331296416,1.21408583635378e-39,38.915750607381874,other
2,412,yoaG,yoaG-2,-2.10127538137871,1.1037441428939e-29,28.957131588026478,other
2,413,nagC,nagC-2,-2.25277134654716,5.7493896670036e-51,50.24037825588795,other
2,414,yccJ,yccJ-2,-2.41651945825663,1.8992872266629901e-19,18.721409352523587,other
2,415,fxsA,fxsA-1,-2.4568946674197,3.51588147133885e-57,56.45396577444331,other
2,416,yidE,yidE-3,-2.54412225484647,9.0422143982122e-20,19.043725199706437,other
2,417,icdC,icdC-3,-2.77335078189558,3.0513904017725497e-79,78.51550222418689,other
2,418,yeaR,yeaR-5,-2.83191518352715,6.78476843587504e-37,36.168464970220576,other
2,419,ybgA,ybgA-3,-3.01943624865952,4.21023750450743e-18,17.3756934044048,other
2,420,fabB,fabB-5,-3.09295227176475,2.97629791151046e-39,38.52632360039441,other
2,421,copA,copA-2,-3.10170030890335,7.222527074581601e-68,67.1413108214714,other
2,422,phr,phr-3,-3.3226207806153,2.138725606053e-22,21.66984493091291,other
2,423,aroF,aroF-1,-3.66540224855996,2.41136352114999e-83,82.6177373133352,other
2,424,fimI,fimI-4,-4.11206976232414,2.25390906817669e-156,155.6470636091354,black
2,425,tyrA,tyrA-4,-6.71414311077937,2.2503297457677698e-34,33.6477538390999,other
2,426,fimA,fimA-4,-7.3508985287303,2.03512683504147e-97,96.69140851909621,black
2,427,fimD,fimD-2,-14.6776899623534,1.80311361099207e-24,23.74397690829009,black
2,428,fimC,fimC-5,-16.1856229289244,5.28023486969865e-68,67.27734675921894,black
4,2,yidE,yidE-3,1.4995347833941,4.65192684181407e-171,170.33236712379016,other
4,3,ygaV,ygaV-2,1.37828886662768,5.90313212109167e-26,25.228917496497772,other
4,4,ycjX,ycjX-2,1.37757157560255,5.7579887048934196e-300,299.23972919138697,red
4,5,fxsA,fxsA-1,1.34792383281211,0.0,304.0,other
4,6,fabB,fabB-5,1.31340882213473,1.4933734684544201e-245,244.82583156869424,other
4,7,yeaJ,yeaJ-5,1.25013129705129,2.8269251225812397e-56,55.5486856946164,other
4,8,grpE,grpE-4,1.22627106964369,2.2176414380166197e-242,241.65410867192858,other
4,9,htpG,htpG-2,1.12269346051227,0.0,304.0,red
4,10,carB,carB-4,1.10670432884714,2.8051174399867197e-62,61.55204895170889,red
4,11,arsC,arsC-4,1.10087771524746,8.081629977575421e-97,96.09250103787952,other
4,12,yeaR,yeaR-5,1.09759133876398,3.9053675752977104e-157,156.40833808383258,other
4,13,bssR,bssR-3,1.08590925534049,2.09990611676087e-156,155.6778001214014,other
4,14,ftn,ftn-5,1.06042130190386,1.27644835042774e-102,101.89399675358048,other
4,15,yfiB,yfiB-1,1.05848308481062,5.07778675982973e-88,87.29432554114914,other
4,16,ndh,ndh-5,1.03723961489692,4.9650527121931496e-135,134.30407613639457,other
4,17,chaA,chaA-4,1.03573970407537,2.40120269118416e-44,43.61957117857379,other
4,18,upp,upp-2,1.02937629196062,5.52149425853701e-85,84.25794337509359,red
4,19,ycgL,ycgL-1,1.01842818031283,1.79301126823134e-34,33.74641698109297,other
4,20,yhdN,yhdN-3,1.00026744892443,1.6930205986915498e-238,237.77133775787237,other
4,21,ydiZ,ydiZ-5,0.96877574692812,2.7595546544779503e-31,30.55916100007557,other
4,22,gltB,gltB-3,0.963845462052736,1.6157700965922e-156,155.7916204337127,other
4,23,ygdI,ygdI-2,0.959779491305143,7.16794698424459e-44,43.144605215474165,other
4,24,hybO,hybO-4,0.955545496040151,4.36549470113093e-144,143.35996653459355,other
4,25,idi,idi-5,0.951718272276895,9.51794937091498e-23,22.02145660968548,other
4,26,mfd,mfd-4,0.948695648875968,6.96956222840818e-135,134.15679449991597,red
4,27,rfaC,rfaC-2,0.944577316323742,2.48926534128014e-66,65.6039288076454,other
4,28,gnd,gnd-1,0.941764193178644,8.25048577951405e-182,181.0835204799166,red
4,29,sfsA,sfsA-4,0.940653199437195,6.69660176794827e-53,52.17414552682535,other
4,30,pdxA,pdxA-5,0.928277652491982,2.60153883506922e-73,72.5847696866888,red
4,31,ydcN,ydcN-1,0.928049188092437,1.0409317728291801e-58,57.98257773509546,other
4,32,adhE,adhE-2,0.917636389169501,8.45894378103319e-156,155.0726838613943,other
4,33,ygaP,ygaP-2,0.906510641514267,1.13589329853815e-196,195.9446624626677,other
4,34,otsB,otsB-1,0.906080958830586,9.64064670208362e-102,101.01589383230817,other
4,35,hyaC,hyaC-4,0.899075467047445,6.3117276228031694e-18,17.199851751000462,other
4,36,ybgA,ybgA-3,0.897109192711497,2.38830257659349e-60,59.621910652827225,other
4,37,ydgJ,ydgJ-5,0.896861709116047,3.82558696230245e-48,47.41730192131241,other
4,38,yccK,yccK-3,0.892591539356413,5.236297504001049e-57,56.280975686667595,other
4,39,folK,folK-3,0.89164159999867,8.07050511275384e-64,63.093099283020585,red
4,40,yhaM,yhaM-1,0.891292171787696,1.3710387205323e-293,292.8629502798013,other
4,41,yhcF,yhcF-5,0.888712306862024,7.73961543810203e-18,17.111280617774394,other
4,42,hepA,hepA-1,0.881751227931706,3.84314202731172e-159,158.4153135654347,other
4,43,yfbR,yfbR-3,0.876226133378417,5.68191246252052e-26,25.245505461450314,other
4,44,ldhA,ldhA-5,0.872131255740098,8.01687954733866e-159,158.0959946415765,red
4,45,ychJ,ychJ-5,0.870778320774402,8.38289230678543e-61,60.07660611309325,other
4,46,glnS,glnS-5,0.868636927328557,8.51450106581863e-203,202.0698407958177,red
4,47,yacG,yacG-4,0.866815504008759,4.8536530314348805e-17,16.313931272898827,other
4,48,tus,tus-3,0.86432423077172,1.4206707220882402e-15,14.847506569610346,other
4,49,ymgC,ymgC-3,0.853018319890303,1.18687495092883e-22,21.92559503587475,other
4,50,pheA,pheA-2,0.848968952443614,2.1152510477205497e-34,33.6746380811639,other
4,51,ycgG,ycgG-1,0.847765972611745,3.89538412223395e-24,23.40944971027866,other
4,52,yfiD,yfiD-3,0.846377559411732,0.0,304.0,other
4,53,bcsG,bcsG-1,0.843715134251949,6.82151746185911e-37,36.16611900481483,other
4,54,hyfA,hyfA-1,0.840984627031353,3.29407746126323e-17,16.48226619247542,other
4,55,ybeF,ybeF-4,0.838745652189322,9.3980472214642e-55,54.026962377149864,other
4,56,dsbG,dsbG-3,0.836516098881659,1.64182013140154e-22,21.78467442347638,other
4,57,hda,hda-2,0.832843154451873,1.5440581540223902e-31,30.811336346814137,red
4,58,yihA,yihA-2,0.825787300701962,2.1735719521372598e-22,21.66282597870804,red
4,59,ybaS,ybaS-2,0.82165634838544,9.849314202906661e-15,14.006594007904638,other
4,60,yfgH,yfgH-5,0.81986329344993,7.794426367133621e-31,30.108215841316127,other
4,61,yagN,yagN-3,0.819821125362122,3.1633288850675897e-28,27.499855652995834,other
4,62,icdC,icdC-3,0.817549993607588,3.43819523165198e-240,239.4636694663279,other
4,63,nadK,nadK-4,0.806914327912899,1.70834314884819e-37,36.76742488968746,red
4,64,mrp,mrp-3,0.80570686202448,4.64149361324954e-98,97.33334224280463,red
4,65,speG,speG-3,0.805684042388981,1.0683091352954101e-91,90.9713030578633,other
4,66,cysS,cysS-4,0.795384084853222,5.0959944265364794e-42,41.29277105565814,red
4,67,proV,proV-2,0.794886688796355,6.41582219416399e-61,60.192747680441386,other
4,68,proX,proX-4,0.792293068559052,7.14087715264395e-32,31.14624843820205,other
4,69,mdoG,mdoG-4,0.790589740585159,2.98029905255436e-248,247.52574015526676,other
4,70,gcvA,gcvA-4,0.790401994152769,1.52112300215456e-139,138.81783566629076,other
4,71,ubiE,ubiE-1,0.789632393924759,3.64921905079598e-51,50.43780006656228,other
4,72,pepQ,pepQ-5,0.778263941126798,5.057614797054931e-91,90.29605425088802,other
4,73,elaB,elaB-3,0.778254244623703,1.19530975765973e-12,11.922519535209554,other
4,74,rna,rna-4,0.769139621110045,1.4737244356368e-47,46.831583715439294,other
4,75,bglX,bglX-5,0.767553559505526,1.3135876202947601e-23,22.881540953147145,other
4,76,yhaO,yhaO-1,0.76573093436115,0.0,304.0,other
4,77,yoeA,yoeA-5,0.764646774083767,1.4873586203547502e-15,14.827584305140842,other
4,78,galU,galU-5,0.764120778044751,1.31719102383274e-53,52.88035123750552,other
4,79,rrmJ,rrmJ-4,0.764001406044569,2.3257739650039603e-239,238.6334324953348,other
4,80,aroA,aroA-3,0.762339761333256,3.8223253240876e-50,49.41767235222518,other
4,81,yoaG,yoaG-2,0.761571671785032,5.95573977472873e-91,90.22506428621676,other
4,82,ygaZ,ygaZ-1,0.761463328379395,5.15879396835027e-62,61.28745181661115,other
4,83,hemC,hemC-4,0.760494722037993,3.5076730941203e-76,75.45498088852014,other
4,84,dcuA,dcuA-4,0.7560601170862,7.67416324618805e-29,28.114968966648703,other
4,85,yebO,yebO-3,0.755511184889208,1.31844169174358e-20,19.879939072176168,other
4,86,prlC,prlC-1,0.755021780448343,2.70193871680536e-145,144.56832450551943,other
4,87,yjjU,yjjU-5,0.751571167249815,7.21430938563246e-49,48.141805236900964,other
4,88,ybiC,ybiC-1,0.746087055170068,2.73905458104907e-11,10.56239931348819,other
4,89,exoX,exoX-3,0.741916870357658,5.24160799274359e-35,34.28053546201482,other
4,90,ulaR,ulaR-5,0.741648118361569,4.0600185754442797e-48,47.391471979429085,other
4,91,plsB,plsB-5,0.740220382967633,9.63686579482327e-102,101.01606418905736,other
4,92,yidA,yidA-5,0.737988306518862,2.82423782270184e-33,32.54909873512085,purple
4,93,yohL-6,yohL-6,0.734350255206423,7.924930484112e-40,39.10100453863689,other
4,94,tyrB,tyrB-5,0.732093474575719,1.6498533603798797e-36,35.78255465433635,other
4,95,ppx,ppx-3,0.730543853291953,3.8817248142571797e-57,56.410975256141306,red
4,96,ivy,ivy-4,0.730140359985108,1.0321804284351e-17,16.98624438001052,other
4,97,yebQ,yebQ-1,0.729921884150261,3.89772525288333e-18,17.4091887771635,other
4,98,hslJ,hslJ-2,0.727918117841201,1.8378587364866e-132,131.73568787288576,other
4,99,ydaF,ydaF-2,0.727772607852678,1.30331688170153e-35,34.88494997934273,other
4,100,fpr,fpr-2,0.723058844487871,6.15934882986267e-22,21.21046519928781,other
4,101,otsA,otsA-4,0.718479663928198,1.57694642065759e-45,44.80218306228812,other
4,102,metK,metK-1,0.718450658135832,1.88256409694019e-27,26.72525022815593,red
4,103,yeeX,yeeX-4,0.714279252819614,1.29061718890724e-71,70.88920255509915,other
4,104,ychF,ychF-1,0.710731472948621,1.77264520068783e-30,29.751378180813585,red
4,105,yheT,yheT-4,0.708696717758674,9.003878852371961e-14,13.045570357085591,other
4,106,dapD,dapD-1,0.705043671221885,1.1564455236422601e-38,37.93687482060093,other
4,107,ytfE,ytfE-2,0.70102085641703,1.09940882357601e-28,27.958840781819084,other
4,108,mppA,mppA-1,0.69878102784208,1.24972220135877e-22,21.903186514852038,other
4,109,gdhA,gdhA-2,0.696452879562318,1.4413665500896598e-18,17.841225560866867,red
4,110,pabB,pabB-1,0.695508042426245,6.5848737848934006e-15,14.181452544931453,other
4,111,yebS,yebS-3,0.692827412302167,3.90263677238488e-28,27.408641867650257,other
4,112,ydiJ,ydiJ-4,0.692572037443131,1.22867890241961e-39,38.9105615989097,other
4,113,lolB,lolB-5,0.690109499035322,1.55901536811236e-75,74.80714960369923,other
4,114,yafD,yafD-3,0.681348982744438,7.636409957874049e-107,106.1171107647122,other
4,115,yhiP,yhiP-2,0.679595758644506,3.22250312606214e-22,21.491806652677155,other
4,116,nudJ,nudJ-1,0.678249390472606,2.1674733911844803e-25,24.664046225400856,other
4,117,udp,udp-2,0.6731065145631,3.85935519304194e-11,10.413485249601866,red
4,118,lolD,lolD-3,0.6672323478564,9.183212671539749e-101,100.03700535785804,red
4,119,ygeQ,ygeQ-3,0.66664524318681,4.48976688330138e-64,63.34777620775483,other
4,120,nagB,nagB-3,0.666437194886538,4.899318181386629e-158,157.30986435480102,other
4,121,thrA,thrA-3,0.658916673725061,3.8429517551918495e-30,29.415335067678633,red
4,122,ydjA,ydjA-1,0.657018390473686,2.08515520401111e-84,83.68086161371805,other
4,123,ydgA,ydgA-3,0.656001573589532,2.0003732898034097e-40,39.6988889530488,other
4,124,htpX,htpX-5,0.654914928090383,5.65326831006621e-24,23.247700401977358,other
4,125,murI,murI-2,0.653901226904653,4.6710433113331604e-113,112.33058610578313,other
4,126,rfaH,rfaH-5,0.653651545903534,3.97013185915932e-16,15.401195068865526,other
4,127,grxB,grxB-5,0.652745981021684,4.43072073776382e-84,83.35352562208985,other
4,128,manY,manY-5,0.649216531207257,8.099861909293039e-12,11.091522385139035,purple
4,129,polA,polA-5,0.648170176151258,7.791069515020431e-19,18.108402920685677,other
4,130,mrdA,mrdA-4,0.647479893064708,4.46129712113069e-42,41.35053885190511,other
4,131,dctA,dctA-4,0.647357000142634,1.2617124733951902e-31,30.89903960344766,other
4,132,hdfR,hdfR-2,0.646960751845788,1.49013620955432e-21,20.82677403202119,other
4,133,ptsP,ptsP-4,0.646385879546915,8.212683346494509e-82,81.08551492178748,other
4,134,msrB,msrB-2,0.645346395383493,2.4379451176169902e-148,147.6129760753314,other
4,135,evgS,evgS-4,0.643543226304927,9.30217439504226e-48,47.03141552269436,red
4,136,yedE,yedE-1,0.642644055099201,1.39200703458692e-27,26.856358569987982,other
4,137,yhgF,yhgF-4,0.642568558372535,1.57104804986229e-29,28.80381053203773,other
4,138,artQ,artQ-5,0.641965904147489,1.19513279034031e-20,19.922583837888993,other
4,139,feoB,feoB-2,0.641770647338606,1.83935081394525e-100,99.73533543115865,red
4,140,yfdG,yfdG-4,0.641504073952033,3.6673643736877497e-29,28.43564593824764,red
4,141,yciC,yciC-4,0.641118075490264,1.18889352839948e-41,40.924857036970074,other
4,142,dppA,dppA-3,0.640002990620371,2.63678483444715e-57,56.57892530783449,other
4,143,yibT,yibT-1,0.634747925750736,6.26580496413812e-23,22.203023127538714,other
4,144,rsmB,rsmB-5,0.63283471361114,8.06174374664276e-17,16.093571010597223,other
4,145,pepN,pepN-1,0.630630238110884,2.13632700456753e-96,95.67033226971016,other
4,146,pykA,pykA-2,0.630540217393997,3.99011591247949e-23,22.399014487917505,purple
4,147,pgpA,pgpA-2,0.626526134300379,2.06774681320618e-32,31.684502639832974,other
4,148,yfgD,yfgD-4,0.626024102255258,1.66843004766958e-32,31.777691997308835,other
4,149,yraQ,yraQ-5,0.624604946019835,8.24918669489453e-17,16.08358886736897,other
4,150,elaA,elaA-5,0.622236532151302,2.01472421860237e-09,8.695784392965098,other
4,151,rfaG,rfaG-4,0.619447033647787,3.05546868499784e-32,31.514922162934937,other
4,152,nagE,nagE-4,0.616090736747237,7.33167721426741e-61,60.13479666361549,other
4,153,kefG,kefG-5,0.614169854051331,3.05004629940405e-28,27.515693568055482,other
4,154,yejH,yejH-3,0.614088898523128,1.90352990988429e-29,28.72044029479096,other
4,155,yfiO,yfiO-4,0.610807183348168,7.77712757526253e-84,83.10918077686098,other
4,156,yjgF,yjgF-1,0.610111414407494,7.400961105254789e-36,35.13071187816023,other
4,157,ampH,ampH-1,0.607532077267672,7.8911376092036e-13,12.10286038312954,other
4,158,hsdR,hsdR-3,0.605017585149842,1.85990006860458e-16,15.730510389556008,red
4,159,pepD,pepD-1,0.602953261303676,3.2461093925004202e-105,104.48863684872458,other
4,160,yjbD,yjbD-5,0.602663496993944,8.75205688650817e-29,28.057889868179714,other
4,161,seqA,seqA-5,0.598612618936218,1.25818801141876e-65,64.90025445728445,other
4,162,ycdX,ycdX-3,0.596126350064698,9.343901357662451e-25,24.029471754997193,other
4,163,thyA,thyA-3,0.596115734948034,1.7200501609190403e-111,110.764458887806,other
4,164,yiiX,yiiX-3,0.595699688688594,3.76333372030192e-16,15.424427268137924,other
4,165,yjeM,yjeM-4,0.586523842918597,5.08964898734364e-21,20.29331216817725,other
4,166,bolA,bolA-4,0.585952387740255,3.8366403903335e-18,17.416048905470124,other
4,167,sgrR,sgrR-1,0.585424746896101,2.62752741644557e-32,31.580452743711174,other
4,168,cbl,cbl-1,0.582604570405505,9.39655936658917e-11,10.027031138063842,other
4,169,yedY,yedY-4,0.582212654216075,9.219106814298479e-11,10.03531115317759,other
4,170,yjgL,yjgL-4,0.580757677373686,4.0927737549850003e-22,21.387982262116836,other
4,171,tyrS,tyrS-1,0.580277825059169,5.44952554964671e-114,113.26364130692332,red
4,172,ymdC,ymdC-3,0.580043314892226,3.70246844580519e-28,27.43150863405485,other
4,173,nepI,nepI-1,0.579897011612813,2.45082238118107e-15,14.610688162296729,other
4,174,rssB,rssB-2,0.576839132014932,1.20975407128296e-34,33.91730290765063,other
4,175,pykF,pykF-2,0.576647406915693,1.5217881064930498e-280,279.81764581444276,purple
4,176,sbcC,sbcC-2,0.57653720024139,5.65100401153646e-23,22.24787438440489,red
4,177,rraB,rraB-5,0.572316231279411,8.78592613280524e-85,84.05621245236252,other
4,178,groL,groL-5,0.572117188640732,0.0,304.0,red
4,179,acrB,acrB-5,0.571492352057348,1.4424754288714699e-83,82.84089157588205,other
4,180,accA,accA-4,0.57147812752865,7.80109246984114e-98,97.10784457418123,red
4,181,citA,citA-2,0.568947338710988,1.48644693632425e-18,17.827850589770783,other
4,182,ycdW,ycdW-4,0.568213218101701,1.4846305622134e-23,22.82838160341959,other
4,183,recC,recC-5,0.563924067213047,2.16765575243382e-17,16.66400968739623,red
4,184,yeaD,yeaD-2,0.562843528790116,1.3771448484362e-23,22.861020378139475,other
4,185,amn,amn-3,0.562754561682225,5.03787662982142e-28,27.297752471939894,other
4,186,yggW,yggW-5,0.56269345921558,1.4600239301168e-50,49.83564002597412,other
4,187,tyrP,tyrP-1,0.561740090570881,4.8698161863707496e-42,41.312487431136795,other
4,188,cydA,cydA-1,0.560611359878758,1.4778677770548599e-36,35.830364419976505,other
4,189,recE,recE-3,0.560280984228547,3.78767522756745e-11,10.421627266448636,other
4,190,yeaC,yeaC-1,0.556529838440588,3.2492569478214e-120,119.48821594374624,other
4,191,pqiB,pqiB-5,0.556299431907536,2.7695418228304602e-15,14.557592072190038,other
4,192,ygbT,ygbT-1,0.554263773590325,4.51973257828634e-15,14.344887260589143,other
4,193,deoD,deoD-1,0.554031616793396,1.1993881942593e-51,50.921040230296704,other
4,194,aspC,aspC-1,0.551053935502709,7.64303625417051e-107,106.11673408036677,other
4,195,yceF,yceF-5,0.550469751392248,1.10135238966267e-34,33.95807370155521,other
4,196,gloB,gloB-1,0.549684634783549,1.35290975885581e-17,16.86873117054058,other
4,197,malT,malT-2,0.549310806481503,2.66801647864803e-10,9.573811492385246,red
4,198,ackA,ackA-4,0.549064107594499,4.12926004355258e-119,118.38412776621134,red
4,199,intD,intD-2,0.547428822978525,3.28840592782302e-28,27.483014577588133,other
4,200,sstT,sstT-1,0.545464409292758,6.67293763624168e-27,26.17568293394777,other
4,201,pflB,pflB-3,0.544654182351554,1.7639438711708502e-155,154.75351523826802,other
4,202,ybgS,ybgS-3,0.539812380138052,6.58276111265742e-12,11.18159190509889,other
4,203,yjaG,yjaG-5,0.539218435244272,5.5936892273303e-29,28.25230166570935,other
4,204,hinT,hinT-4,0.538951036056177,2.4767951589996597e-18,17.60610990984321,other
4,205,acrA,acrA-5,0.537156290792475,7.95471663117655e-51,50.099375286502415,other
4,206,yjiG,yjiG-3,0.536520574760589,1.28804813343118e-13,12.890067907400923,other
4,207,nrdG,nrdG-2,0.533280797852757,4.57768695714863e-16,15.339353909658719,other
4,208,yhbN,yhbN-4,0.529753105016736,6.52742779270498e-44,43.18525792370314,other
4,209,afuB,afuB-5,0.52934480160006,1.1107620837783e-11,10.954378953450863,other
4,210,yqeG,yqeG-2,0.527938715908175,8.96692190559939e-26,25.0473566125668,other
4,211,yaeQ,yaeQ-5,0.526670182116218,2.2326486139756998e-17,16.651179623108426,other
4,212,yhcM,yhcM-3,0.524332782886996,1.12499222891926e-23,22.94885047750741,other
4,213,pgi,pgi-2,0.524112472939928,7.437684905336379e-62,61.12856222430621,purple
4,214,yeaL,yeaL-4,0.5221282672358,5.3004614501076093e-11,10.275686319736632,other
4,215,pspA,pspA-1,0.521512216232878,0.0,304.0,other
4,216,sppA,sppA-2,0.520329313575572,1.20691742653867e-15,14.918322441936896,other
4,217,ylaB,ylaB-4,0.516988146102624,7.7231989976356e-22,21.112202774890797,other
4,218,ybhK,ybhK-3,0.516495622537417,1.38323799483469e-34,33.85910309035268,other
4,219,smtA,smtA-4,0.513266716614198,1.26034392422783e-57,56.8995109278879,other
4,220,yeaS,yeaS-1,0.512727546898188,1.06015691692199e-16,15.974629848782696,other
4,221,mnmC,mnmC-1,0.5122934847815,7.56961756571496e-25,24.12092606149005,other
4,222,envC,envC-3,0.511830655313405,2.58688810241298e-55,54.58722235657746,other
4,223,pfkB,pfkB-2,0.511490198376663,3.42330622589228e-19,18.465554250068443,purple
4,224,folC,folC-5,0.510781773166025,6.24172688444266e-10,9.204695238422122,other
4,225,yidR,yidR-5,0.51075726993511,1.07674836160561e-16,15.967885780393024,other
4,226,yqaE,yqaE-5,0.509441700071412,8.4190697746393e-17,16.07473589116767,other
4,227,tdh,tdh-3,0.508663446476143,8.14006554932518e-23,22.089372097863183,other
4,228,aphA,aphA-2,0.507932159848426,2.7914060002370598e-11,10.55417699230422,other
4,229,yehZ,yehZ-3,0.505875602684381,3.80531373954885e-15,14.41960953081517,other
4,230,pyrC,pyrC-5,0.504854844863811,4.78561426674898e-71,70.3200623096034,other
4,231,ybjS,ybjS-1,0.504227412007937,5.04189681151499e-10,9.297406046927764,other
4,232,slyB,slyB-2,0.502573770990223,1.5892847554970502e-58,57.79879828236374,other
4,233,yheS,yheS-1,0.499349998031209,4.3893415999875895e-11,10.357600618923398,other
4,234,glyS,glyS-3,0.498855193371135,6.253552392676399e-29,28.203873207254826,other
4,235,grxD,grxD-2,0.498242116028922,2.97545269852029e-76,75.52644694942705,other
4,236,ybbN,ybbN-3,0.496701578006479,8.371936415527869e-40,39.07717407876745,other
4,237,vsr,vsr-2,0.494853436438772,2.68385595536813e-24,23.571240796799433,other
4,238,fhlA,fhlA-2,0.494454118206105,9.689382663680229e-16,15.013703892123418,other
4,239,ybfE,ybfE-3,0.492192227553085,9.07636484310602e-102,101.04208805507852,other
4,240,yhdH,yhdH-2,0.492091120677981,2.29981652529357e-10,9.638306809734983,other
4,241,fabA,fabA-4,0.490967754276717,6.164907474517e-89,88.21007343709067,other
4,242,pgk,pgk-1,0.48800967076687,1.29031685321208e-265,264.88930363023985,purple
4,243,araF,araF-4,0.487164283769283,4.3889478841502803e-23,22.357639576083788,other
4,244,ygjG,ygjG-1,0.487070085720312,1.76713321387165e-35,34.752730710329864,other
4,245,prmB,prmB-5,0.485406466099263,5.87093323057445e-57,56.231292858773756,other
4,246,yijP,yijP-3,0.485232934145008,2.63292868436878e-14,13.579560904055558,other
4,247,pyrD,pyrD-5,0.484539858988973,5.92671189754502e-20,19.22718618366827,other
4,248,folX,folX-5,0.484023614849221,3.46283060142199e-13,12.460568753228797,other
4,249,ymgB,ymgB-2,0.483042328683948,8.03321895087326e-18,17.095110395882333,other
4,250,ychE,ychE-4,0.479033384870056,8.498009386937081e-19,18.07068279352272,other
4,251,cyaA,cyaA-4,0.477570887049143,2.02267239323269e-93,92.69407445303386,red
4,252,yihE,yihE-1,0.477303918490949,3.8425190325942096e-96,95.4153839726948,other
4,253,trkH,trkH-4,0.477299140036265,8.29184854691857e-42,41.081348639023695,other
4,254,hemB,hemB-5,0.476814189991889,1.3890136802743602e-110,109.85729347691291,other
4,255,bisC,bisC-5,0.475614733479397,2.12159999161066e-10,9.67333649499263,other
4,256,yecO,yecO-5,0.475476821723287,1.78934375780895e-14,13.747306217410227,other
4,257,mug,mug-2,0.474913251781809,2.72753907896707e-08,7.5642290183168255,other
4,258,slyD,slyD-4,0.473718088135043,7.96034461278096e-77,76.09906813073098,other
4,259,nfo,nfo-1,0.472338952984609,7.94953807572197e-12,11.099658106185462,other
4,260,ydcF,ydcF-2,0.471598548073088,1.3031604866642299e-11,10.885002096811768,other
4,261,narX,narX-5,0.47105625317574,5.5387408961190894e-30,29.25658895079802,other
4,262,yieG,yieG-4,0.469824964437608,1.82634909986293e-50,49.738416205085876,other
4,263,aaeA,aaeA-1,0.469756205652518,2.81256076611766e-63,62.550898085732314,other
4,264,macB,macB-1,0.468953334713756,7.99169318403796e-14,13.097361197834761,other
4,265,xseA,xseA-5,0.468334909923594,1.06509084785226e-15,14.972613347118935,other
4,266,dcp,dcp-5,0.466584272608314,1.9835673106819901e-19,18.7025530575232,other
4,267,yaeF,yaeF-2,0.465457855704421,8.36478652306948e-16,15.077545138148803,other
4,268,hspQ,hspQ-4,0.464688748775933,2.49420355059067e-39,38.603068106875504,other
4,269,ghrB,ghrB-3,0.463412981932854,7.27760516441409e-26,25.138011510108356,other
4,270,nagC,nagC-2,0.463323975784131,1.80830472494748e-99,98.74272838292484,other
4,271,ycfL,ycfL-1,0.46154433335286,1.04033065858171e-21,20.982828602649683,other
4,272,gltA,gltA-4,0.46152239166516,3.78086205094783e-122,121.42240916807653,purple
4,273,yhjV,yhjV-3,0.46097661392544,9.94236424994641e-25,24.002510330027842,other
4,274,dedA,dedA-1,0.460282538730104,6.93887080204473e-76,75.15871119875867,other
4,275,pinQ,pinQ-2,0.458731747623141,2.2944532812319596e-158,157.63932078081513,other
4,276,yeaZ,yeaZ-2,0.455409582859801,3.7626683979649895e-12,11.424504054143515,other
4,277,yzcX,yzcX-1,0.453453638148814,2.68705860946608e-24,23.570722860738357,other
4,278,rhlB,rhlB-2,0.451732625872533,1.63267299100093e-174,173.78710079164136,red
4,279,ybhF,ybhF-5,0.451550369315518,1.01451703230403e-19,18.993740657380204,other
4,280,yajL,yajL-2,0.451395516864453,9.36377289269965e-22,21.028549128149635,other
4,281,yhjK,yhjK-1,0.451224728453065,4.6275685986632495e-36,35.33464713458476,other
4,282,aceA,aceA-5,0.449363778752527,1.04288585473144e-150,149.98176322309126,purple
4,283,yheV,yheV-1,0.448916189225503,3.3021645885511697e-18,17.481201284156764,other
4,284,ycgZ,ycgZ-3,0.447286982630021,2.76626777920501e-48,47.55810578178197,other
4,285,sdhA,sdhA-2,0.446860371973043,5.3349063336188e-47,46.272873201197264,purple
4,286,htrG,htrG-4,0.446831009001107,3.4768470847683396e-62,61.45881440960483,other
4,287,pta,pta-5,0.445957547763958,8.36837055291887e-176,175.07735909741504,other
4,288,btuB,btuB-2,0.444651532300468,2.7234390001062702e-31,30.564882347658674,other
4,289,yhiR,yhiR-4,0.440999681016785,4.19027811132265e-16,15.37775715168657,other
4,290,pinR,pinR-2,0.439875443579451,2.57131597062936e-50,49.58984455273514,other
4,291,ybdK,ybdK-1,0.436568634357166,3.0766700463833e-08,7.511919076621764,other
4,292,mdoD,mdoD-5,0.436350037587275,4.496281352264171e-15,14.34714652085698,other
4,293,yebF,yebF-3,0.436344350723054,1.16983941885907e-27,26.931873748757834,other
4,294,cysB,cysB-5,0.435586448131427,4.544700542704569e-140,139.34249472782938,other
4,295,tag,tag-3,0.435235218502222,8.004036448781471e-09,8.096690942341096,other
4,296,ybiR,ybiR-2,0.434181671840574,7.60737134361878e-38,37.11876538372548,other
4,297,gadB,gadB-3,0.431801006022752,7.73078881179227e-23,22.111776190540844,other
4,298,yqfA-6,yqfA-6,0.42718432086672,4.16635678605889e-107,106.38024354197785,other
4,299,yqjB,yqjB-5,0.427169888096068,7.61441582659221e-20,19.11836340986165,other
4,300,ygdH,ygdH-4,0.426827208186702,3.01165661817247e-49,48.521194546858524,other
4,301,kdsB,kdsB-2,0.426703510373511,1.4624462442509899e-18,17.834920088496535,other
4,302,truC,truC-3,0.423671820916205,2.63236698510342e-24,23.579653564718008,other
4,303,sra,sra-5,0.423643616631127,2.34694700275881e-23,22.629496717248138,other
4,304,hpt,hpt-3,0.423619449242125,3.4739226677235e-31,30.459179853521267,other
4,305,nagA,nagA-1,0.423293296286988,6.32747422015377e-123,122.19876961559962,other
4,306,uvrC,uvrC-4,0.423058853537344,8.64077227383268e-64,63.06344744047532,other
4,307,sdhC,sdhC-5,0.423045032389302,4.93806091763233e-95,94.30644355676367,purple
4,308,ydfG,ydfG-5,0.423024155104163,6.28872520884413e-20,19.201437381720805,other
4,309,rfaP,rfaP-5,0.422553628271823,3.44336546539489e-20,19.46301688052475,other
4,310,iap,iap-1,0.422505124337994,7.41255297593708e-27,26.130032189806442,other
4,311,yceB,yceB-5,0.422385259474797,1.41867152035561e-44,43.84811814958207,other
4,312,yadI,yadI-1,0.422250739184043,2.58541690984883e-21,20.587469415027478,other
4,313,yccA,yccA-2,0.421935187010342,1.26525518439496e-89,88.89782187448982,other
4,314,hslR,hslR-2,0.421557465060304,4.43869774430494e-141,140.3527444275022,other
4,315,rumA,rumA-4,0.421320546771233,5.39877265632861e-20,19.267704960393328,other
4,316,dsbA,dsbA-2,0.420931549740704,6.355439113821021e-54,53.19685443753781,other
4,317,rpoN,rpoN-3,0.420352352441091,3.29615262508003e-67,66.48199268693384,other
4,318,yibD,yibD-3,0.420256788068931,1.15155464818033e-20,19.938715447330658,other
4,319,lpxL,lpxL-1,0.419841908832688,1.19154041942148e-40,39.923891220934834,other
4,320,bcsE,bcsE-5,0.419799200275434,5.3391726213575896e-49,48.27252603769404,red
4,321,nfnB,nfnB-4,0.419262317750963,5.67825920736085e-32,31.24578478621012,other
4,322,trpS,trpS-4,0.418240805306327,1.0359851371166399e-29,28.984646475203267,other
4,323,ymgA,ymgA-2,0.416835824623936,1.23168682363046e-24,23.909499704557277,other
4,324,yaaJ,yaaJ-4,0.415866172173523,2.58849699283346e-08,7.586952335220118,other
4,325,ybaT,ybaT-4,0.41585995557617,4.79012045588134e-25,24.319653565360632,other
4,326,clpP,clpP-3,0.415640359240899,1.95242095247465e-206,205.70942654034388,other
4,327,yohM-6,yohM-6,0.414488076974498,1.50037994684596e-21,20.823798748995017,other
4,328,dcyD,dcyD-5,0.413840215745017,8.95238137292779e-24,23.048061425068834,other
4,329,phoQ,phoQ-3,0.412244047005296,4.99119851994876e-63,62.30179515615998,red
4,330,kdgR,kdgR-1,0.41091660267808,3.11916406157935e-09,8.505961781650441,other
4,331,caiB,caiB-4,0.410723011991486,8.2309459402622e-13,12.084550250689473,other
4,332,yjjJ,yjjJ-4,0.410361724272982,1.4468405428856999e-12,11.839579330084014,other
4,333,guaA,guaA-5,0.409740191883674,1.13398427125421e-93,92.94539296921285,red
4,334,valS,valS-4,0.408122490263797,9.164419091246819e-168,167.03789505862994,red
4,335,dacD,dacD-3,0.407707585809661,1.19702433019301e-17,16.92189702222418,other
4,336,glyA,glyA-5,0.407346067519552,1.4851417535823901e-52,51.828232091895245,other
4,337,speA,speA-4,0.407110822206033,7.486152474337589e-116,115.12574133163129,other
4,338,bssS,bssS-1,0.406915754743145,1.84642406143524e-62,61.73366854903538,other
4,339,gcd,gcd-2,0.405867918623269,4.41519461478272e-178,177.35505014865188,other
4,340,ompR,ompR-5,0.405115159861335,4.25089445632074e-20,19.371519677814938,other
4,341,yniA,yniA-3,0.404453816787694,3.82190366805395e-08,7.41772026363366,red
4,342,ribC,ribC-4,0.404347394459157,5.93855255090034e-25,24.22631939605579,other
4,343,yaiT1,yaiT-11,0.404130910512192,2.1633290329723e-08,7.664877421228194,other
4,344,mnmA,mnmA-5,0.402818638090819,1.41617583339561e-23,22.848882820987647,other
4,345,pgsA,pgsA-1,0.401990701839576,7.40022715359909e-28,27.130754949182464,other
4,346,gcvR,gcvR-1,0.401733925401355,9.03789139003041e-25,24.043932881968512,other
4,347,cbpA,cbpA-2,0.400434658190936,1.2454474247076701e-09,8.904674601038977,other
4,348,yraM-6,yraM-6,0.400425980360488,1.18976786706648e-08,7.924537764562308,other
4,349,yadD,yadD-2,0.39825415633281,5.50203071826529e-07,6.259476989239707,other
4,350,yggE,yggE-4,0.397645596142008,1.6205126521528002e-62,61.790347573864295,other
4,351,ulaG,ulaG-5,0.396949516400683,6.700351812920509e-22,21.173902393359068,other
4,352,uraA,uraA-2,0.396287377830036,5.603858821329299e-13,12.25151281448012,other
4,353,yjgK,yjgK-4,0.396077180552115,1.52397295638004e-100,99.81702273968875,other
4,354,rfaE,rfaE-5,0.395028111872066,1.1057458962884598e-11,10.956344663735509,other
4,355,yfgO,yfgO-3,0.394915600856332,9.62352465836701e-14,13.016665836556253,other
4,356,cls,cls-4,0.39477240449713,3.99208618514258e-19,18.398800091300547,other
4,357,ygdQ,ygdQ-1,0.39428338459111,1.37828881158002e-34,33.86065976926936,other
4,358,tolC,tolC-1,0.391842792310115,1.0089244439232e-88,87.9961413558799,other
4,359,prfH,prfH-4,0.391472839888598,0.0003861589653488,3.413233877810425,other
4,360,glgB,glgB-5,0.391246937396158,1.24373842056142e-22,21.90527094959069,other
4,361,rfbB,rfbB-2,0.391063594372106,2.1592374041546697e-30,29.6656996051664,other
4,362,yejO,yejO-5,0.390636708501767,2.8981311721415202e-24,23.537881961843443,other
4,363,yggL,yggL-5,0.388253218240598,1.8932206400611e-26,25.72279876946087,other
4,364,nagK,nagK-2,0.387777471037589,6.553874986665199e-41,40.18350184692058,other
4,365,dnaC,dnaC-4,0.387641192087251,1.15112838019015e-52,51.938876238751604,other
4,366,mazG,mazG-1,0.387119770722754,2.67719046830433e-36,35.57232072989975,other
4,367,cysZ,cysZ-3,0.386837511790492,1.50902718611764e-20,19.82130293605309,other
4,368,proC,proC-3,0.38668990389197,3.22186451465479e-16,15.49189272641679,other
4,369,proS,proS-4,0.385095490291046,2.42958481030572e-42,41.6144679362779,red
4,370,prmC,prmC-3,0.384714285624253,3.83860423404678e-54,53.415826661998196,other
4,371,gatZ,gatZ-4,0.384042330115109,2.96005952622229e-13,12.528699555275544,other
4,372,yodD,yodD-5,0.38397463762867,2.08799091756052e-06,5.6802713947798935,other
4,373,panE,panE-3,0.382582178417125,2.63446878043139e-24,23.57930694363388,other
4,374,ilvG,ilvG-2,0.382380016101587,2.4590205782514e-07,6.609237836863708,other
4,375,glmU,glmU-4,0.382311233956441,3.5499446161416004e-10,9.4497784224637,other
4,376,rfaF,rfaF-1,0.382099086012791,1.14648538249626e-47,46.940631478083354,other
4,377,uvrA,uvrA-4,0.381877135895402,7.79866305233651e-159,158.10797984330432,red
4,378,yheM,yheM-1,0.379438112195756,3.03966891869891e-37,36.517173717250614,other
4,379,hmp,hmp-4,0.379422667575139,1.84947887488312e-11,10.732950624918518,other
4,380,yecC,yecC-2,0.378290320581465,4.6388869824985394e-18,17.333586208096705,other
4,381,leuS,leuS-3,0.377782610033663,1.86106863526309e-137,136.73023761001465,red
4,382,clpA,clpA-3,0.377354559521518,8.23680959981288e-147,146.08424097295116,red
4,383,yebK,yebK-2,0.377120318040124,9.01829632718878e-11,10.04487549855389,other
4,384,hslU,hslU-3,0.377082181219633,1.72086407867769e-109,108.76425343078307,red
4,385,gpsA,gpsA-1,0.375880236043802,1.63598604483465e-24,23.786220405235085,other
4,386,elaC,elaC-4,0.37518992653062,1.5639278170255697e-11,10.805783295643765,other
4,387,ycdZ,ycdZ-4,0.371380827536044,1.17105903784684e-59,58.93142120982534,other
4,388,hflX,hflX-2,0.371185623152366,7.92153837023686e-164,163.10119046982118,other
4,389,yaiX,yaiX-4,0.370396638222825,2.30729852572208e-07,6.636896211423293,other
4,390,yecS,yecS-4,0.369116527443668,1.34410208062274e-17,16.87156774663365,other
4,391,aroB,aroB-2,0.368821871590969,3.14725397375476e-71,70.50206820943832,red
4,392,rpsT,rpsT-2,0.367966381402112,4.19221021516878e-52,51.37755694811431,other
4,393,ydiV,ydiV-3,0.366046940669949,2.42242919083821e-17,16.615748908798427,other
4,394,ygeR,ygeR-2,0.365868446585249,1.59767793657129e-41,40.7965107622352,other
4,395,dmsD,dmsD-1,0.365157426747124,1.0644995572353699e-30,29.972854514864714,other
4,396,lsrK,lsrK-4,0.364712924613668,6.03563797863798e-10,9.219276817371425,other
4,397,aaeR,aaeR-2,0.361449297031765,3.59675815908527e-13,12.444088762544494,other
4,398,lpcA,lpcA-2,0.360787766028858,1.3443982811191301e-14,13.87147205146956,other
4,399,ybaJ,ybaJ-2,0.360251435872882,2.16099310468559e-89,88.66534661886492,other
4,400,mutS,mutS-5,0.359599066817568,1.10197949109983e-29,28.957826488047807,other
4,401,yfgC,yfgC-3,0.358247112060436,1.91683544220443e-08,7.717415169130355,other
4,402,yhcB,yhcB-1,0.358243220661632,2.92122121852352e-37,36.53443555348649,other
4,403,ydgK,ydgK-1,0.356862410726948,9.374475809683701e-22,21.02805300726174,other
4,404,ompF,ompF-3,0.356321429649544,1.39661127570681e-13,12.85492445595283,other
4,405,cho,cho-3,0.356106769815203,8.63269499590074e-27,26.063853602994467,other
4,406,recN,recN-2,0.355726156593849,4.3039669121921303e-20,19.366131076074847,red
4,407,ydiK,ydiK-3,0.355695946602112,7.653072008932879e-11,10.116164200307674,other
4,408,surA,surA-5,0.355421530125926,1.8719906096196298e-69,68.72769633412388,other
4,409,glnD,glnD-3,0.355210224086778,6.81373072201863e-06,5.166615033705068,other
4,410,ampG,ampG-4,0.354863314173246,7.20975461273703e-16,15.142079516438379,other
4,411,ydiY,ydiY-1,0.353740910025532,3.7949497745769697e-22,21.420793967533566,other
4,412,apaG,apaG-5,0.35312114464409,1.29252632360518e-33,32.888560603297805,other
4,413,dkgA,dkgA-1,0.352961954729546,3.2278971957251e-14,13.491080305437041,other
4,414,hemG,hemG-3,0.352189885147221,6.8901636040326795e-22,21.161770465830394,other
4,415,pntB,pntB-2,0.35204722836026,1.08689744342597e-23,22.963811432781636,other
4,416,lolC,lolC-3,0.351431983202767,4.3438702919825797e-26,25.36212315126388,other
4,417,ycgE,ycgE-3,0.351159343300034,2.79610650086708e-176,175.553446290774,other
4,418,fsr,fsr-4,0.34929287305948,1.42884189915154e-13,12.84501582308073,other
4,419,yeaQ,yeaQ-5,0.34751665380175,3.93829715459635e-45,44.40469151833181,other
4,420,potF,potF-1,0.347102568240625,4.19481286990859e-23,22.377287408227126,other
4,421,yrdB,yrdB-1,0.343617765085826,1.5344777498486e-46,45.814039404519896,other
4,422,rhtC,rhtC-5,0.342704930351215,1.10809797837442e-29,28.955421837454075,other
4,423,bcp,bcp-2,0.342466966788354,3.42755617558032e-26,25.465015418655263,other
4,424,yniB,yniB-5,0.34223502181212,4.19048077471804e-18,17.377736147480263,other
4,425,ykgN,ykgN-3,0.34134539081435,1.1161529813663401e-14,13.95227627635729,other
4,426,yajQ,yajQ-2,0.340406843044373,2.17627581021152e-25,24.662286065195246,other
4,427,yceH,yceH-4,0.340306128878162,1.6599206858108102e-17,16.77991266288623,other
4,428,nhaA,nhaA-1,0.339771096101147,7.51277613455141e-41,40.124199552059686,other
4,429,yaiL,yaiL-3,0.338650533694717,1.7836240727505402e-17,16.748696674810784,other
4,430,ydhJ,ydhJ-3,0.33631084122496,3.7735129037475796e-34,33.42325416057472,other
4,431,yfiN,yfiN-2,0.335678271588121,1.30813324544537e-61,60.88334801685703,other
4,432,znuB-6,znuB-6,0.3347533934691,3.82356223575454e-16,15.417531836448033,other
4,433,diaA,diaA-4,0.334464998404591,7.13967093536445e-29,28.146321804225046,other
4,434,menA,menA-5,0.333931500674275,2.00342554637465e-16,15.69822679268697,other
4,435,gor,gor-5,0.33381773821927,3.03003293451658e-64,63.51855265096928,other
4,436,talA,talA-5,0.332262420077205,3.9147445739716396e-36,35.40729656917015,other
4,437,inaA,inaA-3,0.331961718872739,1.13644103756753e-17,16.944453092031697,other
4,438,exuR,exuR-5,0.331230815939009,9.92310942277998e-85,84.00335221962432,other
4,439,yciQ,yciQ-3,0.328813963390905,3.6773801047109e-12,11.434461477869306,other
4,440,pdxH,pdxH-2,0.326766489301859,6.95547600292545e-104,103.1576731434045,other
4,441,clpB,clpB-5,0.325536861411072,8.374479603951731e-212,211.07704217081698,red
4,442,modB,modB-3,0.325477646266344,3.4405332001604404e-23,22.463374246979946,other
4,443,tpiA,tpiA-3,0.325387881372852,8.25029803097074e-44,43.08353036285999,other
4,444,gltX,gltX-3,0.325314705945396,5.1056593424162e-73,72.2919481653728,other
4,445,yafE,yafE-1,0.323474047538823,4.2877475733245704e-19,18.36777079018542,other
4,446,yeaP,yeaP-4,0.322146377133286,7.95436520187147e-65,64.09939447350636,other
4,447,bipA,bipA-2,0.32181849295863,6.815004997035439e-275,274.166533821387,red
4,448,ybhT,ybhT-3,0.321677043551598,4.73378035824322e-13,12.324791896684905,other
4,449,yobA,yobA-1,0.321191429258696,1.22262413503451e-26,25.912707035334353,other
4,450,rraA,rraA-5,0.320485390570137,1.8193098697825402e-52,51.74009332442445,other
4,451,serC,serC-2,0.320288571296043,4.03539513435492e-75,74.39411393398574,other
4,452,cld,cld-5,0.319163358780655,1.52565272035705e-104,103.81654431225063,other
4,453,fabF,fabF-3,0.318692526373075,2.39272335478312e-176,175.62110751134747,other
4,454,rrmA,rrmA-1,0.318353611064095,3.25919249252836e-33,32.48688998872967,other
4,455,pck,pck-2,0.31828849327734,2.6267613012353102e-52,51.5805793905814,red
4,456,sapD,sapD-1,0.316019672225051,2.20311438397699e-09,8.656962954033787,other
4,457,uvrY,uvrY-5,0.314724647378105,3.6942525564300204e-52,51.43247341747331,other
4,458,fliY,fliY-3,0.314237660887288,2.87131320484235e-54,53.54191943177528,other
4,459,serA,serA-5,0.31416016195959,6.23168985226917e-63,62.20539416939196,other
4,460,icd,icd-4,0.314036230162284,1.03264303852967e-101,100.98604977837225,purple
4,461,surE,surE-3,0.313925258423453,1.18840486374423e-13,12.925035579442458,other
4,462,phnA,phnA-5,0.31329055738866,3.34008286310342e-67,66.47624275877462,other
4,463,yegH,yegH-1,0.312963270673953,4.6873656558409494e-11,10.329071166360343,other
4,464,bfr,bfr-3,0.312384993103616,5.84407786354137e-84,83.2332840063789,other
4,465,yigL,yigL-1,0.310761578782105,3.31561912423143e-48,47.47943536405208,purple
4,466,yjtD,yjtD-2,0.31020363983076,6.43982853808126e-28,27.19112569567691,other
4,467,yfcH,yfcH-2,0.309502704347489,8.2216746922309e-15,14.08503971098598,other
4,468,ydbJ,ydbJ-4,0.309458604164228,7.56591023059339e-08,7.121138815909944,other
4,469,yhhF,yhhF-1,0.309402193863144,3.75153429504157e-14,13.425791079047421,other
4,470,hslV,hslV-1,0.309367557918956,1.5848163953249199e-224,223.80002104456042,red
4,471,yciX,yciX-3,0.30901379495678,1.93315385513592e-48,47.7137335801269,other
4,472,galR,galR-1,0.30797616770361,6.93275750507015e-17,16.159093990346697,other
4,473,yecJ,yecJ-2,0.307423737660502,1.5051088239328e-45,44.82243209812669,other
4,474,ycfD,ycfD-3,0.307401894745242,8.1402115259635e-49,48.0893643096851,other
4,475,insI,insI-1-1,0.3073547161735,2.1203216249639203e-31,30.673598257301094,other
4,476,gpmI,gpmI-2,0.307010485325045,2.18777761728323e-69,68.65999682516089,other
4,477,secB,secB-4,0.306656447901624,3.12743034790918e-38,37.50481235385055,other
4,478,sdhB,sdhB-3,0.305757694791131,6.3412462653589e-36,35.19782538044974,purple
4,479,argT,argT-5,0.305470121106855,4.16576276205957e-20,19.38030546652033,other
4,480,acnA,acnA-3,0.305381086014214,4.8686364953188e-75,74.31259264976515,purple
4,481,ygiH,ygiH-1,0.304679365193218,2.07794568047303e-14,13.682365809511836,other
4,482,puuC,puuC-5,0.304051595747338,2.19867403885981e-60,59.65783915154762,other
4,483,purL,purL-2,0.303794912846197,1.17780504468751e-24,23.928926589874344,other
4,484,ubiG,ubiG-1,0.302826505172283,6.977076784797099e-34,33.15632649745511,other
4,485,yebT,yebT-1,0.301558947417359,7.76839037568656e-24,23.10966895846737,other
4,486,metQ,metQ-1,0.300401996032005,2.99391670762411e-09,8.523760286131381,other
4,487,gmhB,gmhB-5,0.300273533233554,1.47991541658023e-25,24.829763105660586,other
4,488,fbaA,fbaA-4,0.299162813237579,1.04382170592161e-92,91.98137367637885,purple
4,489,ybiV,ybiV-3,0.29913456834918,4.49817418320767e-36,35.34696373135008,other
4,490,efp,efp-5,0.299027106529635,1.55788153327913e-54,53.80746557066815,other
4,491,yqhA-6,yqhA-6,0.296859480837481,9.4378167186013e-71,70.02512846086391,other
4,492,lrhA,lrhA-1,0.296801031982338,2.74118698520852e-138,137.56206133882222,other
4,493,dnaJ,dnaJ-2,0.294361459208729,1.1021062316636299e-213,212.95777654196178,red
4,494,gshB,gshB-5,0.294259538631325,8.2463288070902e-37,36.0837393525012,other
4,495,ydhC,ydhC-3,0.293062674022003,1.22550845261585e-33,32.91168368897187,other
4,496,yejA,yejA-5,0.292940678722107,1.8602193828762103e-15,14.730435834731459,other
4,497,dhaR,dhaR-2,0.292767400143289,5.70388634642459e-07,6.243829136664677,other
4,498,gidB,gidB-4,0.291508008872339,4.78776091972964e-81,80.31986754453015,other
4,499,ygiC,ygiC-3,0.289982461016954,2.7275784459135102e-61,60.56422275013011,other
4,500,sohB,sohB-3,0.289450871860732,2.4945990330018497e-33,32.60299925034075,other
4,501,talB,talB-5,0.28878719920335,1.86781640518492e-144,143.72866581447298,other
4,502,ybjN,ybjN-5,0.288484166632249,8.16813616388205e-33,32.087877031115845,other
4,503,yjiV,yjiV-2,0.288333641587793,5.418384747436921e-09,8.266130159923714,other
4,504,osmY,osmY-4,0.287139455099227,6.1247731555233504e-93,92.21290999171916,other
4,505,yfjG,yfjG-2,0.286298796390552,2.58019861845825e-18,17.5883468616413,other
4,506,nuoF,nuoF-1,0.285636191948055,6.873205063632281e-24,23.162840698623256,red
4,507,aceK,aceK-5,0.285330935137367,1.71372758126162e-07,6.766058213543381,other
4,508,cycA,cycA-4,0.285313081945407,3.52899164479493e-29,28.452349369870053,other
4,509,gshA,gshA-4,0.284975578546728,5.713381945887269e-69,68.24310674190365,other
4,510,yfhL,yfhL-1,0.283249608306794,1.3304122383736e-27,26.87601376872414,other
4,511,insE,insE-4-3,0.28182758784341,9.58416599596722e-71,70.01844567299021,other
4,512,dacB,dacB-2,0.281647253843346,1.3327397630074898e-42,41.87525464467727,other
4,513,moaA,moaA-4,0.281524432687753,2.07614562421076e-73,72.68274218763808,red
4,514,ribF,ribF-3,0.2788603442038,7.31592753565174e-37,36.13573060486627,red
4,515,arcB,arcB-2,0.272945205050124,1.33504336344503e-28,27.87450462778327,other
4,516,yghY,yghY-5,0.272825680514106,4.63486924954687e-10,9.333962512868187,other
4,517,ddlA,ddlA-4,0.271859726697089,5.80938744520378e-26,25.2358696581764,other
4,518,yebY,yebY-2,0.271646262731873,5.1788536385784e-26,25.285766362559237,other
4,519,yejK,yejK-5,0.271591964972771,3.7560685623682596e-33,32.425266488827006,other
4,520,ftsX,ftsX-2,0.270699519346752,4.8903193484529403e-39,38.31066277957937,other
4,521,ldcC,ldcC-3,0.26978211472175,9.179941965251879e-12,11.037160064359819,other
4,522,yjiA,yjiA-5,0.268408067004834,2.38332258464808e-08,7.622817171564129,red
4,523,relA,relA-4,0.267434250395583,5.16257493434926e-09,8.287133631541217,other
4,524,yqjK,yqjK-3,0.266743704826723,1.82138612313797e-08,7.7395979765707414,other
4,525,fepB,fepB-1,0.265455554993197,8.986819140776779e-11,10.04639399837312,other
4,526,ubiD,ubiD-2,0.265163011633909,6.191228428460159e-56,55.20822317218002,other
4,527,yjgJ,yjgJ-3,0.264706726286815,3.7996017988669404e-76,75.4202619153875,other
4,528,nadE,nadE-3,0.264361063188017,4.9473942472112e-09,8.30562348026325,other
4,529,pldB,pldB-5,0.264129285824542,6.44681094312951e-24,23.190655065566702,other
4,530,yceA,yceA-5,0.261516263264006,3.3687230351998103e-17,16.472534693746972,other
4,531,csrA,csrA-1,0.261241212948394,5.93268280508272e-09,8.226748870891402,other
4,532,acpP,acpP-1,0.260726512053703,4.83585391111276e-201,200.3155268274465,other
4,533,ydhK,ydhK-4,0.260463998842182,2.65020542342427e-26,25.576720461609636,other
4,534,rsmC,rsmC-4,0.259865427025523,6.62915299671237e-29,28.178541957621306,other
4,535,folE,folE-2,0.258753637408303,2.20760209164629e-65,64.65607920312371,red
4,536,nudH,nudH-4,0.258594747404954,1.6565333335812301e-46,45.780799820606205,other
4,537,pdxB,pdxB-5,0.258245032826992,9.372830370682099e-31,30.028129242756446,red
4,538,ypfH,ypfH-1,0.255203190145542,1.00527035055312e-05,4.997717126338989,other
4,539,fur,fur-1,0.254822668676646,9.20835031115893e-76,75.03581816729861,other
4,540,rffE,rffE-1,0.254324466613041,1.0566678777837001e-54,53.97606149472796,other
4,541,nagZ,nagZ-1,0.254050347974883,1.34944556405646e-26,25.869844629971286,other
4,542,ydcP,ydcP-3,0.253611020968017,1.89381506318328e-28,27.722662433442817,other
4,543,ubiC,ubiC-4,0.253413035404042,4.2007392958585e-30,29.37667427058849,other
4,544,yfdH,yfdH-4,0.253132136564222,6.962465073250589e-34,33.15723697042254,other
4,545,yieP,yieP-1,0.252676564931925,5.01450535836169e-09,8.299771900276435,other
4,546,ypfG,ypfG-3,0.252383366702641,2.82378592095775e-27,26.549168231441385,other
4,547,hdhA,hdhA-4,0.252353362478822,8.153125159591329e-12,11.088675890718696,other
4,548,dsbB,dsbB-1,0.25165614025258,2.54535552841917e-21,20.59425154800434,other
4,549,folD,folD-4,0.251632032814071,3.1460766902370894e-11,10.502230695018252,other
4,550,yhjJ,yhjJ-1,-0.253153508583927,0.0001022098967117,3.9905070505889046,other
4,551,yeeF,yeeF-3,-0.253846788286141,3.3549347770903e-23,22.4743159184831,other
4,552,kgtP,kgtP-4,-0.25562886909581,4.2214172976133594e-92,91.37454171463237,other
4,553,lepA,lepA-2,-0.256012270922802,1.08388345924666e-83,82.96501741127271,other
4,554,znuA,znuA-2,-0.256368474759092,1.53873037840158e-38,37.81283747206631,other
4,555,yrfF,yrfF-4,-0.257025515158869,2.2840873804701003e-22,21.641287285658198,other
4,556,pnp,pnp-1,-0.257405177921894,1.3696618867266101e-73,72.86338662908584,other
4,557,rpsE,rpsE-2,-0.259101364728337,7.63700799441262e-83,82.11707675477811,other
4,558,ahpF,ahpF-1,-0.259810642421519,3.08292718539993e-61,60.51103673260481,other
4,559,zntA-6,zntA-6,-0.260226664042471,7.756404526341679e-50,49.11033954887433,other
4,560,fabG,fabG-1,-0.261020212578756,3.3119907975153197e-29,28.479910878588203,other
4,561,aceE,aceE-1,-0.261124117135896,5.65777346251723e-71,70.24735444569987,other
4,562,relE,relE-5,-0.262290759068024,6.30562969089877e-19,18.20027153754014,other
4,563,yedQ,yedQ-3,-0.262879347351921,5.44128445550576e-07,6.264298569770011,other
4,564,mioC,mioC-3,-0.263437011961842,2.11924970453391e-38,37.67381786872004,other
4,565,imp,imp-4,-0.266699903902651,1.47098249351905e-36,35.832392495874316,other
4,566,purK,purK-3,-0.268298421425708,0.0074597247927651,2.127277194402422,other
4,567,yfcY,yfcY-1,-0.270995943112858,0.0012766402045764,2.8939314826770612,other
4,568,cpxR,cpxR-4,-0.271408282120685,1.7524555899036099e-13,12.756352978955702,other
4,569,mscS,mscS-4,-0.272235529193811,3.4292518523631e-07,6.464800618100291,other
4,570,ftsY,ftsY-4,-0.273680853959258,1.29987738281608e-05,4.88609761267617,other
4,571,iscA,iscA-1,-0.275503879465516,1.59430119699321e-62,61.79742962783631,other
4,572,aroM,aroM-4,-0.27555691583908,2.46696876825863e-10,9.607836348628949,other
4,573,yfgL,yfgL-2,-0.276581114748106,1.79092193600274e-55,54.74692334407957,other
4,574,ydhQ,ydhQ-4,-0.276758194569872,1.36371564657881e-13,12.865276176597314,other
4,575,yjeE,yjeE-2,-0.279945094047882,3.54957964705399e-11,10.44982307448687,other
4,576,ydcM,ydcM-1,-0.280285927011364,6.88323737325145e-15,14.162207253239282,other
4,577,yhdA,yhdA-3,-0.280724860047514,6.19200791501666e-08,7.208168497182098,other
4,578,dnaA,dnaA-3,-0.281277704739436,3.92289858161754e-90,89.40639291950575,other
4,579,rem,rem-3,-0.282358381857981,3.9469729761630004e-23,22.40373584708902,other
4,580,atpD,atpD-2,-0.282410114602393,0.014404082534505,1.8415143988130132,other
4,581,ydfT,ydfT-5,-0.283602059955944,0.0041118806142538,2.385959503284055,other
4,582,nlpD,nlpD-4,-0.284850794318936,2.8991316575495e-76,75.53773206168918,other
4,583,rseA,rseA-3,-0.285612245232387,3.8392894596563504e-46,45.41574914341986,other
4,584,recG,recG-2,-0.287789846692624,0.0033640169114692,2.4731418295984735,other
4,585,yidC,yidC-1,-0.288530173320249,1.2921691390909799e-79,78.88868063543835,other
4,586,rnd,rnd-5,-0.289770399134366,0.0003191048808189,3.496066553072223,other
4,587,yejG,yejG-5,-0.290413529791783,4.17493870502276e-27,26.37934989629195,other
4,588,mdlB,mdlB-2,-0.292405092747025,5.89863693578363e-09,8.229248334062788,other
4,589,rpsF,rpsF-5,-0.29287241519278,3.32687624855328e-24,23.477963353495472,other
4,590,pabC,pabC-4,-0.29337823677854,0.0013165868360025,2.8805504915499216,other
4,591,secF,secF-1,-0.2942172301248,6.28687835858625e-05,4.2015649424978845,other
4,592,tbpA,tbpA-5,-0.29525439952705,0.0001074292544884,3.9688774380699563,other
4,593,def,def-2,-0.296057327803676,1.6235125846870497e-30,29.789544340583433,other
4,594,dinJ,dinJ-5,-0.298965962349864,2.86937060324875e-20,19.54221335536105,other
4,595,yedI,yedI-2,-0.300775615365451,4.77206211002435e-07,6.321293912473341,other
4,596,gnsA,gnsA-5,-0.300982750305096,1.97098243002326e-05,4.705317247145192,other
4,597,yfiP,yfiP-4,-0.301251493384445,4.2369959832098e-14,13.37294194772208,other
4,598,atpE,atpE-4,-0.30182296062415,3.6171894339148e-10,9.441628746436173,other
4,599,pssA,pssA-5,-0.302518193241604,6.37053961802493e-06,5.195823779092465,other
4,600,yncE,yncE-1,-0.305730722363305,6.553670253358961e-09,8.18351541384612,other
4,601,yfbV,yfbV-1,-0.307755958117681,0.0001177766589126,3.928940769904297,other
4,602,ynaJ,ynaJ-4,-0.311376304397749,7.76897093225477e-19,18.109636503469492,other
4,603,rplL,rplL-3,-0.312242325841062,4.32018808948322e-35,34.364497344748415,other
4,604,fhuB,fhuB-5,-0.313986309577752,0.0001650241697709,3.7824524434866866,other
4,605,proP,proP-1,-0.317468595176677,2.85170828649653e-69,68.54489490239817,other
4,606,murA,murA-1,-0.319128005606482,1.0640960003012e-05,4.973019189221122,other
4,607,ybjX,ybjX-3,-0.323568249402522,8.85633178371028e-11,10.05274612190175,other
4,608,ychA,ychA-4,-0.323800472610956,3.57715637209036e-50,49.44646207465349,other
4,609,rpsI,rpsI-1,-0.325093807131593,2.00199710826035e-82,81.69853655416313,other
4,610,ymjA,ymjA-2,-0.328252961625049,1.18930655292154e-20,19.924706188205047,other
4,611,tolB,tolB-4,-0.329997186891897,2.82186018060942e-20,19.549464508758188,other
4,612,fruA,fruA-4,-0.330524352734176,6.9611100395846e-07,6.157321500960278,other
4,613,nac,nac-1,-0.330717195733848,0.0022011232215982,2.65735564442429,other
4,614,yjgA,yjgA-3,-0.332463932277787,0.0008822636437148,3.054401616794308,other
4,615,cydC,cydC-4,-0.333537879205801,4.71580577813371e-06,5.326444089756285,other
4,616,uup,uup-5,-0.334060509119089,5.97840742222332e-13,12.223414491572738,other
4,617,yafQ,yafQ-3,-0.334746004477428,7.517026265147469e-69,68.12395393228833,other
4,618,ydfU,ydfU-3,-0.335873721855953,2.73779568854436e-06,5.562598964766139,other
4,619,ppiA,ppiA-4,-0.338064373142012,0.0137122095237712,1.8628925593121803,other
4,620,ushA,ushA-1,-0.343427884834773,0.0007627831091621,3.11759893240489,other
4,621,oppB,oppB-4,-0.34506455705047,1.71127120463777e-20,19.766681157411572,other
4,622,hemH,hemH-3,-0.345408825050392,1.7923222571076e-14,13.746583902095201,other
4,623,yohK,yohK-5,-0.346049549631235,9.55055608796886e-07,6.019971340572771,other
4,624,yjgH,yjgH-2,-0.347102483325794,8.41921432167507e-08,7.074728434828336,other
4,625,hscB,hscB-5,-0.351012655592051,1.98956560122567e-32,31.701241736446917,other
4,626,lolA,lolA-2,-0.353515361482052,1.25256637471883e-07,6.902199251161037,other
4,627,iscR,iscR-2,-0.356998321656401,3.47979262681446e-76,75.4584466364309,other
4,628,yjjG,yjjG-5,-0.358470719841625,1.39766865436544e-23,22.854595774682423,other
4,629,fimI,fimI-4,-0.359304445823334,1.5343540342084399e-55,54.8140744204632,other
4,630,yhcG,yhcG-4,-0.364271302606004,0.022587449223933,1.6461328107139335,other
4,631,ispF,ispF-2,-0.372499690121216,0.0386708723852432,1.4126160304657591,other
4,632,gntR,gntR-5,-0.37317227374119,0.0026752191237904,2.57264063967807,other
4,633,guaC,guaC-1,-0.37509963698258,9.71956965332623e-13,12.01235296360492,other
4,634,uspG,uspG-3,-0.376269233024814,0.0070180324276912,2.1537846294043383,other
4,635,ribD,ribD-4,-0.377301291210906,4.40503389094873e-08,7.35605074591359,other
4,636,rpsU,rpsU-3,-0.377481057830657,2.49659915658073e-26,25.6026511805399,other
4,637,nudB,nudB-2,-0.377529050342004,9.72453497521543e-54,53.012131157357175,other
4,638,bax,bax-4,-0.378719182322332,3.8036299175573495e-55,54.41980174530494,other
4,639,ligA,ligA-2,-0.380455954792766,0.0004602043074483,3.3370493207124143,other
4,640,ycbG,ycbG-1,-0.381460514366398,0.0011894497762624,2.9246538910395694,other
4,641,yohN,yohN-3,-0.381915069325637,0.0037140654368743,2.4301504488398926,other
4,642,yhbC,yhbC-5,-0.384334466978304,1.32498469232017e-20,19.877789139145502,other
4,643,yebC,yebC-3,-0.384798627083274,1.4619194889894302e-09,8.835076544238909,other
4,644,yafK,yafK-3,-0.386574079193813,3.8726287410227e-54,53.41199413571559,other
4,645,nusA,nusA-2,-0.393635270415516,9.07191075533275e-63,62.042301230789924,other
4,646,ygjN,ygjN-4,-0.397560741699726,2.1077553853229198e-11,10.676179792401014,other
4,647,rpsN,rpsN-3,-0.402144813586857,3.4057725603899503e-46,45.4677843578607,other
4,648,rffD,rffD-5,-0.407556994508294,2.67661360086613e-13,12.572414319557845,other
4,649,rpsB,rpsB-5,-0.410257838708901,0.0006017436797049,3.2205884625547205,other
4,650,pgpB,pgpB-3,-0.410408858455225,1.6714893708590902e-09,8.776896380777618,other
4,651,iscS,iscS-5,-0.411048339238169,1.78728298128681e-05,4.747806680017217,other
4,652,fusA,fusA-2,-0.41231161148178,2.41894959193115e-49,48.61637318173082,other
4,653,rplR,rplR-2,-0.412407503289433,1.55307895467915e-54,53.80880646525672,other
4,654,yhhQ,yhhQ-4,-0.413606499569058,2.6081813669644503e-44,43.583662212045496,other
4,655,mukF,mukF-1,-0.414685846043234,0.0001562507566983,3.8061778707576446,other
4,656,ybdH,ybdH-4,-0.415738545556707,0.0108793607137473,1.963396623631309,other
4,657,yfgB,yfgB-2,-0.416072610170859,2.043202925322e-26,25.689688498286273,other
4,658,secY,secY-2,-0.429177693554102,5.09675237043011e-33,32.29270646642469,other
4,659,ftsI,ftsI-2,-0.429365760064418,2.3862454225444696e-11,10.622284891690192,other
4,660,fabZ,fabZ-2,-0.42991277898002,2.38495249441966e-40,39.62252026719698,other
4,661,rpmG,rpmG-2,-0.430426997407501,5.97049677235842e-48,47.223989532100404,other
4,662,cspG,cspG-3,-0.432836425743848,1.48092395242683e-79,78.82946724255197,other
4,663,fmt,fmt-2,-0.438162677761126,0.0373886015703212,1.4272607782705076,other
4,664,pphA,pphA-5,-0.439020416854538,9.5990683065993e-05,4.017770917891571,other
4,665,ispU,ispU-3,-0.439130974812446,1.3980813828947e-28,27.854467547393362,other
4,666,infB,infB-3,-0.439162739722353,5.813412036681219e-69,68.23556889450184,other
4,667,rplO,rplO-1,-0.440685181599638,1.05431578650788e-36,35.97702929064417,other
4,668,rpmD,rpmD-2,-0.441150746719405,2.87832115689129e-49,48.5408607500505,other
4,669,yceG,yceG-2,-0.443411031834225,0.0001579719720898,3.801419960175363,other
4,670,rplA,rplA-1,-0.443484280578039,2.35974723105024e-63,62.62713451484316,other
4,671,copA,copA-2,-0.44938298441464,9.13499666648604e-05,4.039291606792777,other
4,672,yeaM,yeaM-2,-0.450243110727322,0.0383292398233965,1.416469793941003,other
4,673,bfd,bfd-2,-0.453885070656856,3.19439580315545e-08,7.495611273395871,other
4,674,sufC,sufC-5,-0.459730099463376,0.0003348618530276,3.4751343238343466,other
4,675,amiB,amiB-3,-0.461069154925587,5.57833673575633e-14,13.253495273134368,other
4,676,yoeB-6,yoeB-6,-0.461842622239963,1.04750664941729e-07,6.979843211515775,other
4,677,mntH,mntH-3,-0.463398867011755,5.42826509095868e-30,29.265338951592742,other
4,678,yhaV,yhaV-1,-0.463636476801955,1.42864534798279e-27,26.845075568640905,other
4,679,greA,greA-4,-0.464495990768738,2.35299694662397e-17,16.62837863638761,other
4,680,fadE,fadE-1,-0.465352947070824,7.53296387538762e-12,11.123034115237989,other
4,681,yojI-6,yojI-6,-0.471132625670079,0.0001610396597545,3.79306715569826,other
4,682,msbA,msbA-4,-0.473760425320872,2.16238882008436e-27,26.665066212679392,other
4,683,yqaB,yqaB-3,-0.47677620074556,3.00830960978425e-10,9.521677468977563,other
4,684,argR,argR-1,-0.479810393152794,8.84999116192064e-10,9.053057163011893,other
4,685,yfjO,yfjO-5,-0.480302371886069,3.1474217557488497e-30,29.502045057556522,other
4,686,cdsA,cdsA-1,-0.492628967573714,1.3653618568279301e-24,23.864752233900145,other
4,687,infC,infC-3,-0.493757419361475,2.72557263187397e-10,9.564542240272946,other
4,688,yfeA,yfeA-5,-0.495226894357443,3.3829541412953e-06,5.470703889388309,other
4,689,ydaN,ydaN-1,-0.505429038043948,3.89157989362499e-05,4.409874049114913,other
4,690,tolA,tolA-1,-0.510211471782511,0.0198830387407264,1.7015172412929191,other
4,691,dsbC,dsbC-5,-0.516474375309675,3.95462288220185e-12,11.402894925058254,other
4,692,lpxC,lpxC-2,-0.518162912117053,1.04690234672475e-40,39.98009382668457,other
4,693,rluB,rluB-4,-0.522325566793862,1.41363518130079e-13,12.849662655030246,other
4,694,trmD,trmD-3,-0.523025025106657,0.0010269533515892,2.988449283381806,other
4,695,gsk,gsk-2,-0.534241752266853,4.08641968542087e-06,5.388657032294256,other
4,696,rplI,rplI-2,-0.546088365689022,7.43051385051436e-48,47.12898115195592,other
4,697,pyrH,pyrH-1,-0.549895790504856,0.0006368717213939,3.1959480343852436,other
4,698,rplC,rplC-3,-0.550001704331633,8.77251442128122e-41,40.056875909168106,other
4,699,rplW,rplW-1,-0.552362111206482,3.73452722011331e-17,16.42776437074074,other
4,700,cspA,cspA-3,-0.559730761969779,7.238075892069899e-41,40.140376867575654,other
4,701,rpsR,rpsR-4,-0.560856835432932,3.72979000094178e-07,6.428315619665738,other
4,702,mltA,mltA-5,-0.567912784251258,0.0002593853532289,3.586054550963802,other
4,703,rpsH,rpsH-3,-0.5807245415883,4.41234908892585e-15,14.355330135081186,other
4,704,hupA,hupA-1,-0.584833725804333,4.95309296180534e-06,5.305123520913119,other
4,705,rplD,rplD-2,-0.585638550404876,9.60730518112037e-40,39.01739841348576,other
4,706,trmI,trmI-4,-0.605089040070254,5.46672009966873e-05,4.262273161755281,other
4,707,glnP,glnP-4,-0.607454085022198,0.0389909097795728,1.409036631248573,other
4,708,nlpI,nlpI-3,-0.613764801893601,1.09488773878991e-20,19.96063040769458,other
4,709,yebW,yebW-2,-0.614645108822499,0.006444067288829,2.19083993333436,other
4,710,rnpA,rnpA-2,-0.622602264634161,7.997016844227e-06,5.09707198922131,other
4,711,kefA,kefA-3,-0.64109527320396,6.85901770954221e-06,5.163738075819669,other
4,712,rplE,rplE-3,-0.641283478301021,9.82912918198995e-32,31.007484957061973,other
4,713,rplF,rplF-3,-0.653550098014907,3.58257981098144e-31,30.445804125820292,other
4,714,ygiT,ygiT-1,-0.657813168319167,2.55236754393658e-19,18.593056786530006,other
4,715,apaH,apaH-5,-0.662314667153657,0.0072234499820871,2.1412553300863646,other
4,716,yceD,yceD-2,-0.675789268937678,0.001354703126796,2.8681558667972236,other
4,717,rplX,rplX-1,-0.681355120015874,1.96092520540804e-30,29.707538971094095,other
4,718,tppB,tppB-1,-0.682458043084666,0.0255305364814393,1.5929400591291316,other
4,719,oppA,oppA-3,-0.688082741411991,9.94015778517831e-22,21.002606721770857,other
4,720,rpsK,rpsK-2,-0.694346377204087,1.8293551261572e-30,29.73770197830735,other
4,721,thiF,thiF-1,-0.694611988992709,0.0262724711978099,1.5804990754020962,other
4,722,sufD,sufD-2,-0.71165810978005,1.42025742541297e-06,5.8476329314592945,other
4,723,ymcE,ymcE-3,-0.724790831250178,6.49751130710936e-09,8.187252956057664,other
4,724,obgE,obgE-4,-0.729802404235341,5.92487284489946e-27,26.227320965714664,other
4,725,fis,fis-1,-0.757417758510481,6.885043498290651e-25,24.162093311615056,other
4,726,ygdK,ygdK-3,-0.783189562988863,0.0063744746404456,2.1955556022912304,other
4,727,fimA,fimA-4,-0.804385317881294,8.28491205781111e-12,11.081712097143264,other
4,728,phoR,phoR-3,-0.832995947826373,0.0034851937942508,2.457773067943665,other
4,729,rpsD,rpsD-1,-0.843143929019543,6.08955687593439e-13,12.215414308900504,other
4,730,rpoS,rpoS-1,-0.851699506564236,7.81776366082746e-05,4.106917462881764,other
4,731,truB,truB-2,-0.869156497417551,4.83347345963409e-13,12.315740661754264,other
4,732,ompA,ompA-4,-0.949130647676312,0.0003158468409418,3.500523462503681,other
4,733,rpsG,rpsG-5,-1.04897014373333,0.00047717306981,3.321324074563599,other
4,734,tyrA,tyrA-4,-1.55737033552344,6.6647072067895e-05,4.176218925210178,other
4,735,aroF,aroF-1,-2.42246808949943,1.6654841185699297e-30,29.778459504221875,other
9,2,tyrA,tyrA-4,2.14989027572501,0.0,304.0,red
9,3,aroF,aroF-1,2.04880637285828,0.0,304.0,other
9,4,cysP,cysP-5,1.94191866993427,2.77629804652437e-46,45.55653391249215,other
9,5,btuE,btuE-4,1.88255806599691,2.68599069307121e-33,32.570895496490394,other
9,6,aroP,aroP-2,1.74934905054386,1.8533271353069302e-152,151.7320479155332,other
9,7,copA,copA-2,1.71261372453317,0.0,304.0,red
9,8,kefC,kefC-2,1.66317328261114,5.2171941359168e-85,84.28256300253607,other
9,9,yohC,yohC-6,1.65339897802841,1.11799404217235e-230,229.95156051081324,other
9,10,dtd,dtd-1,1.64894708263488,2.71574986042523e-28,27.56611023411166,other
9,11,speF,speF-1,1.60712352688821,3.61695247100283e-30,29.44165719809954,other
9,12,ybiX,ybiX-4,1.58651596989547,1.76955513986959e-35,34.752135900069135,other
9,13,ydaM,ydaM-1,1.52135309839776,1.6735362477184702e-25,24.776364876665255,other
9,14,fiu,fiu-2,1.50909970299943,1.60017769039053e-104,103.79583178879952,other
9,15,astA,astA-2,1.48638466349736,1.77265219827392e-35,34.751376466422556,other
9,16,yhaK,yhaK-1,1.48417198003896,2.58119603230356e-303,302.588179011142,other
9,17,ydfB,ydfB-2,1.45758142104699,4.74184150264799e-24,23.32405296652733,other
9,18,sgcR,sgcR-5,1.45333803676688,1.00607498232757e-24,23.997369650296424,other
9,19,nanT,nanT-2,1.41468829359519,1.77304465547262e-43,42.75128032622586,other
9,20,ybjP,ybjP-3,1.36338912720007,2.19036799958347e-45,44.659482914035614,other
9,21,yqjK,yqjK-3,1.35848165046618,1.4847143191622202e-76,75.82835710294412,other
9,22,yehW,yehW-5,1.34738599431905,5.03481427394062e-54,53.298016545227625,other
9,23,iaaA,iaaA-2,1.32774452702439,1.54518359777364e-40,39.811019910567474,other
9,24,ybhF,ybhF-5,1.32542422271973,7.4696600702501e-119,118.1266991616349,red
9,25,aroD,aroD-2,1.32472242743747,8.10141572841919e-26,25.091439081205912,other
9,26,ydcK,ydcK-2,1.31978313395425,4.1147615006372996e-35,34.38565533225218,other
9,27,galS,galS-2,1.31435601014508,0.0,304.0,other
9,28,ysgA,ysgA-6,1.30473821414225,1.05468342646791e-108,107.97687787853685,other
9,29,cobC,cobC-1,1.2976832995369,8.17958616017591e-34,33.08726866856566,other
9,30,ygiD,ygiD-1,1.29527989923522,6.919047746449291e-149,148.15995367243914,other
9,31,yeaG,yeaG-2,1.29426349111947,1.32770526612302e-201,200.87689832218388,other
9,32,artM,artM-5,1.27541271395984,1.29956053380705e-151,150.88620348616215,other
9,33,yeeE,yeeE-5,1.27467332730491,2.97157958321892e-123,122.52701263421277,other
9,34,yegS,yegS-4,1.27417736868242,1.6726711727416602e-25,24.776589427776422,red
9,35,yfaY,yfaY-4,1.26505381699478,7.36127748989205e-21,20.133046810843627,other
9,36,aroM,aroM-4,1.26136091765042,0.0,304.0,other
9,37,yhjX,yhjX-1,1.25977067296923,5.29309181433214e-28,27.27629057264165,other
9,38,cueO,cueO-5,1.25661273674439,1.55532737334891e-267,266.8081781844668,other
9,39,yfiP,yfiP-4,1.20998669280362,0.0,304.0,other
9,40,aidB,aidB-2,1.20872359348687,5.20882793196513e-26,25.283259988781992,other
9,41,uxuB,uxuB-4,1.20658269526033,1.06139010076912e-34,33.97412496720729,other
9,42,cysJ,cysJ-5,1.19417815354089,3.90147725964301e-23,22.408770920092888,red
9,43,ltaE,ltaE-5,1.18601652578596,7.87757626311897e-98,97.10360738371202,other
9,44,yeeD,yeeD-5,1.17369710185102,1.2134251713259001e-64,63.915987000281575,other
9,45,yhhW,yhhW-1,1.17065979030122,0.0,304.0,other
9,46,ymdF,ymdF-4,1.16191550596223,6.5146414399551e-63,62.18610948247392,other
9,47,uidR,uidR-4,1.15855008978152,3.64492546841748e-147,146.43831134772623,other
9,48,yajO,yajO-4,1.15645616135705,2.73726806472666e-36,35.56268266940359,other
9,49,narZ,narZ-4,1.14701977570503,2.64613337675906e-63,62.577388269245034,other
9,50,mmuP,mmuP-5,1.12608617007261,2.4326084083799702e-21,20.613927796440034,other
9,51,cysK,cysK-4,1.11877960824611,5.1217448026492595e-270,269.2905820645951,other
9,52,yccJ,yccJ-2,1.11566393118609,9.615347000896089e-162,161.01703503822165,other
9,53,ybaW,ybaW-5,1.11052371714048,1.09697127896622e-25,24.959804743026723,other
9,54,uspB,uspB-5,1.10249391292784,3.59973777109857e-108,107.44372913498628,other
9,55,sdhA,sdhA-2,1.10041421052421,2.9006081507626897e-227,226.53751093698702,purple
9,56,hyaC,hyaC-4,1.0985142387668,3.6461626902911103e-44,43.43816395720618,other
9,57,ybhG,ybhG-1,1.07912950514583,5.6600770512078395e-114,113.24717765667629,other
9,58,yqjF,yqjF-4,1.06653697371398,2.8587983375504503e-181,180.5438164791219,other
9,59,flhC,flhC-2,1.06045550212731,5.1510629123109994e-42,41.28810314584789,other
9,60,ybhM,ybhM-1,1.05820413911365,7.04508826657373e-17,16.152113561327404,other
9,61,yhjY,yhjY-4,1.05744065325114,1.4495181542826701e-120,119.83877634101584,other
9,62,holA,holA-4,1.05628819980107,5.01658841533478e-85,84.29959152908614,other
9,63,deoC,deoC-2,1.05576722361198,3.75557693746894e-14,13.425323336552646,other
9,64,mngB,mngB-2,1.05421604203634,6.123786306614561e-46,45.21297997268922,other
9,65,ydjN,ydjN-2,1.04968668647867,6.30774239703956e-196,195.2001260512069,other
9,66,yraQ,yraQ-5,1.04673949491594,4.86713721584769e-85,84.31272640981865,other
9,67,artI,artI-3,1.04461153177407,2.71985962820347e-84,83.56545350930027,other
9,68,yqjG,yqjG-5,1.04223915178698,5.0669560836026697e-166,165.29525285981663,other
9,69,yhhA,yhhA-5,1.03935142989729,2.79320423691785e-19,18.553897307863785,other
9,70,narU,narU-1,1.03903502724477,1.18651562671149e-38,37.92572653764059,other
9,71,yjfY,yjfY-3,1.03117212779298,9.96293235341758e-41,40.00161281845614,other
9,72,hsdM,hsdM-4,1.03006433942445,5.27859687347533e-25,24.277481503808904,other
9,73,yebW,yebW-2,1.02811904871988,0.0,304.0,other
9,74,mobA,mobA-5,1.02228736922666,2.66847129078001e-24,23.573737465269197,red
9,75,tktB,tktB-2,1.0208660858942,4.0449210436719e-156,155.39308995134027,other
9,76,ypfH,ypfH-1,1.02022646646271,1.61234112098344e-82,81.79254306967235,other
9,77,amyA,amyA-3,1.01836473707247,1.86471987651039e-90,89.72938639989985,other
9,78,yohL,yohL-6,1.01418048602112,1.08885702463444e-147,146.96302914273164,other
9,79,hipB,hipB-3,1.0123873360847,7.72628296141559e-34,33.1120293906345,other
9,80,yncB,yncB-1,1.00843630499662,1.33532936100625e-25,24.87441160169593,other
9,81,purE,purE-3,1.00175984345337,6.58094308611109e-29,28.181711865087372,other
9,82,mrcB,mrcB-3,1.00161961194327,7.85335854769474e-120,119.10494457423611,other
9,83,tqsA,tqsA-1,0.993721202534497,6.2102094497057e-20,19.20689375226827,other
9,84,yqjI,yqjI-1,0.991678230075864,9.24518879007168e-55,54.03408421596514,other
9,85,setB,setB-2,0.989989774473068,6.486490284177619e-40,39.187990228085866,other
9,86,hcaC,hcaC-1,0.98739364104188,1.61813686813474e-29,28.79098474690068,other
9,87,yfhD,yfhD-2,0.986529727848164,5.38751088802506e-100,99.26861183913202,other
9,88,gntT,gntT-4,0.986471632316405,3.50146939214909e-141,140.45574966565437,other
9,89,yaeQ,yaeQ-5,0.981127663042303,1.58186894642524e-64,63.80082949947421,other
9,90,fecI,fecI-5,0.979735889761098,4.5315224116266496e-122,121.3437558677682,other
9,91,yebV,yebV-5,0.978375000668019,3.81575823457506e-259,258.4184191498789,other
9,92,yeaQ,yeaQ-5,0.977919931995587,1.52852459463322e-256,255.81572756889238,other
9,93,gntR,gntR-5,0.977316591540819,1.5710168835754399e-251,250.80381914761168,other
9,94,ymdB,ymdB-1,0.967976235106888,9.937224939329539e-22,21.002734879365374,other
9,95,nfo,nfo-1,0.96341019877319,1.1341103234599e-73,72.94534469629023,other
9,96,nfrB,nfrB-5,0.963260442395515,6.58780909849827e-51,50.18125899430344,red
9,97,yaiA,yaiA-4,0.959977130838533,3.05376838062606e-134,133.51516390599298,other
9,98,asnA,asnA-5,0.959302140581463,8.83271509563188e-64,63.05390577775855,red
9,99,yphA,yphA-3,0.955389531280314,4.816034817735319e-22,21.317310381987845,other
9,100,caiA,caiA-5,0.9539163232509,5.80320733195747e-31,30.236331913061775,other
9,101,acrD,acrD-3,0.952861718291542,1.14663262653268e-52,51.94057570487644,other
9,102,hypB,hypB-1,0.952194712861526,2.6946201994559203e-31,30.569502438976055,red
9,103,asnB,asnB-5,0.950683822250965,1.0666312192624501e-145,144.97198570908836,red
9,104,mglB,mglB-1,0.949504607677495,1.67484439238438e-174,173.77602553648867,other
9,105,fbaB,fbaB-1,0.946395286694836,1.64238691409999e-196,195.78452452391315,purple
9,106,yneL,yneL-3,0.943227401928568,5.90672408742107e-43,42.22865331526193,other
9,107,ybiW,ybiW-1,0.938578022957374,3.58398201277627e-19,18.44563417863369,other
9,108,betA,betA-5,0.936097889744421,8.49174427674629e-132,131.07100309279974,other
9,109,gsk,gsk-2,0.934934520087655,2.48583019710219e-244,243.60452854060998,red
9,110,pbpG,pbpG-4,0.932489594437207,8.67660529060232e-105,104.06165015868653,other
9,111,deoD,deoD-1,0.92648238909347,9.921713785407562e-151,150.00341330533965,other
9,112,phr,phr-3,0.92387906744766,1.21666986141667e-128,127.91482724988471,other
9,113,yaaA,yaaA-3,0.923298856923421,1.57926240543987e-150,149.80154570294528,other
9,114,ybdD,ybdD-5,0.922490726451025,2.29194773031934e-34,33.639795291020846,other
9,115,hemH,hemH-3,0.920257214153248,0.0,304.0,other
9,116,manX,manX-4,0.913364749966759,6.519612702111e-17,16.18577820278525,purple
9,117,yeeY,yeeY-5,0.911975753714672,2.31973412975105e-232,231.63456178778094,other
9,118,yidL,yidL-2,0.911632595023825,1.51166221603234e-39,38.820545241971026,other
9,119,hemL,hemL-1,0.909575857532945,5.97231419985183e-33,32.22385735237494,other
9,120,yohM,yohM-6,0.904979281739446,1.11012200417512e-96,95.95462928893559,other
9,121,yagJ,yagJ-4,0.904481010917646,3.58354874088798e-65,64.4456866841888,other
9,122,nanR,nanR-5,0.90013686021027,3.3941825187720103e-19,18.46926480763878,other
9,123,yhcH,yhcH-3,0.896676386576878,1.72805149051478e-25,24.76244332105083,other
9,124,glpR,glpR-5,0.891661998281171,0.0,304.0,other
9,125,sdaA,sdaA-5,0.889540035216489,1.0044748256013399e-134,133.998060943176,other
9,126,fepA,fepA-1,0.888015692904483,8.57871138226391e-148,147.06657794310723,other
9,127,ebgA,ebgA-3,0.88558495884646,3.65938939800557e-28,27.436591374496167,other
9,128,yfiQ,yfiQ-1,0.87958618765537,4.6643845251698596e-302,301.331205654159,other
9,129,yieF,yieF-3,0.879507231822547,5.34934662080918e-99,98.27169926027894,other
9,130,yheN,yheN-1,0.878286649130876,2.57576632606705e-36,35.58909353879002,other
9,131,pitA,pitA-3,0.877974318695877,1.0221369642400399e-116,115.99049090573926,other
9,132,fadE,fadE-1,0.877769227641735,0.0,304.0,other
9,133,mug,mug-2,0.876888741563459,5.27632211976291e-51,50.2776686986137,other
9,134,ytfN,ytfN-4,0.871953495468266,7.11798488868978e-68,67.1476429383279,other
9,135,frdB,frdB-2,0.869459216621722,6.70297520215208e-15,14.173732387288123,other
9,136,fecB,fecB-5,0.867711141454707,2.99114959318872e-20,19.524161866516728,other
9,137,ygjG,ygjG-1,0.863356948028849,8.34679640182369e-121,120.07848017984283,other
9,138,astC,astC-1,0.863168563605127,2.87697730260771e-25,24.541063564383954,other
9,139,rbsA,rbsA-1,0.861907348119625,2.54436021206275e-37,36.594421404408465,red
9,140,yjiV,yjiV-2,0.860908374509545,6.14234856551248e-63,62.21166554188459,other
9,141,yeiH,yeiH-3,0.859682702304206,1.7132257481246098e-114,113.76618540720075,other
9,142,ilvC,ilvC-5,0.858883555229793,6.28378344668144e-43,42.20177879013936,red
9,143,yagV,yagV-3,0.85397488051174,1.766337395664e-65,64.7529263363872,other
9,144,yniA,yniA-3,0.850412881952603,2.5137457018823798e-62,61.59967865897118,red
9,145,yhjE,yhjE-5,0.848746575621766,2.07486069654262e-24,23.683011055941627,other
9,146,yieP,yieP-1,0.848302324462345,1.40067033805825e-50,49.85366406828965,other
9,147,yieG,yieG-4,0.846545219000631,1.01181784640132e-156,155.99489766479178,other
9,148,ygdH,ygdH-4,0.846424748571222,1.08628398621462e-130,129.96405662270018,other
9,149,yaaJ,yaaJ-4,0.844798224977685,8.01597389116893e-60,59.096043706015216,other
9,150,yodD,yodD-5,0.844031037505902,3.4612411425133497e-50,49.46076814262593,other
9,151,yebR,yebR-1,0.841141661886069,6.59509858856232e-16,15.180778707904034,other
9,152,ykfJ,ykfJ-5,0.84102336791224,6.24654162481398e-41,40.204360361689275,other
9,153,glpQ,glpQ-2,0.838094790168615,8.5013769233005e-32,31.070510728196044,other
9,154,yhhT,yhhT-3,0.836622668264512,1.0933311896762e-25,24.96124826251351,other
9,155,ubiE,ubiE-1,0.834952442310099,1.04779128865799e-81,80.97972521659956,other
9,156,hyfA,hyfA-1,0.831032558470214,1.53241056827358e-29,28.814624861565576,other
9,157,nei,nei-5,0.828465360726726,2.3792487943297e-28,27.623560142092614,other
9,158,gss,gss-1,0.828003726231195,6.83329418515161e-187,186.16536988174508,red
9,159,cpxA,cpxA-5,0.824611467687975,1.2765854607915799e-135,134.89395010611798,red
9,160,cydB,cydB-2,0.823543495317289,3.2649725823593503e-264,263.48612046136594,other
9,161,ydaN,ydaN-1,0.82234371445071,6.25712261494201e-119,118.20362533447893,other
9,162,fpr,fpr-2,0.821852616577333,5.29147654408139e-34,33.27642312466236,other
9,163,pspF,pspF-3,0.818641438823657,3.8727005838881696e-28,27.411986078999412,red
9,164,poxB,poxB-4,0.814459467998194,9.93859382708163e-58,57.00267505789034,other
9,165,gpp,gpp-1,0.814063718892364,2.27027184439377e-146,145.6439221368811,other
9,166,yjjJ,yjjJ-4,0.812475814280199,1.54789047641264e-39,38.81025977180066,other
9,167,yccX,yccX-1,0.80971751079943,2.23652312612355e-37,36.65042660677104,other
9,168,fdhD,fdhD-4,0.806861519014585,2.96940972294532e-100,99.52732987376217,other
9,169,dld,dld-1,0.805528310911467,8.3527434760417e-80,79.07817085615552,other
9,170,ugpQ,ugpQ-4,0.801874780890591,6.54343634698587e-14,13.184194117945632,other
9,171,ydcH,ydcH-3,0.800816624360556,6.1286279587041605e-25,24.21263674190225,other
9,172,rffM,rffM-1,0.800286053419665,4.21904173692273e-29,28.374786178333316,other
9,173,talA,talA-5,0.798095763919194,1.33623426375534e-113,112.87411739624862,other
9,174,tldD,tldD-4,0.791039242791647,2.90022922056863e-50,49.537567676137584,other
9,175,glnE,glnE-2,0.790550124057447,1.55072424442695e-100,99.80946542318647,red
9,176,treA,treA-2,0.789676779731165,2.94298293811321e-50,49.53121225570697,other
9,177,gdhA,gdhA-2,0.78592957822858,3.13215120499441e-47,46.504157280487135,red
9,178,cedA,cedA-1,0.784207168026048,3.9783123559049696e-26,25.400301121382437,other
9,179,nuoF,nuoF-1,0.780383982031693,5.2083284683337405e-117,116.2833016343695,red
9,180,hchA,hchA-3,0.77845309777627,3.77642056270532e-53,52.4229196462883,other
9,181,etk,etk-3,0.778211598524898,1.58358324937201e-19,18.80035910072116,red
9,182,yggL,yggL-5,0.77764510679091,3.26266717739536e-102,101.48642722605668,other
9,183,yedA,yedA-1,0.777538367028037,5.90371926621102e-57,56.22887430227482,other
9,184,torC,torC-3,0.774293003137923,2.743946182172e-25,24.56162441082787,other
9,185,fliD,fliD-1,0.774102096399229,9.80939002304093e-33,32.00835799749912,other
9,186,nudC,nudC-3,0.772746323848639,2.75228484083049e-83,82.56030662189022,other
9,187,osmE,osmE-2,0.771427751281799,1.1959230080517e-14,13.92229677875446,other
9,188,htgA,htgA-5,0.76975990294208,3.6418064920511596e-28,27.43868313423222,other
9,189,ydbJ,ydbJ-4,0.769493722647874,1.55112091401031e-64,63.80935434645418,other
9,190,yajQ,yajQ-2,0.768242893164656,5.56888787104238e-116,115.25423152649483,red
9,191,dacD,dacD-3,0.766089829836643,2.87065939694751e-82,81.54201833338344,other
9,192,apaG,apaG-5,0.763606181207014,1.66551883109556e-115,114.77845045261876,other
9,193,fepB,fepB-1,0.761862087553503,1.06605748009851e-62,61.97221937822071,other
9,194,bacA,bacA-1,0.754154149137992,2.8102176145872802e-14,13.551260048367125,other
9,195,ycfP,ycfP-1,0.753610705757078,9.350224601493351e-91,90.02917795682613,other
9,196,ascB,ascB-1,0.750437072314975,2.04783306948384e-24,23.688705448065726,other
9,197,ydhB,ydhB-5,0.747597055875804,1.1795996852935199e-36,35.92826535198605,other
9,198,aspA,aspA-4,0.747165752083801,2.85206583138099e-47,46.54484045431963,other
9,199,feaB,feaB-1,0.746608715047337,4.40105246123468e-17,16.35644345454795,other
9,200,trpC,trpC-5,0.744215563659383,5.69476972314187e-31,30.244523832601693,other
9,201,cusA,cusA-4,0.743920392808411,1.55708950233093e-18,17.807686423237097,other
9,202,yneE,yneE-2,0.743469095557615,5.9760106855601e-22,21.22358863464051,other
9,203,fumC,fumC-4,0.741534488401253,7.9898928066747e-37,36.09745904719188,purple
9,204,sdhB,sdhB-3,0.741010822808482,3.6546941850631297e-134,133.43714895777484,purple
9,205,pgl,pgl-1,0.740935076990298,2.23873109536657e-15,14.64999806846291,other
9,206,ycbB,ycbB-1,0.740154010322928,4.00041792262331e-66,65.39789463567,other
9,207,yfcY,yfcY-1,0.738479932718834,1.4725778788346e-82,81.83192172781166,other
9,208,yidH,yidH-5,0.738122929866228,7.14537432324143e-26,25.145975014982184,other
9,209,yaiX,yaiX-4,0.732071627456097,4.10613683768628e-35,34.38656658178914,other
9,210,gntK,gntK-1,0.730545549648553,2.48611679633008e-149,148.60447847231137,red
9,211,fumA,fumA-4,0.729956199789415,1.6762494726496502e-54,53.775661345769954,purple
9,212,ytjB,ytjB-5,0.729274880165282,1.626781104609e-54,53.788670880656255,other
9,213,leuB,leuB-4,0.719416187322782,5.51437246090376e-26,25.258503903400314,red
9,214,xapR,xapR-4,0.715747343434739,2.48030323988568e-27,26.605495219432562,other
9,215,polB,polB-2,0.715679800698445,1.0224548433843801e-61,60.99035586346932,other
9,216,trkA,trkA-1,0.713749857547585,6.88889353529074e-108,107.16185052701923,red
9,217,rnt,rnt-3,0.711557918064837,4.35550972586327e-88,87.36096101214297,other
9,218,dinG,dinG-5,0.708057030462212,4.01596749693924e-144,143.39620981079258,red
9,219,ilvM,ilvM-2,0.707180826174687,7.09998946650416e-28,27.148742295596772,other
9,220,yedQ,yedQ-3,0.704290372669423,4.62130569899184e-118,117.3352353019868,other
9,221,acnA,acnA-3,0.703757934009064,2.03847369180693e-228,227.69069488910603,purple
9,222,vsr,vsr-2,0.703165958413296,8.545092895546949e-79,78.06828321160864,other
9,223,yegX,yegX-4,0.702981657974505,5.16024159461773e-67,66.2873299648935,other
9,224,yedP,yedP-1,0.70294631786011,7.08699710493737e-25,24.149537744649233,other
9,225,surE,surE-3,0.701015842761012,3.1778122671776297e-40,39.49787176280424,other
9,226,ydhM,ydhM-1,0.700744975196602,6.03763992279012e-31,30.219132791314305,other
9,227,katE,katE-2,0.700113389067512,3.2744509933916303e-110,109.48486150499357,other
9,228,ygbN,ygbN-3,0.700042310210101,6.45001244794364e-26,25.19043944721465,other
9,229,yaiT1,yaiT-11,0.699479958713967,9.06590420631927e-42,41.04258887416843,other
9,230,xseA,xseA-5,0.697890563338859,3.12674543812853e-25,24.504907475110226,other
9,231,ybhO,ybhO-1,0.697626176151445,2.57456166260447e-21,20.58929670204682,other
9,232,yfiE,yfiE-1,0.696805099180033,2.9550981540069797e-101,100.52942808938995,other
9,233,queA,queA-2,0.696766402810303,1.5454057561091699e-83,82.81095747448921,other
9,234,ycgB,ycgB-2,0.69670021269026,2.37840222205226e-114,113.62371469805784,other
9,235,yjjZ,yjjZ-3,0.696670279367578,1.0901456064156101e-63,62.96251549119741,other
9,236,yheL,yheL-5,0.69552373224755,2.83962125003255e-14,13.546739582484726,other
9,237,aphA,aphA-2,0.693928673638749,2.25174165463143e-28,27.64748143815642,other
9,238,argA,argA-3,0.693831386218642,2.09569310837077e-17,16.678672314770107,other
9,239,recB,recB-1,0.690944639312281,5.37764654435399e-58,57.26940774597311,red
9,240,fecA,fecA-1,0.688298298174616,3.4572354912840603e-60,59.46127103726929,other
9,241,ubiD,ubiD-2,0.688082260183064,7.95397771736492e-171,170.09941563000066,other
9,242,paaK,paaK-4,0.686974474956906,1.46933490362691e-28,27.83287920474063,other
9,243,holB,holB-5,0.686365716800796,1.34426792753599e-153,152.8715141629386,other
9,244,glcC,glcC-5,0.685915107360135,9.66444540603221e-94,93.01482306289881,other
9,245,yegH,yegH-1,0.683050238797444,5.45446360679515e-39,38.26324795159496,other
9,246,azoR,azoR-3,0.682169035123191,0.0,304.0,other
9,247,yecC,yecC-2,0.681905224938113,4.22613309530438e-59,58.374056829658045,other
9,248,dxs,dxs-3,0.681292582534456,2.91631648032432e-33,32.53516534791223,other
9,249,yhjA,yhjA-4,0.681012841143716,3.7445218864883504e-31,30.42660362664689,other
9,250,ydfG,ydfG-5,0.679717137975771,2.1090889682528e-75,74.67590509991614,other
9,251,macB,macB-1,0.678277423789057,7.83877421280752e-52,51.105751844743466,other
9,252,prfH,prfH-4,0.674910245470813,2.07105164400006e-59,58.68380907135058,other
9,253,sdhC,sdhC-5,0.67471011837402,5.7103353183672e-240,239.2433383886647,purple
9,254,bisC,bisC-5,0.674625561533036,2.0458188599188098e-40,39.689132822051185,other
9,255,kdpD,kdpD-2,0.672621114165202,2.3148877897399297e-49,48.635470055824364,red
9,256,ydcL,ydcL-4,0.67218286211052,3.14555358221711e-79,78.50230291252538,other
9,257,ydbK,ydbK-5,0.669968230363511,3.5114796879149304e-54,53.4545098394083,other
9,258,cbpA,cbpA-2,0.669438657390802,2.92629474491384e-38,37.53368193260481,other
9,259,pheT,pheT-2,0.668871127861298,1.25318744811774e-206,205.9019839636471,red
9,260,emtA,emtA-4,0.668530233094516,1.18271610225115e-38,37.927119490386765,other
9,261,yjeF,yjeF-1,0.667866671535732,2.19073850767297e-15,14.659409457880695,other
9,262,hspQ,hspQ-4,0.666640189838738,1.6120724296266101e-144,143.79261544945368,other
9,263,dsbB,dsbB-1,0.666265424042598,1.39933010368544e-74,73.85407982282193,other
9,264,ybbB,ybbB-2,0.665368034346128,5.88981732764108e-32,31.22989817462338,other
9,265,yjcD,yjcD-5,0.660053588150184,5.21781353089819e-59,58.282511445348675,other
9,266,pntB,pntB-2,0.657464475947382,2.67655241532884e-82,81.57242424734306,red
9,267,ypeB,ypeB-3,0.656509741232356,4.6460829511601e-32,31.33291304057334,other
9,268,hemF,hemF-4,0.654847458015975,9.854289929259869e-80,79.00637466422212,other
9,269,cydC,cydC-4,0.654786387441901,9.861405513655859e-69,68.00606118208482,red
9,270,yfgC,yfgC-3,0.653132901734389,3.5108657506001297e-40,39.45458577688277,other
9,271,ycfQ,ycfQ-5,0.650196994415196,2.3700277676912704e-112,111.62524656568422,other
9,272,pabB,pabB-1,0.650094095428569,7.79349330830443e-24,23.108267833154645,other
9,273,ybiR,ybiR-2,0.64827899706287,1.36922359188475e-76,75.86352562652431,other
9,274,znuB,znuB-6,0.648009261828635,3.7878251748324803e-63,62.42161007384978,other
9,275,ytfK,ytfK-5,0.647940004776818,5.4690284688436e-67,66.26208981591417,other
9,276,maeB,maeB-4,0.647277227896583,9.343377517980621e-73,72.02949610318451,other
9,277,dmsA,dmsA-3,0.647254748761849,5.40438065195338e-23,22.267254069490708,other
9,278,rnd,rnd-5,0.647011264926093,1.78960083141492e-64,63.74724382714632,other
9,279,dbpA,dbpA-1,0.645293144408151,1.8218782737148098e-55,54.73948064318079,other
9,280,glcB,glcB-2,0.642379509017248,1.41328957101299e-21,20.8497688457886,other
9,281,malM,malM-4,0.641304005653975,3.0043876828979603e-20,19.52224402716727,other
9,282,gntU,gntU-4,0.639572162742544,1.05555263649561e-108,107.97652010516104,other
9,283,frdC,frdC-5,0.638157819546013,2.41898789480592e-19,18.61636630494616,other
9,284,yhbX,yhbX-5,0.637354340116695,4.37266997538613e-18,17.359253299530824,other
9,285,dacC,dacC-2,0.636468996445418,1.69097951612746e-87,86.77186165324595,other
9,286,artQ,artQ-5,0.63518420997611,2.1604747728083396e-56,55.665450800444674,other
9,287,mdtK,mdtK-4,0.633689150645286,2.0844889909178e-75,74.68100039422742,other
9,288,ymdC,ymdC-3,0.631544025267781,3.85435378223357e-49,48.41404842496333,other
9,289,yedY,yedY-4,0.630411669021818,3.99084960759309e-24,23.398934637994753,other
9,290,ldcC,ldcC-3,0.63040961955892,1.4977573237122998e-51,50.824558548125474,other
9,291,ynhG,ynhG-2,0.627546408988035,7.7616761437929e-97,96.11004448217034,other
9,292,xthA,xthA-1,0.627422627063485,1.76644965385309e-67,66.75289873601876,other
9,293,ycaM,ycaM-4,0.625051129797679,7.19877539503793e-23,22.14274137640364,other
9,294,glmU,glmU-4,0.624469207451983,1.45854197195166e-43,42.836081068822175,other
9,295,betT,betT-1,0.624278069392491,4.4296608947353204e-201,200.35362951919052,other
9,296,yidX,yidX-4,0.623535011645509,5.03689309657305e-21,20.297837266545724,other
9,297,ybjS,ybjS-1,0.622960478490208,9.28672850311667e-38,37.03213725083636,other
9,298,yliB,yliB-4,0.621773156045699,2.03916961250011e-20,19.690546649303133,other
9,299,yffR,yffR-3,0.621176631596448,6.317435487994e-18,17.19945918428755,other
9,300,yebO,yebO-3,0.620859032732113,8.50058148455302e-39,38.070551365239226,other
9,301,yjiN,yjiN-5,0.619819979203431,9.43038493452781e-40,39.025470579634955,other
9,302,yeiB,yeiB-3,0.61953388252777,1.02219634577532e-70,69.99046567592671,other
9,303,yhdH,yhdH-2,0.618514949845407,4.5236969127895e-28,27.344506500455804,other
9,304,yeaH,yeaH-4,0.617911978140771,6.369544737755551e-97,96.19589160768763,other
9,305,yjiO,yjiO-3,0.616773229587248,1.41268760967003e-32,31.849953863909274,other
9,306,dkgA,dkgA-1,0.616197092911778,2.4337016126061298e-57,56.613732670125046,other
9,307,yhbN,yhbN-4,0.616113732263464,3.83209723216732e-88,87.41656348005853,other
9,308,yggW,yggW-5,0.6146820286708,5.43231854271535e-105,104.26501477162752,other
9,309,ggt,ggt-5,0.61399013731758,2.62046407675127e-37,36.581621789548734,other
9,310,queC,queC-3,0.613155326594306,1.16187701479009e-56,55.934839839781105,other
9,311,yfjL,yfjL-1,0.612913538451056,8.435579988463321e-60,59.0738850521229,other
9,312,yfcU,yfcU-3,0.609716740749039,1.0486940842187e-31,30.979351181884493,other
9,313,gadC,gadC-1,0.608746985292411,9.05088658178249e-29,28.04330887729015,other
9,314,entF,entF-3,0.608521528634178,2.3677746396599e-33,32.62565963531469,red
9,315,yebF,yebF-3,0.607615229597971,6.8315874595145394e-77,76.16547836735798,other
9,316,sodB,sodB-5,0.606708169111971,0.0,304.0,other
9,317,yoaG,yoaG-2,0.606442936600156,5.27419625558496e-125,124.27784371391843,other
9,318,sfsA,sfsA-4,0.605175503698652,3.96323633972957e-50,49.4019500286045,other
9,319,yhhF,yhhF-1,0.603932048382254,1.45603991504388e-54,53.83682671935973,other
9,320,uvrB,uvrB-5,0.601397157865633,1.71071659813923e-268,267.7668219308789,red
9,321,glk,glk-3,0.599915476950577,4.85432190265219e-195,194.31387142785778,red
9,322,yeiU,yeiU-2,0.599675418441205,6.56454902258527e-16,15.182795104110696,other
9,323,nagZ,nagZ-1,0.599542259582702,1.4454598066490402e-91,90.83999398008687,other
9,324,ymgB,ymgB-2,0.598497052312405,1.0245477866166699e-36,35.989467780571786,other
9,325,ebgR,ebgR-5,0.598207086226953,2.9061911904579e-62,61.536675818038844,other
9,326,hipA,hipA-3,0.597152702385537,1.95688130204995e-43,42.708435516410525,red
9,327,ydgD,ydgD-3,0.596732364762654,1.64215671778983e-29,28.78458539872478,other
9,328,helD,helD-1,0.59432461622372,9.3334487399923e-79,78.02995785335973,red
9,329,yihA,yihA-2,0.591844690057779,1.30482968572029e-48,47.8844461713747,red
9,330,yfbB,yfbB-1,0.591044082144259,9.118819360464161e-60,59.04006138737634,other
9,331,yfdG,yfdG-4,0.587821523787056,1.63920466503509e-45,44.78536681864047,other
9,332,surA,surA-5,0.587708441698696,1.7447456663570903e-173,172.7582678717122,other
9,333,ilvG,ilvG-2,0.587038190746649,2.18386828291606e-24,23.660773559066104,other
9,334,katG,katG-5,0.586708724701675,0.0,304.0,other
9,335,ybiV,ybiV-3,0.585351121714538,1.5279106509473102e-67,66.81590204166027,purple
9,336,yraM,yraM-6,0.585200443485488,5.38405502086504e-38,37.26889051060875,other
9,337,ybiC,ybiC-1,0.584593497832843,1.7807307896112e-36,35.74940173209408,other
9,338,potD,potD-5,0.583502593762581,3.56602586304088e-107,106.44781551137513,other
9,339,yhjG,yhjG-4,0.581208652625785,9.928759150785211e-52,51.003105024177295,other
9,340,yadI,yadI-1,0.580489764567136,4.17983759135717e-40,39.378840592518664,other
9,341,caiB,caiB-4,0.580409411357867,2.84182805613129e-60,59.546402202457955,other
9,342,clpA,clpA-3,0.578601995637142,1.70374868841996e-291,290.76859446548576,red
9,343,puuC,puuC-5,0.576337749177047,1.2919806751217101e-171,170.88874398227807,other
9,344,yafE,yafE-1,0.575041218101733,2.13264245380483e-58,57.67108194968679,other
9,345,rnhB,rnhB-5,0.573643307810899,1.2057552335744e-90,89.91874084434902,other
9,346,yjaG,yjaG-5,0.572667894481529,4.06940699214329e-63,62.390468873036156,other
9,347,csiE,csiE-3,0.572340306578369,9.39892848431756e-76,75.02692165489745,other
9,348,avtA,avtA-2,0.57019324677275,1.84939536727501e-143,142.73297023461112,other
9,349,ligB,ligB-1,0.569111775311676,1.18607890866792e-13,12.925886416824147,other
9,350,sra,sra-5,0.568717844443998,1.93103744845851e-82,81.71420930389995,other
9,351,ymbA,ymbA-5,0.566766801968845,1.70632119128627e-47,46.767939215563715,other
9,352,yncK,yncK-2,0.566265442365558,6.59461361696392e-14,13.180810644990437,other
9,353,ruvC,ruvC-3,0.564896722507535,7.95227835291266e-55,54.09950842677243,other
9,354,bolA,bolA-4,0.564248416452322,4.1454430273891594e-36,35.3824290491743,other
9,355,tolQ,tolQ-2,0.563639868317728,5.06088501732041e-235,234.29577352969585,other
9,356,lpxM,lpxM-4,0.563347338426343,9.4423697858028e-97,96.02491899556024,other
9,357,ispF,ispF-2,0.563067258403639,1.78721497794251e-68,67.74782320456278,other
9,358,nfnB,nfnB-4,0.562606665665074,1.1364258848929801e-67,66.94445888271207,other
9,359,yfaL,yfaL-3,0.56242814249422,4.3639758064741294e-11,10.3601176657702,other
9,360,yhgF,yhgF-4,0.562212799357911,1.07960630278086e-41,40.96673458868114,other
9,361,gltJ,gltJ-4,0.560861160782102,1.16626798095689e-53,52.93320164745109,other
9,362,pldB,pldB-5,0.560833965827152,4.12814150194788e-74,73.38424542464105,other
9,363,proB,proB-3,0.55989069485577,7.262997553953089e-22,21.138884102101148,red
9,364,chiA,chiA-5,0.559420797885625,1.87353732856269e-11,10.727337649553213,other
9,365,gcvP,gcvP-1,0.559006238917336,5.4728531584698904e-14,13.261786204209361,other
9,366,arcA,arcA-2,0.558661832661464,3.5101332658728198e-276,275.4546763947779,other
9,367,ompW,ompW-5,0.558646426101177,1.58480602421629e-24,23.80002388661204,other
9,368,nupC,nupC-2,0.554803578002405,3.30928009918566e-26,25.480266472373994,other
9,369,phoQ,phoQ-3,0.554047429850677,1.03002102470654e-154,153.98715391042023,red
9,370,yddM,yddM-1,0.553686339548521,2.2950833337917802e-35,34.63920154073723,other
9,371,cho,cho-3,0.553461234586005,2.6958738109882598e-80,79.56930044020574,other
9,372,yeeA,yeeA-4,0.552946373780585,2.8993309293698603e-45,44.53770221148295,other
9,373,yiaF,yiaF-3,0.552838460086858,2.9932400651537002e-114,113.52385845028626,other
9,374,yhhQ,yhhQ-4,0.551618954582902,0.0,304.0,other
9,375,sbp,sbp-1,0.551443790384106,5.0358597585978904e-31,30.29792637286821,other
9,376,envC,envC-3,0.547004084770726,4.08432242657443e-108,107.38887998094485,other
9,377,yjgR,yjgR-5,0.546749723075837,1.33957223131312e-32,31.873033863754205,other
9,378,prkB,prkB-1,0.544497122497525,8.39682910460764e-60,59.075884685647225,red
9,379,sodA,sodA-1,0.544343280993495,1.82444891978205e-150,149.73886829133872,other
9,380,yadD,yadD-2,0.543829942029418,4.9484388781578395e-30,29.3055317896594,other
9,381,ygbE,ygbE-4,0.543435028145192,2.23457862086127e-22,21.65080436062522,other
9,382,tolA,tolA-1,0.542414076767105,1.16122286383536e-109,108.93508442173825,other
9,383,manY,manY-5,0.541649009774344,5.70367866679067e-24,23.243844949700836,purple
9,384,yejH,yejH-3,0.540681017640077,4.23668083614109e-62,61.372974251676055,other
9,385,yqiB,yqiB-2,0.540037022308982,5.61428343269572e-29,28.250705666131832,other
9,386,citA,citA-2,0.53996360887031,6.84428794340736e-33,32.16467172771037,other
9,387,yggJ,yggJ-1,0.539580004925873,4.58080592570988e-163,162.33905810752074,other
9,388,yojI,yojI-6,0.538448527735969,3.5530757881004296e-103,102.4493955287891,red
9,389,flk,flk-2,0.536805375483414,5.58943137715953e-32,31.25263237141998,other
9,390,folC,folC-5,0.535616244677776,6.36229014036824e-24,23.196386529587706,other
9,391,mdoB,mdoB-3,0.53499185886734,7.76246725081036e-39,38.11000021906301,other
9,392,ogt,ogt-3,0.534885591495251,6.98528317769876e-18,17.155815983247848,other
9,393,yeeZ,yeeZ-4,0.534408560391169,1.6818237143230101e-239,238.77421952810354,red
9,394,norV,norV-1,0.534333344901097,4.025733055094951e-15,14.395155026402874,other
9,395,potF,potF-1,0.534109649859431,3.9675208768468805e-58,57.40148077933668,other
9,396,yjiT,yjiT-5,0.532050980055377,1.4083916175874001e-18,17.85127656841183,other
9,397,sufB,sufB-3,0.531448705400815,1.30701056454867e-225,224.88372090200886,other
9,398,lplA,lplA-1,0.531255661002536,2.6694271766012804e-19,18.573581922429828,other
9,399,pepT,pepT-2,0.530858582449706,9.75388873954546e-25,24.010822202617433,other
9,400,uxaB,uxaB-1,0.530650858322828,6.7160568159258e-20,19.172885638510955,other
9,401,cycA,cycA-4,0.529048384145645,3.27372492189265e-97,96.48495781543204,other
9,402,yccU,yccU-1,0.528676448454967,1.9577063217723698e-18,17.70825245676152,other
9,403,glnD,glnD-3,0.528260200339649,5.0901710753865203e-54,53.29326762122948,other
9,404,fldB,fldB-4,0.527578165068849,2.09444922216953e-29,28.67893016421128,other
9,405,rbsC,rbsC-1,0.526968674689288,2.36411717072647e-23,22.626331002689724,other
9,406,secF,secF-1,0.526459114180607,1.65200760040916e-46,45.78198795894774,other
9,407,yohN,yohN-3,0.52643641023901,1.0536503034617e-85,84.9773035034275,other
9,408,speA,speA-4,0.525115137994957,2.63859316981033e-205,204.57862756609927,other
9,409,caiC,caiC-5,0.521878496407901,2.16857338336154e-48,47.66382587697395,other
9,410,nrdE,nrdE-4,0.52185389927561,1.1418084823788e-23,22.942406734987927,red
9,411,pqiA,pqiA-1,0.521565669910293,7.4383878285829e-36,35.12852118179548,other
9,412,yfgO,yfgO-3,0.519656984940757,1.13653793199965e-46,45.94441606510115,other
9,413,trxB,trxB-1,0.518934757852558,5.7277335464924e-177,176.24201719355978,other
9,414,lysP,lysP-1,0.518461740033615,8.0005160683192e-71,70.09688199820873,other
9,415,insN,insN-2-4,0.518134943534617,3.03224541717777e-40,39.518235651650556,other
9,416,gcd,gcd-2,0.517992811464199,3.285671153016e-280,279.48337590516667,other
9,417,yeaP,yeaP-4,0.517267334572971,2.24888058136093e-161,160.64803360558392,other
9,418,yidR,yidR-5,0.515827300834387,8.59899718527864e-21,20.065552193209207,other
9,419,mtlR,mtlR-5,0.514945152567598,1.35130066112626e-29,28.869248010755456,other
9,420,proC,proC-3,0.514854893482199,9.460092001243141e-31,30.024104639978976,other
9,421,ydfH,ydfH-5,0.514437318910006,1.51261649671519e-131,130.8202711674641,other
9,422,recE,recE-3,0.512553486546921,9.093636884449099e-29,28.04126239147999,other
9,423,coaE,coaE-1,0.512240175724097,1.20123796845462e-48,47.920370949175584,red
9,424,moeB,moeB-3,0.511966488263292,4.80838834113488e-14,13.31800046454915,red
9,425,yjeK,yjeK-3,0.511223061216536,3.61545177764567e-96,95.44183742664623,other
9,426,yrbL,yrbL-1,0.510689911104291,1.8877607608690102e-149,148.72405304542878,other
9,427,malP,malP-1,0.510525165299616,6.69503730131246e-24,23.174246998979225,other
9,428,fadD,fadD-3,0.509657154708476,2.9490181379494102e-58,57.53032255630981,red
9,429,frmB,frmB-1,0.509517599878205,6.69870335458806e-130,129.17400925408202,other
9,430,ygiQ,ygiQ-4,0.509401541131014,2.95004028927861e-66,65.53017205273645,other
9,431,argD,argD-4,0.50937684855565,3.34532906730194e-24,23.475561155897857,other
9,432,yabI,yabI-4,0.50879039417929,2.4174317926607897e-92,91.6166457706013,other
9,433,acrB,acrB-5,0.507044868931756,3.15750195592691e-89,88.50065637174714,other
9,434,ycfL,ycfL-1,0.506963383265849,4.71241019299096e-45,44.32675691329758,other
9,435,mdaB,mdaB-1,0.506682360003186,3.0682172154169904e-15,14.513113897618217,other
9,436,chpR,chpR-5,0.50657714296727,9.429598283106499e-93,92.02550680855072,other
9,437,ygjO,ygjO-3,0.503623641765625,6.54378999662865e-17,16.18417064649578,other
9,438,rfaL,rfaL-2,0.502230241904671,1.55738493629681e-18,17.80760403030432,other
9,439,ydbL,ydbL-5,0.501857662593711,2.00833007505207e-14,13.69716490806432,other
9,440,yhjK,yhjK-1,0.50153295600547,7.053528018199749e-77,76.15159360420202,other
9,441,nagC,nagC-2,0.501322806386691,3.28804476123611e-182,181.48306227889793,other
9,442,hemG,hemG-3,0.500956862358052,2.03016770077169e-50,49.69246808597271,other
9,443,ravA,ravA-2,0.500335978199955,4.20103526977543e-16,15.376643672329052,other
9,444,ddlB,ddlB-5,0.499665019660768,1.8552306451413199e-16,15.73160209053121,other
9,445,yibT,yibT-1,0.499003460188713,2.65922597064504e-28,27.57524475645015,other
9,446,yrdB,yrdB-1,0.495745348375613,9.71664230001631e-91,90.01248378471365,other
9,447,purK,purK-3,0.495337945065554,2.08982588702773e-32,31.67988989544539,other
9,448,mnmC,mnmC-1,0.494981797972752,9.13328175218085e-54,53.03937314461531,other
9,449,lolB,lolB-5,0.494409576328044,1.0019634839720301e-91,90.99914810581251,other
9,450,yjbH,yjbH-4,0.493639413908879,7.68159976742005e-26,25.11454832452428,other
9,451,gadB,gadB-3,0.493465099591811,1.41397641676281e-47,46.84955783393034,other
9,452,pabC,pabC-4,0.492044595494792,1.43613455695926e-81,80.8428048674703,other
9,453,ydcM,ydcM-1,0.490115255254914,2.32839081990851e-111,110.63294412166638,other
9,454,gor,gor-5,0.489807543010104,3.0604233892106e-137,136.5142184876105,red
9,455,yhfK,yhfK-3,0.489521429210992,7.17256674744354e-10,9.144325401546721,other
9,456,fruA,fruA-4,0.48875489344772,8.06821952355945e-89,88.09322229382894,other
9,457,gltB,gltB-3,0.487617438238739,4.77512044058849e-128,127.32101566993923,other
9,458,tyrB,tyrB-5,0.487361927688309,3.08983622755411e-45,44.51006453913648,other
9,459,pdxH,pdxH-2,0.486211724696145,1.5398072301743698e-221,220.81253364546987,other
9,460,pcnB,pcnB-3,0.485674300344805,9.06618058050113e-283,282.0425756348985,red
9,461,csrA,csrA-1,0.485590634665448,1.40230295381384e-38,37.853158151165175,other
9,462,rng,rng-4,0.484435512553034,2.39943665234634e-20,19.61989071141174,other
9,463,acrA,acrA-5,0.48414307501223,5.559069397655121e-97,96.25499790433335,other
9,464,gltA,gltA-4,0.483995577973381,1.55097472057408e-199,198.80939528071937,purple
9,465,yfeY,yfeY-4,0.479602704542088,5.13217387498004e-31,30.289698638410673,other
9,466,metQ,metQ-1,0.479364063768892,5.00957061231412e-37,36.30019949742503,other
9,467,pstS,pstS-5,0.479167013455784,3.2502776796144297e-96,95.48807953453719,other
9,468,sstT,sstT-1,0.479140056272924,1.6851051007563602e-35,34.77337300680744,other
9,469,uvrD,uvrD-5,0.478006238168595,6.5670853723518e-36,35.18262733783144,red
9,470,glgB,glgB-5,0.477891651536774,3.47482080641977e-51,50.4590675866968,other
9,471,cyaA,cyaA-4,0.476376055369915,4.8530252058567604e-144,143.31398745302099,red
9,472,yecJ,yecJ-2,0.475981902024039,1.09380312360586e-121,120.96106084073205,other
9,473,amn,amn-3,0.475241855379567,8.37935429013884e-51,50.07678944664826,other
9,474,yiiX,yiiX-3,0.474537743523911,3.8203911986523e-21,20.41789216412565,other
9,475,parC,parC-1,0.471317436546737,1.4232814234708002e-183,182.84670921897657,red
9,476,arcB,arcB-2,0.469984089964421,4.59841692455034e-65,64.33739165511483,red
9,477,frmA,frmA-3,0.469789101603079,1.66212988699156e-108,107.7793350413223,other
9,478,glmS,glmS-1,0.466824658546525,3.40608765155024e-66,65.46774418018586,other
9,479,yjcE,yjcE-4,0.466271767462878,2.95118443230887e-45,44.530003648707044,other
9,480,proA,proA-3,0.465645716305064,1.5777452393854602e-95,94.80196312157102,red
9,481,yeaM,yeaM-2,0.465064617167664,8.45309479744495e-44,43.07298426059061,other
9,482,yjdJ,yjdJ-1,0.463912002198162,5.4820670926780005e-11,10.2610556536193,other
9,483,prmC,prmC-3,0.463442763609131,2.85873520931974e-104,103.54382606935587,other
9,484,thiC,thiC-1,0.462577308769412,2.0472020911508202e-67,66.68883928350286,other
9,485,prc,prc-1,0.4587736514844,1.0017202303796799e-129,128.99925355528302,other
9,486,ydgA,ydgA-3,0.458552544861515,1.48621739449564e-51,50.82791766007448,other
9,487,nudJ,nudJ-1,0.457773714131591,6.81811807619058e-37,36.166335481928776,other
9,488,fepC,fepC-3,0.457714101155645,8.46348985454981e-28,27.07245052206114,other
9,489,ascG,ascG-1,0.457320895982688,2.0942952763027703e-25,24.678962086826996,other
9,490,glgP,glgP-1,0.457304556372839,2.3470576070645797e-22,21.629476250783497,other
9,491,yghY,yghY-5,0.457259130866307,9.56958121065384e-36,35.01910706764445,other
9,492,potE,potE-2,0.456392524267939,2.99995980877687e-11,10.522884563594788,other
9,493,yzcX,yzcX-1,0.454969609892239,2.3638019811576898e-57,56.62638890769456,other
9,494,blc,blc-5,0.453630624263744,2.83849674914041e-08,7.546911598824931,other
9,495,valS,valS-4,0.452853796452279,5.30769270985862e-265,264.2750942286629,red
9,496,nadE,nadE-3,0.451597746773717,4.5136842726282905e-20,19.34546882262885,red
9,497,yciW,yciW-5,0.451518969111603,1.0482825129381899e-13,12.97952165888321,other
9,498,hofB,hofB-3,0.44971511589457,1.9096496051398e-50,49.71904631260274,red
9,499,ynfE,ynfE-3,0.448600723820215,6.13793186628285e-16,15.21197793673535,other
9,500,bssS,bssS-1,0.448266718988255,2.87808067033679e-139,138.54089703729616,other
9,501,ybfE,ybfE-3,0.448127779751579,1.10751468589731e-159,158.95565050622284,other
9,502,miaA,miaA-1,0.448115223732048,1.23989969432041e-95,94.90661344706773,other
9,503,nfrA,nfrA-4,0.447271929545015,1.9241022319236e-43,42.71577185663253,other
9,504,aceA,aceA-5,0.446727965201808,1.5214301616072901e-186,185.8177479783204,purple
9,505,ydiJ,ydiJ-4,0.445906238217691,9.62281932250273e-48,47.01669766841733,other
9,506,hsdR,hsdR-3,0.44569469939324,6.115584953541109e-28,27.213561996527098,red
9,507,dsdA,dsdA-5,0.445281483431729,3.27303113968894e-14,13.485049862785262,other
9,508,yfhM,yfhM-4,0.444397284410473,1.83431800405591e-43,42.73652537126436,other
9,509,ydaY,ydaY-2,0.444105359682333,8.50879483994887e-40,39.070131947720846,other
9,510,pdxJ,pdxJ-1,0.444033127809488,1.88887453219608e-23,22.723796888973137,other
9,511,mtlD,mtlD-3,0.442740294605637,5.0782117461300496e-30,29.294289194313304,other
9,512,nagA,nagA-1,0.442578206462166,3.25657302964371e-196,195.48723917819444,other
9,513,rhlE,rhlE-5,0.442073945845691,1.2544089180553002e-32,31.901560867089135,other
9,514,erfK,erfK-3,0.440891479905632,1.61531372803723e-38,37.79174311598106,other
9,515,purH,purH-4,0.440759577894919,2.15262917608429e-25,24.66703077772457,other
9,516,ycgN,ycgN-2,0.440515084345006,2.52612140014371e-17,16.59754578198908,other
9,517,elbB,elbB-4,0.440217646801986,8.413227184837961e-60,59.075037383544945,other
9,518,trkH,trkH-4,0.440096369390353,8.67025729536028e-71,70.06196801436955,other
9,519,hrpB,hrpB-3,0.439447557349195,1.9907226253714e-55,54.70098924758809,other
9,520,insO,insO-2-5,0.439041473972292,1.86823606906322e-17,16.728568247477536,other
9,521,ihfA,ihfA-5,0.438587236611368,2.03004919270987e-300,299.6924934380161,other
9,522,yobF,yobF-2,0.438358046869443,1.79322579227317e-27,26.746365023229536,other
9,523,pyrC,pyrC-5,0.437137556324636,1.0986450751929599e-94,93.95914258672191,other
9,524,rbsB,rbsB-3,0.436764226132825,2.9683285188756403e-31,30.527488035320435,other
9,525,nudK,nudK-3,0.435097120911526,1.41158807769313e-24,23.85029201835822,other
9,526,fliC,fliC-5,0.433724334609311,1.91556210643969e-48,47.717703762737656,other
9,527,uvrA,uvrA-4,0.433677061383227,3.7191275247203006e-248,247.429558929914,red
9,528,glpK,glpK-3,0.433363640227189,2.4247873088899e-68,67.6153263496912,red
9,529,pepQ,pepQ-5,0.431940512890034,2.31146752366253e-91,90.6361122040616,other
9,530,rhsB,rhsB-4,0.430409911623834,4.74791885095703e-17,16.32349671239705,other
9,531,cirA,cirA-1,0.430047273242529,6.585540227132299e-63,62.18140859305768,other
9,532,ycgV,ycgV-3,0.429311044553728,1.39247289861678e-19,18.85621324864667,other
9,533,aroH,aroH-4,0.428465402115935,5.98466645954906e-17,16.22296004890232,other
9,534,pykA,pykA-2,0.428335139868814,1.07871554447248e-32,31.96709306296568,purple
9,535,lolD,lolD-3,0.426735004793555,2.2221996571748502e-105,104.65321692374174,red
9,536,hisB,hisB-2,0.426129372119786,2.47373850198022e-33,32.60664621139622,other
9,537,moaA,moaA-4,0.425647050746553,1.15248198021034e-180,179.938365856356,red
9,538,yegE,yegE-4,0.425438294487895,7.2546116228689e-46,45.13938583264868,other
9,539,yheM,yheM-1,0.422596507304698,1.58288969713066e-81,80.80054934767493,other
9,540,pabA,pabA-3,0.422370137202279,2.74076727968538e-36,35.56212783911912,other
9,541,hda,hda-2,0.422218367808843,8.210744522271979e-33,32.0856174607546,other
9,542,ybaS,ybaS-2,0.422168282763133,2.34110728419636e-21,20.63057868375452,other
9,543,slt,slt-4,0.420820265775474,2.62023500703418e-17,16.581659755366868,other
9,544,yjhU,yjhU-1,0.419878986377238,2.09248129896691e-80,79.67933841471667,other
9,545,hrpA,hrpA-5,0.419096983271123,8.292228780585121e-75,74.08132872433323,red
9,546,ybjT,ybjT-2,0.418475696001862,1.76491612693138e-22,21.753275928506405,other
9,547,yojL,yojL-3,0.417950657730597,5.65158316902208e-73,72.24782987691358,other
9,548,galU,galU-5,0.417527684434864,4.3492427334657505e-61,60.36158635346067,other
9,549,glgX,glgX-3,0.417132960445353,5.70391329178052e-25,24.243827085047403,other
9,550,yrbD,yrbD-6,0.416308863391028,1.97886549922821e-99,98.7035837231903,other
9,551,qor,qor-5,0.414451572566132,8.28504763215003e-13,12.081704990404518,other
9,552,tas,tas-4,0.413332074586278,2.65058000578832e-23,22.57665908238342,other
9,553,cobT,cobT-3,0.413198569170773,2.03629214954801e-20,19.69115991305708,other
9,554,ribF,ribF-3,0.413038498421194,1.10520675780864e-83,82.95655646824518,red
9,555,cbl,cbl-1,0.412996175936287,1.96643714567084e-21,20.706319930629558,other
9,556,ftsK,ftsK-5,0.412879723228342,5.13419495566046e-135,134.2895276443206,red
9,557,pqiB,pqiB-5,0.411605469629998,1.15548650502849e-43,42.937235122297274,other
9,558,cls,cls-4,0.410889784476658,9.4240816275537e-51,50.025760960858904,other
9,559,rne,rne-5,0.410772739374116,1.3428314564586099e-176,175.8719784937523,other
9,560,hemC,hemC-4,0.410527912808296,3.79853506023243e-75,74.42038386073128,other
9,561,yecO,yecO-5,0.409798293998223,1.83473892430093e-21,20.736425725309495,other
9,562,birA,birA-1,0.409752896767971,9.00586277032022e-115,114.04547467502206,red
9,563,mdtG,mdtG-5,0.408423941778766,2.78655587434531e-103,102.55493224430828,other
9,564,dgoK,dgoK-1,0.40714780462615,5.85406847993403e-23,22.23254220156681,red
9,565,yejB,yejB-5,0.407098646386101,6.598901094391681e-31,30.180528380878947,other
9,566,cysB,cysB-5,0.404770178626114,1.65812366578384e-193,192.78038308213033,other
9,567,torS,torS-1,0.40211905815478,8.78127602330633e-32,31.05644237138148,red
9,568,rpsT,rpsT-2,0.400672400239722,1.2923694485782399e-108,107.88861331719008,other
9,569,ydiZ,ydiZ-5,0.3997251727671,3.73156942449176e-29,28.428108474077565,other
9,570,yejE,yejE-3,0.399620970880114,8.884689200395011e-20,19.051357759858035,other
9,571,ybgA,ybgA-3,0.399432596962924,1.29391109550855e-63,62.88809556296909,other
9,572,ydfJ,ydfJ-3,0.39931939237184,5.91665745421182e-13,12.22792357354062,other
9,573,entC,entC-5,0.398269596565122,6.04989256988984e-35,34.21825233720179,other
9,574,potH,potH-4,0.397733318462168,2.55760321413622e-12,11.592166830958785,other
9,575,thiI,thiI-2,0.397721495096089,1.59372475878367e-168,167.79758668046998,red
9,576,ygiS,ygiS-3,0.397439577023047,0.0,304.0,other
9,577,yhcF,yhcF-5,0.397071373982771,2.8941574991197304e-09,8.538477838407932,other
9,578,gadW,gadW-2,0.396538311857981,7.7803527895671e-38,37.10900071006834,other
9,579,yeiI,yeiI-5,0.396405735055524,3.84070230289316e-53,52.41558935417856,other
9,580,kdsA,kdsA-1,0.396001803207123,5.0511562194600596e-276,275.2966091996523,other
9,581,ydhJ,ydhJ-3,0.395980696428655,6.60822140083523e-96,95.17991541490828,other
9,582,yeaY,yeaY-4,0.395675268042233,3.01437783171992e-59,58.520802312755684,other
9,583,trkD,trkD-4,0.395585292058366,1.8948635696899e-27,26.72242205380347,other
9,584,insE,insE-4-3,0.393157496690455,9.456626741819219e-164,163.02426375246392,other
9,585,rnb,rnb-1,0.393135255204997,7.6406700886798e-126,125.11686855201926,other
9,586,sgcC,sgcC-1,0.393127682467404,6.22847604728897e-15,14.2056182013689,other
9,587,yejA,yejA-5,0.391888008774402,1.40989464761255e-49,48.85081333817436,other
9,588,coaA,coaA-1,0.391727875011374,3.14565118865481e-34,33.50228943658911,other
9,589,mutY,mutY-3,0.390543962054927,5.66313370035694e-31,30.246943185037463,other
9,590,sseA,sseA-1,0.390133792036411,3.7925896170183704e-61,60.421064148256,other
9,591,yhhL,yhhL-2,0.389888851743276,1.16256080188794e-16,15.934584324258314,other
9,592,selA,selA-5,0.387486339264545,5.60010224942816e-38,37.25180404335862,other
9,593,ndh,ndh-5,0.387466572610802,3.70851342843312e-78,77.43080014408002,other
9,594,yciQ,yciQ-3,0.386566552445278,1.63990135128461e-42,41.78518227627018,other
9,595,nirB,nirB-4,0.386468179598847,8.10675567772256e-28,27.09115291559945,other
9,596,rseP,rseP-4,0.385658752186788,2.5413256706759696e-147,146.59493967658105,other
9,597,ybdM,ybdM-3,0.385362128617365,3.2522336244775e-18,17.487818264376532,other
9,598,yfeZ,yfeZ-5,0.384675835518127,1.00222972303113e-13,12.999032721572599,other
9,599,gshB,gshB-5,0.384510964175551,1.5387406103538998e-93,92.81283458418828,red
9,600,sgrR,sgrR-1,0.384297435405655,2.41466130255265e-44,43.61714377785168,other
9,601,hsdS,hsdS-5,0.384014745071523,1.12532450126475e-24,23.94872222529718,other
9,602,purM,purM-5,0.382999929048866,4.84015668213272e-28,27.315140579453878,other
9,603,yciU,yciU-3,0.381918141990102,2.4495414041534398e-18,17.610915215344864,other
9,604,yjiR,yjiR-1,0.381282334724053,1.73741109944933e-30,29.760097408324242,other
9,605,tyrS,tyrS-1,0.381149934154132,1.36555492821521e-126,125.86469082606911,red
9,606,ptrB,ptrB-3,0.381035196376468,1.73212939401539e-56,55.761419668318744,other
9,607,cydA,cydA-1,0.380737845097836,7.6245248332226e-52,51.11778721673391,other
9,608,dcyD,dcyD-5,0.380471666346356,9.61894422933808e-62,61.01687259329846,other
9,609,ygeR,ygeR-2,0.380141338591551,2.5280509039874198e-70,69.59721418549319,other
9,610,glpF,glpF-5,0.379999043704937,2.17677470625177e-90,89.66218651762627,other
9,611,fhuE,fhuE-1,0.378922143862448,2.974230014982e-38,37.52662544792751,other
9,612,cusR,cusR-5,0.377810573340723,4.60101394139603e-37,36.337146450790364,other
9,613,exoX,exoX-3,0.37486696746678,2.69424269985272e-42,41.56956328520574,other
9,614,ribE,ribE-3,0.368798292536827,5.0428409065818e-102,101.2973247329084,other
9,615,yejK,yejK-5,0.368314176705884,8.02219374803158e-68,67.09570685336348,other
9,616,yggE,yggE-4,0.367253940141818,6.7877440907149295e-99,98.16827453967278,other
9,617,fadJ,fadJ-5,0.367079101469121,3.55537680418794e-60,59.44911436531181,red
9,618,rhlB,rhlB-2,0.366931953111659,1.92137313133259e-210,209.71638828680787,red
9,619,yfjI,yfjI-2,0.365837973287999,5.60294602906999e-18,17.251583560896698,other
9,620,ypdB,ypdB-3,0.365445949172904,8.59460207632833e-23,22.06577422602235,other
9,621,folK,folK-3,0.365441525493228,1.0952201179051601e-47,46.960498587322064,red
9,622,yhjQ,yhjQ-4,0.365273428024094,1.2959169174261e-11,10.887422840641351,other
9,623,znuA,znuA-2,0.364715118449215,1.33516084485445e-218,217.87446641233313,other
9,624,blr,blr-5,0.364182762359332,3.5377872480734197e-28,27.4512682878101,other
9,625,glnL,glnL-3,0.362949552098851,3.78627099103772e-161,160.4217883059294,red
9,626,sppA,sppA-2,0.362801976183495,5.163603382685741e-19,18.28704712336264,other
9,627,ygaU,ygaU-2,0.362591015539492,3.10034712375694e-78,77.50858967858753,other
9,628,rfbA,rfbA-1,0.361998680602307,1.55864538757066e-38,37.807252681308384,other
9,629,afuB,afuB-5,0.361692497767077,6.6344651143359306e-15,14.178194085196877,other
9,630,sufA,sufA-2,0.360939014806422,6.96433007825608e-97,96.15712065344097,other
9,631,sfcA,sfcA-5,0.360501483805834,2.04319027116784e-123,122.68969118800753,other
9,632,ybcH,ybcH-4,0.359176932108305,1.2092994676019601e-14,13.917466138326809,other
9,633,sanA,sanA-3,0.359010831932729,2.41607908120065e-18,17.61688885483278,other
9,634,guaC,guaC-1,0.35841324928596,3.05784163932876e-124,123.5145850097499,other
9,635,dicA,dicA-2,0.357255431597097,4.2452748742784297e-26,25.372094184685626,other
9,636,fhlA,fhlA-2,0.356642489066722,6.767920998881459e-30,29.169544719406105,other
9,637,yfhH,yfhH-5,0.356517197712024,3.51463737863767e-65,64.45411947649923,other
9,638,dam,dam-4,0.356377667516119,1.63100342621471e-57,56.78754512664545,other
9,639,mazG,mazG-1,0.356035230637534,9.54119912071821e-75,74.02039704051762,red
9,640,pdxA,pdxA-5,0.355951450578926,8.592081097825509e-56,55.0659016324625,red
9,641,guaB,guaB-2,0.355124424262034,7.68949617564402e-291,290.1141021147247,red
9,642,osmC,osmC-3,0.354923234819868,1.95156608625439e-60,59.70961673753689,other
9,643,yhhK,yhhK-4,0.354422124123819,2.59690584120412e-18,17.58554379676531,other
9,644,trxC,trxC-5,0.354254508343362,2.9539308577486197e-208,207.52959967437602,other
9,645,ybiT,ybiT-2,0.353619243122015,1.12670885577602e-121,120.94818829217483,other
9,646,dcp,dcp-5,0.353467663579282,5.00703661793968e-39,38.30041923246548,other
9,647,poxA,poxA-4,0.351838238853054,5.35149187674019e-37,36.271525129471186,other
9,648,aspC,aspC-1,0.351477129555707,1.8981243827583e-125,124.72167533196371,other
9,649,dgsA,dgsA-5,0.349858358791888,8.08962449036804e-45,44.092071637293294,other
9,650,narX,narX-5,0.348751776782629,1.5177149423196399e-43,42.8188097901025,red
9,651,exuR,exuR-5,0.347496547131727,3.8874293341154204e-155,154.41033749252014,other
9,652,rarD,rarD-1,0.346016925424029,8.563222321977451e-19,18.067362780495955,other
9,653,nlpE,nlpE-5,0.345391117865737,3.6480394411920103e-87,86.4379404748942,other
9,654,mnmA,mnmA-5,0.345009537384407,4.49040314610152e-36,35.34771466650947,other
9,655,aceB,aceB-1,0.344451312431512,1.7823797289471703e-173,172.74899976572115,purple
9,656,sufD,sufD-2,0.344440477473208,2.0769766427847898e-193,192.68256838741613,other
9,657,gpsA,gpsA-1,0.343400192990404,3.38364239557456e-47,46.47061554215642,other
9,658,dmsD,dmsD-1,0.341648714782288,4.65455819160674e-69,68.33212153574672,other
9,659,yeeO,yeeO-1,0.341482078790082,1.61722792585182e-21,20.79122876799466,other
9,660,torR,torR-5,0.341296113512642,1.6899929889176502e-15,14.772115097090879,other
9,661,mak,mak-4,0.341100087512258,9.2933919736202e-14,13.031825744934366,red
9,662,yfjK,yfjK-3,0.340378898107438,8.11437871540709e-21,20.09074472670647,other
9,663,yggD,yggD-5,0.340367300240594,4.2058340792728995e-43,42.3761478642882,other
9,664,phoH,phoH-1,0.33880845270435,1.10137094379295e-183,182.95806638519707,red
9,665,alkB,alkB-2,0.338693903160366,5.185355770632939e-57,56.28522144102574,other
9,666,raiA,raiA-1,0.338219759921471,5.0266980690453704e-73,72.29871720008832,other
9,667,yncC,yncC-3,0.338070916321375,1.49437775463395e-14,13.825539605990608,other
9,668,aaeA,aaeA-1,0.335169616120196,1.09001764419542e-103,102.9625664720459,other
9,669,ycdX,ycdX-3,0.333954272506149,3.27362156245943e-20,19.484971527378274,other
9,670,hybC,hybC-2,0.333420407992719,1.37020994777722e-39,38.863212883810455,other
9,671,bglA,bglA-3,0.332626821983507,1.74405590841123e-44,43.758439597198574,other
9,672,fsr,fsr-4,0.332089167657415,1.06484989064739e-29,28.97271160936915,other
9,673,yfdY,yfdY-2,0.33206585633366,3.84016861759958e-05,4.415649705818587,other
9,674,ybhB,ybhB-1,0.331995007467847,1.11328496392287e-23,22.95339365649288,other
9,675,accC,accC-5,0.330552199669359,1.5192841312849502e-167,166.81836099828345,other
9,676,yniC,yniC-1,0.33013367253649,1.4949966385664299e-43,42.825359783830315,other
9,677,folD,folD-4,0.329291003506532,1.1379299542641e-34,33.94388447028966,other
9,678,cysS,cysS-4,0.328750771368413,5.35332113900016e-39,38.271376703055516,red
9,679,fur,fur-1,0.325009204159179,9.98935004832495e-152,151.0004627679911,other
9,680,perR,perR-5,0.324998478634694,4.02819604170501e-28,27.39488940163408,other
9,681,ftsX,ftsX-2,0.324993922681977,3.18777724769607e-86,85.49651203341027,other
9,682,ydiI,ydiI-4,0.324048463187865,5.947639357897979e-28,27.225655373308005,other
9,683,lsrK,lsrK-4,0.323871503313979,3.03019730767308e-25,24.518529092011292,other
9,684,yliJ,yliJ-3,0.323820475213692,3.6977067559912e-39,38.432067533226764,other
9,685,yeaL,yeaL-4,0.32381939562767,4.61794247770446e-24,23.33555148107045,other
9,686,hisQ,hisQ-2,0.323696944594628,3.22207888769309e-17,16.491863830747842,other
9,687,polA,polA-5,0.323575355288082,4.63330546708285e-20,19.334109066450146,other
9,688,murG,murG-5,0.32353493316559,1.78293849540403e-24,23.74886363807386,other
9,689,dcrB,dcrB-5,0.322562510544579,2.50594514303998e-93,92.60102844025958,other
9,690,guaA,guaA-5,0.322368243466203,3.6572504980388495e-164,163.43684529227608,red
9,691,ptsP,ptsP-4,0.320618544935161,1.7909808354033e-92,91.74690906134423,other
9,692,yfhB,yfhB-1,0.320601536589663,9.6337106870334e-23,22.016206400258618,other
9,693,ydcI,ydcI-5,0.320098742234963,8.97948972745104e-78,77.04674834204637,other
9,694,ydgK,ydgK-1,0.319414715008267,5.2706586395325e-41,40.27813511047222,other
9,695,hcaR,hcaR-1,0.319248211790599,3.16267848095107e-10,9.499944956375822,other
9,696,tpiA,tpiA-3,0.317293856550141,1.18751063265677e-82,81.92536249312752,purple
9,697,aer,aer-1,0.317279007515392,1.19154737683027e-22,21.9238886850952,other
9,698,yqjC,yqjC-6,0.314124655850518,2.20158570106347e-168,167.65726440410654,other
9,699,tag,tag-3,0.314022533858278,1.1116770894316902e-25,24.95402134462771,other
9,700,yfjM,yfjM-2,0.313860819020723,8.27498686420289e-23,22.082232686955113,other
9,701,arsC,arsC-4,0.312441797213683,3.82531843932018e-39,38.417332406083396,other
9,702,ychQ,ychQ-5,0.312289653110708,4.0171582190508195e-158,157.39608106288932,other
9,703,nuoA,nuoA-3,0.31205957513355,2.0889433854931999e-103,102.68007333010159,other
9,704,yggX,yggX-1,0.310160917391708,2.66291872700872e-35,34.574642088142454,other
9,705,manZ,manZ-3,0.310150417576198,3.65534202735491e-50,49.43707198022643,purple
9,706,cdd,cdd-4,0.309605945226941,4.62966119902556e-60,59.334450789711504,other
9,707,citB,citB-4,0.308179941738584,8.54753387417229e-23,22.06815916940391,other
9,708,araG,araG-2,0.308080495751181,3.7282553403537395e-18,17.428494351385346,other
9,709,gltX,gltX-3,0.307860100187881,3.69778300074411e-101,100.43205857839712,red
9,710,paaJ,paaJ-4,0.307608058978905,2.6285290173294103e-15,14.580287224277482,other
9,711,ybdR,ybdR-2,0.307516090972986,2.22627674164745e-61,60.652420850827895,other
9,712,gcvR,gcvR-1,0.307265399484212,8.279075721176509e-41,40.08201814529225,other
9,713,iap,iap-1,0.30646350815426,1.43109559852315e-43,42.84433135399401,other
9,714,kdsD,kdsD-1,0.306396863906881,8.443165632683e-104,103.07349469092875,other
9,715,yebY,yebY-2,0.306243853742172,3.7359094821951303e-53,52.42760365488825,other
9,716,rtcB,rtcB-1,0.306234599781032,6.574367153719059e-78,77.18214604586107,red
9,717,yjiM,yjiM-5,0.305895541815552,1.0231215437813e-21,20.99007277033671,other
9,718,ygiW,ygiW-4,0.305614138931138,5.46531457054868e-18,17.26238483603418,other
9,719,gapC,gapC-4,0.305178272988616,7.50459488955219e-131,130.1246727467226,other
9,720,rraA,rraA-5,0.304984099261859,3.3236561888447796e-79,78.47838390757448,other
9,721,ylaC,ylaC-5,0.303228733852455,2.29056775161715e-78,77.64005685790741,other
9,722,truA,truA-4,0.301448068265497,1.70241693127304e-119,118.76893407011703,other
9,723,ldhA,ldhA-5,0.300330592018587,9.27346048880306e-121,120.03275817408087,red
9,724,rfaC,rfaC-2,0.298118332155308,1.05532330710331e-45,44.97661447024234,other
9,725,yfbS,yfbS-2,0.296791135804168,1.48780876992605e-13,12.827452885660394,other
9,726,exbD,exbD-2,0.296787263298768,1.1285352406084401e-210,209.94748487472285,other
9,727,prfA,prfA-1,0.295666382330521,6.9762003817994e-284,283.1563810533823,other
9,728,pepN,pepN-1,0.294803358151712,2.61892813132947e-107,106.58187641932784,other
9,729,secB,secB-4,0.29321473350438,3.1409539588797e-85,84.50293842958399,other
9,730,zraR,zraR-6,0.29058061835198,5.2480960897958503e-20,19.279998221862947,red
9,731,nadC,nadC-1,0.290428338734771,2.87554330182238e-74,73.54128008812505,other
9,732,hsrA,hsrA-3,0.288221523737483,1.97404783502984e-14,13.704642327736394,other
9,733,ykfB,ykfB-4,0.286850503379419,4.83164239198151e-13,12.315905216964824,other
9,734,yfjV0,yfjV-20,0.286623271136283,2.48915497499241e-18,17.60394806333966,other
9,735,recF,recF-1,0.286434205310082,1.05200231772589e-71,70.97798330336245,red
9,736,yaeR,yaeR-4,0.286133914543847,9.8236511994152e-13,12.007727066078571,other
9,737,def,def-2,0.285970104410016,1.33141976212527e-186,185.8756850011486,other
9,738,yciK,yciK-4,0.285659403428369,3.9408205635060006e-11,10.404413339316918,other
9,739,smtA,smtA-4,0.284619417590124,6.15476348368938e-68,67.21078863155512,other
9,740,purR,purR-4,0.284577446906301,2.6968363025284697e-103,102.56914541434288,other
9,741,paaX,paaX-4,0.284440199247277,1.38669444437605e-28,27.858019224392145,other
9,742,yeeX,yeeX-4,0.284357528559559,1.06746183739293e-72,71.97164764239749,other
9,743,ybdK,ybdK-1,0.283730241665096,2.5629560911849698e-26,25.591258834127665,other
9,744,sbcD,sbcD-5,0.282065482155072,2.26560020326069e-24,23.64481672502714,other
9,745,nadK,nadK-4,0.280699981237233,3.6521178109363797e-28,27.437455221330968,red
9,746,ftsA,ftsA-5,0.280431629684597,5.28712383565526e-61,60.27678051737777,red
9,747,ycfH,ycfH-2,0.279299078741346,1.36241309815877e-97,96.86569118974398,other
9,748,cutC,cutC-1,0.27912082910275,9.2342082270066e-31,30.034600336540308,other
9,749,nagE,nagE-4,0.27878428124921,6.39464678783213e-74,73.1941834390402,other
9,750,pdxB,pdxB-5,0.278501661014594,6.2040731047425e-66,65.20732309338597,red
9,751,kefG,kefG-5,0.27846888781484,2.58728256863365e-34,33.587156137461726,other
9,752,pflB,pflB-3,0.277908414709229,2.2795445523966e-136,135.6421519153414,other
9,753,ygbT,ygbT-1,0.277508070518525,8.853762991839291e-15,14.052872107917826,other
9,754,inaA,inaA-3,0.277207158900066,9.816495912482791e-23,22.008043509916895,other
9,755,yfbQ,yfbQ-3,0.276997534181063,1.15162323093532e-81,80.93868958296966,other
9,756,frlR,frlR-4,0.275895329037402,8.275837117327e-12,11.082188065582693,other
9,757,ybfF,ybfF-4,0.275171219354334,8.49175352479009e-28,27.071002619825993,other
9,758,yigI,yigI-5,0.274624332661724,2.27880405043808e-71,70.64229301728217,other
9,759,leuS,leuS-3,0.273018418255946,1.36772912422913e-175,174.8639999051751,red
9,760,dnaC,dnaC-4,0.272858451587831,1.0576688325931499e-92,91.97565029325686,red
9,761,yecR,yecR-3,0.272375702877919,5.2651740381973005e-18,17.27858726881287,other
9,762,ydfT,ydfT-5,0.27174330239617,8.20853206381751e-30,29.08573450105159,other
9,763,ydjA,ydjA-1,0.271347962821434,5.77132530127552e-62,61.23872444595346,other
9,764,ycfD,ycfD-3,0.271331167046489,2.81692580432754e-77,76.55022459184826,other
9,765,purL,purL-2,0.270967105944209,2.88549690674704e-39,38.539779386918795,red
9,766,pgsA,pgsA-1,0.270935132861092,3.06741940886937e-49,48.51322683878616,other
9,767,argT,argT-5,0.269992260047696,5.0194855451754195e-43,42.29934079208619,other
9,768,rbsK,rbsK-3,0.269339523141831,1.21480198280692e-60,59.9154945078952,other
9,769,mntH,mntH-3,0.268774343192716,8.6853994050621e-290,289.0612102053774,other
9,770,dctA,dctA-4,0.266151544845452,7.8525542614195e-66,65.10498905392932,other
9,771,yaiL,yaiL-3,0.265941289339395,1.13143006287837e-29,28.946372285937905,other
9,772,trpH,trpH-5,0.26558354912858,7.335288202596871e-31,30.134582818107187,other
9,773,fadL,fadL-4,0.264199572906496,7.402116300173641e-31,30.130644095662568,other
9,774,pgpB,pgpB-3,0.263899149922312,1.3698060763876901e-84,83.86334091161437,other
9,775,pgk,pgk-1,0.263701158542512,1.1709643672499e-235,234.93145632042055,purple
9,776,pepD,pepD-1,0.263044371231723,3.73540305242318e-108,107.42766253066269,other
9,777,yadB,yadB-5,0.262907812574304,6.84603267003492e-24,23.16456103269127,other
9,778,yhcO,yhcO-5,0.262691634045501,1.42048495274739e-10,9.847563362415096,other
9,779,ompF,ompF-3,0.261789858744413,2.89465136025345e-27,26.538403736404934,other
9,780,yjgX6,yjgX-16,0.261200365932973,3.21208638944965e-139,138.49321278283398,other
9,781,bcsE,bcsE-5,0.260614077263138,1.8265590546512198e-70,69.73836628200966,other
9,782,asd,asd-1,0.260263436258916,9.05743479547127e-54,53.042994783770816,red
9,783,yqaA,yqaA-5,0.2599619359566,1.80559920481415e-52,51.74337864519353,other
9,784,yheO,yheO-4,0.259667657899159,2.25542437531788e-103,102.64677173027444,other
9,785,rhsC,rhsC-2,0.259264785005227,9.49182732037162e-45,44.022650171265056,other
9,786,dhaL,dhaL-1,0.259193861190871,6.589070547591409e-11,10.181175842541151,red
9,787,mscS,mscS-4,0.259170103234956,4.5121282717507903e-63,62.34561856263249,other
9,788,rpoN,rpoN-3,0.25868201100101,1.05406876554078e-105,104.97713105561235,other
9,789,ydeU,ydeU-2,0.258442181133581,1.70174118184236e-08,7.769106491163867,other
9,790,rsxC,rsxC-5,0.256794757051404,5.34323829709582e-91,90.27219545677237,other
9,791,bcp,bcp-2,0.256419168226127,1.8806447310043097e-42,41.725693238440556,other
9,792,yhhN,yhhN-3,0.256310550340287,1.08522918255837e-38,37.9644785362764,other
9,793,ygdQ,ygdQ-1,0.255660070608764,6.86633887872727e-36,35.1632747663735,other
9,794,yhbS,yhbS-1,0.25472010633143,1.33514953036369e-08,7.874470092670046,other
9,795,dhaR,dhaR-2,0.25424950665217,4.00388802212115e-12,11.39751807706058,other
9,796,accD,accD-3,0.253548561422552,1.45065798394682e-73,72.83843496743344,red
9,797,yrbG,yrbG-4,0.252885753709012,2.22220665177297e-66,65.65321555675808,other
9,798,yagW,yagW-2,0.252863259663416,1.48965859055316e-10,9.826913254559889,other
9,799,wcaM,wcaM-3,0.252492484532259,1.95874372809663e-15,14.708022381133379,other
9,800,aaeB,aaeB-1,0.25166351431959,7.6428986912875605e-59,58.116741897069005,other
9,801,yebT,yebT-1,0.250938016991395,9.26796116662409e-72,71.03301579460111,other
9,802,alx,alx-1,-0.250575068037831,1.1184121476871601e-20,19.95139812446244,other
9,803,sbmA,sbmA-3,-0.252808201059509,1.66862047262357e-24,23.777642432277485,other
9,804,mukF,mukF-1,-0.253152496905448,1.0997458205842399e-33,32.95870767981771,other
9,805,aldA,aldA-4,-0.253735016723217,1.3328108072588198e-11,10.87523149439329,other
9,806,lrhA,lrhA-1,-0.254326022744967,2.42670771884408e-59,58.61498252846295,other
9,807,yhcG,yhcG-4,-0.254414354507092,2.5450924069945102e-14,13.594296444714553,other
9,808,pck,pck-2,-0.254553030047704,2.1227504751359796e-30,29.673101053238835,other
9,809,deaD,deaD-2,-0.255342195117533,1.81358069759791e-61,60.74146311516392,other
9,810,yrdD,yrdD-1,-0.255766432113895,2.81381724372327e-38,37.55070411323389,other
9,811,glnG,glnG-3,-0.256576701092646,3.97549732729295e-15,14.400608534180162,other
9,812,rimJ,rimJ-4,-0.257118018272499,5.19199712395614e-16,15.284665556779784,other
9,813,aslB,aslB-4,-0.257589311198288,4.14538297914813e-14,13.382435340132448,other
9,814,rseB,rseB-2,-0.258611534582443,9.15140558542036e-108,107.0385121965226,other
9,815,yabP,yabP-5,-0.260279987796529,1.15437567191172e-35,34.93765283443174,other
9,816,rpsQ,rpsQ-3,-0.260883227141695,3.94213460596155e-26,25.404268550622717,other
9,817,livJ,livJ-3,-0.260899093876034,1.7255643502390502e-09,8.763068840236523,other
9,818,insK,insK-5,-0.261060831573132,2.30425124819668e-25,24.637470168583732,other
9,819,mukB,mukB-2,-0.262188875962025,7.89224218429664e-06,5.102799596292397,other
9,820,yhdA,yhdA-3,-0.263036296653024,9.98096999492532e-33,32.000827249997926,other
9,821,ycbL,ycbL-3,-0.265475319791823,8.022710014231e-46,45.09567890535395,other
9,822,nusG,nusG-4,-0.266290551239315,2.45073476563563e-121,120.61070368836192,other
9,823,topA,topA-5,-0.266525249470059,1.22839875520463e-91,90.91066063232017,other
9,824,secG,secG-2,-0.267819021094227,1.57699000977548e-90,89.80217105791594,other
9,825,rlpB,rlpB-2,-0.268331885133835,8.30695263858543e-21,20.080558265622358,other
9,826,yajR,yajR-5,-0.272387217562135,4.38317860985174e-16,15.358210831948695,other
9,827,creC,creC-2,-0.27266079923373,9.87944761491066e-11,10.00526733724463,other
9,828,rcsD,rcsD-1,-0.273423943809616,5.47392518414904e-54,53.261701142682796,other
9,829,yqcA,yqcA-1,-0.27345789767678,1.0801918263430901e-17,16.966499113286563,other
9,830,pnp,pnp-1,-0.273635429228916,9.842404128167351e-110,109.00689880684615,other
9,831,proY,proY-5,-0.274412326461251,3.76159997660478e-20,19.424627390920225,other
9,832,rplL,rplL-3,-0.274960420904798,1.5055601146202599e-41,40.82230189911726,other
9,833,dnaE,dnaE-4,-0.275044806477682,6.932765802082151e-09,8.1590934705904,other
9,834,mdlA,mdlA-2,-0.275998379709735,5.37697881750152e-27,26.269461674413773,other
9,835,yliA,yliA-2,-0.278135409603522,4.37617189763004e-10,9.358905627093744,other
9,836,tig,tig-1,-0.278462922264728,4.87786269139622e-126,125.31177042895223,other
9,837,rpmD,rpmD-2,-0.279856142299682,4.86789806495912e-127,126.3126585245852,other
9,838,hpt,hpt-3,-0.280038758707738,8.92956064835119e-21,20.049169908713992,other
9,839,ybbL,ybbL-5,-0.281870462331959,2.34385298160053e-08,7.630069632961994,other
9,840,yfiC,yfiC-4,-0.28259286435642,1.73549320330729e-37,36.760577082811885,other
9,841,htpX,htpX-5,-0.283392785870269,1.03585081049858e-07,6.984702789805922,other
9,842,ycaO,ycaO-3,-0.283566763710836,2.31910376848679e-35,34.63467981838532,other
9,843,yieH,yieH-5,-0.283964463789974,2.0311253132226e-08,7.692263281340539,other
9,844,yfiN,yfiN-2,-0.285229334906562,1.05790123327296e-37,36.975554876579466,other
9,845,ybgF,ybgF-2,-0.285497674218145,1.3623048088368101e-37,36.865725710348755,other
9,846,tus,tus-3,-0.285695567437269,7.44282220220083e-08,7.128262355524501,other
9,847,ycbG,ycbG-1,-0.286364802440783,1.1935360993068498e-11,10.923164440928135,other
9,848,yjgJ,yjgJ-3,-0.286663332504241,3.4102596661232303e-44,43.46721255142657,other
9,849,suhB,suhB-5,-0.288172552292494,5.63562483862847e-78,77.24905792541657,other
9,850,yhbE,yhbE-5,-0.288715709826032,7.94185856975452e-38,37.10007785120843,other
9,851,yfgL,yfgL-2,-0.289538298261395,1.01888964698079e-96,95.99187285063789,other
9,852,ydgH,ydgH-4,-0.289797471885759,1.89306138360907e-06,5.722835303558399,other
9,853,rluB,rluB-4,-0.289857869532384,3.66904513020087e-58,57.435446946277125,other
9,854,mdtB,mdtB-5,-0.290436527608659,1.13614291045206e-10,9.944567037183877,other
9,855,yafN,yafN-3,-0.291441074219218,6.35268510909852e-13,12.197042671308877,other
9,856,ybhK,ybhK-3,-0.292553538938967,2.64995071647555e-18,17.576762202954416,other
9,857,yfdH,yfdH-4,-0.294054415582912,3.51530879853685e-18,17.454036518834755,other
9,858,puuR,puuR-5,-0.294716376131567,2.88024589559553e-42,41.5405704335805,other
9,859,lysS,lysS-1,-0.295329778713047,4.74553196552767e-28,27.32371509688395,other
9,860,modA,modA-5,-0.2955329182085,8.12831333144522e-30,29.089999563488448,other
9,861,fkpB,fkpB-2,-0.295817733895626,0.0006405474982521,3.1934486606672263,other
9,862,yheV,yheV-1,-0.295929322949289,1.28858703260175e-13,12.889886243389984,other
9,863,ruvB,ruvB-4,-0.29596485855079,1.44382008422716e-51,50.84048692123693,other
9,864,srmB,srmB-4,-0.296924668609431,4.9094837181533e-33,32.30896417593123,other
9,865,pyrH,pyrH-1,-0.297643898640806,9.779616200673821e-10,9.009678188688898,other
9,866,ydfK,ydfK-3,-0.298213878060261,1.31269487740295e-08,7.881836209523367,other
9,867,ssb,ssb-1,-0.299073529723826,1.44906638897467e-17,16.83891171687191,other
9,868,yicR,yicR-1,-0.302651650702244,0.000544952530106,3.2636413267341893,other
9,869,cobU,cobU-5,-0.304110462829182,1.39266878921003e-12,11.856152157173863,other
9,870,ydbA2,ydbA-12,-0.306174227974865,6.28498598436092e-34,33.20169568646195,other
9,871,yqhC,yqhC-4,-0.306351412267695,1.11731327410038e-19,18.951825041622147,other
9,872,ydcR,ydcR-2,-0.307904712305076,1.9201952435024698e-92,91.71665461042939,other
9,873,arnA,arnA-2,-0.310180609301633,1.08781879551134e-08,7.963443441644823,other
9,874,mngR,mngR-2,-0.310232178468299,3.03851689341189e-18,17.517338344738693,other
9,875,eamA,eamA-2,-0.314376146430894,3.0862096231702903e-09,8.510574578890402,other
9,876,ycdY,ycdY-3,-0.314388019083179,5.776064108866301e-25,24.238367995152345,other
9,877,ytjC,ytjC-3,-0.315928915686356,4.88633132797701e-37,36.31101708811299,other
9,878,yjgA,yjgA-3,-0.317215645161225,5.65135374271638e-26,25.24784750747798,other
9,879,ydcQ,ydcQ-3,-0.318554538395559,3.98512750758803e-102,101.39955777841945,other
9,880,fruR,fruR-5,-0.319671145765984,6.38642143466307e-05,4.194742426117647,other
9,881,dmsB,dmsB-4,-0.319893550914897,9.56364092378272e-07,6.019376738259657,other
9,882,rfbD,rfbD-4,-0.321104072948182,2.99976463542091e-40,39.52291281912963,other
9,883,nrdB,nrdB-5,-0.321372753624574,9.17152783072064e-05,4.037558311747477,other
9,884,kdsC,kdsC-4,-0.322332215648738,4.2940241996670505e-31,30.367135512356164,other
9,885,rpoB,rpoB-1,-0.325412316645193,1.68973386228185e-123,122.77218169257225,other
9,886,rpsI,rpsI-1,-0.325507808680237,1.04772922192035e-120,119.97975094313531,other
9,887,bfd,bfd-2,-0.325761791253911,3.41116079958345e-28,27.46709780779114,other
9,888,amiB,amiB-3,-0.326499317185558,6.80594842545344e-51,50.16711134625194,other
9,889,uspG,uspG-3,-0.328262606919643,3.3573141600819604e-15,14.474008017820724,other
9,890,iscA,iscA-1,-0.329261498958766,3.24946144475077e-94,93.48818861162238,other
9,891,oppD,oppD-3,-0.331915888261776,5.18192158153204e-33,32.285509163516465,other
9,892,ackA,ackA-4,-0.337598662274639,3.7316639396750394e-42,41.428097474174294,other
9,893,truC,truC-3,-0.338343250585308,4.83123366210757e-22,21.315941957398614,other
9,894,cysE,cysE-1,-0.339124068207602,1.37482182871351e-06,5.861753580975775,other
9,895,ytfL,ytfL-3,-0.340485102849006,4.5875415963702805e-61,60.3384199848669,other
9,896,yhiR,yhiR-4,-0.341943297434114,3.4027426806362e-11,10.468170891516914,other
9,897,tsf,tsf-3,-0.34446835535813,1.70724834473671e-05,4.767703299679735,other
9,898,ghrB,ghrB-3,-0.345915020994598,3.7549247448202696e-12,11.425398762584393,other
9,899,ycaR,ycaR-2,-0.348073086154934,5.279402534711701e-10,9.277415223405509,other
9,900,cstA,cstA-5,-0.348334000809901,2.06157991466865e-22,21.685799825632483,other
9,901,nepI,nepI-1,-0.34910428651621,6.62736883017891e-11,10.178658859127609,other
9,902,edd,edd-1,-0.350104516045339,1.46360340328578e-08,7.8345765893285595,other
9,903,ygjN,ygjN-4,-0.350232344829899,4.736098838889e-49,48.3245792427851,other
9,904,iscU,iscU-4,-0.351847560394207,2.25624820742426e-89,88.6466131257945,other
9,905,intB,intB-2,-0.355317886814489,1.27419932621981e-07,6.894762628903244,other
9,906,ubiA,ubiA-1,-0.356167134058639,7.08036658145888e-18,17.14994425640863,other
9,907,rplT,rplT-4,-0.356543362499637,1.94083832632647e-108,107.71201064024721,other
9,908,ymjA,ymjA-2,-0.356825814346624,4.96862666118365e-37,36.30376363458455,other
9,909,fdoH,fdoH-1,-0.356847407289129,5.541066425578049e-11,10.256406643543563,other
9,910,rluD,rluD-3,-0.357374123984579,8.64750550292e-45,44.06310915294621,other
9,911,nhaB,nhaB-4,-0.358039716051343,5.1157221486837206e-61,60.29109305148235,other
9,912,yeaK,yeaK-5,-0.358385030678738,1.7625044206398902e-15,14.753869785055938,other
9,913,yqeF,yqeF-4,-0.35913173093959,0.000947563057974,3.0233918791763528,other
9,914,eno,eno-2,-0.361518324088378,6.82208621150504e-100,99.16608279666355,other
9,915,fbp,fbp-3,-0.361555806570487,3.35246629718822e-13,12.474635579477484,other
9,916,rplS,rplS-1,-0.362514831637533,2.64158529035435e-78,77.57813536243975,other
9,917,ybjX,ybjX-3,-0.366027347952211,1.77542900471645e-26,25.7506966894431,other
9,918,speC,speC-3,-0.366171684891105,2.60115914370508e-14,13.584833076055336,other
9,919,rrmA,rrmA-1,-0.36623381920216,1.08953359899375e-15,14.962759372455276,other
9,920,intF,intF-5,-0.368835539274488,6.73139497565928e-25,24.171894925753364,other
9,921,yhhX,yhhX-1,-0.369199790992328,2.3222280765671097e-30,29.634095128469024,other
9,922,yidA,yidA-5,-0.369862544936635,1.0750826357806199e-12,11.968558152600258,other
9,923,rna,rna-4,-0.370049083909892,2.6470375117905202e-17,16.5772399041659,other
9,924,ypfG,ypfG-3,-0.372853103343841,6.69243628606481e-10,9.174415754730823,other
9,925,fabZ,fabZ-2,-0.373397718649592,9.93989836798566e-74,73.00261805609048,other
9,926,carB,carB-4,-0.373681931747461,1.9590415316915198e-11,10.707956356862201,other
9,927,fimC,fimC-5,-0.378797891985047,1.72895177254289e-60,59.76221712078658,other
9,928,yafQ,yafQ-3,-0.378905820599608,1.40670198720142e-110,109.85179789902759,other
9,929,cybB,cybB-4,-0.378949853524419,3.12133574412818e-08,7.5056595142632645,other
9,930,iclR,iclR-4,-0.380576176916778,0.0003086350141899,3.5105548054055555,other
9,931,modB,modB-3,-0.384104080454588,3.31988850886526e-18,17.478876500873564,other
9,932,rpsF,rpsF-5,-0.386555608455666,5.0542563696027494e-36,35.29634273291868,other
9,933,rlmL,rlmL-3,-0.387064088304387,3.8599470687082694e-34,33.41341865074937,other
9,934,atpA,atpA-3,-0.387145179575583,6.67808969123585e-37,36.17534775237551,other
9,935,ycgE,ycgE-3,-0.3876971866637,2.22875231284449e-65,64.65193819313568,other
9,936,cspB,cspB-3,-0.388356292512453,1.34883308774237e-38,37.87004178906595,other
9,937,nlpD,nlpD-4,-0.389131105226413,3.06059442350099e-109,108.51419421738261,other
9,938,rcsF,rcsF-5,-0.389482123311204,7.16126579735087e-15,14.145010206711994,other
9,939,yqeG,yqeG-2,-0.390344300906249,3.6239789315588902e-09,8.440814335811536,other
9,940,yohK,yohK-5,-0.390518764042747,7.9243213826323e-10,9.101037919318067,other
9,941,ycaP,ycaP-5,-0.393048221195324,8.25734451409859e-17,16.08315959533013,other
9,942,leuC,leuC-2,-0.393156587934802,8.64611198488897e-07,6.06317914376138,other
9,943,insI,insI-1-1,-0.39393600400722,7.515456535202741e-15,14.124044632549179,other
9,944,cyoA,cyoA-5,-0.397430501800693,1.55090909309723e-107,106.80941365771399,other
9,945,rraB,rraB-5,-0.399444048420109,6.42018170731639e-30,29.192452680129264,other
9,946,relE,relE-5,-0.402443851510486,1.96057602644774e-20,19.707616312136256,other
9,947,galP,galP-5,-0.402460319687902,1.16596936510136e-05,4.933312860162094,other
9,948,rplU,rplU-2,-0.404418989257125,1.06918425392829e-13,12.970947445802528,other
9,949,nhaR,nhaR-1,-0.404553756208739,1.32219866404304e-23,22.87870328598842,other
9,950,sseB,sseB-1,-0.404831323154399,7.191246622179411e-10,9.143195816960073,other
9,951,ttcA,ttcA-3,-0.407327064944901,6.404408050221571e-14,13.193521005248375,other
9,952,mraZ,mraZ-2,-0.407917696237231,3.55271730159044e-32,31.449439349010508,other
9,953,fdhF,fdhF-1,-0.408538899771738,5.6489957734873095e-12,11.248028750197612,other
9,954,rplR,rplR-2,-0.410003172604127,1.14246139356262e-91,90.94215846683448,other
9,955,lepA,lepA-2,-0.410479671196284,8.795011884248001e-107,106.05576356936629,other
9,956,ispU,ispU-3,-0.411131224689363,9.78551716821302e-65,64.00941621677492,other
9,957,dnaQ,dnaQ-2,-0.412672059336871,0.001144930204615,2.941220987275584,other
9,958,glnS,glnS-5,-0.413029578642177,6.27636247418647e-41,40.2022919828682,other
9,959,yfhJ,yfhJ-4,-0.420002364023174,1.51100010552233e-22,21.820735505331548,other
9,960,minC,minC-2,-0.420066371504794,6.449152765175099e-13,12.190497335531756,other
9,961,yfcO,yfcO-3,-0.421468978535297,7.97281687502502e-19,18.098388210957374,other
9,962,murE,murE-5,-0.421521625531094,2.8184855304759804e-09,8.549984190416462,other
9,963,gltK,gltK-1,-0.42160242260133,2.2490441003951e-14,13.648002028614851,other
9,964,dinF,dinF-4,-0.42214572001025,2.92095634820044e-14,13.534474933227521,other
9,965,ppiA,ppiA-4,-0.422524968223223,4.56086514183959e-06,5.3409527690265,other
9,966,mgtA,mgtA-5,-0.422619606101505,1.7472344102875602e-09,8.7576488258327,other
9,967,rffD,rffD-5,-0.428064760025265,2.84165499892884e-21,20.54642865024969,other
9,968,recC,recC-5,-0.429949004406222,0.0146864911028906,1.8330819534733358,other
9,969,oppB,oppB-4,-0.430210093923812,1.06375475621672e-36,35.973158485103305,other
9,970,proX,proX-4,-0.431006700403504,3.12383713922221e-07,6.50531161608181,other
9,971,chaA,chaA-4,-0.433089029304216,0.0017555689237801,2.7555821154269005,other
9,972,dnaJ,dnaJ-2,-0.434418833745636,7.03125546163898e-92,91.1529671228633,other
9,973,ytfG,ytfG-6,-0.436050923363,1.48236739288691e-08,7.829044146606747,other
9,974,plsX,plsX-2,-0.437481762328077,9.97097744271431e-67,66.001262266245,other
9,975,ykgN,ykgN-3,-0.445730559537131,2.6127505954545804e-09,8.582902044611506,other
9,976,plsB,plsB-5,-0.445875229256146,8.12060980564565e-23,22.09041135680772,other
9,977,rfaE,rfaE-5,-0.450796074281093,0.0090444230956056,2.043619129675979,other
9,978,gnd,gnd-1,-0.458052509179399,7.6482563907402304e-31,30.11643756173388,other
9,979,btuB,btuB-2,-0.460004995279319,5.36233895122613e-15,14.270645737911014,other
9,980,galE,galE-3,-0.462222247457124,0.0001503361120126,3.822936685653764,other
9,981,ubiX,ubiX-2,-0.462966531937714,1.00262327981619e-08,7.998862215762926,other
9,982,hpf,hpf-2,-0.46306080475378,2.80278003094165e-18,17.552410985399508,other
9,983,ytfE,ytfE-2,-0.464356260424893,2.79689197249625e-15,14.553324307548673,other
9,984,recX,recX-4,-0.469517041490478,1.30449688427336e-05,4.8845569538535285,other
9,985,yciT,yciT-1,-0.469834089961686,1.01702998708789e-10,9.9926662417333,other
9,986,fusA,fusA-2,-0.470637538384973,9.955764452097561e-85,84.00192538711009,other
9,987,kgtP,kgtP-4,-0.471607304256855,1.09688848573437e-102,101.95983752237235,other
9,988,ygeQ,ygeQ-3,-0.474756419492284,1.28200717380748e-25,24.89210954460169,other
9,989,rpsH,rpsH-3,-0.476024339253468,1.92738483548672e-47,46.715031562333735,other
9,990,rpoE,rpoE-4,-0.476243127265489,1.14659813480983e-42,41.9405887690348,other
9,991,gadX,gadX-3,-0.479308881351833,2.0725667558433897e-12,11.683491472248129,other
9,992,trkG,trkG-3,-0.48221732872322,1.1967950253800799e-11,10.921980224672186,other
9,993,hslJ,hslJ-2,-0.488669905016212,5.33838715125091e-39,38.27258993344193,other
9,994,ygiT,ygiT-1,-0.488879218215179,6.21632871158417e-40,39.20646602865813,other
9,995,yecD,yecD-3,-0.489783873777015,7.52620920534851e-05,4.1234237138044,other
9,996,ribC,ribC-4,-0.492170646422814,5.12949267658434e-14,13.289925585893089,other
9,997,yafK,yafK-3,-0.492491977644628,1.43628161784075e-84,83.84276039777964,other
9,998,yfjN,yfjN-5,-0.492503505949306,7.0234276785424e-39,38.15345088522521,other
9,999,setA,setA-5,-0.493696154274694,1.15248166670285e-05,4.938365974496333,other
9,1000,eptB,eptB-2,-0.494292481028694,2.4840944200928898e-18,17.604831900707214,other
9,1001,rpsN,rpsN-3,-0.497246034314742,2.15442986896558e-82,81.66666763850621,other
9,1002,rplN,rplN-4,-0.49819267587807,3.2643559911766497e-42,41.48620248577198,other
9,1003,yijP,yijP-3,-0.501322831350667,0.0003818565154754,3.418099794793286,other
9,1004,yrfG,yrfG-3,-0.502334533212942,6.29227616952357e-11,10.201192224340543,other
9,1005,dgt,dgt-1,-0.503866671103249,4.80632124651315e-05,4.318187205041609,other
9,1006,ilvI,ilvI-4,-0.504021942588663,1.36141845645684e-05,4.866008366054743,other
9,1007,atpH,atpH-5,-0.504529227948203,5.48760853291591e-26,25.260616877268205,other
9,1008,nusA,nusA-2,-0.505334196321944,4.13346449196622e-89,88.38368578877514,other
9,1009,ygfI,ygfI-3,-0.508315056211939,8.27557203139623e-14,13.082201976828067,other
9,1010,rpmC,rpmC-2,-0.509210185543561,5.0956502238751205e-14,13.292800390534241,other
9,1011,rseA,rseA-3,-0.510251288582673,2.2454338206155e-54,53.6486997403185,other
9,1012,fldA,fldA-4,-0.511140356494842,2.34014631989008e-40,39.63075698706243,other
9,1013,hfq,hfq-4,-0.512700828998685,3.0898954266878203e-58,57.51005621843307,other
9,1014,ydaG,ydaG-5,-0.514003733696697,0.011066006336877,1.9560090854258674,other
9,1015,yafO,yafO-4,-0.517439900621428,2.59083738521587e-12,11.586559844798701,other
9,1016,iscR,iscR-2,-0.520494561342373,1.3074688929354202e-85,84.88356863499392,other
9,1017,purU,purU-5,-0.523656056012199,3.92916901307879e-24,23.405699289623218,other
9,1018,hslU,hslU-3,-0.525748563193125,5.65092554539602e-28,27.247880414775484,other
9,1019,yeaS,yeaS-1,-0.526979185443394,1.36018811436133e-05,4.866401024438995,other
9,1020,rplP,rplP-4,-0.528685121440987,1.76931179217023e-05,4.752195627979347,other
9,1021,pfkA,pfkA-2,-0.529527416237933,1.9788867611500502e-20,19.70357905693799,other
9,1022,yhbC,yhbC-5,-0.531391877490815,1.76859919120708e-22,21.75237057792678,other
9,1023,glnH,glnH-5,-0.532068191162481,5.8344973539272e-53,52.233996552783765,other
9,1024,ybdG,ybdG-1,-0.532620779542057,0.0054030309320428,2.2673625461426385,other
9,1025,sirA,sirA-2,-0.53514241127987,2.14284285730585e-06,5.669009676231738,other
9,1026,ycjX,ycjX-2,-0.535276813105909,1.29987846417343e-26,25.886097251390296,other
9,1027,yihE,yihE-1,-0.537441492269488,1.2792585755076198e-22,21.89304166305379,other
9,1028,clpX,clpX-4,-0.538307107657274,7.41812609265905e-76,75.12970578884502,other
9,1029,racR,racR-4,-0.538534291443775,2.82560393825803e-37,36.54888871279302,other
9,1030,yecM,yecM-5,-0.539027047231771,0.0024024849032996,2.6193393326643197,other
9,1031,relB,relB-2,-0.540539784034121,8.87852534733533e-34,33.051659161101746,other
9,1032,cdsA,cdsA-1,-0.542047437737198,1.3968897563626398e-48,47.854837867395204,other
9,1033,rpsB,rpsB-5,-0.543194375825987,1.8785379004536e-05,4.7261800384010675,other
9,1034,sbcB,sbcB-2,-0.547704713774692,2.6884024230283004e-10,9.570505721846118,other
9,1035,rplC,rplC-3,-0.54877927519358,3.02602949182114e-80,79.51912684363842,other
9,1036,obgE,obgE-4,-0.548908625544387,8.30329437859793e-93,92.08074956466204,other
9,1037,rfaP,rfaP-5,-0.54926308780808,0.0035873767899726,2.4452230060360436,other
9,1038,eco,eco-1,-0.553093397150171,0.0249444146982646,1.60302668199524,other
9,1039,rplA,rplA-1,-0.558624703714244,4.86519693654833e-76,75.31289957539046,other
9,1040,pntA,pntA-1,-0.559263324860815,4.87656806589602e-06,5.3118857096340335,other
9,1041,ydeE,ydeE-1,-0.559951348625705,4.81883854894192e-06,5.317057624119671,other
9,1042,lpcA,lpcA-2,-0.563474746515529,0.0041336105648935,2.383670441468906,other
9,1043,ydfR,ydfR-5,-0.565023142799229,7.50383355099134e-05,4.124716807982899,other
9,1044,map,map-3,-0.566045153173916,1.53623630500374e-27,26.813541975667942,other
9,1045,oppC,oppC-5,-0.571629901022354,1.6875246952422e-10,9.77274986298349,other
9,1046,insJ,insJ-2,-0.577463731688337,5.62309345370647e-35,34.25002469861904,other
9,1047,mqsR,mqsR-4,-0.579277074809696,6.350487022953501e-45,44.19719296710636,other
9,1048,rpsD,rpsD-1,-0.580350649718733,1.50660394327078e-67,66.82200090021254,other
9,1049,malZ,malZ-5,-0.582091748987284,1.03484351747712e-08,7.985125316520247,other
9,1050,lpxC,lpxC-2,-0.584122209308733,1.2015318993456399e-72,71.92026469466792,other
9,1051,accB,accB-2,-0.584529733598318,2.48270485579448e-29,28.605074906348985,other
9,1052,yibN,yibN-1,-0.58495938124855,0.0002389976840864,3.621606307392323,other
9,1053,queF,queF-3,-0.585322326099862,1.56296959108103e-18,17.806049471471653,other
9,1054,ybeD,ybeD-3,-0.585420488358234,3.27833200288842e-59,58.48434706671392,other
9,1055,rpoC,rpoC-5,-0.585462050061319,7.2934788181511605e-31,30.137065273992903,other
9,1056,hha,hha-2,-0.588066623273348,1.1752243634209e-09,8.92987921382299,other
9,1057,infB,infB-3,-0.589894954833942,1.68987086174543e-81,80.77214648247168,other
9,1058,ygdI,ygdI-2,-0.596704052699329,3.59010175181718e-05,4.444893242333522,other
9,1059,yedE,yedE-1,-0.599049923995685,0.0003755143327175,3.4253734820916955,other
9,1060,minD,minD-4,-0.605265007090196,2.15589690330607e-13,12.666372011294126,other
9,1061,ydaL,ydaL-5,-0.605273498271111,0.000183856605828,3.7355207616443984,other
9,1062,yfiB,yfiB-1,-0.605852363947511,9.67803856468534e-09,8.014212651663573,other
9,1063,mdoG,mdoG-4,-0.60674903813546,3.09374912317167e-32,31.509514906809795,other
9,1064,treR,treR-1,-0.609722785739803,2.10480701399932e-10,9.676787717689303,other
9,1065,yfjO,yfjO-5,-0.61005033053394,1.60896634607254e-53,52.79345303972188,other
9,1066,groS,groS-4,-0.611722368468009,1.00215652871546e-22,21.999064439897737,other
9,1067,sucD,sucD-5,-0.612583112676191,6.97740696346906e-08,7.156305945670057,other
9,1068,mipA,mipA-1,-0.612947629418782,2.0031096554475e-31,30.6982952756429,other
9,1069,ydiK,ydiK-3,-0.61455853988625,3.44925712948378e-05,4.462274429363098,other
9,1070,fimD,fimD-2,-0.616487726777692,6.1367999680592496e-18,17.21205803252247,other
9,1071,cusS,cusS-3,-0.616492904907376,0.0002346496856469,3.629580023262303,other
9,1072,clpP,clpP-3,-0.620564058688212,4.43818545459988e-45,44.35279455423863,other
9,1073,ymgC,ymgC-3,-0.621273276811643,4.72336026208584e-07,6.32574892847179,other
9,1074,yecS,yecS-4,-0.621938706426089,0.001228285357133,2.910700725514535,other
9,1075,yidE,yidE-3,-0.623440833794436,4.302189699729799e-12,11.36631044384872,other
9,1076,tppB,tppB-1,-0.623642336499513,5.10115933800325e-10,9.292331110788592,other
9,1077,emrD,emrD-5,-0.630807649491522,3.63642914511595e-07,6.4393248701260815,other
9,1078,zntR,zntR-6,-0.633122525237508,6.338730298532081e-14,13.197997726276782,other
9,1079,rplF,rplF-3,-0.633543332109474,4.01569596725687e-75,74.39623917552962,other
9,1080,yfiR,yfiR-3,-0.634459790608576,1.4007504228036498e-30,29.853639237772573,other
9,1081,yeeF,yeeF-3,-0.637631379990999,2.41717306029878e-14,13.616692254663851,other
9,1082,trmD,trmD-3,-0.64225144674602,3.28044611820308e-07,6.484067091197112,other
9,1083,rfaQ,rfaQ-1,-0.642696821108181,5.18590152848553e-05,4.28517573400735,other
9,1084,rplO,rplO-1,-0.644830950499246,1.42629743991417e-51,50.845789897314965,other
9,1085,holC,holC-3,-0.646757130761408,2.94556765273323e-06,5.530830998094745,other
9,1086,ytjA,ytjA-3,-0.647456658402327,3.60512829716816e-07,6.443079275255032,other
9,1087,hupA,hupA-1,-0.647493099692596,9.009208774449491e-09,8.045313348863264,other
9,1088,dinJ,dinJ-5,-0.650428138378072,2.60766919503506e-38,37.58374750338611,other
9,1089,otsB,otsB-1,-0.65483671225511,5.85026687730608e-08,7.232824321832743,other
9,1090,essQ,essQ-5,-0.655745914347769,5.9096026466888e-07,6.228441719482859,other
9,1091,cyoC,cyoC-1,-0.660042383740552,6.01854543472323e-43,42.22050845658322,other
9,1092,rpsK,rpsK-2,-0.661524991854641,1.12505300111223e-79,78.94882701750961,other
9,1093,infC,infC-3,-0.671685071791007,4.1946207576209e-23,22.37730729831987,other
9,1094,pth,pth-4,-0.673613468560462,2.08605427547666e-15,14.680674396181123,other
9,1095,secY,secY-2,-0.674219649382185,2.09987006057015e-46,45.677807578467664,other
9,1096,ypdH,ypdH-5,-0.679704282706266,5.69469814252997e-07,6.244529291516041,other
9,1097,gatZ,gatZ-4,-0.679876994784459,0.000783480194063,3.1059719777759516,other
9,1098,yebC,yebC-3,-0.680179231518407,1.28876085036608e-10,9.889827665270579,other
9,1099,ybfA,ybfA-5,-0.685515182256297,0.0154302926899618,1.8116258359310364,other
9,1100,fabB,fabB-5,-0.692908060516233,2.14651710796427e-23,22.668265645798627,other
9,1101,apaH,apaH-5,-0.696162422180169,1.61629635567629e-05,4.791479006287438,other
9,1102,clpB,clpB-5,-0.701512736760542,9.015842399882481e-46,45.04499368851692,other
9,1103,htpG,htpG-2,-0.711909517444927,3.05752712049108e-22,21.514629682050504,other
9,1104,yhjV,yhjV-3,-0.717502196146278,1.52542450018191e-06,5.816609282591096,other
9,1105,pinQ,pinQ-2,-0.718347997508249,9.38653642006461e-24,23.02749463043279,other
9,1106,bax,bax-4,-0.723047696137342,1.47139470412989e-52,51.83227081141116,other
9,1107,yhdN,yhdN-3,-0.724032022630221,1.72379206057721e-21,20.76351512388862,other
9,1108,yhdL,yhdL-5,-0.724923026619095,1.3580876916730798e-18,17.867072186771157,other
9,1109,yhfG,yhfG-5,-0.728602205333143,0.0006044430554475,3.2186446077392357,other
9,1110,rplI,rplI-2,-0.732009311887962,1.89556090295423e-66,65.72226225745646,other
9,1111,ydfQ,ydfQ-2,-0.738751926044223,0.0004547037454769,3.3422714684180495,other
9,1112,rplE,rplE-3,-0.747173030973411,7.13384777524801e-51,50.14667616203931,other
9,1113,upp,upp-2,-0.747383442132601,2.28264479340869e-06,5.641561664622158,other
9,1114,usg,usg-5,-0.749072378652615,1.82482762959503e-06,5.738778152057462,other
9,1115,yqaB,yqaB-3,-0.756794815943305,3.0320090409508702e-24,23.518269508043538,other
9,1116,rpmI,rpmI-4,-0.757207708950952,5.69469826310964e-07,6.244529282320279,other
9,1117,hslV,hslV-1,-0.760463736193021,4.99407933955057e-38,37.30154456241412,other
9,1118,ribA,ribA-4,-0.762327783376851,2.7389329102561e-10,9.56241860559285,other
9,1119,mdtI,mdtI-4,-0.765316839211712,6.75228519465188e-19,18.17054922280304,other
9,1120,yfaA,yfaA-2,-0.76740328719692,0.0134547846942932,1.8711232474972932,other
9,1121,rpsU,rpsU-3,-0.767910414674966,1.73959850595005e-27,26.759550973999303,other
9,1122,ybbN,ybbN-3,-0.769110566530176,0.0002801128446019,3.5526669761038585,other
9,1123,yibD,yibD-3,-0.771741670221339,7.7381294186225e-05,4.111364011068174,other
9,1124,yjaH,yjaH-1,-0.774296260031416,6.76502106247006e-13,12.16973084691554,other
9,1125,yhdJ,yhdJ-3,-0.7769162015594,0.0024276890075936,2.6148069481307727,other
9,1126,htrG,htrG-4,-0.780624732140128,2.46424543129184e-10,9.608316039954218,other
9,1127,ygaC,ygaC-5,-0.783201010303393,1.63237311769918e-07,6.787180565902588,other
9,1128,psiF,psiF-3,-0.785089423758123,0.0008310326892329,3.0803818926127087,other
9,1129,fis,fis-1,-0.787538191523123,1.1522567044875401e-60,59.93845075622278,other
9,1130,dinD,dinD-1,-0.791586689752423,6.92253265454399e-07,6.159734986950418,other
9,1131,deoB,deoB-5,-0.802782311581623,1.90499596783295e-09,8.720105939227077,other
9,1132,rnpA,rnpA-2,-0.809330772040035,1.2809061269360698e-11,10.892482696990301,other
9,1133,nlpI,nlpI-3,-0.810279973031103,9.05723024365777e-28,27.043004591926106,other
9,1134,fnr,fnr-5,-0.812142330261488,1.615939653727e-05,4.7915748617190586,other
9,1135,kbl,kbl-2,-0.836198220720575,2.6652149657999802e-14,13.574267756732844,other
9,1136,iscS,iscS-5,-0.838081914925949,1.92956694939607e-06,5.7145401482929685,other
9,1137,ytfM,ytfM-4,-0.838459492098454,4.46557815101417e-09,8.350122305747327,other
9,1138,dnaK,dnaK-4,-0.843301977253191,9.43376399264131e-48,47.02531499283228,other
9,1139,ypeC,ypeC-5,-0.855742123676807,5.23491711131586e-05,4.281090190467111,other
9,1140,dps,dps-5,-0.859097906347767,1.86335381563892e-09,8.72970467296737,other
9,1141,spr,spr-5,-0.863979408866133,7.49606117291071e-16,15.125166877970177,other
9,1142,hupB,hupB-4,-0.865790267986335,2.65675022253098e-23,22.575649274372424,other
9,1143,rpmG,rpmG-2,-0.866897105099798,9.486237964640721e-31,30.022905985162314,other
9,1144,yfiD,yfiD-3,-0.868052486003717,2.10899986676654e-23,22.67592344769653,other
9,1145,greA,greA-4,-0.877596905781771,2.6458129298135502e-20,19.577440865523336,other
9,1146,galF,galF-4,-0.87905306299106,8.78447162694722e-06,5.056284355557667,other
9,1147,pspE,pspE-5,-0.889493396678654,0.0037865506788642,2.4217562262409835,other
9,1148,hslO,hslO-4,-0.892041712159741,1.15242871762503e-07,6.9383859279769355,other
9,1149,rplX,rplX-1,-0.90895850646147,4.95283453819148e-45,44.30514618046711,other
9,1150,fmt,fmt-2,-0.914411490055259,3.4422773860916496e-11,10.463154136217907,other
9,1151,kefA,kefA-3,-0.93455019217658,5.5882912727933104e-15,14.252720965680593,other
9,1152,lipB,lipB-4,-0.936928396530079,3.43874555861836e-16,15.463599957523753,other
9,1153,rtn,rtn-1,-0.943155460599652,0.0037258255586725,2.428777482418686,other
9,1154,cspA,cspA-3,-0.94930984485499,3.8541061139959703e-44,43.4140763322108,other
9,1155,rpsC,rpsC-2,-0.964217157791778,0.0004623214422175,3.335055963752512,other
9,1156,ycgF,ycgF-5,-1.00196311218127,0.0160196060684758,1.7953481676769183,other
9,1157,fdhE,fdhE-3,-1.00373999224867,1.48424805266153e-05,4.82849351219736,other
9,1158,grpE,grpE-4,-1.00811265832512,2.9293113802704e-06,5.533234461180959,other
9,1159,rpoS,rpoS-1,-1.02198345695683,2.6159109190855202e-20,19.582377049341773,other
9,1160,ybaZ,ybaZ-1,-1.02249836694453,0.021388416998781,1.6698213572767593,other
9,1161,yceD,yceD-2,-1.06055640070312,5.26557201735714e-05,4.278554442999351,other
9,1162,rem,rem-3,-1.06719025812675,3.5951347458491304e-09,8.44428482759485,other
9,1163,entD,entD-5,-1.07020441685682,0.0001139492047718,3.9432887013254154,other
9,1164,cspG,cspG-3,-1.09915949135298,4.9477885635658696e-18,17.305588867579417,other
9,1165,fdoI,fdoI-4,-1.11343686639854,0.0047785806267867,2.32070108194294,other
9,1166,rplD,rplD-2,-1.16478799487636,2.68245134195049e-18,17.571468147130535,other
9,1167,tufA,tufA-5,-1.17584186881772,1.6871020123762e-06,5.7728586565498095,other
9,1168,fxsA,fxsA-1,-1.177808749172,8.96903527280746e-05,4.047254268018158,other
9,1169,rplW,rplW-1,-1.18383199722491,1.94064038089202e-09,8.712054936051185,other
9,1170,truB,truB-2,-1.18558363989632,4.5601051640414606e-15,14.34102514162586,other
9,1171,yrfF,yrfF-4,-1.23062551627446,0.0053197358564329,2.2741099314157793,other
9,1172,ompA,ompA-4,-1.2431418689451,6.37647057575277e-06,5.195419640026077,other
9,1173,oppA,oppA-3,-1.33248628725945,1.1183266554438702e-09,8.951431323519454,other
9,1174,ymcE,ymcE-3,-1.40397519558131,0.0096669934834869,2.0147085741645996,other
9,1175,yhaO,yhaO-1,-2.82006620195251,2.44166286258017e-06,5.612314302319479,other
9,1176,yhaM,yhaM-1,-3.37807936505465,0.0002793397949571,3.5538671899733156,other
